trading_day,instrument_id,direction,im_z,entry,exit
2020-04-03,sp000,LONG,1.7467800413281276,4626.0,4596.0
2020-04-03,al000,LONG,0.6372375966316884,11535.0,11545.0
2020-04-03,cu000,LONG,0.5710827842685964,39530.0,39930.0
2020-04-03,ru000,LONG,0.46162867441693634,9740.0,9670.0
2020-04-03,au000,LONG,0.10245146129654815,364.2799999,363.48
2020-04-03,AP000,SHORT,-2.484603353308385,6627.0,6601.0
2020-04-03,UR000,SHORT,-2.7508947064682236,1633.0,1636.0
2020-04-03,fb000,SHORT,-4.168797945371846,1348.0,1358.0
2020-04-03,c000,SHORT,-7.864432518993525,2033.0,2033.0
2020-04-03,SA000,SHORT,-11.2020300737117,1380.0,1371.0
2020-04-07,c000,LONG,6.753421823842384,2034.0,2030.0
2020-04-07,FG000,LONG,4.465788342137362,1236.0,1241.0
2020-04-07,jm000,LONG,3.4122416049302866,1095.0,1088.0
2020-04-07,bu000,LONG,3.3072778548693123,2138.0,2150.0
2020-04-07,rb000,LONG,2.6818399763136207,3240.0,3206.0
2020-04-07,b000,SHORT,-1.1689262912480134,3070.0,3068.0
2020-04-07,SM000,SHORT,-1.4165133415789937,6698.0,6748.0
2020-04-07,CJ000,SHORT,-1.6526885765559352,10075.0,9975.0
2020-04-07,al000,SHORT,-2.6390242507435504,11660.0,11620.0
2020-04-07,fb000,SHORT,-4.471802191017891,1362.5,1365.0
2020-04-08,c000,LONG,2.0252816193940593,2032.0,2045.0
2020-04-08,AP000,LONG,1.6754939191294933,6660.0,6744.0
2020-04-08,bu000,LONG,1.505866444831074,2118.0,2128.0
2020-04-08,pb000,LONG,1.4235846732267012,13820.0,13715.0
2020-04-08,hc000,LONG,1.3236323603054736,3049.0,3103.0
2020-04-08,rb000,SHORT,-1.352630753781319,3200.0,3244.0
2020-04-08,ZC000,SHORT,-1.5039167538609797,498.0,495.2
2020-04-08,sp000,SHORT,-2.253702753559827,4670.0,4634.0
2020-04-08,fb000,SHORT,-2.5104606916919194,1360.0,1358.0
2020-04-08,m000,SHORT,-3.3066217324693956,2807.0,2821.0
2020-04-09,jm000,LONG,1.8842740180665385,1098.0,1103.5
2020-04-09,OI000,LONG,1.4843695931771916,6931.0,6976.0
2020-04-09,ZC000,LONG,1.1396125943736806,495.8,494.8
2020-04-09,pb000,LONG,1.0779787203419136,13755.0,13700.0
2020-04-09,sn000,LONG,0.9697920520336754,122210.0,122700.0
2020-04-09,m000,SHORT,-0.6113289547525823,2826.0,2822.0
2020-04-09,SM000,SHORT,-0.9829535015467545,6660.0,6588.0
2020-04-09,RM000,SHORT,-0.9914946737643059,2375.0,2390.0
2020-04-09,fu000,SHORT,-1.3027715317288047,1770.0,1767.0
2020-04-09,sp000,SHORT,-2.3518682104369057,4644.0,4616.0
2020-04-10,SR000,LONG,6.509715689354709,5353.0,5347.0
2020-04-10,c000,LONG,4.071573705773596,2042.0,2043.0
2020-04-10,m000,LONG,3.8709191589289524,2834.0,2826.0
2020-04-10,sp000,LONG,3.6226040813294906,4624.0,4610.0
2020-04-10,p000,LONG,3.4078242329742876,4800.0,4752.0
2020-04-10,SF000,SHORT,-0.6662310108679578,5614.0,5590.0
2020-04-10,b000,SHORT,-0.7278307494328938,3148.0,3149.0
2020-04-10,v000,SHORT,-1.204846985187785,5390.0,5460.0
2020-04-10,RM000,SHORT,-1.2546751729478252,2407.0,2387.0
2020-04-10,al000,SHORT,-1.4852743449422174,11715.0,11845.0
2020-04-13,c000,LONG,3.8868552240849117,2045.0,2044.0
2020-04-13,hc000,LONG,2.371974591807531,3191.0,3220.0
2020-04-13,v000,LONG,2.222347476320845,5475.0,5490.0
2020-04-13,pp000,LONG,1.8273128214420287,7110.0,7218.0
2020-04-13,ZC000,LONG,1.559140202381826,491.8,488.0
2020-04-13,UR000,SHORT,-2.2341479738504724,1584.0,1577.0
2020-04-13,a000,SHORT,-2.2435602709650753,4536.0,4504.0
2020-04-13,p000,SHORT,-3.5024364092220814,4786.0,4692.0
2020-04-13,m000,SHORT,-3.530987947205558,2844.0,2804.0
2020-04-13,rb000,SHORT,-3.821489144618578,3374.0,3387.0
2020-04-14,y000,LONG,3.057457730586818,5550.0,5492.0
2020-04-14,p000,LONG,2.608023253847125,4672.0,4678.0
2020-04-14,j000,LONG,2.14190605145616,1741.0,1731.0
2020-04-14,c000,LONG,2.0444918350973054,2046.0,2051.0
2020-04-14,fb000,LONG,1.6228723550592048,1337.0,1337.5
2020-04-14,eg000,SHORT,-1.9987346534617676,3532.0,3577.0
2020-04-14,OI000,SHORT,-2.4943570103231854,6875.0,6906.0
2020-04-14,m000,SHORT,-3.2727106370071564,2794.0,2808.0
2020-04-14,rb000,SHORT,-4.615919328022152,3415.0,3384.0
2020-04-14,SA000,SHORT,-5.368570448404411,1333.0,1347.0
2020-04-15,SF000,LONG,5.5193588756906635,5568.0,5490.0
2020-04-15,c000,LONG,3.731759718588781,2057.0,2070.0
2020-04-15,SA000,LONG,3.503089305954585,1379.0,1388.0
2020-04-15,hc000,LONG,3.0292786064312196,3199.0,3196.0
2020-04-15,OI000,LONG,2.209070635766223,6895.0,6876.0
2020-04-15,eb000,SHORT,-0.6010676525001207,5310.0,5414.0
2020-04-15,FG000,SHORT,-0.6505327596604036,1225.0,1249.0
2020-04-15,jd000,SHORT,-0.655044730498551,3288.0,3381.0
2020-04-15,CF000,SHORT,-0.8601008713376784,11500.0,11380.0
2020-04-15,y000,SHORT,-2.902380121522129,5486.0,5524.0
2020-04-16,SA000,LONG,13.31266041742102,1413.0,1355.0
2020-04-16,SR000,LONG,5.458941425767543,5308.0,5273.0
2020-04-16,c000,LONG,3.9433968390543077,2070.0,2065.0
2020-04-16,fb000,LONG,1.4048333007551406,1337.0,1333.0
2020-04-16,zn000,LONG,1.3674545674446004,15900.0,15970.0
2020-04-16,sp000,SHORT,-0.8483351001610239,4596.0,4608.0
2020-04-16,CF000,SHORT,-0.8525729890985231,11415.0,11310.0
2020-04-16,a000,SHORT,-1.1007790165266855,4693.0,4633.0
2020-04-16,m000,SHORT,-1.5987167933474329,2807.0,2760.0
2020-04-16,y000,SHORT,-2.8207445834045726,5570.0,5526.0
2020-04-17,y000,LONG,3.9537392452074616,5490.0,5558.0
2020-04-17,rb000,LONG,3.4371580817057685,3419.0,3381.0
2020-04-17,fb000,LONG,2.9698703840370335,1338.5,1333.5
2020-04-17,SF000,LONG,1.9944821371424017,5586.0,5590.0
2020-04-17,m000,LONG,1.9844563165587719,2769.0,2771.0
2020-04-17,zn000,SHORT,-0.7472046950595215,16150.0,16130.0
2020-04-17,au000,SHORT,-0.8086788210531185,375.9,372.18
2020-04-17,al000,SHORT,-1.0598237525918208,12110.0,12410.0
2020-04-17,pp000,SHORT,-1.8680652677231449,6942.0,6875.0
2020-04-17,c000,SHORT,-3.0449891290663014,2066.0,2065.0
2020-04-20,SF000,LONG,6.504742886171831,5586.0,5714.0
2020-04-20,c000,LONG,2.9984307382053546,2067.0,2060.0
2020-04-20,bu000,LONG,2.659670404902401,2096.0,2122.0
2020-04-20,fb000,LONG,2.1366971399201744,1326.0,1389.0
2020-04-20,pp000,LONG,1.761503210676172,6762.0,6840.0
2020-04-20,SR000,SHORT,-1.3977483009488187,5263.0,5265.0
2020-04-20,hc000,SHORT,-1.4808903347846378,3235.0,3218.0
2020-04-20,jm000,SHORT,-1.6647881555670345,1134.5,1132.0
2020-04-20,y000,SHORT,-1.8982982688690386,5570.0,5476.0
2020-04-20,MA000,SHORT,-3.0239561001969166,1715.0,1757.0
2020-04-21,SR000,LONG,3.2522607107931485,5214.0,5159.0
2020-04-21,hc000,LONG,1.1034556849580828,3184.0,3185.0
2020-04-21,al000,LONG,1.0541498854159654,12110.0,12105.0
2020-04-21,bu000,LONG,1.044421961407728,2062.0,1940.0
2020-04-21,v000,LONG,0.7948992508828422,5365.0,5325.0
2020-04-21,p000,SHORT,-1.8930225976458284,4546.0,4458.0
2020-04-21,sp000,SHORT,-2.284756829154627,4550.0,4484.0
2020-04-21,fb000,SHORT,-3.0004512618528163,1371.5,1349.0
2020-04-21,au000,SHORT,-3.2220853154080857,372.88,374.42
2020-04-21,SA000,SHORT,-6.820381630774129,1476.0,1475.0
2020-04-22,pb000,LONG,2.5651714490099895,13470.0,13645.0
2020-04-22,c000,LONG,2.084962843978851,2065.0,2069.0
2020-04-22,au000,LONG,1.3423218541049018,374.38,373.18
2020-04-22,zn000,LONG,1.2267251188026422,15675.0,15860.0
2020-04-22,p000,LONG,0.6829365477464739,4468.0,4410.0
2020-04-22,eg000,SHORT,-2.0341311609470467,3348.0,3295.0
2020-04-22,fb000,SHORT,-2.6799246251264526,1328.5,1326.0
2020-04-22,UR000,SHORT,-2.7248824413580213,1523.0,1522.0
2020-04-22,rb000,SHORT,-3.210818398543583,3319.0,3375.0
2020-04-22,sp000,SHORT,-4.067265843084862,4472.0,4514.0
2020-04-23,c000,LONG,7.544250171660426,2068.0,2078.0
2020-04-23,fb000,LONG,4.785569621578632,1346.5,1334.5
2020-04-23,UR000,LONG,4.0864083513892,1537.0,1543.0
2020-04-23,hc000,LONG,2.6768121814484735,3216.0,3173.0
2020-04-23,eg000,LONG,2.3809578792444803,3455.0,3519.0
2020-04-23,y000,SHORT,-0.9813536216586246,5426.0,5514.0
2020-04-23,a000,SHORT,-1.1948244635861587,4628.0,4623.0
2020-04-23,CJ000,SHORT,-1.7377872627913773,10090.0,10095.0
2020-04-23,CF000,SHORT,-1.969133258436179,11505.0,11695.0
2020-04-23,SR000,SHORT,-2.7986040590516112,5170.0,5163.0
2020-04-24,jm000,LONG,1.718758804860369,1094.5,1093.0
2020-04-24,v000,LONG,1.713350500030726,5360.0,5330.0
2020-04-24,CF000,LONG,1.5226324518989698,11575.0,11460.0
2020-04-24,hc000,LONG,1.3811357498296857,3169.0,3187.0
2020-04-24,au000,LONG,1.3293279180080038,379.66,382.7799999
2020-04-24,FG000,SHORT,-1.684057089607484,1239.0,1248.0
2020-04-24,SR000,SHORT,-2.175927241468444,5132.0,5092.0
2020-04-24,p000,SHORT,-2.483019400049425,4460.0,4360.0
2020-04-24,fb000,SHORT,-2.525594377140297,1345.5,1318.5
2020-04-24,rb000,SHORT,-2.890612321729835,3326.0,3343.0
2020-04-27,p000,LONG,3.9238473621954313,4338.0,4324.0
2020-04-27,sp000,LONG,3.9114876898537236,4520.0,4488.0
2020-04-27,CY000,LONG,2.794477394797776,18760.0,18580.0
2020-04-27,SF000,LONG,2.226871586087371,5696.0,5734.0
2020-04-27,CJ000,LONG,2.0318507324019577,10415.0,10185.0
2020-04-27,OI000,SHORT,-2.1120901653480693,6769.0,6838.0
2020-04-27,sn000,SHORT,-2.471598450967956,131530.0,132710.0
2020-04-27,SR000,SHORT,-2.5143866781018236,4999.0,4931.0
2020-04-27,RM000,SHORT,-3.8817707510920734,2366.0,2412.0
2020-04-27,hc000,SHORT,-4.001285490781972,3176.0,3171.0
2020-04-28,RM000,LONG,3.651153265119018,2389.0,2353.0
2020-04-28,pp000,LONG,1.913932716784179,6837.0,6918.0
2020-04-28,SR000,LONG,1.8656581979149391,4806.0,4833.0
2020-04-28,AP000,LONG,1.6484740146629286,9058.0,9035.0
2020-04-28,y000,LONG,1.4597352978021865,5352.0,5352.0
2020-04-28,TA000,SHORT,-2.301900265601905,3248.0,3320.0
2020-04-28,jd000,SHORT,-2.6165007314818967,3095.0,3097.0
2020-04-28,l000,SHORT,-3.5966641263395935,6130.0,6145.0
2020-04-28,hc000,SHORT,-3.7061139784061914,3140.0,3149.0
2020-04-28,sp000,SHORT,-5.087766145919892,4484.0,4494.0
2020-04-29,c000,LONG,4.510691373509549,2095.0,2094.0
2020-04-29,sp000,LONG,2.9483708630795444,4490.0,4476.0
2020-04-29,pp000,LONG,2.5443505801763084,6953.0,6848.0
2020-04-29,fb000,LONG,2.117352254297318,1242.5,1197.0
2020-04-29,sn000,LONG,1.9507857569566747,128680.0,128070.0
2020-04-29,CJ000,SHORT,-0.6812567944373149,10165.0,10015.0
2020-04-29,m000,SHORT,-0.9259263808304302,2717.0,2719.0
2020-04-29,CF000,SHORT,-0.9681678067269034,11465.0,11450.0
2020-04-29,cs000,SHORT,-1.065770118957515,2440.0,2441.0
2020-04-29,a000,SHORT,-1.4600000695425974,4635.0,4624.0
2020-04-30,bu000,LONG,3.7545215724275662,2096.0,2052.0
2020-04-30,jm000,LONG,2.379918387272679,1051.5,1069.0
2020-04-30,p000,LONG,1.5246897965304358,4406.0,4462.0
2020-04-30,j000,LONG,1.0846131639618664,1671.5,1693.0
2020-04-30,l000,LONG,0.7557580551766536,6035.0,6180.0
2020-04-30,eg000,SHORT,-1.6877806985651085,3601.0,3665.0
2020-04-30,sp000,SHORT,-1.9002417710336745,4504.0,4512.0
2020-04-30,SR000,SHORT,-2.1392733026443165,5003.0,5015.0
2020-04-30,fb000,SHORT,-3.5563931367007853,1211.5,1150.0
2020-04-30,m000,SHORT,-4.1658506106429805,2728.0,2729.0
2020-05-06,al000,LONG,2.1652049901831756,12640.0,12740.0
2020-05-06,MA000,LONG,1.935337093286783,1811.0,1785.0
2020-05-06,sp000,LONG,1.4200551896557183,4498.0,4468.0
2020-05-06,pb000,LONG,1.2584326684847982,13660.0,13835.0
2020-05-06,CY000,LONG,1.2136465109447812,18385.0,18470.0
2020-05-06,fb000,SHORT,-2.6503785199287013,1351.0,1353.0
2020-05-06,UR000,SHORT,-3.8241333036475003,1529.0,1519.0
2020-05-06,hc000,SHORT,-4.5872886060925,3246.0,3248.0
2020-05-06,sn000,SHORT,-5.164993586074584,128320.0,128680.0
2020-05-06,c000,SHORT,-14.671758521801735,2089.0,2086.0
2020-05-07,c000,LONG,1.413881931441675,2082.0,2084.0
2020-05-07,pb000,LONG,1.4018375506202572,13880.0,13875.0
2020-05-07,CJ000,LONG,1.3943380965227234,10155.0,10155.0
2020-05-07,p000,LONG,1.180438484856422,4342.0,4302.0
2020-05-07,UR000,LONG,1.0631685446340455,1524.0,1522.0
2020-05-07,a000,SHORT,-0.25859211583262753,4582.0,4584.0
2020-05-07,RM000,SHORT,-0.26760697338905937,2378.0,2374.0
2020-05-07,fu000,SHORT,-0.5013296735190736,1591.0,1577.0
2020-05-07,cs000,SHORT,-0.848977659354991,2424.0,2424.0
2020-05-07,v000,SHORT,-1.4860564666568419,5725.0,5735.0
2020-05-08,c000,LONG,3.9745705670932323,2058.0,2058.0
2020-05-08,hc000,LONG,2.6396233957577726,3336.0,3348.0
2020-05-08,eg000,LONG,1.3941306674168459,3684.0,3695.0
2020-05-08,a000,LONG,1.058734600903535,4577.0,4581.0
2020-05-08,pp000,LONG,0.925438611768344,6961.0,6961.0
2020-05-08,TA000,SHORT,-0.5743467982022065,3490.0,3512.0
2020-05-08,l000,SHORT,-0.6544226688759349,6330.0,6355.0
2020-05-08,nr000,SHORT,-0.6680025151621715,8470.0,8455.0
2020-05-08,rr000,SHORT,-0.773465800252968,3432.0,3434.0
2020-05-08,sn000,SHORT,-0.8852459077437557,129310.0,129550.0
2020-05-11,p000,LONG,2.876144210865768,4450.0,4420.0
2020-05-11,UR000,LONG,1.2968684241847328,1509.0,1514.0
2020-05-11,CJ000,LONG,1.274780911893081,10160.0,10175.0
2020-05-11,wr000,LONG,1.1818950015132763,3788.0,3939.0
2020-05-11,a000,LONG,1.1245172662355087,4540.0,4577.0
2020-05-11,cs000,SHORT,-1.0577720372299422,2418.0,2429.0
2020-05-11,ag000,SHORT,-1.2604439643065288,3765.0,3785.0
2020-05-11,jm000,SHORT,-1.5025152618575799,1095.5,1091.5
2020-05-11,SR000,SHORT,-1.6995407965363543,5129.0,5114.0
2020-05-11,rb000,SHORT,-2.3189975423662723,3466.0,3464.0
2020-05-12,j000,LONG,0.813871554221251,1736.5,1730.5
2020-05-12,WH000,LONG,0.6720887621396737,2492.0,2494.0
2020-05-12,hc000,LONG,0.5400946124303659,3334.0,3329.0
2020-05-12,l000,LONG,0.4827305313260674,6230.0,6235.0
2020-05-12,au000,LONG,0.4584930123100388,380.0,380.18
2020-05-12,p000,SHORT,-0.80004489280486,4380.0,4394.0
2020-05-12,cs000,SHORT,-0.8438617527777073,2404.0,2408.0
2020-05-12,pp000,SHORT,-0.9670972179754953,6802.0,6792.0
2020-05-12,bu000,SHORT,-1.2290564812897882,2072.0,2080.0
2020-05-12,jm000,SHORT,-1.455807577132259,1087.5,1084.0
2020-05-13,j000,LONG,0.35636958079887976,1721.0,1726.0
2020-05-13,ag000,LONG,0.26726010014852136,3776.0,3788.0
2020-05-13,sn000,LONG,0.0839093628624263,129970.0,130110.0
2020-05-13,v000,LONG,0.056328098081390346,5630.0,5675.0
2020-05-13,zn000,LONG,0.053808094394823036,16650.0,16665.0
2020-05-13,CF000,SHORT,-1.923558394795512,11545.0,11505.0
2020-05-13,cs000,SHORT,-1.9286995152395565,2404.0,2414.0
2020-05-13,OI000,SHORT,-1.9964889714522935,6703.0,6686.0
2020-05-13,hc000,SHORT,-3.0110273753483905,3319.0,3328.0
2020-05-13,c000,SHORT,-10.174736176472251,2047.0,2056.0
2020-05-14,jm000,LONG,2.7314062468211624,1115.5,1119.5
2020-05-14,fu000,LONG,0.5851385532448147,1513.0,1531.0
2020-05-14,fb000,LONG,0.25198003700217325,1367.0,1363.5
2020-05-14,WH000,LONG,0.25155804971014506,2488.0,2478.0
2020-05-14,v000,LONG,0.19498301702852303,5675.0,5690.0
2020-05-14,hc000,SHORT,-1.3087244334504584,3338.0,3349.0
2020-05-14,OI000,SHORT,-1.415363468940232,6757.0,6777.0
2020-05-14,p000,SHORT,-1.6090964628108737,4360.0,4388.0
2020-05-14,m000,SHORT,-1.6204204565649944,2695.0,2697.0
2020-05-14,c000,SHORT,-4.89536490896605,2048.0,2050.0
2020-05-15,hc000,LONG,1.5285694210255991,3363.0,3349.0
2020-05-15,CJ000,LONG,1.2313240498695206,10225.0,10215.0
2020-05-15,pb000,LONG,1.2081574025307589,13815.0,13795.0
2020-05-15,SF000,LONG,1.064469090406471,5804.0,5846.0
2020-05-15,OI000,LONG,1.004353201987448,6808.0,6797.0
2020-05-15,a000,SHORT,-0.2194998749145692,4365.0,4367.0
2020-05-15,jm000,SHORT,-0.24693428342459556,1126.0,1118.0
2020-05-15,UR000,SHORT,-0.32828034879075924,1547.0,1552.0
2020-05-15,CF000,SHORT,-0.3781805378762422,11600.0,11505.0
2020-05-15,c000,SHORT,-0.8850714160811132,2048.0,2043.0
2020-05-18,UR000,LONG,3.3563303810372225,1555.0,1546.0
2020-05-18,c000,LONG,2.0501992132507745,2040.0,2030.0
2020-05-18,j000,LONG,1.8129927859323796,1818.0,1787.0
2020-05-18,SR000,LONG,1.657386283613803,4897.0,4913.0
2020-05-18,cs000,LONG,1.3857808573050983,2402.0,2386.0
2020-05-18,CJ000,SHORT,-0.47884487755850125,10270.0,10230.0
2020-05-18,TA000,SHORT,-0.5232292149734494,3664.0,3556.0
2020-05-18,ru000,SHORT,-0.5525634317354667,10315.0,10230.0
2020-05-18,ag000,SHORT,-0.853392424375563,4095.0,4098.0
2020-05-18,jm000,SHORT,-1.4492498350958056,1135.5,1128.5
2020-05-19,CJ000,LONG,1.9679104987774239,10240.0,10200.0
2020-05-19,ag000,LONG,1.2007018856334182,4183.0,4197.0
2020-05-19,FG000,LONG,0.8807242760680122,1379.0,1395.0
2020-05-19,ni000,LONG,0.35530476471085914,101580.0,101680.0
2020-05-19,sc000,LONG,0.2997801942196126,277.1,277.9
2020-05-19,j000,SHORT,-1.6295954076801418,1827.5,1832.5
2020-05-19,fb000,SHORT,-1.7452889471807584,1371.5,1374.0
2020-05-19,hc000,SHORT,-2.1499316236254864,3463.0,3486.0
2020-05-19,SR000,SHORT,-2.152627516454665,4981.0,4968.0
2020-05-19,c000,SHORT,-4.442190246865472,2046.0,2045.0
2020-05-20,c000,LONG,4.507754727459273,2019.0,2018.0
2020-05-20,ZC000,LONG,4.411841073154894,543.0,547.0
2020-05-20,hc000,LONG,2.124875244260311,3452.0,3446.0
2020-05-20,UR000,LONG,1.9700272912784875,1531.0,1538.0
2020-05-20,y000,LONG,1.8050813403066193,5434.0,5424.0
2020-05-20,sp000,SHORT,-0.7161651367224391,4418.0,4424.0
2020-05-20,SR000,SHORT,-0.8676705237146551,5019.0,5020.0
2020-05-20,SM000,SHORT,-0.9235699832109406,7090.0,7098.0
2020-05-20,a000,SHORT,-1.3669951140792655,4236.0,4277.0
2020-05-20,ag000,SHORT,-1.5461348546669742,4280.0,4281.0
2020-05-21,y000,LONG,9.144602843776632,5490.0,5460.0
2020-05-21,c000,LONG,1.9144607692929279,2033.0,2040.0
2020-05-21,p000,LONG,1.5077369617605754,4610.0,4576.0
2020-05-21,CJ000,LONG,1.3116218979531429,10220.0,10225.0
2020-05-21,pb000,LONG,1.1344077636553205,14170.0,14175.0
2020-05-21,cu000,SHORT,-0.8366787193153241,44320.0,44280.0
2020-05-21,m000,SHORT,-0.9143048446357048,2753.0,2757.0
2020-05-21,cs000,SHORT,-1.2090982377145518,2377.0,2385.0
2020-05-21,a000,SHORT,-1.2140671742284441,4257.0,4260.0
2020-05-21,SR000,SHORT,-1.2660913611956117,5095.0,5110.0
2020-05-22,SR000,LONG,3.3349528656737606,5017.0,5009.0
2020-05-22,ag000,LONG,2.5032830991811887,4158.0,4163.0
2020-05-22,a000,LONG,1.299324009493209,4425.0,4364.0
2020-05-22,SM000,LONG,1.1802686410354226,7172.0,7078.0
2020-05-22,m000,LONG,0.9720943337003064,2746.0,2740.0
2020-05-22,l000,SHORT,-0.3590179990073956,6490.0,6450.0
2020-05-22,c000,SHORT,-0.5147921936957223,2021.0,2016.0
2020-05-22,WH000,SHORT,-0.6701310283240233,2523.0,2478.0
2020-05-22,OI000,SHORT,-1.0800742693815526,6848.0,6830.0
2020-05-22,bu000,SHORT,-1.8314792609002672,2442.0,2442.0
2020-05-25,JR000,LONG,1.729296169116378,2772.0,2794.0
2020-05-25,cs000,LONG,1.3847311335283117,2375.0,2368.0
2020-05-25,SF000,LONG,1.3077748569253,5970.0,5912.0
2020-05-25,TA000,LONG,1.0639045678595547,3612.0,3604.0
2020-05-25,SA000,LONG,1.0324574467023055,1419.0,1410.0
2020-05-25,j000,SHORT,-1.4138878716406993,1852.0,1854.5
2020-05-25,CJ000,SHORT,-1.425865567914669,10080.0,10065.0
2020-05-25,a000,SHORT,-1.4765412937774562,4437.0,4465.0
2020-05-25,hc000,SHORT,-1.8995817545488114,3403.0,3417.0
2020-05-25,SR000,SHORT,-2.1880555930909,5042.0,5007.0
2020-05-26,c000,LONG,2.1679378776970455,2041.0,2042.0
2020-05-26,hc000,LONG,1.4881021441316522,3425.0,3411.0
2020-05-26,p000,LONG,1.2725070281333457,4614.0,4594.0
2020-05-26,rb000,LONG,0.7507187746678059,3516.0,3505.0
2020-05-26,pb000,LONG,0.6864218019677766,14340.0,14335.0
2020-05-26,j000,SHORT,-0.6210023140978562,1872.0,1866.0
2020-05-26,JR000,SHORT,-0.6706317248855928,2794.0,2797.0
2020-05-26,ag000,SHORT,-0.7448653964805597,4223.0,4221.0
2020-05-26,CF000,SHORT,-0.7832335760259104,11645.0,11605.0
2020-05-26,SR000,SHORT,-1.0305404247403265,5005.0,4991.0
2020-05-27,ag000,LONG,1.4582682641134397,4223.0,4224.0
2020-05-27,ni000,LONG,1.4222369200434897,100820.0,101000.0
2020-05-27,j000,LONG,1.1540834758977325,1861.5,1858.0
2020-05-27,l000,LONG,1.1393592032762794,6460.0,6460.0
2020-05-27,OI000,LONG,0.9455945429869852,6730.0,6731.0
2020-05-27,CY000,SHORT,-0.3034105483000942,19405.0,19410.0
2020-05-27,jm000,SHORT,-0.3287041169117033,1158.5,1148.0
2020-05-27,sp000,SHORT,-0.40606339278971426,4436.0,4430.0
2020-05-27,m000,SHORT,-0.42002696954054486,2817.0,2784.0
2020-05-27,SM000,SHORT,-0.4652069335825541,6832.0,6760.0
2020-05-28,c000,LONG,2.5567933059050754,2061.0,2053.0
2020-05-28,p000,LONG,2.281453114010509,4752.0,4724.0
2020-05-28,cu000,LONG,1.6681288679750839,43570.0,43510.0
2020-05-28,al000,LONG,1.651858140876075,13075.0,13070.0
2020-05-28,cs000,LONG,1.5536811431831488,2397.0,2378.0
2020-05-28,eg000,SHORT,-0.502541395823816,3693.0,3682.0
2020-05-28,m000,SHORT,-0.6050620709366097,2820.0,2823.0
2020-05-28,RM000,SHORT,-0.7454819209249629,2364.0,2339.0
2020-05-28,ag000,SHORT,-0.8847456183243817,4266.0,4227.0
2020-05-28,CF000,SHORT,-1.3318328667640387,11570.0,11500.0
2020-05-29,jm000,LONG,1.4403798299596406,1158.5,1161.5
2020-05-29,cu000,LONG,1.1544979684764591,43910.0,43800.0
2020-05-29,ag000,LONG,0.946410285005427,4301.0,4311.0
2020-05-29,cs000,LONG,0.9215178687397015,2411.0,2397.0
2020-05-29,j000,LONG,0.6917835212717366,1866.5,1868.0
2020-05-29,UR000,SHORT,-1.3616374626099443,1544.0,1533.0
2020-05-29,m000,SHORT,-1.6061171978070266,2801.0,2788.0
2020-05-29,OI000,SHORT,-1.958414400072228,6947.0,6923.0
2020-05-29,hc000,SHORT,-2.224873594739802,3494.0,3487.0
2020-05-29,c000,SHORT,-2.875926993019905,2077.0,2070.0
2020-06-01,c000,LONG,4.739058693836054,2067.0,2080.0
2020-06-01,j000,LONG,2.7458637338917087,1905.0,1896.5
2020-06-01,CJ000,LONG,2.252057521935537,9885.0,9955.0
2020-06-01,rb000,LONG,1.9098457078204838,3585.0,3562.0
2020-06-01,jm000,LONG,1.7797080852595484,1176.0,1174.5
2020-06-01,cu000,SHORT,-1.115236599429982,44130.0,44130.0
2020-06-01,ni000,SHORT,-2.0021112132431647,100920.0,100780.0
2020-06-01,ag000,SHORT,-2.139102270660142,4408.0,4411.0
2020-06-01,a000,SHORT,-2.238340886205717,4563.0,4618.0
2020-06-01,cs000,SHORT,-2.5405103880493236,2404.0,2419.0
2020-06-02,RM000,LONG,3.3842879181213537,2333.0,2338.0
2020-06-02,j000,LONG,1.8749036735703353,1905.0,1899.0
2020-06-02,pp000,LONG,0.7616162080768862,7523.0,7493.0
2020-06-02,SF000,LONG,0.7225738146629848,5728.0,5762.0
2020-06-02,p000,LONG,0.7030273520572767,4784.0,4796.0
2020-06-02,pb000,SHORT,-0.4351155332030727,14585.0,14590.0
2020-06-02,cu000,SHORT,-0.4475879652387325,44690.0,44760.0
2020-06-02,cs000,SHORT,-0.45982086126022614,2409.0,2414.0
2020-06-02,UR000,SHORT,-0.824973056615113,1538.0,1539.0
2020-06-02,jm000,SHORT,-1.9258614152498155,1169.5,1168.0
2020-06-03,hc000,LONG,0.9848102622576174,3547.0,3559.0
2020-06-03,fb000,LONG,0.8490159116669995,1360.0,1361.5
2020-06-03,pb000,LONG,0.7284633925150736,14620.0,14625.0
2020-06-03,zn000,LONG,0.7034486029218441,16645.0,16675.0
2020-06-03,RM000,LONG,0.6760222769447697,2334.0,2340.0
2020-06-03,rr000,SHORT,-0.9392971560411864,3448.0,3448.0
2020-06-03,SR000,SHORT,-1.2533170348049678,5014.0,4979.0
2020-06-03,m000,SHORT,-1.3172557474201463,2794.0,2805.0
2020-06-03,al000,SHORT,-1.3696948404919795,13115.0,13095.0
2020-06-03,SA000,SHORT,-4.43255357506167,1475.0,1478.0
2020-06-04,c000,LONG,4.833826344299776,2062.0,2066.0
2020-06-04,j000,LONG,2.157806351839379,1971.5,1953.5
2020-06-04,hc000,LONG,1.5155232365527038,3552.0,3522.0
2020-06-04,rr000,LONG,1.1931122427776626,3443.0,3442.0
2020-06-04,ss000,LONG,1.1405416087062903,12965.0,12975.0
2020-06-04,fu000,SHORT,-0.5043865584138797,1731.0,1726.0
2020-06-04,cs000,SHORT,-0.8013839357671676,2403.0,2406.0
2020-06-04,m000,SHORT,-1.0069244405020363,2822.0,2812.0
2020-06-04,p000,SHORT,-1.1129877104632544,4904.0,4884.0
2020-06-04,SR000,SHORT,-1.8753855072639587,5116.0,5072.0
2020-06-05,y000,LONG,9.667067833216677,5678.0,5674.0
2020-06-05,p000,LONG,2.3198921141121125,4892.0,4896.0
2020-06-05,sc000,LONG,0.792330014666215,281.2,280.1
2020-06-05,SR000,LONG,0.7060798635609616,5090.0,5097.0
2020-06-05,CJ000,LONG,0.6845538911163966,10010.0,9995.0
2020-06-05,jm000,SHORT,-1.1226187564225174,1167.5,1162.5
2020-06-05,m000,SHORT,-1.334731423659236,2851.0,2867.0
2020-06-05,rb000,SHORT,-1.389839805621074,3608.0,3605.0
2020-06-05,ag000,SHORT,-2.229000462396314,4347.0,4346.0
2020-06-05,c000,SHORT,-2.99891091378752,2061.0,2063.0
2020-06-08,l000,LONG,1.5992866209291023,6620.0,6640.0
2020-06-08,j000,LONG,1.1009415238007747,1975.0,1955.5
2020-06-08,TA000,LONG,0.9688094897407411,3756.0,3758.0
2020-06-08,a000,LONG,0.8255774821922423,4384.0,4367.0
2020-06-08,ag000,LONG,0.7345681507834544,4243.0,4242.0
2020-06-08,m000,SHORT,-1.6292051146575652,2829.0,2834.0
2020-06-08,cs000,SHORT,-1.6482347426450172,2387.0,2398.0
2020-06-08,rb000,SHORT,-1.853481149735349,3647.0,3616.0
2020-06-08,jm000,SHORT,-2.318154856805878,1184.5,1166.0
2020-06-08,c000,SHORT,-3.2738806131292613,2058.0,2066.0
2020-06-09,cs000,LONG,1.9461543517435365,2395.0,2386.0
2020-06-09,cu000,LONG,0.7659597732636554,45890.0,45880.0
2020-06-09,a000,LONG,0.6363745101426017,4565.0,4565.0
2020-06-09,ni000,LONG,0.5240493178757677,104690.0,104770.0
2020-06-09,CJ000,LONG,0.49952379678721365,10010.0,9930.0
2020-06-09,AP000,SHORT,-1.07553224891371,8569.0,8472.0
2020-06-09,WH000,SHORT,-1.3354490120151852,2501.0,2503.0
2020-06-09,c000,SHORT,-1.7003187229831647,2070.0,2058.0
2020-06-09,SR000,SHORT,-2.7747002608104316,5113.0,5131.0
2020-06-09,SA000,SHORT,-7.684948609247519,1447.0,1448.0
2020-06-10,m000,LONG,1.7282678965149643,2808.0,2809.0
2020-06-10,c000,LONG,1.367976347585907,2078.0,2076.0
2020-06-10,ag000,LONG,1.3521694916759306,4328.0,4325.0
2020-06-10,rb000,LONG,1.1987683413405956,3611.0,3603.0
2020-06-10,pb000,LONG,0.9845025258120297,14440.0,14435.0
2020-06-10,SA000,SHORT,-0.44633678972902363,1443.0,1437.0
2020-06-10,l000,SHORT,-0.5111641393265093,6730.0,6670.0
2020-06-10,a000,SHORT,-0.5868205218853307,4691.0,4653.0
2020-06-10,CF000,SHORT,-0.6796192968884149,12035.0,12020.0
2020-06-10,ZC000,SHORT,-0.7699195036016566,544.2,546.0
2020-06-11,c000,LONG,2.342786139475411,2093.0,2089.0
2020-06-11,SR000,LONG,1.977049646420665,5128.0,5112.0
2020-06-11,hc000,LONG,0.8564872240794094,3543.0,3540.0
2020-06-11,cu000,LONG,0.8513512966800746,47440.0,47440.0
2020-06-11,zn000,LONG,0.5414147723016528,16540.0,16540.0
2020-06-11,SA000,SHORT,-0.7708674477628422,1430.0,1430.0
2020-06-11,FG000,SHORT,-0.7957148597774544,1427.0,1422.0
2020-06-11,pp000,SHORT,-0.8826320953292404,7341.0,7334.0
2020-06-11,jm000,SHORT,-1.548215438620198,1181.5,1185.5
2020-06-11,RM000,SHORT,-4.766407035866047,2358.0,2369.0
2020-06-12,c000,LONG,3.089835556342927,2088.0,2088.0
2020-06-12,SR000,LONG,2.8537064833649435,5009.0,5044.0
2020-06-12,SM000,LONG,2.261021075474595,6714.0,6694.0
2020-06-12,ag000,LONG,2.0815160636914576,4327.0,4346.0
2020-06-12,pp000,LONG,1.7370828406810512,7254.0,7277.0
2020-06-12,TA000,SHORT,-0.9369906908313869,3644.0,3666.0
2020-06-12,m000,SHORT,-1.003770898548732,2817.0,2819.0
2020-06-12,p000,SHORT,-1.2121200583468426,4882.0,4888.0
2020-06-12,CF000,SHORT,-1.5302994473271847,11845.0,11885.0
2020-06-12,y000,SHORT,-7.208905347394402,5620.0,5638.0
2020-06-15,ag000,LONG,2.7487798747151984,4276.0,4278.0
2020-06-15,cs000,LONG,2.3837885194162154,2442.0,2432.0
2020-06-15,SR000,LONG,2.1086845350897865,5061.0,5072.0
2020-06-15,cu000,LONG,0.7727200865890456,46970.0,47070.0
2020-06-15,SM000,LONG,0.6246529285315494,6722.0,6868.0
2020-06-15,UR000,SHORT,-1.4643163277912234,1523.0,1525.0
2020-06-15,a000,SHORT,-1.5715375932431799,4782.0,4712.0
2020-06-15,hc000,SHORT,-2.1012765760793326,3565.0,3583.0
2020-06-15,jm000,SHORT,-3.7584759828017584,1180.5,1186.0
2020-06-15,c000,SHORT,-6.240736448647876,2119.0,2104.0
2020-06-16,m000,LONG,1.267737146965375,2832.0,2821.0
2020-06-16,jm000,LONG,1.1645754664577963,1174.5,1175.5
2020-06-16,ZC000,LONG,1.1385602911126114,541.2,540.8
2020-06-16,sn000,LONG,1.1020321960631376,135750.0,135750.0
2020-06-16,FG000,LONG,0.5693915814713784,1454.0,1455.0
2020-06-16,c000,SHORT,-0.796913657795125,2115.0,2114.0
2020-06-16,UR000,SHORT,-0.8158654550474098,1527.0,1536.0
2020-06-16,SM000,SHORT,-0.9573628834486573,6844.0,6780.0
2020-06-16,hc000,SHORT,-1.0104255825844004,3551.0,3548.0
2020-06-16,PM000,SHORT,-1.028686337597546,2180.0,2181.0
2020-06-17,RI000,LONG,2.2666596518317954,2568.0,2555.0
2020-06-17,pb000,LONG,1.2123610073829687,14255.0,14245.0
2020-06-17,SR000,LONG,1.0655067204272364,5074.0,5066.0
2020-06-17,hc000,LONG,0.7892307881606407,3553.0,3546.0
2020-06-17,sn000,LONG,0.6623564391977814,138020.0,137760.0
2020-06-17,FG000,SHORT,-0.5526696976831487,1437.0,1443.0
2020-06-17,rb000,SHORT,-0.645503757409193,3584.0,3581.0
2020-06-17,m000,SHORT,-0.8192832460235207,2807.0,2806.0
2020-06-17,CJ000,SHORT,-1.2399357905430213,10015.0,10035.0
2020-06-17,c000,SHORT,-1.7033234899175473,2116.0,2110.0
2020-06-18,j000,LONG,2.4768222446585813,1951.0,1941.0
2020-06-18,c000,LONG,1.647068697507625,2144.0,2137.0
2020-06-18,m000,LONG,1.2580948825143197,2813.0,2811.0
2020-06-18,rr000,LONG,1.1691645598534903,3450.0,3448.0
2020-06-18,pb000,LONG,1.139320297131317,14410.0,14425.0
2020-06-18,CY000,SHORT,-0.39645542376724136,19295.0,19245.0
2020-06-18,CF000,SHORT,-0.4800129157938686,11890.0,11855.0
2020-06-18,p000,SHORT,-0.5173807256436973,5060.0,5040.0
2020-06-18,jm000,SHORT,-0.7051528834742482,1190.0,1181.5
2020-06-18,SR000,SHORT,-1.95410692771466,5101.0,5080.0
2020-06-19,RM000,LONG,3.119302275820569,2323.0,2326.0
2020-06-19,c000,LONG,1.924787726166019,2123.0,2118.0
2020-06-19,SR000,LONG,1.4977625710724953,5101.0,5086.0
2020-06-19,OI000,LONG,1.3908876746522651,7486.0,7479.0
2020-06-19,rr000,LONG,1.2211303901613693,3449.0,3448.0
2020-06-19,FG000,SHORT,-0.2833334535096631,1450.0,1454.0
2020-06-19,v000,SHORT,-0.39550845880089647,6250.0,6220.0
2020-06-19,JR000,SHORT,-0.4252815515072155,2794.0,2776.0
2020-06-19,pp000,SHORT,-0.5104223255895499,7476.0,7453.0
2020-06-19,CF000,SHORT,-0.8096887612655113,11870.0,11880.0
2020-06-22,m000,LONG,6.488176500838126,2826.0,2829.0
2020-06-22,SA000,LONG,2.3793968708826045,1436.0,1438.0
2020-06-22,hc000,LONG,1.380574171157807,3655.0,3651.0
2020-06-22,jm000,LONG,1.2102328382417784,1184.5,1184.5
2020-06-22,TA000,LONG,0.8403609715593116,3726.0,3738.0
2020-06-22,p000,SHORT,-1.4139842373961882,5156.0,5166.0
2020-06-22,CJ000,SHORT,-1.4983733425047534,10050.0,9890.0
2020-06-22,SM000,SHORT,-1.5656405011144665,6668.0,6622.0
2020-06-22,j000,SHORT,-1.8774212160179902,1965.0,1968.0
2020-06-22,SR000,SHORT,-2.355894870675392,5132.0,5100.0
2020-06-23,ni000,LONG,1.3066480108105545,101640.0,101900.0
2020-06-23,cu000,LONG,1.1607059298257754,47680.0,47670.0
2020-06-23,cs000,LONG,0.8671663608661394,2444.0,2431.0
2020-06-23,bu000,LONG,0.6522263517819792,2636.0,2634.0
2020-06-23,ag000,LONG,0.6329602028664384,4343.0,4350.0
2020-06-23,fb000,SHORT,-0.9103407233475476,1336.5,1334.0
2020-06-23,c000,SHORT,-1.1038989614261927,2108.0,2101.0
2020-06-23,p000,SHORT,-1.154442670066767,5124.0,5138.0
2020-06-23,hc000,SHORT,-1.4410758887654695,3613.0,3622.0
2020-06-23,m000,SHORT,-2.900014092282969,2849.0,2825.0
2020-06-24,c000,LONG,1.61648499175567,2090.0,2084.0
2020-06-24,j000,LONG,1.588009230875723,1954.5,1948.5
2020-06-24,SR000,LONG,0.948801686102901,5166.0,5162.0
2020-06-24,jm000,LONG,0.8787908041472465,1191.5,1189.0
2020-06-24,cs000,LONG,0.8519694508281616,2414.0,2410.0
2020-06-24,SF000,SHORT,-0.21305615327306113,5876.0,5888.0
2020-06-24,RM000,SHORT,-0.22338621293382258,2337.0,2335.0
2020-06-24,CF000,SHORT,-0.22830642314910754,11665.0,11675.0
2020-06-24,ss000,SHORT,-0.39934495907226536,13130.0,13200.0
2020-06-24,v000,SHORT,-0.9316075452942026,6170.0,6150.0
2020-06-29,SA000,LONG,4.76293649095838,1400.0,1394.0
2020-06-29,MA000,LONG,3.246511233606747,1749.0,1740.0
2020-06-29,jm000,LONG,2.624010592260234,1189.0,1172.5
2020-06-29,c000,LONG,2.251662225548455,2094.0,2118.0
2020-06-29,ag000,LONG,1.8397800174471584,4361.0,4335.0
2020-06-29,rr000,SHORT,-1.7914008455990016,3423.0,3423.0
2020-06-29,jd000,SHORT,-1.80128032700221,3932.0,3894.0
2020-06-29,RM000,SHORT,-2.88993432665151,2319.0,2309.0
2020-06-29,SR000,SHORT,-3.0667152391110943,5073.0,4982.0
2020-06-29,m000,SHORT,-3.6020731332659817,2804.0,2805.0
2020-06-30,m000,LONG,1.2005449466040172,2813.0,2805.0
2020-06-30,pb000,LONG,1.1633483340821311,14725.0,14755.0
2020-06-30,CF000,LONG,0.895188156739914,11730.0,11700.0
2020-06-30,y000,LONG,0.770197602295972,5660.0,5628.0
2020-06-30,hc000,LONG,0.6888031097756201,3592.0,3594.0
2020-06-30,WH000,SHORT,-0.5838426539228181,2519.0,2522.0
2020-06-30,ag000,SHORT,-0.7354105944925652,4334.0,4330.0
2020-06-30,jm000,SHORT,-1.4540576997970605,1179.0,1180.0
2020-06-30,RI000,SHORT,-1.8852230671919912,2540.0,2587.0
2020-06-30,MA000,SHORT,-2.8844606646958453,1763.0,1757.0
2020-07-01,SA000,LONG,6.2477160155651985,1364.0,1375.0
2020-07-01,jm000,LONG,1.6085892316233013,1176.5,1176.5
2020-07-01,c000,LONG,1.5832899986509885,2095.0,2090.0
2020-07-01,CJ000,LONG,1.2739368662092627,9655.0,9670.0
2020-07-01,FG000,LONG,0.9180378402927266,1480.0,1478.0
2020-07-01,rb000,SHORT,-0.5416430443963258,3571.0,3567.0
2020-07-01,SM000,SHORT,-0.6953660932763973,6490.0,6514.0
2020-07-01,ag000,SHORT,-0.8867363168906887,4430.0,4425.0
2020-07-01,SR000,SHORT,-1.0010775355522405,5011.0,5008.0
2020-07-01,SF000,SHORT,-1.5856138588629969,5732.0,5726.0
2020-07-02,UR000,LONG,1.992016618325999,1508.0,1513.0
2020-07-02,hc000,LONG,1.3457298765890418,3557.0,3561.0
2020-07-02,fb000,LONG,1.246388982729505,1331.0,1327.5
2020-07-02,pb000,LONG,1.1127875163135281,14875.0,14875.0
2020-07-02,jm000,LONG,1.0723812985374757,1174.0,1172.5
2020-07-02,RM000,SHORT,-0.2285121428898215,2378.0,2377.0
2020-07-02,CF000,SHORT,-0.2561673832198017,11920.0,11890.0
2020-07-02,i000,SHORT,-0.27841171700847384,742.0,739.0
2020-07-02,FG000,SHORT,-0.2910878901631893,1492.0,1490.0
2020-07-02,c000,SHORT,-1.3741247831487444,2086.0,2081.0
2020-07-03,rb000,LONG,2.792023205354299,3607.0,3600.0
2020-07-03,m000,LONG,1.1070693424910325,2894.0,2896.0
2020-07-03,pb000,LONG,1.0336425356390144,14710.0,14715.0
2020-07-03,eg000,LONG,1.0307216346526866,3638.0,3621.0
2020-07-03,SF000,LONG,0.754849480068872,5724.0,5658.0
2020-07-03,al000,SHORT,-0.21397352555927873,13965.0,13970.0
2020-07-03,cs000,SHORT,-0.6775010932595011,2433.0,2444.0
2020-07-03,cu000,SHORT,-0.7318044077219044,49310.0,49280.0
2020-07-03,jm000,SHORT,-0.7804865502461975,1190.5,1193.0
2020-07-03,a000,SHORT,-1.2604497828709507,4879.0,4885.0
2020-07-06,hc000,LONG,1.4339381466885275,3593.0,3599.0
2020-07-06,m000,LONG,1.1145824988630069,2929.0,2905.0
2020-07-06,MA000,LONG,0.9860586860041105,1796.0,1796.0
2020-07-06,rb000,LONG,0.8664934491406534,3613.0,3619.0
2020-07-06,cs000,LONG,0.8536524446624921,2449.0,2442.0
2020-07-06,j000,SHORT,-0.8681801523901223,1851.5,1851.0
2020-07-06,CF000,SHORT,-0.9106416630733777,11925.0,11940.0
2020-07-06,UR000,SHORT,-0.957799026476799,1528.0,1539.0
2020-07-06,ag000,SHORT,-1.1954960936501922,4379.0,4381.0
2020-07-06,a000,SHORT,-1.5080813453436024,4774.0,4791.0
2020-07-07,jm000,LONG,1.837291092945427,1191.5,1190.5
2020-07-07,y000,LONG,1.3935797581743254,5822.0,5840.0
2020-07-07,SR000,LONG,0.6468946766295749,5127.0,5151.0
2020-07-07,fu000,LONG,0.506793393426788,1726.0,1734.0
2020-07-07,JR000,LONG,0.4664014559348007,2729.0,2736.0
2020-07-07,CJ000,SHORT,-0.9953246879428254,9825.0,9810.0
2020-07-07,UR000,SHORT,-1.2833359760997511,1536.0,1530.0
2020-07-07,fb000,SHORT,-1.9441589741458032,1349.5,1351.0
2020-07-07,p000,SHORT,-2.419973469378235,5074.0,5096.0
2020-07-07,c000,SHORT,-2.4897156549128363,2115.0,2119.0
2020-07-08,SR000,LONG,2.024612473150034,5256.0,5242.0
2020-07-08,hc000,LONG,1.877031722255855,3679.0,3679.0
2020-07-08,SF000,LONG,1.4373437837238245,5724.0,5632.0
2020-07-08,fb000,LONG,0.8931244119432734,1351.5,1347.0
2020-07-08,j000,LONG,0.8704670487630656,1907.0,1893.0
2020-07-08,sp000,SHORT,-0.6253205975921551,4430.0,4426.0
2020-07-08,nr000,SHORT,-0.6667303275630619,8970.0,8980.0
2020-07-08,jm000,SHORT,-0.7778966455983646,1197.0,1194.0
2020-07-08,SA000,SHORT,-0.7908144914566043,1388.0,1380.0
2020-07-08,RM000,SHORT,-2.8456220511098844,2372.0,2387.0
2020-07-09,cs000,LONG,1.702585830965974,2472.0,2455.0
2020-07-09,ag000,LONG,1.6602269047990574,4502.0,4494.0
2020-07-09,cu000,LONG,1.5365601631837502,50130.0,50050.0
2020-07-09,CF000,LONG,1.1094290500489772,12070.0,12010.0
2020-07-09,ZC000,LONG,0.9529248939816497,558.8,558.0
2020-07-09,SR000,SHORT,-0.8853379809929989,5242.0,5250.0
2020-07-09,j000,SHORT,-0.9311448994572555,1908.0,1911.0
2020-07-09,jm000,SHORT,-1.0359300620348126,1207.5,1201.5
2020-07-09,rr000,SHORT,-1.1235475290695067,3434.0,3433.0
2020-07-09,UR000,SHORT,-1.292036375781988,1547.0,1547.0
2020-07-10,c000,LONG,2.389057658333315,2141.0,2143.0
2020-07-10,CJ000,LONG,0.8146646467245123,9690.0,9645.0
2020-07-10,SR000,LONG,0.7244706952246144,5200.0,5190.0
2020-07-10,cu000,LONG,0.617058788618437,50360.0,50420.0
2020-07-10,SF000,LONG,0.5959330462587874,5664.0,5640.0
2020-07-10,pp000,SHORT,-0.6033117177758366,7637.0,7633.0
2020-07-10,ag000,SHORT,-0.6146723782293778,4452.0,4460.0
2020-07-10,p000,SHORT,-0.6447253304942311,4984.0,4988.0
2020-07-10,y000,SHORT,-0.7401197893102807,5782.0,5774.0
2020-07-10,CY000,SHORT,-1.243860608130437,19435.0,19405.0
2020-07-13,y000,LONG,2.511723039041408,5768.0,5826.0
2020-07-13,jd000,LONG,1.3030795030350346,3928.0,3997.0
2020-07-13,wr000,LONG,1.2723024274192805,3955.0,3980.0
2020-07-13,pp000,LONG,1.250510019111865,7717.0,7685.0
2020-07-13,JR000,LONG,1.2464801874887812,2737.0,2747.0
2020-07-13,ni000,SHORT,-0.7513130150991666,108070.0,108140.0
2020-07-13,TA000,SHORT,-0.7643286684035433,3598.0,3588.0
2020-07-13,zn000,SHORT,-0.8270555321973965,17920.0,17910.0
2020-07-13,c000,SHORT,-1.0664715206306514,2143.0,2139.0
2020-07-13,SR000,SHORT,-1.5878070618038005,5239.0,5263.0
2020-07-14,a000,LONG,2.32383623694701,4689.0,4732.0
2020-07-14,jm000,LONG,1.4488218938872945,1197.5,1203.5
2020-07-14,au000,LONG,0.6750647205835167,403.62,403.72
2020-07-14,sn000,LONG,0.39432236576494883,143870.0,143770.0
2020-07-14,al000,LONG,0.28270168076618357,14725.0,14685.0
2020-07-14,SR000,SHORT,-1.8022136002389135,5207.0,5228.0
2020-07-14,SF000,SHORT,-2.0197641356034466,5610.0,5540.0
2020-07-14,p000,SHORT,-2.758920685251371,5038.0,5088.0
2020-07-14,hc000,SHORT,-3.130538939505609,3726.0,3752.0
2020-07-14,c000,SHORT,-6.259779175067901,2149.0,2149.0
2020-07-15,SA000,LONG,6.356663295930325,1389.0,1387.0
2020-07-15,RI000,LONG,5.309650017463554,2622.0,2622.0
2020-07-15,c000,LONG,3.492887620912965,2126.0,2134.0
2020-07-15,MA000,LONG,2.2698005474267178,1853.0,1853.0
2020-07-15,hc000,LONG,1.8985406965981277,3750.0,3751.0
2020-07-15,au000,SHORT,-0.40528523415245393,404.3,404.2799999
2020-07-15,rb000,SHORT,-0.4385588953717711,3728.0,3721.0
2020-07-15,l000,SHORT,-0.7303158442430284,7265.0,7290.0
2020-07-15,cu000,SHORT,-0.8403657375058718,52500.0,52430.0
2020-07-15,cs000,SHORT,-1.4780311486013806,2472.0,2480.0
2020-07-16,MA000,LONG,2.703714683311159,1839.0,1841.0
2020-07-16,cu000,LONG,1.7231337607930353,51210.0,51230.0
2020-07-16,cs000,LONG,1.636207422085797,2511.0,2486.0
2020-07-16,pb000,LONG,1.1504938840126826,15125.0,15150.0
2020-07-16,ag000,LONG,0.8660677431894962,4616.0,4609.0
2020-07-16,au000,SHORT,-0.5142216347461124,403.74,403.6
2020-07-16,OI000,SHORT,-0.6007319149068896,8087.0,8066.0
2020-07-16,jm000,SHORT,-1.1628983978968734,1199.0,1197.5
2020-07-16,RM000,SHORT,-1.43250357914998,2333.0,2328.0
2020-07-16,RI000,SHORT,-2.340553841203774,2600.0,2617.0
2020-07-17,cs000,LONG,1.1043746877388292,2516.0,2507.0
2020-07-17,cu000,LONG,0.9882137819728559,51450.0,51530.0
2020-07-17,pp000,LONG,0.9098723898572151,7471.0,7504.0
2020-07-17,pb000,LONG,0.7457031962033248,14940.0,14945.0
2020-07-17,JR000,LONG,0.7324880394075466,2800.0,2813.0
2020-07-17,rb000,SHORT,-0.8369259746370727,3709.0,3706.0
2020-07-17,ZC000,SHORT,-1.0056072937279967,560.2,559.2
2020-07-17,c000,SHORT,-1.0672052951464281,2162.0,2154.0
2020-07-17,m000,SHORT,-1.0682923243536875,2902.0,2891.0
2020-07-17,eg000,SHORT,-1.0747081086171835,3574.0,3588.0
2020-07-20,SR000,LONG,3.8541426080228565,5133.0,5120.0
2020-07-20,pb000,LONG,3.599368961210305,14730.0,14745.0
2020-07-20,y000,LONG,2.637095097445493,6256.0,6146.0
2020-07-20,zn000,LONG,2.3609721841722746,17605.0,17630.0
2020-07-20,rb000,LONG,2.145168490737233,3718.0,3735.0
2020-07-20,CY000,SHORT,-2.025140697740114,19245.0,19245.0
2020-07-20,UR000,SHORT,-2.053017948452105,1524.0,1538.0
2020-07-20,ag000,SHORT,-2.8270574157150303,4596.0,4598.0
2020-07-20,m000,SHORT,-2.8369548459447103,2902.0,2897.0
2020-07-20,SF000,SHORT,-2.9987882206824716,5556.0,5564.0
2020-07-21,l000,LONG,1.9067725958109107,7165.0,7100.0
2020-07-21,c000,LONG,1.756645334128694,2184.0,2183.0
2020-07-21,SA000,LONG,1.5147413564119085,1312.0,1308.0
2020-07-21,rr000,LONG,1.4948199249834577,3433.0,3438.0
2020-07-21,MA000,LONG,1.3861120625075276,1780.0,1769.0
2020-07-21,ru000,SHORT,-0.27445489230106246,10580.0,10550.0
2020-07-21,bb000,SHORT,-0.2853803850232193,229.6,237.2
2020-07-21,v000,SHORT,-0.2982807376959816,6660.0,6610.0
2020-07-21,ZC000,SHORT,-0.37011481179644884,553.0,551.6
2020-07-21,CJ000,SHORT,-0.5063653902339699,9295.0,9275.0
2020-07-22,PM000,LONG,2.3885049030156242,2372.0,2309.0
2020-07-22,SA000,LONG,1.7469755684350905,1320.0,1311.0
2020-07-22,CF000,LONG,1.6914284241886512,12160.0,12100.0
2020-07-22,pp000,LONG,1.4675860620587677,7556.0,7558.0
2020-07-22,SF000,LONG,1.2344418285633363,5574.0,5534.0
2020-07-22,SM000,SHORT,-0.3903416235237671,6366.0,6312.0
2020-07-22,TA000,SHORT,-0.6763836003967845,3552.0,3548.0
2020-07-22,MA000,SHORT,-0.691267094240518,1771.0,1774.0
2020-07-22,LR000,SHORT,-1.0077911290674364,2884.0,2900.0
2020-07-22,ag000,SHORT,-1.0903527330995522,5002.0,4997.0
2020-07-23,cu000,LONG,4.683683187579234,51940.0,51940.0
2020-07-23,al000,LONG,3.3624138322776695,14385.0,14350.0
2020-07-23,cs000,LONG,2.1394512383625135,2622.0,2569.0
2020-07-23,WH000,LONG,1.6762581787512143,2513.0,2522.0
2020-07-23,m000,LONG,1.2919705135042638,2949.0,2938.0
2020-07-23,l000,SHORT,-0.6187313831807489,6970.0,6955.0
2020-07-23,pp000,SHORT,-0.6239724214294342,7434.0,7415.0
2020-07-23,p000,SHORT,-0.8515865902920478,5572.0,5560.0
2020-07-23,j000,SHORT,-0.8990594309769645,1973.0,1978.5
2020-07-23,SR000,SHORT,-1.6753498137824565,5140.0,5136.0
2020-07-24,WH000,LONG,1.0497288029291332,2525.0,2541.0
2020-07-24,jm000,LONG,0.7588085020959168,1225.0,1236.0
2020-07-24,cs000,LONG,0.5860497193742766,2623.0,2620.0
2020-07-24,ss000,LONG,0.5714802286085735,13615.0,13615.0
2020-07-24,LR000,LONG,0.49128106735731286,2882.0,2887.0
2020-07-24,hc000,SHORT,-1.1860923274338977,3808.0,3815.0
2020-07-24,SR000,SHORT,-1.3382841836433523,5116.0,5128.0
2020-07-24,j000,SHORT,-1.3852250354915956,2000.0,2012.0
2020-07-24,m000,SHORT,-1.624945698098251,2970.0,2962.0
2020-07-24,c000,SHORT,-2.71764660336697,2250.0,2242.0
2020-07-27,cs000,LONG,5.1538613071981,2693.0,2662.0
2020-07-27,ZC000,LONG,3.8891974307546153,554.0,557.8
2020-07-27,SF000,LONG,2.9004864125297156,5478.0,5540.0
2020-07-27,cu000,LONG,2.712495509493752,51560.0,51560.0
2020-07-27,pb000,LONG,2.0451927767206675,14955.0,14955.0
2020-07-27,rr000,SHORT,-0.9317428675159192,3467.0,3449.0
2020-07-27,SA000,SHORT,-1.052958740853435,1332.0,1313.0
2020-07-27,SM000,SHORT,-1.268462272537694,6180.0,6210.0
2020-07-27,SR000,SHORT,-1.5683330965277338,5038.0,5048.0
2020-07-27,pp000,SHORT,-2.0689731589777227,7469.0,7391.0
2020-07-28,RM000,LONG,2.0351036884284195,2424.0,2462.0
2020-07-28,p000,LONG,2.024894861629124,5702.0,5736.0
2020-07-28,c000,LONG,1.9015435069015585,2301.0,2305.0
2020-07-28,j000,LONG,1.4176573317857928,1975.5,1970.0
2020-07-28,SA000,LONG,1.4152638300777962,1325.0,1321.0
2020-07-28,WH000,SHORT,-1.0823190877346562,2591.0,2534.0
2020-07-28,CF000,SHORT,-1.2142499925939783,12005.0,11975.0
2020-07-28,zn000,SHORT,-1.5048614409284529,18215.0,18210.0
2020-07-28,bu000,SHORT,-2.2319982162490284,2852.0,2810.0
2020-07-28,ni000,SHORT,-2.668920558773156,109890.0,109780.0
2020-07-29,cu000,LONG,2.4005332581083896,51860.0,51820.0
2020-07-29,ag000,LONG,1.3227817867173257,5736.0,5795.0
2020-07-29,WH000,LONG,1.1896410882925441,2541.0,2542.0
2020-07-29,zn000,LONG,0.6221237078861562,18360.0,18350.0
2020-07-29,ZC000,LONG,0.5959452225171521,556.4,554.8
2020-07-29,p000,SHORT,-0.6555385643716918,5614.0,5598.0
2020-07-29,m000,SHORT,-0.8424938480568417,2939.0,2930.0
2020-07-29,rb000,SHORT,-1.0186203214771001,3745.0,3736.0
2020-07-29,CF000,SHORT,-1.3289366532534377,11955.0,11945.0
2020-07-29,al000,SHORT,-1.8742279732273424,14510.0,14495.0
2020-07-30,FG000,LONG,2.0759291393171986,1680.0,1679.0
2020-07-30,p000,LONG,1.4788888554119581,5640.0,5658.0
2020-07-30,jm000,LONG,0.9408547613791465,1209.0,1213.5
2020-07-30,wr000,LONG,0.8791042860948899,3909.0,3869.0
2020-07-30,CJ000,LONG,0.853840712414532,9155.0,9225.0
2020-07-30,m000,SHORT,-0.8405003949119833,2908.0,2915.0
2020-07-30,cu000,SHORT,-1.3456952572789047,51940.0,51930.0
2020-07-30,cs000,SHORT,-1.4500251272717821,2645.0,2659.0
2020-07-30,hc000,SHORT,-1.5593040264276876,3788.0,3787.0
2020-07-30,RI000,SHORT,-3.10815964296648,2611.0,2633.0
2020-07-31,CY000,LONG,1.6108303467430523,19010.0,18810.0
2020-07-31,j000,LONG,1.2130436709164656,1972.5,1960.5
2020-07-31,p000,LONG,1.0742252725963848,5644.0,5626.0
2020-07-31,UR000,LONG,1.0156732056754896,1654.0,1660.0
2020-07-31,ag000,LONG,0.9737093024650478,5520.0,5515.0
2020-07-31,SM000,SHORT,-0.5216608054041012,6256.0,6264.0
2020-07-31,CF000,SHORT,-0.6332336264524063,12025.0,11940.0
2020-07-31,eg000,SHORT,-0.6992106088390379,3725.0,3717.0
2020-07-31,OI000,SHORT,-0.8287476078808991,8581.0,8595.0
2020-07-31,CJ000,SHORT,-0.9705696154896396,9350.0,9260.0
2020-08-03,bu000,LONG,7.672839440604593,2806.0,2822.0
2020-08-03,SF000,LONG,4.244365160290613,5552.0,5570.0
2020-08-03,j000,LONG,4.227327262447471,2013.0,1987.0
2020-08-03,rr000,LONG,3.498685832459627,3534.0,3526.0
2020-08-03,pb000,LONG,2.1275599287966624,15770.0,15820.0
2020-08-03,OI000,SHORT,-1.4231111888589303,8923.0,8716.0
2020-08-03,hc000,SHORT,-1.6133686663999371,3910.0,3862.0
2020-08-03,c000,SHORT,-1.7048808011776444,2302.0,2310.0
2020-08-03,jm000,SHORT,-3.304060171937851,1219.0,1206.5
2020-08-03,RI000,SHORT,-4.86557219794932,2627.0,2639.0
2020-08-04,bu000,LONG,9.660846507062447,2820.0,2818.0
2020-08-04,fb000,LONG,2.2633519960774793,1328.0,1330.0
2020-08-04,WH000,LONG,1.4906903281062562,2545.0,2561.0
2020-08-04,pp000,LONG,0.890076413666547,7755.0,7751.0
2020-08-04,SR000,LONG,0.8786619078418672,5058.0,5057.0
2020-08-04,SA000,SHORT,-0.9741175294933113,1414.0,1414.0
2020-08-04,cs000,SHORT,-1.048331215290259,2699.0,2715.0
2020-08-04,cu000,SHORT,-1.4181470480359908,51750.0,51750.0
2020-08-04,p000,SHORT,-1.7128910137526394,5882.0,5880.0
2020-08-04,ZC000,SHORT,-2.250676469077609,551.8,553.0
2020-08-05,pp000,LONG,3.6578135717074827,7819.0,7780.0
2020-08-05,c000,LONG,3.1317461049269757,2297.0,2303.0
2020-08-05,m000,LONG,2.8079124364830124,2897.0,2898.0
2020-08-05,SF000,LONG,1.7527117019994265,5760.0,5662.0
2020-08-05,SR000,LONG,1.4381889524829015,5070.0,5054.0
2020-08-05,j000,SHORT,-0.8771497008548097,2027.5,2026.5
2020-08-05,sp000,SHORT,-0.9997782606246708,4422.0,4424.0
2020-08-05,cs000,SHORT,-1.0306406173186209,2661.0,2663.0
2020-08-05,WH000,SHORT,-2.2292732025250532,2560.0,2548.0
2020-08-05,SA000,SHORT,-6.388171449383225,1404.0,1393.0
2020-08-06,cu000,LONG,1.340958480082681,51450.0,51480.0
2020-08-06,rb000,LONG,0.928220463884249,3872.0,3860.0
2020-08-06,ni000,LONG,0.7908663626035215,113420.0,114330.0
2020-08-06,RI000,LONG,0.722455021849708,2627.0,2612.0
2020-08-06,JR000,LONG,0.6974360506395674,2747.0,2718.0
2020-08-06,CJ000,SHORT,-0.7865593898069427,9225.0,8895.0
2020-08-06,FG000,SHORT,-1.125377366790637,1824.0,1814.0
2020-08-06,m000,SHORT,-1.4843332971553076,2882.0,2868.0
2020-08-06,c000,SHORT,-2.148568268427554,2267.0,2259.0
2020-08-06,al000,SHORT,-2.7538561271671465,14555.0,14575.0
2020-08-07,SF000,LONG,5.4424221733545215,5650.0,5660.0
2020-08-07,SA000,LONG,4.16738422039727,1457.0,1416.0
2020-08-07,TA000,LONG,2.1661282730248694,3642.0,3638.0
2020-08-07,OI000,LONG,1.393821202562096,9219.0,9270.0
2020-08-07,jd000,LONG,1.1618175657638534,3897.0,3913.0
2020-08-07,rb000,SHORT,-1.188947805318926,3861.0,3850.0
2020-08-07,RM000,SHORT,-1.2027981847110911,2338.0,2343.0
2020-08-07,SR000,SHORT,-1.220539187465602,5063.0,4981.0
2020-08-07,eg000,SHORT,-1.4882037049481236,3767.0,3765.0
2020-08-07,jm000,SHORT,-1.944810463872251,1231.5,1223.0
2020-08-10,RI000,LONG,3.8115521122394997,2615.0,2590.0
2020-08-10,SM000,LONG,2.594584692462591,6412.0,6482.0
2020-08-10,SR000,LONG,1.7044882958614285,5072.0,5056.0
2020-08-10,OI000,LONG,1.568797597710989,8849.0,8929.0
2020-08-10,SF000,LONG,1.519715350546039,5760.0,5714.0
2020-08-10,zn000,SHORT,-1.1360730328153728,19350.0,19365.0
2020-08-10,MA000,SHORT,-1.8706065989903664,1732.0,1715.0
2020-08-10,cu000,SHORT,-2.0483299115253764,49950.0,50050.0
2020-08-10,WH000,SHORT,-2.4305523620020817,2566.0,2560.0
2020-08-10,pb000,SHORT,-2.740286130167243,16255.0,16255.0
2020-08-11,CY000,LONG,2.703018647837812,19960.0,19820.0
2020-08-11,eg000,LONG,1.617864767755882,3744.0,3763.0
2020-08-11,a000,LONG,1.1212762105119947,4738.0,4713.0
2020-08-11,ag000,LONG,1.0693120488789682,6744.0,6775.0
2020-08-11,rb000,LONG,0.9594142282361622,3834.0,3835.0
2020-08-11,cu000,SHORT,-1.0323818452478726,50800.0,50820.0
2020-08-11,pb000,SHORT,-1.0617364313455573,16190.0,16220.0
2020-08-11,fb000,SHORT,-1.1234036701778056,1306.0,1257.5
2020-08-11,SR000,SHORT,-1.6426915897178183,5080.0,5067.0
2020-08-11,RM000,SHORT,-6.56347984624631,2337.0,2331.0
2020-08-12,cu000,LONG,1.3240613728472355,50650.0,50600.0
2020-08-12,cs000,LONG,0.6881265973778546,2579.0,2565.0
2020-08-12,al000,LONG,0.5342328859651669,14275.0,14265.0
2020-08-12,ZC000,LONG,0.4144124296832333,561.6,559.8
2020-08-12,a000,LONG,0.37366260820563607,4675.0,4739.0
2020-08-12,JR000,SHORT,-1.6800841369569897,2668.0,2589.0
2020-08-12,j000,SHORT,-1.9403490095594653,1977.0,2000.0
2020-08-12,SF000,SHORT,-2.232945964480394,5710.0,5750.0
2020-08-12,ag000,SHORT,-2.4005964698411155,6332.0,6319.0
2020-08-12,c000,SHORT,-3.5050914575836276,2238.0,2231.0
2020-08-13,SA000,LONG,1.6715464134966076,1408.0,1404.0
2020-08-13,jm000,LONG,1.506348326217786,1197.5,1195.5
2020-08-13,a000,LONG,1.4453895857226575,4726.0,4712.0
2020-08-13,bu000,LONG,1.154419438503995,2664.0,2674.0
2020-08-13,CF000,LONG,1.1082583657266085,12785.0,12805.0
2020-08-13,fb000,SHORT,-0.8823794437987406,1241.5,1250.5
2020-08-13,rb000,SHORT,-1.060482449115727,3787.0,3782.0
2020-08-13,m000,SHORT,-1.2223481294950367,2875.0,2836.0
2020-08-13,c000,SHORT,-1.238491061105544,2224.0,2226.0
2020-08-13,WH000,SHORT,-1.471379890771694,2688.0,2654.0
2020-08-14,j000,LONG,0.9195789388654887,1992.5,1990.5
2020-08-14,ag000,LONG,0.9090798790862475,6220.0,6207.0
2020-08-14,al000,LONG,0.6836989079973137,14315.0,14320.0
2020-08-14,pp000,LONG,0.6788673328678317,7601.0,7596.0
2020-08-14,cu000,LONG,0.6538250911989905,49630.0,49620.0
2020-08-14,ZC000,SHORT,-0.7440527821941866,568.0,566.8
2020-08-14,ni000,SHORT,-0.8414006311174869,112080.0,112060.0
2020-08-14,CF000,SHORT,-1.0703650306704038,12825.0,12800.0
2020-08-14,m000,SHORT,-1.609906012622232,2897.0,2916.0
2020-08-14,WH000,SHORT,-1.8538296935038876,2563.0,2566.0
2020-08-17,pb000,LONG,2.9291299995178997,16115.0,16120.0
2020-08-17,SF000,LONG,2.122779244889926,5748.0,5730.0
2020-08-17,zn000,LONG,1.9281636759171916,19330.0,19350.0
2020-08-17,pp000,LONG,1.7830527277278772,7625.0,7582.0
2020-08-17,jm000,LONG,1.704371567212743,1198.5,1199.0
2020-08-17,cu000,SHORT,-1.4310915398862967,50300.0,50320.0
2020-08-17,OI000,SHORT,-1.515356340955179,8695.0,8642.0
2020-08-17,WH000,SHORT,-1.883219767349593,2566.0,2547.0
2020-08-17,c000,SHORT,-2.276584190256311,2294.0,2282.0
2020-08-17,RM000,SHORT,-4.37688430431768,2288.0,2285.0
2020-08-18,al000,LONG,1.0680793908028425,14395.0,14415.0
2020-08-18,m000,LONG,0.9780780948426464,2919.0,2924.0
2020-08-18,pb000,LONG,0.8991027172839585,16205.0,16200.0
2020-08-18,OI000,LONG,0.8842333891404877,8693.0,8679.0
2020-08-18,fu000,LONG,0.8220734958308946,1894.0,1886.0
2020-08-18,SR000,SHORT,-0.5277191448674576,5057.0,5067.0
2020-08-18,ni000,SHORT,-0.840604560752239,116050.0,116020.0
2020-08-18,jm000,SHORT,-1.3628202663437443,1203.0,1195.5
2020-08-18,c000,SHORT,-1.5029459119473234,2307.0,2301.0
2020-08-18,SA000,SHORT,-4.924964159151035,1370.0,1372.0
2020-08-19,c000,LONG,1.8308218770146878,2299.0,2298.0
2020-08-19,SM000,LONG,1.8017241240232285,6302.0,6266.0
2020-08-19,ag000,LONG,1.597112641912966,6381.0,6350.0
2020-08-19,al000,LONG,1.0653366510301372,14485.0,14495.0
2020-08-19,SR000,LONG,1.0568216015688967,5054.0,5046.0
2020-08-19,cu000,SHORT,-0.6817570364201673,51870.0,51750.0
2020-08-19,SF000,SHORT,-0.9550683405878413,5820.0,5788.0
2020-08-19,ZC000,SHORT,-1.1769983355949314,561.8,561.0
2020-08-19,l000,SHORT,-1.7503129120872727,7120.0,7125.0
2020-08-19,MA000,SHORT,-2.8579472507939774,1927.0,1921.0
2020-08-20,SA000,LONG,1.1896288881088999,1579.0,1589.0
2020-08-20,SR000,LONG,1.131359790417927,5056.0,5048.0
2020-08-20,l000,LONG,0.8515633942126998,7140.0,7150.0
2020-08-20,SM000,LONG,0.585576511388272,6286.0,6236.0
2020-08-20,ag000,LONG,0.28066393707510234,6175.0,6181.0
2020-08-20,pb000,SHORT,-2.456182816576968,16230.0,16235.0
2020-08-20,RM000,SHORT,-2.84144673513655,2283.0,2297.0
2020-08-20,c000,SHORT,-3.0786997486332193,2290.0,2297.0
2020-08-20,y000,SHORT,-4.081212813941593,6440.0,6520.0
2020-08-20,pp000,SHORT,-5.985369093427396,7633.0,7628.0
2020-08-21,c000,LONG,5.164471933383902,2293.0,2297.0
2020-08-21,m000,LONG,3.5382682812925355,2877.0,2868.0
2020-08-21,hc000,LONG,3.5078419860536716,3974.0,3962.0
2020-08-21,j000,LONG,1.187314105167563,1958.5,1952.5
2020-08-21,WH000,LONG,0.9380812513476072,2545.0,2521.0
2020-08-21,cs000,SHORT,-0.6016390375275609,2539.0,2534.0
2020-08-21,rb000,SHORT,-0.8169477282988782,3792.0,3774.0
2020-08-21,SR000,SHORT,-1.2417445969523202,5024.0,5017.0
2020-08-21,ag000,SHORT,-1.5650605792754924,6120.0,6123.0
2020-08-21,SA000,SHORT,-3.985534586506559,1625.0,1628.0
2020-08-24,SF000,LONG,1.9442467091344844,5842.0,5772.0
2020-08-24,CF000,LONG,1.587681175074867,12890.0,12855.0
2020-08-24,OI000,LONG,1.0377687161153428,8573.0,8597.0
2020-08-24,SR000,LONG,1.0177323663815985,5034.0,5049.0
2020-08-24,SM000,LONG,0.814990580831843,6174.0,6154.0
2020-08-24,ag000,SHORT,-1.0888668816512108,5815.0,5851.0
2020-08-24,j000,SHORT,-1.2246373650529443,1935.5,1939.5
2020-08-24,cu000,SHORT,-1.2522770598587636,51170.0,51200.0
2020-08-24,cs000,SHORT,-1.5371814500239553,2598.0,2610.0
2020-08-24,hc000,SHORT,-3.933478826188742,3950.0,3962.0
2020-08-25,SA000,LONG,3.8071217662246304,1663.0,1669.0
2020-08-25,j000,LONG,1.4289759367916217,1940.5,1934.5
2020-08-25,pb000,LONG,1.3456405228444634,15980.0,15970.0
2020-08-25,CY000,LONG,1.3235298613598792,19770.0,19710.0
2020-08-25,rb000,LONG,1.2538281712594996,3763.0,3761.0
2020-08-25,SF000,SHORT,-0.6948863034347902,5720.0,5688.0
2020-08-25,c000,SHORT,-0.7156907548367398,2276.0,2273.0
2020-08-25,LR000,SHORT,-0.914049074773292,2890.0,2880.0
2020-08-25,JR000,SHORT,-1.2804374699932746,2518.0,2509.0
2020-08-25,SM000,SHORT,-1.6469381928069067,6228.0,6262.0
2020-08-26,ag000,LONG,1.3035957599051362,5812.0,5820.0
2020-08-26,m000,LONG,1.2373717542390061,2943.0,2921.0
2020-08-26,wr000,LONG,1.2273279359470026,3950.0,3940.0
2020-08-26,TA000,LONG,1.0877433049314968,3752.0,3744.0
2020-08-26,ss000,LONG,0.8375462250640728,15070.0,15050.0
2020-08-26,CY000,SHORT,-0.47470812815802776,19535.0,19535.0
2020-08-26,cu000,SHORT,-0.4939806215479098,51300.0,51320.0
2020-08-26,hc000,SHORT,-0.5768004485484975,3933.0,3926.0
2020-08-26,SR000,SHORT,-1.0343631007706537,5124.0,5082.0
2020-08-26,CF000,SHORT,-2.173753034744588,12935.0,12945.0
2020-08-27,p000,LONG,1.9562462907794056,5626.0,5620.0
2020-08-27,pp000,LONG,1.4363734384239684,7795.0,7770.0
2020-08-27,JR000,LONG,1.267051892846029,2475.0,2480.0
2020-08-27,y000,LONG,1.2297320727829997,6520.0,6510.0
2020-08-27,sc000,LONG,0.9563540226427543,295.1,294.8
2020-08-27,rr000,SHORT,-0.7457030027414432,3473.0,3478.0
2020-08-27,ag000,SHORT,-0.8384775373043231,6025.0,6006.0
2020-08-27,cs000,SHORT,-1.4010261869189167,2583.0,2600.0
2020-08-27,m000,SHORT,-1.4804604159156658,2918.0,2916.0
2020-08-27,cu000,SHORT,-1.657346463820545,51490.0,51480.0
2020-08-28,SA000,LONG,6.003997429672929,1674.0,1668.0
2020-08-28,cs000,LONG,0.7103833651296361,2563.0,2563.0
2020-08-28,SF000,LONG,0.6558706216790468,5756.0,5726.0
2020-08-28,SR000,LONG,0.6412249776053408,5139.0,5146.0
2020-08-28,au000,LONG,0.530603047935651,416.52,417.44
2020-08-28,pb000,SHORT,-1.0009439943681016,15620.0,15625.0
2020-08-28,rb000,SHORT,-1.070495377117023,3708.0,3709.0
2020-08-28,UR000,SHORT,-1.110253834072155,1689.0,1700.0
2020-08-28,CF000,SHORT,-1.5095251113293677,12990.0,12975.0
2020-08-28,fu000,SHORT,-1.7073868577193627,2005.0,2009.0
2020-08-31,SF000,LONG,6.14979654225225,5768.0,5786.0
2020-08-31,c000,LONG,3.362085168264835,2264.0,2260.0
2020-08-31,OI000,LONG,2.297769707943731,8624.0,8591.0
2020-08-31,j000,LONG,2.214440597186652,1954.0,1942.5
2020-08-31,pb000,LONG,2.1323208929316517,15645.0,15670.0
2020-08-31,TA000,SHORT,-0.4349442286602726,3734.0,3720.0
2020-08-31,CF000,SHORT,-0.6447467173141498,13075.0,13040.0
2020-08-31,fu000,SHORT,-1.4269080573629582,2019.0,2000.0
2020-08-31,WH000,SHORT,-1.4295764944597735,2460.0,2455.0
2020-08-31,LR000,SHORT,-2.2878394523921943,2877.0,2877.0
2020-09-01,y000,LONG,2.3874307055435375,6628.0,6674.0
2020-09-01,al000,LONG,1.1764647810356164,14590.0,14580.0
2020-09-01,OI000,LONG,1.1141152864996693,8660.0,8700.0
2020-09-01,ZC000,LONG,0.7795031293235274,572.6,572.8
2020-09-01,WH000,LONG,0.7584041951668216,2636.0,2623.0
2020-09-01,m000,SHORT,-1.2364006966950645,2934.0,2967.0
2020-09-01,pp000,SHORT,-1.2826179817665708,7929.0,7939.0
2020-09-01,ag000,SHORT,-1.346091585050541,6286.0,6256.0
2020-09-01,fu000,SHORT,-1.5559865768714416,1989.0,2001.0
2020-09-01,bu000,SHORT,-1.5786529133291967,2694.0,2706.0
2020-09-02,LR000,LONG,14.625740674227801,2878.0,2874.0
2020-09-02,hc000,LONG,1.4999014902006795,3973.0,3952.0
2020-09-02,SM000,LONG,1.0487247477754231,6448.0,6492.0
2020-09-02,fu000,LONG,1.0028825642180657,2034.0,2020.0
2020-09-02,c000,LONG,0.8137715704573157,2285.0,2293.0
2020-09-02,ag000,SHORT,-0.6245949993622755,6332.0,6327.0
2020-09-02,cs000,SHORT,-0.8115302481221596,2601.0,2604.0
2020-09-02,pp000,SHORT,-0.9634801348156923,7939.0,7943.0
2020-09-02,p000,SHORT,-1.1146485385997225,5846.0,5854.0
2020-09-02,jm000,SHORT,-1.5324963525413995,1262.5,1258.0
2020-09-03,rr000,LONG,1.5062500296752102,3479.0,3479.0
2020-09-03,ag000,LONG,0.7471901756660363,6110.0,6145.0
2020-09-03,WH000,LONG,0.6844068915547843,2620.0,2625.0
2020-09-03,RM000,LONG,0.585306715243817,2359.0,2346.0
2020-09-03,jd000,LONG,0.5218245806657752,3397.0,3356.0
2020-09-03,al000,SHORT,-0.9083398264617071,14345.0,14360.0
2020-09-03,LR000,SHORT,-1.0500636552321776,2874.0,2872.0
2020-09-03,pb000,SHORT,-1.1028878740590302,15735.0,15760.0
2020-09-03,m000,SHORT,-2.650124039609664,2956.0,2939.0
2020-09-03,c000,SHORT,-2.9789097485749845,2277.0,2272.0
2020-09-04,ag000,LONG,3.6470703071214365,5978.0,5967.0
2020-09-04,cu000,LONG,1.7579058941060155,51310.0,51220.0
2020-09-04,CY000,LONG,1.6117586612257486,19665.0,19675.0
2020-09-04,ss000,LONG,1.4141078669233373,14835.0,14825.0
2020-09-04,cs000,LONG,1.1821252698654252,2625.0,2607.0
2020-09-04,p000,SHORT,-1.3937887627163652,5922.0,5930.0
2020-09-04,SF000,SHORT,-1.5059588543610656,5712.0,5686.0
2020-09-04,rb000,SHORT,-1.5288886095743033,3748.0,3750.0
2020-09-04,OI000,SHORT,-1.8373383777368772,8638.0,8665.0
2020-09-04,c000,SHORT,-6.4284163319403635,2291.0,2281.0
2020-09-07,cs000,LONG,3.459055153224927,2657.0,2621.0
2020-09-07,cu000,LONG,3.1152200623097084,52550.0,52070.0
2020-09-07,fb000,LONG,2.2943984634236823,1271.5,1271.0
2020-09-07,OI000,LONG,1.7373518422865177,8640.0,8613.0
2020-09-07,c000,LONG,1.7020884413205812,2339.0,2303.0
2020-09-07,l000,SHORT,-0.7078289451113546,7610.0,7615.0
2020-09-07,SR000,SHORT,-0.8650797415125857,5190.0,5179.0
2020-09-07,rb000,SHORT,-0.9795980727629457,3757.0,3757.0
2020-09-07,ag000,SHORT,-1.7360549152693656,5930.0,5904.0
2020-09-07,y000,SHORT,-1.866926268312513,6772.0,6752.0
2020-09-08,CF000,LONG,1.9567364565521352,12965.0,12935.0
2020-09-08,SR000,LONG,0.9131191094471762,5243.0,5224.0
2020-09-08,ss000,LONG,0.8116549890012338,14790.0,14805.0
2020-09-08,fu000,LONG,0.5935567915762059,1924.0,1923.0
2020-09-08,TA000,LONG,0.5558595563142054,3742.0,3740.0
2020-09-08,CY000,SHORT,-1.624931511174231,19685.0,19650.0
2020-09-08,rb000,SHORT,-1.6376532971149818,3758.0,3750.0
2020-09-08,cs000,SHORT,-2.0226192124120854,2621.0,2644.0
2020-09-08,cu000,SHORT,-2.338173079994145,52490.0,52530.0
2020-09-08,RM000,SHORT,-7.563659976417183,2379.0,2391.0
2020-09-09,SA000,LONG,2.736839733717857,1741.0,1744.0
2020-09-09,al000,LONG,2.0490842099008892,14440.0,14405.0
2020-09-09,WH000,LONG,1.4746817364934701,2624.0,2627.0
2020-09-09,au000,LONG,0.8684025765391044,418.26,416.56
2020-09-09,l000,LONG,0.8161331282515989,7465.0,7460.0
2020-09-09,pp000,SHORT,-1.3696701242424307,7755.0,7754.0
2020-09-09,pb000,SHORT,-1.4112257200199199,15325.0,15340.0
2020-09-09,CJ000,SHORT,-2.0054124467101513,10215.0,10005.0
2020-09-09,FG000,SHORT,-2.477454094672824,1754.0,1754.0
2020-09-09,c000,SHORT,-3.2942164946490378,2335.0,2334.0
2020-09-10,y000,LONG,6.988999221873716,6796.0,6774.0
2020-09-10,RM000,LONG,6.953965883938828,2379.0,2388.0
2020-09-10,cu000,LONG,3.0787711563360367,52140.0,52100.0
2020-09-10,m000,LONG,2.179741468650108,3006.0,3012.0
2020-09-10,cs000,LONG,1.6342406275637438,2680.0,2647.0
2020-09-10,ag000,SHORT,-0.5423214393290147,5944.0,5932.0
2020-09-10,CY000,SHORT,-0.6018702640045587,19390.0,19325.0
2020-09-10,hc000,SHORT,-0.6686999595707025,3769.0,3777.0
2020-09-10,rr000,SHORT,-0.7046158067946652,3455.0,3458.0
2020-09-10,c000,SHORT,-1.745701227760571,2357.0,2339.0
2020-09-11,hc000,LONG,0.8865638331654467,3749.0,3738.0
2020-09-11,CY000,LONG,0.8851450374856422,19355.0,19350.0
2020-09-11,ZC000,LONG,0.7987246234014754,591.2,591.0
2020-09-11,jm000,LONG,0.7373442014044653,1251.0,1247.0
2020-09-11,CF000,LONG,0.6278312847861477,12605.0,12615.0
2020-09-11,zn000,SHORT,-0.8189152349662601,19215.0,19270.0
2020-09-11,UR000,SHORT,-1.2360545694860368,1640.0,1635.0
2020-09-11,c000,SHORT,-1.236591791492443,2369.0,2368.0
2020-09-11,SR000,SHORT,-1.2507317554586557,5148.0,5161.0
2020-09-11,pp000,SHORT,-2.2838753518973878,7671.0,7702.0
2020-09-14,OI000,LONG,2.5588364614140997,8772.0,8700.0
2020-09-14,m000,LONG,1.9672105066218775,3119.0,3107.0
2020-09-14,jm000,LONG,1.7833335472651617,1260.0,1252.5
2020-09-14,SR000,LONG,1.6599106217354687,5210.0,5172.0
2020-09-14,p000,LONG,1.5893075337305744,5960.0,5884.0
2020-09-14,rr000,SHORT,-0.5761608972812159,3477.0,3468.0
2020-09-14,ni000,SHORT,-1.009359192387853,117850.0,117720.0
2020-09-14,SA000,SHORT,-1.3599887490319402,1766.0,1767.0
2020-09-14,cu000,SHORT,-3.1987842084865346,52070.0,52060.0
2020-09-14,cs000,SHORT,-3.532438933828593,2725.0,2760.0
2020-09-15,ag000,LONG,1.8908941179452745,5945.0,5937.0
2020-09-15,CY000,LONG,1.0254045191781747,19635.0,19650.0
2020-09-15,fu000,LONG,0.9803184625635035,1835.0,1846.0
2020-09-15,rb000,LONG,0.48039721797752305,3658.0,3666.0
2020-09-15,SM000,LONG,0.4712265641855456,6296.0,6308.0
2020-09-15,JR000,SHORT,-1.084804039076399,2762.0,2769.0
2020-09-15,cs000,SHORT,-1.1288739684720301,2727.0,2737.0
2020-09-15,hc000,SHORT,-1.2209915493516976,3774.0,3787.0
2020-09-15,j000,SHORT,-1.463005627948426,2008.5,2013.0
2020-09-15,SF000,SHORT,-4.088403695533435,5672.0,5630.0
2020-09-16,c000,LONG,1.595472979160506,2409.0,2403.0
2020-09-16,hc000,LONG,1.4392471102026911,3727.0,3726.0
2020-09-16,TA000,LONG,0.9930927960046929,3648.0,3642.0
2020-09-16,cu000,LONG,0.934837928558719,51740.0,51760.0
2020-09-16,pp000,LONG,0.8838859129776834,7700.0,7668.0
2020-09-16,ag000,SHORT,-0.8077072215488872,5926.0,5909.0
2020-09-16,CF000,SHORT,-0.9134836000661258,12765.0,12760.0
2020-09-16,SM000,SHORT,-0.9567068276511376,6320.0,6332.0
2020-09-16,SF000,SHORT,-1.0353482635388176,5614.0,5612.0
2020-09-16,OI000,SHORT,-1.1694058356564694,8778.0,8807.0
2020-09-17,pb000,LONG,1.2776472189444443,14945.0,14955.0
2020-09-17,j000,LONG,0.9036150509818267,1938.0,1933.5
2020-09-17,rr000,LONG,0.7552057330951658,3480.0,3474.0
2020-09-17,zn000,LONG,0.7492543680497694,19975.0,19960.0
2020-09-17,wr000,LONG,0.6583741222135213,3920.0,3959.0
2020-09-17,SM000,SHORT,-1.209460505997359,6340.0,6274.0
2020-09-17,jm000,SHORT,-1.3708574202532553,1251.0,1249.0
2020-09-17,ZC000,SHORT,-1.3916872681451602,595.6,596.4
2020-09-17,ss000,SHORT,-1.6656846213505214,14110.0,14110.0
2020-09-17,CF000,SHORT,-2.703772404098083,12755.0,12780.0
2020-09-18,RM000,LONG,3.516987910196539,2459.0,2423.0
2020-09-18,jm000,LONG,1.5999992112156989,1264.0,1265.0
2020-09-18,pb000,LONG,1.531396192431085,15015.0,14990.0
2020-09-18,CF000,LONG,1.3933394351324802,12795.0,12755.0
2020-09-18,zn000,LONG,1.3571887392803332,19945.0,19935.0
2020-09-18,SR000,SHORT,-0.20786012485957833,5338.0,5316.0
2020-09-18,sp000,SHORT,-0.3281574811058845,4726.0,4718.0
2020-09-18,al000,SHORT,-0.43967169340238266,14520.0,14515.0
2020-09-18,SM000,SHORT,-0.8131083277486736,6284.0,6236.0
2020-09-18,c000,SHORT,-1.1558338989282477,2443.0,2439.0
2020-09-21,jm000,LONG,2.2118301156078943,1268.0,1277.0
2020-09-21,ZC000,LONG,1.5427793527787095,600.4,600.0
2020-09-21,al000,LONG,1.395008304938421,14625.0,14615.0
2020-09-21,ss000,LONG,1.0314795015673806,14090.0,14080.0
2020-09-21,p000,LONG,0.8671645534902049,6480.0,6486.0
2020-09-21,SF000,SHORT,-1.655742507834884,5622.0,5592.0
2020-09-21,jd000,SHORT,-2.212106735888426,3519.0,3443.0
2020-09-21,rr000,SHORT,-2.685597383787222,3468.0,3466.0
2020-09-21,j000,SHORT,-3.448184177258183,1948.5,1983.5
2020-09-21,y000,SHORT,-3.4630468359250504,7424.0,7416.0
2020-09-22,hc000,LONG,1.2467223215923862,3655.0,3649.0
2020-09-22,fb000,LONG,0.9977635758725784,1132.5,1137.0
2020-09-22,SF000,LONG,0.6517861654742023,5608.0,5608.0
2020-09-22,UR000,LONG,0.5908234187552941,1630.0,1631.0
2020-09-22,JR000,LONG,0.5652506132529811,2808.0,2797.0
2020-09-22,zn000,SHORT,-1.0561036621520055,19665.0,19685.0
2020-09-22,OI000,SHORT,-1.2894564494496752,9209.0,9231.0
2020-09-22,fu000,SHORT,-1.7801943269052376,1804.0,1786.0
2020-09-22,CY000,SHORT,-1.886686698888296,19630.0,19565.0
2020-09-22,CF000,SHORT,-2.479227988493639,12835.0,12820.0
2020-09-23,WH000,LONG,1.1223215729871967,2637.0,2605.0
2020-09-23,c000,LONG,0.6246654319826359,2446.0,2482.0
2020-09-23,al000,LONG,0.49757957394889096,14585.0,14580.0
2020-09-23,a000,LONG,0.4797211078811923,4504.0,4534.0
2020-09-23,sn000,LONG,0.26743975476975584,145830.0,145810.0
2020-09-23,ag000,SHORT,-1.4225814562327905,5230.0,5218.0
2020-09-23,SF000,SHORT,-2.5951111827281,5612.0,5608.0
2020-09-23,rb000,SHORT,-2.6596496559743503,3542.0,3538.0
2020-09-23,cu000,SHORT,-3.7050876646409225,51880.0,51940.0
2020-09-23,cs000,SHORT,-3.770967752628644,2738.0,2775.0
2020-09-24,fu000,LONG,0.9849767994706005,1791.0,1810.0
2020-09-24,v000,LONG,0.5915865011022842,6575.0,6655.0
2020-09-24,al000,LONG,0.5156613467133166,13985.0,13975.0
2020-09-24,jm000,LONG,0.5100464229524835,1254.0,1262.0
2020-09-24,sn000,LONG,0.5082550496014995,143070.0,142870.0
2020-09-24,SA000,SHORT,-2.0048652552466195,1742.0,1741.0
2020-09-24,y000,SHORT,-2.407272789172411,6896.0,7012.0
2020-09-24,zn000,SHORT,-2.5426786691706984,19145.0,19120.0
2020-09-24,RM000,SHORT,-2.9387954715573317,2385.0,2427.0
2020-09-24,pb000,SHORT,-3.698784480378457,15105.0,15075.0
2020-09-25,p000,LONG,1.968791492607312,5878.0,5836.0
2020-09-25,lu000,LONG,1.5691149840663965,2251.0,2237.0
2020-09-25,pp000,LONG,1.4448796117746074,7762.0,7701.0
2020-09-25,rb000,LONG,1.4005479456525098,3551.0,3542.0
2020-09-25,al000,LONG,1.3547609464707233,13845.0,13830.0
2020-09-25,ag000,SHORT,-0.566562064005638,4931.0,4903.0
2020-09-25,CF000,SHORT,-0.6037337791986072,12810.0,12755.0
2020-09-25,SF000,SHORT,-0.6582996664079978,5650.0,5624.0
2020-09-25,cs000,SHORT,-0.6593363142032271,2719.0,2733.0
2020-09-25,cu000,SHORT,-1.0839620149341416,50710.0,50710.0
2020-09-28,cu000,LONG,4.349715139369742,50750.0,50770.0
2020-09-28,cs000,LONG,3.6619174697466623,2767.0,2722.0
2020-09-28,pb000,LONG,2.63448691025033,14790.0,14765.0
2020-09-28,fb000,LONG,1.9292576215686816,1133.0,1123.0
2020-09-28,SF000,LONG,1.8429370988478466,5610.0,5696.0
2020-09-28,SM000,SHORT,-0.8252952033269189,6056.0,6136.0
2020-09-28,LR000,SHORT,-0.9909892234408606,2886.0,2884.0
2020-09-28,SR000,SHORT,-1.0974200172070745,5209.0,5213.0
2020-09-28,hc000,SHORT,-1.2400546881290773,3680.0,3677.0
2020-09-28,WH000,SHORT,-1.4073880028592296,2620.0,2609.0
2020-09-29,CF000,LONG,0.971705776934585,12750.0,12790.0
2020-09-29,m000,LONG,0.9275571853275638,3076.0,3077.0
2020-09-29,p000,LONG,0.6012301890837907,5900.0,5878.0
2020-09-29,sc000,LONG,0.49414911901516606,264.4,264.8
2020-09-29,MA000,LONG,0.4443685534473739,1986.0,1989.0
2020-09-29,CJ000,SHORT,-0.6895836959239477,9840.0,9710.0
2020-09-29,SR000,SHORT,-0.8686875118212212,5118.0,5107.0
2020-09-29,sp000,SHORT,-0.9938868577318926,4592.0,4606.0
2020-09-29,jm000,SHORT,-1.2574270812400887,1268.5,1268.0
2020-09-29,ag000,SHORT,-1.7046688001359993,5006.0,5009.0
2020-09-30,pb000,LONG,1.3986762655719314,15110.0,15110.0
2020-09-30,ni000,LONG,1.1891079322782334,112620.0,113020.0
2020-09-30,RM000,LONG,1.0786548891204908,2334.0,2318.0
2020-09-30,zn000,LONG,1.0117848452776206,19330.0,19305.0
2020-09-30,OI000,LONG,1.0036048075724595,8785.0,8711.0
2020-09-30,ZC000,SHORT,-0.7436524751559606,616.6,616.0
2020-09-30,lu000,SHORT,-0.8387604409070812,2223.0,2227.0
2020-09-30,UR000,SHORT,-0.9038144668153133,1610.0,1634.0
2020-09-30,SR000,SHORT,-0.9473248411728667,5120.0,5118.0
2020-09-30,jm000,SHORT,-1.0500059014524061,1275.5,1269.0
2020-10-09,RM000,LONG,10.96926151701386,2425.0,2446.0
2020-10-09,y000,LONG,7.962959293776084,6990.0,7036.0
2020-10-09,l000,LONG,4.606163197600913,7215.0,7355.0
2020-10-09,au000,LONG,4.142810364146449,404.74,405.36
2020-10-09,sp000,LONG,3.448168157707514,4604.0,4590.0
2020-10-09,rb000,SHORT,-0.8791271837522512,3590.0,3633.0
2020-10-09,pg000,SHORT,-1.102356821029795,3526.0,3560.0
2020-10-09,c000,SHORT,-2.4064184327584717,2515.0,2537.0
2020-10-09,CF000,SHORT,-3.4554550470969834,13110.0,13295.0
2020-10-09,SF000,SHORT,-5.370786208815787,5712.0,5850.0
2020-10-12,CJ000,LONG,3.980115810990461,9990.0,9900.0
2020-10-12,pp000,LONG,3.5787116342364387,7876.0,7826.0
2020-10-12,FG000,LONG,3.5686986252102626,1753.0,1742.0
2020-10-12,p000,LONG,3.432539812283078,6224.0,6196.0
2020-10-12,cu000,LONG,3.0991184673454986,51350.0,51350.0
2020-10-12,SF000,SHORT,-0.6725050669544054,5846.0,5898.0
2020-10-12,WH000,SHORT,-0.6908673561381028,2645.0,2665.0
2020-10-12,j000,SHORT,-0.9684290370870954,2066.5,2074.5
2020-10-12,rr000,SHORT,-1.1347794730496634,3452.0,3448.0
2020-10-12,RM000,SHORT,-7.266171292556384,2474.0,2459.0
2020-10-13,al000,LONG,1.6164416823175909,14620.0,14615.0
2020-10-13,jd000,LONG,1.331335221838683,3561.0,3559.0
2020-10-13,RM000,LONG,1.1285106476973907,2478.0,2489.0
2020-10-13,p000,LONG,0.8914441283346742,6180.0,6188.0
2020-10-13,pb000,LONG,0.8434516086046099,14870.0,14870.0
2020-10-13,SF000,SHORT,-1.0948371617232442,5886.0,5936.0
2020-10-13,SR000,SHORT,-1.2442474647040358,5239.0,5247.0
2020-10-13,fu000,SHORT,-1.8082951867741237,1860.0,1857.0
2020-10-13,jm000,SHORT,-1.8376867061705895,1365.5,1358.5
2020-10-13,y000,SHORT,-6.906246046528254,7116.0,7126.0
2020-10-14,fb000,LONG,1.7360774224378868,1198.0,1200.0
2020-10-14,eg000,LONG,0.822962016556895,3917.0,3869.0
2020-10-14,SM000,LONG,0.47638266803970747,6136.0,6144.0
2020-10-14,ag000,LONG,0.3299631823162005,5127.0,5143.0
2020-10-14,a000,LONG,0.21504057627935255,4532.0,4522.0
2020-10-14,zn000,SHORT,-1.0055735670044188,19120.0,19170.0
2020-10-14,c000,SHORT,-1.0452621790164267,2577.0,2580.0
2020-10-14,pb000,SHORT,-1.1843538440061014,14585.0,14590.0
2020-10-14,hc000,SHORT,-1.3489175310855617,3772.0,3784.0
2020-10-14,fu000,SHORT,-2.0882429617039375,1850.0,1860.0
2020-10-15,c000,LONG,2.322126266101359,2565.0,2559.0
2020-10-15,pp000,LONG,1.5801216744408957,7947.0,7984.0
2020-10-15,MA000,LONG,1.2399970688113644,2032.0,2035.0
2020-10-15,RM000,LONG,1.0486427789686519,2487.0,2494.0
2020-10-15,ZC000,LONG,0.9271110679247428,607.0,609.4
2020-10-15,ag000,SHORT,-1.181381551914843,5149.0,5160.0
2020-10-15,rb000,SHORT,-1.1905101849237836,3587.0,3612.0
2020-10-15,SF000,SHORT,-1.348873086322096,5894.0,5916.0
2020-10-15,rr000,SHORT,-1.7714371387628303,3436.0,3439.0
2020-10-15,jm000,SHORT,-1.8260826326590645,1338.0,1343.0
2020-10-16,p000,LONG,3.052733940243605,6028.0,6024.0
2020-10-16,SR000,LONG,2.8230479786527822,5295.0,5284.0
2020-10-16,sc000,LONG,2.146802837872285,270.7,269.8
2020-10-16,ZC000,LONG,1.9266366042907284,601.8,601.6
2020-10-16,FG000,LONG,1.8802796859530846,1725.0,1719.0
2020-10-16,pp000,SHORT,-0.9298025469183494,7896.0,7914.0
2020-10-16,lu000,SHORT,-0.9605863317792569,2392.0,2365.0
2020-10-16,RM000,SHORT,-0.9748307364736714,2494.0,2496.0
2020-10-16,rb000,SHORT,-1.1597846632289592,3604.0,3600.0
2020-10-16,CF000,SHORT,-1.8322413032988174,14450.0,14335.0
2020-10-19,CJ000,LONG,5.572336410792805,10145.0,10140.0
2020-10-19,p000,LONG,3.6880293197194995,5972.0,5994.0
2020-10-19,FG000,LONG,3.6579440215016503,1735.0,1728.0
2020-10-19,ag000,LONG,2.511843016827458,5129.0,5118.0
2020-10-19,TA000,LONG,2.183985548024781,3624.0,3602.0
2020-10-19,c000,SHORT,-1.220539453344906,2595.0,2601.0
2020-10-19,j000,SHORT,-1.5113862267048723,2131.0,2113.5
2020-10-19,rb000,SHORT,-1.8420111371822523,3649.0,3642.0
2020-10-19,ni000,SHORT,-1.9172640934333745,119630.0,119650.0
2020-10-19,lu000,SHORT,-2.2688070661401563,2365.0,2375.0
2020-10-20,RM000,LONG,7.122639240290468,2510.0,2495.0
2020-10-20,p000,LONG,1.196945324689344,5844.0,5864.0
2020-10-20,ni000,LONG,0.9326918287578305,119010.0,119250.0
2020-10-20,ag000,LONG,0.8356093912697573,5222.0,5220.0
2020-10-20,CF000,LONG,0.5185964724375199,14760.0,14720.0
2020-10-20,j000,SHORT,-1.5361713830794708,2085.5,2103.0
2020-10-20,c000,SHORT,-1.6539147805715504,2591.0,2594.0
2020-10-20,a000,SHORT,-1.9174981493869647,4861.0,4842.0
2020-10-20,fu000,SHORT,-2.354450734441071,1913.0,1938.0
2020-10-20,m000,SHORT,-2.6218826808394056,3265.0,3253.0
2020-10-21,RM000,LONG,7.817049103294669,2525.0,2521.0
2020-10-21,ZC000,LONG,4.958688106467677,579.0,579.0
2020-10-21,OI000,LONG,2.8396212129902287,9042.0,9038.0
2020-10-21,m000,LONG,2.769962830829104,3295.0,3279.0
2020-10-21,c000,LONG,2.478967388365334,2588.0,2586.0
2020-10-21,j000,SHORT,-0.8930805729129011,2123.0,2119.5
2020-10-21,CF000,SHORT,-0.9245505364682335,14685.0,14710.0
2020-10-21,zn000,SHORT,-0.9840869264040137,19775.0,19730.0
2020-10-21,pb000,SHORT,-1.3919624709022644,14445.0,14430.0
2020-10-21,y000,SHORT,-2.2950424476966935,7000.0,6990.0
2020-10-22,fu000,LONG,1.9553844640619242,1882.0,1899.0
2020-10-22,p000,LONG,1.6616097090883837,5962.0,5980.0
2020-10-22,SF000,LONG,1.5331539554287321,5930.0,5854.0
2020-10-22,eg000,LONG,1.5039278378608063,3943.0,3922.0
2020-10-22,ag000,LONG,1.4073822070216044,5314.0,5291.0
2020-10-22,a000,SHORT,-0.6714088041220012,4726.0,4697.0
2020-10-22,jm000,SHORT,-0.7126348091447293,1366.5,1362.5
2020-10-22,hc000,SHORT,-0.8847904474996415,3815.0,3816.0
2020-10-22,SR000,SHORT,-1.7529654238279762,5305.0,5293.0
2020-10-22,ZC000,SHORT,-3.285048732300954,571.0,573.2
2020-10-23,SA000,LONG,5.80208690016491,1634.0,1633.0
2020-10-23,LR000,LONG,1.8944210580257488,3115.0,3108.0
2020-10-23,jm000,LONG,1.6394380554117856,1365.5,1364.0
2020-10-23,rr000,LONG,1.2671533484616333,3466.0,3445.0
2020-10-23,m000,LONG,1.0017338028624332,3269.0,3288.0
2020-10-23,ZC000,SHORT,-0.8670472249332166,575.4,575.0
2020-10-23,OI000,SHORT,-0.9808485518363973,9150.0,9151.0
2020-10-23,fu000,SHORT,-0.9936804575008436,1929.0,1924.0
2020-10-23,lu000,SHORT,-1.0583323378578877,2332.0,2323.0
2020-10-23,CF000,SHORT,-1.8267603353103017,14595.0,14630.0
2020-10-26,p000,LONG,6.073797124995783,6260.0,6106.0
2020-10-26,pb000,LONG,4.072396619136133,14280.0,14300.0
2020-10-26,sc000,LONG,3.3547410298542775,261.2,262.3
2020-10-26,zn000,LONG,3.148394676680727,19690.0,19725.0
2020-10-26,ag000,LONG,2.403095915004766,5182.0,5193.0
2020-10-26,lu000,SHORT,-1.076164513647845,2272.0,2310.0
2020-10-26,m000,SHORT,-1.089582021778145,3278.0,3248.0
2020-10-26,rb000,SHORT,-1.20765172848913,3620.0,3602.0
2020-10-26,SM000,SHORT,-1.398556514325834,6014.0,6008.0
2020-10-26,SA000,SHORT,-2.9195803782866574,1615.0,1615.0
2020-10-27,ss000,LONG,0.883801563928755,14280.0,14280.0
2020-10-27,ag000,LONG,0.6641100169538822,5154.0,5155.0
2020-10-27,eg000,LONG,0.4323852779081978,3847.0,3870.0
2020-10-27,JR000,LONG,0.4081909038507656,2808.0,2858.0
2020-10-27,au000,LONG,0.4054204724780399,404.0,403.88
2020-10-27,ZC000,SHORT,-1.0352978534113002,582.8,583.4
2020-10-27,hc000,SHORT,-1.1316473624859114,3801.0,3810.0
2020-10-27,ni000,SHORT,-1.1979928057117408,119210.0,119170.0
2020-10-27,rb000,SHORT,-1.4793920926008353,3615.0,3618.0
2020-10-27,bu000,SHORT,-2.2472267180503676,2414.0,2424.0
2020-10-28,LR000,LONG,3.752570361380615,3054.0,3052.0
2020-10-28,eg000,LONG,1.245303316549668,3846.0,3834.0
2020-10-28,fu000,LONG,1.1915195074206795,1835.0,1855.0
2020-10-28,pb000,LONG,1.0638266547095263,14340.0,14355.0
2020-10-28,y000,LONG,1.0239375324764166,7256.0,7280.0
2020-10-28,pp000,SHORT,-0.8262434375178442,7840.0,7844.0
2020-10-28,SF000,SHORT,-0.9368944379154834,5790.0,5792.0
2020-10-28,jm000,SHORT,-1.0116402435078782,1331.0,1337.5
2020-10-28,hc000,SHORT,-2.0590373125695063,3822.0,3821.0
2020-10-28,m000,SHORT,-2.6041593663197933,3230.0,3244.0
2020-10-29,jm000,LONG,1.5904445426962535,1306.0,1309.5
2020-10-29,v000,LONG,1.2498351175800289,6960.0,6915.0
2020-10-29,LR000,LONG,1.2279252599358566,3020.0,3038.0
2020-10-29,j000,LONG,0.9029154716878695,2158.5,2163.0
2020-10-29,SM000,LONG,0.902516487890475,6054.0,6046.0
2020-10-29,MA000,SHORT,-1.547749446523796,2031.0,2027.0
2020-10-29,FG000,SHORT,-2.0256772416886903,1725.0,1725.0
2020-10-29,sc000,SHORT,-2.668506994117358,242.7,243.4
2020-10-29,fu000,SHORT,-2.7055756086349394,1776.0,1768.0
2020-10-29,p000,SHORT,-3.511689391741245,6254.0,6296.0
2020-10-30,pb000,LONG,2.7775054249555393,14595.0,14575.0
2020-10-30,ZC000,LONG,2.3568654473397093,588.4,589.2
2020-10-30,zn000,LONG,1.4944122862617313,19755.0,19730.0
2020-10-30,ag000,LONG,1.143234865189988,4959.0,4934.0
2020-10-30,SR000,LONG,1.1188778034056415,5232.0,5240.0
2020-10-30,rb000,SHORT,-1.0975653677397414,3701.0,3698.0
2020-10-30,m000,SHORT,-1.4854899640597332,3191.0,3201.0
2020-10-30,c000,SHORT,-1.7756581496024226,2606.0,2605.0
2020-10-30,hc000,SHORT,-1.8464447913441784,3867.0,3869.0
2020-10-30,j000,SHORT,-1.9452213223809278,2187.5,2191.0
2020-11-02,bu000,LONG,5.347199934013509,2218.0,2232.0
2020-11-02,m000,LONG,4.822799007482832,3204.0,3200.0
2020-11-02,ag000,LONG,3.935765074738744,5016.0,4993.0
2020-11-02,hc000,LONG,3.922797709728661,3873.0,3862.0
2020-11-02,SF000,LONG,2.9633774243997224,5822.0,5904.0
2020-11-02,zn000,SHORT,-0.7317169110275124,19605.0,19580.0
2020-11-02,CF000,SHORT,-0.7340141138853677,14420.0,14450.0
2020-11-02,UR000,SHORT,-0.9288397089313085,1767.0,1759.0
2020-11-02,cs000,SHORT,-3.3253243571157216,2858.0,2924.0
2020-11-02,cu000,SHORT,-5.800546720301146,51140.0,51030.0
2020-11-03,ZC000,LONG,1.9409020327444404,604.6,602.8
2020-11-03,zn000,LONG,1.3492667625223673,19710.0,19695.0
2020-11-03,fu000,LONG,1.233413350813149,1707.0,1691.0
2020-11-03,pb000,LONG,1.208566419001711,14345.0,14340.0
2020-11-03,CJ000,LONG,0.6513228058397096,9925.0,9905.0
2020-11-03,c000,SHORT,-1.4940648366029734,2545.0,2559.0
2020-11-03,cu000,SHORT,-1.574925292624809,51370.0,51350.0
2020-11-03,y000,SHORT,-1.8662164314218448,7262.0,7222.0
2020-11-03,rb000,SHORT,-2.050847805424502,3717.0,3722.0
2020-11-03,WH000,SHORT,-2.28779005967067,2722.0,2703.0
2020-11-04,m000,LONG,2.3072650157554615,3205.0,3213.0
2020-11-04,SM000,LONG,0.7876407414867429,6166.0,6158.0
2020-11-04,l000,LONG,0.49924698619801516,7485.0,7500.0
2020-11-04,hc000,LONG,0.49707577156231475,3876.0,3883.0
2020-11-04,fu000,LONG,0.4516607340073429,1716.0,1714.0
2020-11-04,sc000,SHORT,-0.8066931073641241,232.1,233.7
2020-11-04,ag000,SHORT,-1.1661880275733592,5196.0,5197.0
2020-11-04,pp000,SHORT,-1.5245949289362233,8110.0,8115.0
2020-11-04,j000,SHORT,-2.66399656583075,2331.5,2321.5
2020-11-04,p000,SHORT,-3.2961048615309463,6348.0,6350.0
2020-11-05,m000,LONG,2.819609929525804,3272.0,3243.0
2020-11-05,pb000,LONG,1.8014267594178748,14300.0,14285.0
2020-11-05,bu000,LONG,1.3704764788460966,2202.0,2208.0
2020-11-05,eg000,LONG,1.3506596401607434,3843.0,3840.0
2020-11-05,zn000,LONG,0.7780448578359174,19940.0,19985.0
2020-11-05,sc000,SHORT,-0.9284934234382635,237.4,237.8
2020-11-05,l000,SHORT,-1.0774135393132582,7380.0,7375.0
2020-11-05,hc000,SHORT,-1.241742123736639,3929.0,3921.0
2020-11-05,jm000,SHORT,-1.3399432032995615,1309.0,1317.5
2020-11-05,c000,SHORT,-2.441048598524174,2560.0,2552.0
2020-11-06,ss000,LONG,2.610516866761127,13855.0,13860.0
2020-11-06,jd000,LONG,1.3387898730887289,4008.0,3970.0
2020-11-06,SF000,LONG,0.997663799686066,5882.0,6002.0
2020-11-06,au000,LONG,0.646780434026143,409.56,409.0
2020-11-06,fu000,LONG,0.6133836337634339,1694.0,1727.0
2020-11-06,p000,SHORT,-1.266047000133466,6542.0,6578.0
2020-11-06,m000,SHORT,-1.6686508819438073,3268.0,3278.0
2020-11-06,cu000,SHORT,-1.9763934014162454,51450.0,51560.0
2020-11-06,hc000,SHORT,-2.50401073450321,3920.0,3916.0
2020-11-06,c000,SHORT,-5.830692715484973,2538.0,2554.0
2020-11-09,m000,LONG,3.030910884779818,3226.0,3232.0
2020-11-09,RM000,LONG,2.8986878603198813,2537.0,2541.0
2020-11-09,SR000,LONG,2.665049920152232,5135.0,5139.0
2020-11-09,hc000,LONG,2.2565435936890865,3979.0,3956.0
2020-11-09,p000,LONG,2.119146916806965,6570.0,6526.0
2020-11-09,j000,SHORT,-1.2894222249251595,2461.0,2433.0
2020-11-09,cs000,SHORT,-2.066560154264172,2791.0,2820.0
2020-11-09,v000,SHORT,-2.2300346641344997,7205.0,7175.0
2020-11-09,cu000,SHORT,-2.500293018405452,51920.0,51920.0
2020-11-09,ag000,SHORT,-2.7815733733441808,5369.0,5372.0
2020-11-10,OI000,LONG,2.822935082706318,9647.0,9626.0
2020-11-10,hc000,LONG,2.6825718646201313,3975.0,3984.0
2020-11-10,c000,LONG,1.0968656293706702,2531.0,2530.0
2020-11-10,l000,LONG,0.8465781332183185,7390.0,7385.0
2020-11-10,j000,LONG,0.8199132960244552,2454.5,2467.0
2020-11-10,p000,SHORT,-1.7972655867867635,6486.0,6506.0
2020-11-10,m000,SHORT,-2.416340161938186,3196.0,3200.0
2020-11-10,WH000,SHORT,-2.682267545381995,2691.0,2695.0
2020-11-10,au000,SHORT,-3.2026111100742063,392.52,393.16
2020-11-10,bu000,SHORT,-11.92153342996307,2218.0,2236.0
2020-11-11,m000,LONG,2.5519082870722913,3249.0,3170.0
2020-11-11,WH000,LONG,1.055824328021232,2702.0,2697.0
2020-11-11,ni000,LONG,0.9767601594721085,118370.0,118500.0
2020-11-11,UR000,LONG,0.864045660773897,1743.0,1747.0
2020-11-11,p000,LONG,0.8365901802114433,6628.0,6562.0
2020-11-11,cs000,SHORT,-0.6536172924369157,2826.0,2825.0
2020-11-11,SF000,SHORT,-0.9872357462647873,6016.0,6000.0
2020-11-11,lu000,SHORT,-1.0816641432368517,2356.0,2323.0
2020-11-11,a000,SHORT,-1.0912412129889655,5286.0,5260.0
2020-11-11,CF000,SHORT,-1.8122387897834438,14255.0,14245.0
2020-11-12,hc000,LONG,1.8097662722393217,3942.0,3936.0
2020-11-12,OI000,LONG,1.411718385374618,9715.0,9660.0
2020-11-12,cu000,LONG,0.9756150069479868,51740.0,51750.0
2020-11-12,jd000,LONG,0.7542412042003319,3893.0,3867.0
2020-11-12,SF000,LONG,0.6583478507054653,5994.0,5938.0
2020-11-12,CF000,SHORT,-0.9435704470611012,14345.0,14395.0
2020-11-12,rb000,SHORT,-0.9470290592499822,3842.0,3834.0
2020-11-12,zn000,SHORT,-1.1874107577560058,19955.0,19985.0
2020-11-12,pb000,SHORT,-1.4941119366671467,14535.0,14525.0
2020-11-12,m000,SHORT,-2.7588784703130744,3199.0,3215.0
2020-11-13,cu000,LONG,1.1742538083614713,52030.0,52040.0
2020-11-13,SR000,LONG,1.0967203521720323,5154.0,5172.0
2020-11-13,SF000,LONG,0.9071170014624944,5908.0,5916.0
2020-11-13,y000,LONG,0.8397022644899427,7574.0,7594.0
2020-11-13,WH000,LONG,0.795469310303269,2692.0,2692.0
2020-11-13,c000,SHORT,-1.2123804794818418,2562.0,2559.0
2020-11-13,RM000,SHORT,-1.3363095075027214,2487.0,2488.0
2020-11-13,fb000,SHORT,-1.4592156884456937,1322.5,1313.5
2020-11-13,FG000,SHORT,-1.4895701744858827,1825.0,1827.0
2020-11-13,m000,SHORT,-2.92779309495118,3174.0,3170.0
2020-11-16,SF000,LONG,2.177315431606879,5946.0,5886.0
2020-11-16,sc000,LONG,1.8430043745604452,257.8,257.8
2020-11-16,p000,LONG,1.7944316694379605,6738.0,6726.0
2020-11-16,CF000,LONG,1.6714082189804873,14090.0,14115.0
2020-11-16,c000,LONG,1.501206200425371,2598.0,2590.0
2020-11-16,TA000,SHORT,-1.4545537522620797,3370.0,3342.0
2020-11-16,CY000,SHORT,-1.7265253494053305,20370.0,20265.0
2020-11-16,jd000,SHORT,-1.8505093797958614,3795.0,3800.0
2020-11-16,OI000,SHORT,-3.00200266173778,9727.0,9784.0
2020-11-16,RM000,SHORT,-6.0193300192285575,2490.0,2488.0
2020-11-17,pb000,LONG,1.538093500602631,14655.0,14665.0
2020-11-17,ag000,LONG,1.034282046434261,5171.0,5169.0
2020-11-17,ss000,LONG,1.0314123572599174,13275.0,13290.0
2020-11-17,WH000,LONG,0.5069138353305748,2683.0,2674.0
2020-11-17,rr000,LONG,0.48958327710194216,3645.0,3642.0
2020-11-17,c000,SHORT,-0.7472497777231152,2589.0,2587.0
2020-11-17,y000,SHORT,-1.038326481743728,7762.0,7718.0
2020-11-17,jm000,SHORT,-1.0805133965891218,1333.0,1337.0
2020-11-17,p000,SHORT,-1.1969420713516252,6802.0,6740.0
2020-11-17,pp000,SHORT,-1.5232377624106161,8293.0,8280.0
2020-11-18,fb000,LONG,1.5630609681456953,1305.0,1289.5
2020-11-18,UR000,LONG,1.3159268647923408,1812.0,1816.0
2020-11-18,m000,LONG,0.7513959228258827,3169.0,3176.0
2020-11-18,ZC000,LONG,0.547207805951695,606.6,607.2
2020-11-18,SM000,LONG,0.4938593199093504,6090.0,6036.0
2020-11-18,cu000,SHORT,-0.8912178842082377,52620.0,52660.0
2020-11-18,rb000,SHORT,-1.1717367721633476,3904.0,3911.0
2020-11-18,SF000,SHORT,-1.516804912689877,5910.0,5890.0
2020-11-18,lu000,SHORT,-1.5250161227207228,2309.0,2299.0
2020-11-18,y000,SHORT,-2.195340845222909,7820.0,7846.0
2020-11-19,eg000,LONG,2.34341414334468,3762.0,3753.0
2020-11-19,OI000,LONG,2.2610968190942464,9992.0,10013.0
2020-11-19,cu000,LONG,1.6517533120728947,52910.0,52890.0
2020-11-19,MA000,LONG,1.627595952138571,2286.0,2262.0
2020-11-19,c000,LONG,1.5536758642051987,2615.0,2601.0
2020-11-19,UR000,SHORT,-0.4990550172082049,1812.0,1808.0
2020-11-19,ag000,SHORT,-0.5210671544724119,5148.0,5153.0
2020-11-19,bu000,SHORT,-0.771789585167795,2264.0,2258.0
2020-11-19,l000,SHORT,-0.8579586557122763,7730.0,7735.0
2020-11-19,jm000,SHORT,-1.8747185540158486,1309.0,1320.5
2020-11-20,hc000,LONG,2.3531993662664927,4083.0,4079.0
2020-11-20,SM000,LONG,2.1776257664756837,6110.0,6080.0
2020-11-20,c000,LONG,1.7698815118388964,2609.0,2608.0
2020-11-20,m000,LONG,1.0423351629898179,3183.0,3179.0
2020-11-20,SR000,LONG,0.9206268179788369,5044.0,5040.0
2020-11-20,CY000,SHORT,-0.7443923438223323,20835.0,20810.0
2020-11-20,pp000,SHORT,-1.0376342828796876,8482.0,8553.0
2020-11-20,lu000,SHORT,-1.0923118315807474,2362.0,2351.0
2020-11-20,rb000,SHORT,-1.9330561199576957,3963.0,3956.0
2020-11-20,SA000,SHORT,-3.7392575286264544,1539.0,1537.0
2020-11-23,p000,LONG,3.065653381528633,6696.0,6770.0
2020-11-23,eg000,LONG,2.7794816022512627,3868.0,3842.0
2020-11-23,sc000,LONG,1.5892142934775086,263.7,264.3
2020-11-23,CF000,LONG,1.4954183872405584,14450.0,14340.0
2020-11-23,rb000,LONG,1.3346295113081301,3919.0,4005.0
2020-11-23,pb000,SHORT,-2.3580008987957815,15520.0,15530.0
2020-11-23,SA000,SHORT,-2.3616710126539497,1507.0,1508.0
2020-11-23,jd000,SHORT,-2.985581384012616,3734.0,3712.0
2020-11-23,j000,SHORT,-3.4417969713818333,2431.0,2488.5
2020-11-23,rr000,SHORT,-4.736352594718731,3602.0,3603.0
2020-11-24,j000,LONG,0.8747317387821233,2419.0,2415.5
2020-11-24,l000,LONG,0.6497996070999215,8050.0,8055.0
2020-11-24,pp000,LONG,0.6075641887273406,8813.0,8827.0
2020-11-24,a000,LONG,0.5713549289458021,5364.0,5376.0
2020-11-24,al000,LONG,0.5111957191162438,15775.0,15770.0
2020-11-24,pb000,SHORT,-1.4609984370007816,15355.0,15340.0
2020-11-24,cs000,SHORT,-1.597809457287316,2885.0,2914.0
2020-11-24,zn000,SHORT,-1.9265000960230716,20760.0,20835.0
2020-11-24,hc000,SHORT,-2.406945805287917,4033.0,4023.0
2020-11-24,cu000,SHORT,-2.8607615102244655,53760.0,53820.0
2020-11-25,c000,LONG,2.906927108466642,2583.0,2584.0
2020-11-25,pp000,LONG,2.238820161268889,8839.0,8803.0
2020-11-25,ag000,LONG,1.820714246734972,4876.0,4872.0
2020-11-25,UR000,LONG,1.187455677513307,1784.0,1806.0
2020-11-25,RM000,LONG,1.1447085958746612,2553.0,2542.0
2020-11-25,cs000,SHORT,-0.47462972509282014,2886.0,2887.0
2020-11-25,SF000,SHORT,-0.5070767472150096,6126.0,6108.0
2020-11-25,CJ000,SHORT,-0.6560520596823448,9905.0,9945.0
2020-11-25,m000,SHORT,-0.8436001972299435,3244.0,3218.0
2020-11-25,SR000,SHORT,-1.1685872981706054,5146.0,5144.0
2020-11-26,m000,LONG,1.5478131558694335,3215.0,3215.0
2020-11-26,pp000,LONG,1.2500136810492064,8789.0,8779.0
2020-11-26,jd000,LONG,1.1722919986428628,3674.0,3688.0
2020-11-26,wr000,LONG,0.8032466943963422,4226.0,4121.0
2020-11-26,j000,LONG,0.776912180467703,2439.0,2415.5
2020-11-26,ZC000,SHORT,-0.934226091027515,631.2,628.0
2020-11-26,OI000,SHORT,-0.9725572953736857,9859.0,9882.0
2020-11-26,WH000,SHORT,-0.9752409248934522,2603.0,2602.0
2020-11-26,FG000,SHORT,-1.1744283684331172,1826.0,1841.0
2020-11-26,pb000,SHORT,-1.3832975062457584,15260.0,15305.0
2020-11-27,SR000,LONG,2.6653956274188983,5131.0,5138.0
2020-11-27,SM000,LONG,1.8604965736970442,6358.0,6274.0
2020-11-27,c000,LONG,1.2397537000490604,2583.0,2585.0
2020-11-27,a000,LONG,1.021055340154512,5496.0,5491.0
2020-11-27,eg000,LONG,0.8211367628130087,3833.0,3837.0
2020-11-27,rr000,SHORT,-0.579624477498141,3580.0,3580.0
2020-11-27,CY000,SHORT,-0.5865726199363548,20550.0,20490.0
2020-11-27,ni000,SHORT,-0.6679582898832808,121010.0,120830.0
2020-11-27,zn000,SHORT,-1.0939240273692217,20870.0,20865.0
2020-11-27,m000,SHORT,-1.4726119804515176,3205.0,3217.0
2020-11-30,y000,LONG,9.438107096507148,7868.0,7816.0
2020-11-30,cu000,LONG,4.67176369806705,56220.0,56240.0
2020-11-30,cs000,LONG,2.3727958302370165,2941.0,2892.0
2020-11-30,j000,LONG,2.028694149026689,2462.5,2447.5
2020-11-30,SR000,LONG,1.9348367101106119,5154.0,5132.0
2020-11-30,lu000,SHORT,-1.3566978046994005,2542.0,2566.0
2020-11-30,JR000,SHORT,-1.361374077898768,2969.0,2936.0
2020-11-30,rb000,SHORT,-1.515122890535208,3915.0,3917.0
2020-11-30,m000,SHORT,-1.658931677639329,3240.0,3230.0
2020-11-30,fu000,SHORT,-2.2769580337291395,1878.0,1885.0
2020-12-01,l000,LONG,1.8140408898986033,7835.0,7880.0
2020-12-01,al000,LONG,1.6077825455951404,16640.0,16700.0
2020-12-01,OI000,LONG,1.0577013000757218,9659.0,9674.0
2020-12-01,pp000,LONG,0.9288546344072596,8540.0,8540.0
2020-12-01,SM000,LONG,0.6516104326500319,6338.0,6264.0
2020-12-01,SA000,SHORT,-1.6690354682780215,1452.0,1452.0
2020-12-01,sp000,SHORT,-1.7551960785258116,4808.0,4812.0
2020-12-01,sn000,SHORT,-1.8054883082094035,147050.0,148030.0
2020-12-01,WH000,SHORT,-1.820452851969337,2607.0,2606.0
2020-12-01,ZC000,SHORT,-2.059779271096822,674.0,674.6
2020-12-02,sn000,LONG,1.2510170288051299,146640.0,146510.0
2020-12-02,OI000,LONG,0.9766853163781972,9676.0,9769.0
2020-12-02,rr000,LONG,0.9142231160763703,3645.0,3640.0
2020-12-02,SR000,LONG,0.8917218344082936,5069.0,5067.0
2020-12-02,a000,LONG,0.800818821860552,5629.0,5655.0
2020-12-02,CJ000,SHORT,-0.937559294690725,9635.0,9630.0
2020-12-02,sc000,SHORT,-1.166021920676115,286.1,284.1
2020-12-02,WH000,SHORT,-1.5380004713058602,2602.0,2610.0
2020-12-02,m000,SHORT,-2.2566942057402386,3148.0,3178.0
2020-12-02,p000,SHORT,-2.4618275020190366,6592.0,6672.0
2020-12-03,CY000,LONG,1.6506197681254005,20570.0,20590.0
2020-12-03,CF000,LONG,1.5627968306359459,14325.0,14355.0
2020-12-03,m000,LONG,1.5465474403889654,3103.0,3096.0
2020-12-03,p000,LONG,1.4535036436816953,6504.0,6516.0
2020-12-03,c000,LONG,1.0672965652371853,2652.0,2662.0
2020-12-03,cs000,SHORT,-0.9543803464577659,2961.0,2963.0
2020-12-03,pp000,SHORT,-1.1027495593668324,8437.0,8445.0
2020-12-03,fu000,SHORT,-1.3371674590327924,1891.0,1887.0
2020-12-03,ag000,SHORT,-1.3389629000948682,5034.0,5031.0
2020-12-03,SR000,SHORT,-1.54461098255626,5026.0,5010.0
2020-12-04,m000,LONG,3.1578845623661937,3100.0,3095.0
2020-12-04,hc000,LONG,2.177927160742323,4228.0,4229.0
2020-12-04,WH000,LONG,1.3280225988803762,2603.0,2619.0
2020-12-04,rb000,LONG,1.2478094280705199,3872.0,3881.0
2020-12-04,lu000,LONG,1.2112298014260283,2573.0,2515.0
2020-12-04,ZC000,SHORT,-1.2966678333779424,681.4,682.4
2020-12-04,SR000,SHORT,-1.330854509748878,5001.0,5003.0
2020-12-04,cu000,SHORT,-1.409496377104902,56950.0,56950.0
2020-12-04,fu000,SHORT,-1.4144291102345912,1907.0,1877.0
2020-12-04,ag000,SHORT,-2.2433548439286364,5019.0,5033.0
2020-12-07,rr000,LONG,4.9932989251616196,3643.0,3641.0
2020-12-07,SM000,LONG,4.091056668570883,6646.0,6508.0
2020-12-07,SR000,LONG,3.213845596556244,4986.0,5004.0
2020-12-07,pp000,LONG,3.1192659368406783,8427.0,8372.0
2020-12-07,RM000,LONG,2.4816932086853845,2460.0,2467.0
2020-12-07,cs000,SHORT,-1.2043171966050645,2905.0,2936.0
2020-12-07,wr000,SHORT,-1.2434992597424608,4004.0,4065.0
2020-12-07,pb000,SHORT,-1.3840127441473582,14780.0,14790.0
2020-12-07,CF000,SHORT,-1.8129358123338324,14490.0,14460.0
2020-12-07,cu000,SHORT,-3.2750979194894874,57430.0,57370.0
2020-12-08,j000,LONG,2.8587128090893463,2519.5,2530.5
2020-12-08,WH000,LONG,1.611053044515422,2600.0,2600.0
2020-12-08,m000,LONG,1.2771004580368186,3111.0,3107.0
2020-12-08,l000,LONG,0.792448565235865,7960.0,7985.0
2020-12-08,rr000,LONG,0.7093828717275478,3622.0,3622.0
2020-12-08,zn000,SHORT,-1.1003858018553285,21255.0,21255.0
2020-12-08,SR000,SHORT,-1.220777206849722,5016.0,5027.0
2020-12-08,SM000,SHORT,-1.2459801986898125,6448.0,6434.0
2020-12-08,cu000,SHORT,-1.3162515125813876,57100.0,57190.0
2020-12-08,pb000,SHORT,-1.3991929675789303,15050.0,15000.0
2020-12-09,ag000,LONG,2.6826245540976483,5167.0,5160.0
2020-12-09,c000,LONG,1.856300402762183,2604.0,2595.0
2020-12-09,cu000,LONG,1.4082821853840495,56920.0,56940.0
2020-12-09,ni000,LONG,0.9228838371504733,121230.0,120960.0
2020-12-09,MA000,LONG,0.8388536893355719,2248.0,2239.0
2020-12-09,ru000,SHORT,-0.4772936588179942,14510.0,14495.0
2020-12-09,SR000,SHORT,-0.49724962651831106,4948.0,4955.0
2020-12-09,CF000,SHORT,-0.7922525100380196,14570.0,14575.0
2020-12-09,SF000,SHORT,-0.9144528502139736,6718.0,6628.0
2020-12-09,CY000,SHORT,-1.0882177102375346,21605.0,21520.0
2020-12-10,y000,LONG,4.208153875385182,7774.0,7816.0
2020-12-10,lu000,LONG,2.0326865006431927,2548.0,2558.0
2020-12-10,fb000,LONG,1.4677922255974214,1439.5,1422.5
2020-12-10,rb000,LONG,1.3411213085739155,4057.0,4046.0
2020-12-10,c000,LONG,1.2595655746372343,2604.0,2606.0
2020-12-10,SR000,SHORT,-1.1667434313475664,4954.0,4940.0
2020-12-10,zn000,SHORT,-1.5601342193057375,21565.0,21510.0
2020-12-10,CF000,SHORT,-1.5911816672009624,14670.0,14600.0
2020-12-10,a000,SHORT,-2.744221396854844,5479.0,5492.0
2020-12-10,pb000,SHORT,-6.3327980779799145,15160.0,15170.0
2020-12-11,RM000,LONG,8.23767999798557,2460.0,2505.0
2020-12-11,j000,LONG,4.946095642844758,2596.0,2574.0
2020-12-11,y000,LONG,4.8592901184329165,7356.0,7426.0
2020-12-11,c000,LONG,4.138832656224245,2581.0,2596.0
2020-12-11,SR000,LONG,3.662420195795037,5016.0,5005.0
2020-12-11,ni000,SHORT,-0.9006760641264221,130400.0,130300.0
2020-12-11,cs000,SHORT,-0.9545516206486537,2900.0,2918.0
2020-12-11,ag000,SHORT,-0.9787562890520746,5048.0,5036.0
2020-12-11,cu000,SHORT,-1.317653075212095,58530.0,58560.0
2020-12-11,SA000,SHORT,-1.3944489237640263,1355.0,1352.0
2020-12-14,pp000,LONG,5.115063930341023,8654.0,8719.0
2020-12-14,a000,LONG,3.6895518191602648,5361.0,5592.0
2020-12-14,jm000,LONG,3.3693427204715136,1527.5,1529.5
2020-12-14,CY000,LONG,3.3566362459577883,21595.0,21395.0
2020-12-14,pb000,LONG,2.4389968925591123,14835.0,14820.0
2020-12-14,WH000,SHORT,-1.8758363757943397,2594.0,2600.0
2020-12-14,cs000,SHORT,-1.9433147987176993,2884.0,2922.0
2020-12-14,y000,SHORT,-3.1355731370076585,7444.0,7354.0
2020-12-14,cu000,SHORT,-3.726398541234411,57660.0,57680.0
2020-12-14,ag000,SHORT,-7.349652283374349,5035.0,5034.0
2020-12-15,SR000,LONG,3.078575646890586,5041.0,5065.0
2020-12-15,rr000,LONG,1.2554638861866685,3609.0,3610.0
2020-12-15,m000,LONG,1.0510443125494695,3094.0,3089.0
2020-12-15,jd000,LONG,1.0424038796159465,4089.0,4125.0
2020-12-15,i000,LONG,0.8269849358731071,976.0,972.5
2020-12-15,ZC000,SHORT,-1.1433123115136092,658.6,655.0
2020-12-15,WH000,SHORT,-1.4576273492159113,2587.0,2595.0
2020-12-15,al000,SHORT,-1.8148249147026627,16300.0,16310.0
2020-12-15,eg000,SHORT,-1.9327620426617025,4123.0,4100.0
2020-12-15,ag000,SHORT,-2.1278491159769732,4997.0,5033.0
2020-12-16,SR000,LONG,1.3064912746279005,5042.0,5048.0
2020-12-16,ss000,LONG,1.1874210764759499,14000.0,14015.0
2020-12-16,l000,LONG,1.0672572062899306,7795.0,7785.0
2020-12-16,SF000,LONG,0.8818444247141948,6448.0,6362.0
2020-12-16,p000,LONG,0.7144996424809539,6652.0,6590.0
2020-12-16,jm000,SHORT,-0.9026879094942717,1539.0,1528.5
2020-12-16,eg000,SHORT,-0.9054410651741548,4152.0,4141.0
2020-12-16,a000,SHORT,-1.180552695684683,5206.0,5222.0
2020-12-16,fu000,SHORT,-1.3031661787934397,2106.0,2100.0
2020-12-16,ag000,SHORT,-1.3301674865200501,5140.0,5141.0
2020-12-17,y000,LONG,5.914457477055383,7562.0,7566.0
2020-12-17,m000,LONG,3.3408903014992717,3141.0,3161.0
2020-12-17,c000,LONG,2.7328989319010693,2607.0,2606.0
2020-12-17,hc000,LONG,1.457050092793697,4423.0,4435.0
2020-12-17,SF000,LONG,1.2612016838688054,6340.0,6332.0
2020-12-17,SR000,SHORT,-1.0524289564745548,5137.0,5116.0
2020-12-17,l000,SHORT,-1.2331231566132328,7805.0,7790.0
2020-12-17,rr000,SHORT,-1.2762394645305588,3622.0,3619.0
2020-12-17,SM000,SHORT,-1.48486326320202,6624.0,6646.0
2020-12-17,j000,SHORT,-1.70770013677754,2564.5,2563.5
2020-12-18,RM000,LONG,4.59697073766407,2614.0,2583.0
2020-12-18,SM000,LONG,3.2629755058154806,6730.0,6824.0
2020-12-18,ss000,LONG,2.510725760938776,13855.0,13920.0
2020-12-18,ni000,LONG,1.4989789168221168,129800.0,130460.0
2020-12-18,SR000,LONG,1.1405861513845261,5192.0,5210.0
2020-12-18,m000,SHORT,-1.1336870999837632,3183.0,3141.0
2020-12-18,MA000,SHORT,-1.1887097001369098,2539.0,2541.0
2020-12-18,hc000,SHORT,-1.2049220404613838,4524.0,4524.0
2020-12-18,eg000,SHORT,-1.4631949279229395,4264.0,4280.0
2020-12-18,c000,SHORT,-1.5245910476647608,2614.0,2609.0
2020-12-21,jm000,LONG,4.403553127955107,1671.5,1658.5
2020-12-21,ag000,LONG,3.615120147754865,5419.0,5425.0
2020-12-21,cu000,LONG,3.522475063975084,59330.0,59350.0
2020-12-21,rb000,LONG,3.304914752747235,4428.0,4289.0
2020-12-21,pp000,LONG,3.214024111681379,8511.0,8378.0
2020-12-21,l000,SHORT,-2.5572652849018604,8010.0,7970.0
2020-12-21,c000,SHORT,-3.048197090003014,2644.0,2627.0
2020-12-21,fu000,SHORT,-4.856472114289108,2141.0,2215.0
2020-12-21,hc000,SHORT,-5.5546489717707,4742.0,4606.0
2020-12-21,m000,SHORT,-6.505708119022309,3238.0,3187.0
2020-12-22,fb000,LONG,3.2648759002978807,1305.5,1286.0
2020-12-22,SR000,LONG,2.533188426429351,5234.0,5221.0
2020-12-22,m000,LONG,2.1361397430692532,3324.0,3289.0
2020-12-22,OI000,LONG,2.1043325220756115,9329.0,9301.0
2020-12-22,y000,LONG,1.9972870947681591,7684.0,7636.0
2020-12-22,CJ000,SHORT,-0.6508905166053741,9750.0,9840.0
2020-12-22,rr000,SHORT,-0.8229379243334614,3614.0,3613.0
2020-12-22,i000,SHORT,-0.8738541030484525,1123.5,1124.0
2020-12-22,jm000,SHORT,-0.8894107006782345,1684.0,1689.0
2020-12-22,CY000,SHORT,-2.1477633080971996,21720.0,21770.0
2020-12-23,cu000,LONG,1.9961697092761967,57760.0,57760.0
2020-12-23,a000,LONG,1.8401588074664874,5590.0,5575.0
2020-12-23,SM000,LONG,1.574430064952684,6750.0,6860.0
2020-12-23,al000,LONG,1.3742695333823174,15750.0,15745.0
2020-12-23,cs000,LONG,1.2371717161525189,2986.0,2964.0
2020-12-23,ni000,SHORT,-1.5810669083692084,124880.0,125370.0
2020-12-23,j000,SHORT,-2.108045528424237,2685.0,2702.0
2020-12-23,i000,SHORT,-2.177022545897268,1036.0,1050.5
2020-12-23,c000,SHORT,-3.0566212286542385,2663.0,2647.0
2020-12-23,rr000,SHORT,-4.019169190162754,3620.0,3621.0
2020-12-24,m000,LONG,2.5250804245175154,3323.0,3316.0
2020-12-24,c000,LONG,2.1218340139312977,2670.0,2673.0
2020-12-24,RM000,LONG,0.8150286538615636,2756.0,2748.0
2020-12-24,zn000,LONG,0.7905472884265327,21495.0,21490.0
2020-12-24,hc000,LONG,0.6893033475875625,4637.0,4662.0
2020-12-24,rb000,SHORT,-1.2526242749622034,4319.0,4327.0
2020-12-24,SM000,SHORT,-1.578650320029471,6842.0,6822.0
2020-12-24,p000,SHORT,-1.581531405719774,6874.0,6862.0
2020-12-24,SF000,SHORT,-2.0872700357800267,6992.0,6920.0
2020-12-24,SR000,SHORT,-2.3338900954270216,5237.0,5214.0
2020-12-25,eg000,LONG,1.5171170041512063,4288.0,4276.0
2020-12-25,a000,LONG,1.3007393876948792,5654.0,5664.0
2020-12-25,ss000,LONG,0.9830770659669761,13605.0,13600.0
2020-12-25,CF000,LONG,0.8640438138334772,14875.0,14845.0
2020-12-25,ni000,LONG,0.7115801491140922,126130.0,125900.0
2020-12-25,rr000,SHORT,-1.531166761302996,3610.0,3611.0
2020-12-25,WH000,SHORT,-1.5795325146321957,2582.0,2587.0
2020-12-25,OI000,SHORT,-1.802825730910306,9574.0,9565.0
2020-12-25,ZC000,SHORT,-2.104029609586516,678.0,672.4
2020-12-25,y000,SHORT,-3.732645936558439,7886.0,7898.0
2020-12-28,jm000,LONG,2.9724234045810607,1703.5,1684.0
2020-12-28,c000,LONG,2.87841983693993,2710.0,2695.0
2020-12-28,a000,LONG,2.133712648240787,5714.0,5735.0
2020-12-28,l000,LONG,2.1075884798275233,7655.0,7645.0
2020-12-28,m000,LONG,1.5096007484628051,3324.0,3328.0
2020-12-28,JR000,SHORT,-2.1119455674181618,2704.0,2655.0
2020-12-28,p000,SHORT,-2.2786110116247227,6952.0,6948.0
2020-12-28,j000,SHORT,-2.428817199771831,2859.5,2854.5
2020-12-28,fu000,SHORT,-2.434678239283001,2079.0,2069.0
2020-12-28,rr000,SHORT,-2.652836164720574,3602.0,3607.0
2020-12-29,fu000,LONG,1.486699759325575,2072.0,2076.0
2020-12-29,rr000,LONG,1.2687976349819312,3624.0,3621.0
2020-12-29,hc000,LONG,0.9008661248986966,4441.0,4431.0
2020-12-29,m000,LONG,0.86591825222428,3289.0,3288.0
2020-12-29,eg000,LONG,0.7325026315028428,4256.0,4250.0
2020-12-29,SR000,SHORT,-1.5983475256532713,5280.0,5253.0
2020-12-29,y000,SHORT,-1.7573711328626276,7750.0,7740.0
2020-12-29,SF000,SHORT,-1.8153316481443351,6838.0,6814.0
2020-12-29,p000,SHORT,-2.2880199131689496,6836.0,6838.0
2020-12-29,MA000,SHORT,-2.492553407266578,2360.0,2379.0
2020-12-30,ss000,LONG,1.9968802441043951,13360.0,13360.0
2020-12-30,y000,LONG,1.9965623134354737,7818.0,7852.0
2020-12-30,CJ000,LONG,1.9506368102558318,10150.0,10145.0
2020-12-30,j000,LONG,1.889266151189744,2800.0,2808.0
2020-12-30,SR000,LONG,1.5494948502619754,5248.0,5228.0
2020-12-30,ni000,SHORT,-1.9437291433722017,126110.0,126080.0
2020-12-30,ZC000,SHORT,-2.089982502425516,666.0,663.2
2020-12-30,zn000,SHORT,-3.1461445308280145,20955.0,20905.0
2020-12-30,pb000,SHORT,-3.65258275222615,14810.0,14795.0
2020-12-30,MA000,SHORT,-6.617794785700683,2352.0,2338.0
2020-12-31,MA000,LONG,3.392136588527779,2364.0,2364.0
2020-12-31,y000,LONG,1.7565535927481444,7930.0,7878.0
2020-12-31,eg000,LONG,1.345573173636402,4306.0,4284.0
2020-12-31,ni000,LONG,1.3000303611437858,124450.0,124680.0
2020-12-31,ag000,LONG,1.146867051599368,5576.0,5574.0
2020-12-31,au000,SHORT,-0.31897410130731946,394.8399999,394.62
2020-12-31,sc000,SHORT,-0.34807285895664497,303.6,304.5
2020-12-31,p000,SHORT,-0.46225569031134794,6994.0,6946.0
2020-12-31,SM000,SHORT,-1.2827532905254393,6816.0,6776.0
2020-12-31,SR000,SHORT,-2.7728219953593007,5279.0,5267.0
2021-01-04,cu000,LONG,4.083006119121017,57860.0,58160.0
2021-01-04,al000,LONG,3.098208972902229,15255.0,15430.0
2021-01-04,l000,LONG,2.626474440785847,7650.0,7760.0
2021-01-04,pb000,LONG,2.1748441299545846,14795.0,15045.0
2021-01-04,sn000,LONG,1.908061520389854,152410.0,154350.0
2021-01-04,eg000,SHORT,-1.4348906237582604,4378.0,4503.0
2021-01-04,SM000,SHORT,-1.462952144206212,6776.0,6898.0
2021-01-04,SR000,SHORT,-1.610306505985669,5244.0,5330.0
2021-01-04,y000,SHORT,-1.901064016595572,7988.0,7984.0
2021-01-04,au000,SHORT,-4.212746984898624,400.46,400.04
2021-01-05,MA000,LONG,7.2765233701733605,2408.0,2418.0
2021-01-05,ss000,LONG,2.7539641496903053,13700.0,13730.0
2021-01-05,SR000,LONG,1.5360723531065237,5319.0,5350.0
2021-01-05,SM000,LONG,1.3295270979852605,6944.0,7038.0
2021-01-05,hc000,LONG,0.989917526788325,4496.0,4523.0
2021-01-05,rr000,SHORT,-1.6865674798015233,3654.0,3656.0
2021-01-05,CJ000,SHORT,-1.7544940124090962,10160.0,10145.0
2021-01-05,eg000,SHORT,-1.9642458284581845,4474.0,4517.0
2021-01-05,ZC000,SHORT,-3.0262940836498524,677.0,682.2
2021-01-05,ag000,SHORT,-3.1313741164442495,5726.0,5749.0
2021-01-06,c000,LONG,4.503729002784291,2784.0,2779.0
2021-01-06,SR000,LONG,3.756974605518351,5351.0,5328.0
2021-01-06,hc000,LONG,3.556263505476939,4540.0,4528.0
2021-01-06,MA000,LONG,3.5316086971080227,2430.0,2423.0
2021-01-06,m000,LONG,3.281723582052562,3529.0,3493.0
2021-01-06,l000,SHORT,-0.4258327989855263,7775.0,7720.0
2021-01-06,jd000,SHORT,-0.6075351912807218,4203.0,4299.0
2021-01-06,eg000,SHORT,-0.676122406280367,4477.0,4434.0
2021-01-06,WH000,SHORT,-0.7070160215516523,2682.0,2692.0
2021-01-06,CY000,SHORT,-0.7641407996160067,22380.0,22290.0
2021-01-07,RM000,LONG,2.180676098577266,2896.0,2900.0
2021-01-07,p000,LONG,1.973845127342981,7304.0,7314.0
2021-01-07,sn000,LONG,1.515494328418442,157620.0,157610.0
2021-01-07,hc000,LONG,1.2588323662415701,4567.0,4555.0
2021-01-07,a000,LONG,1.0536898411497986,5822.0,5828.0
2021-01-07,PF000,SHORT,-0.6533356039058484,6760.0,6726.0
2021-01-07,c000,SHORT,-0.6545740633090409,2798.0,2803.0
2021-01-07,fb000,SHORT,-0.8044374321106377,1382.0,1353.0
2021-01-07,SM000,SHORT,-1.2819438370789886,7186.0,7448.0
2021-01-07,SR000,SHORT,-1.5295437571349766,5333.0,5320.0
2021-01-08,l000,LONG,2.6506834103291803,7590.0,7595.0
2021-01-08,SM000,LONG,2.4531269820333175,7424.0,7474.0
2021-01-08,ss000,LONG,1.0271488863394056,14760.0,14760.0
2021-01-08,SA000,LONG,0.9575892947750432,1640.0,1641.0
2021-01-08,a000,LONG,0.9353904421040706,5848.0,5865.0
2021-01-08,wr000,SHORT,-0.6444385664055634,4660.0,4677.0
2021-01-08,ag000,SHORT,-1.1014554229744868,5667.0,5651.0
2021-01-08,lu000,SHORT,-1.2243346835572955,2744.0,2736.0
2021-01-08,SR000,SHORT,-1.2965310675071977,5278.0,5294.0
2021-01-08,pp000,SHORT,-1.6392175373584668,7887.0,7879.0
2021-01-11,SA000,LONG,3.7456784297180423,1565.0,1554.0
2021-01-11,pb000,LONG,2.872747273205207,14700.0,14710.0
2021-01-11,WH000,LONG,2.625901468419242,2717.0,2688.0
2021-01-11,jm000,LONG,2.5460986609918748,1790.5,1768.0
2021-01-11,ag000,LONG,2.429252930887567,5383.0,5401.0
2021-01-11,al000,SHORT,-0.8268635594393969,15235.0,15230.0
2021-01-11,ni000,SHORT,-1.2335713594703517,130190.0,130410.0
2021-01-11,c000,SHORT,-1.9710397478252795,2877.0,2871.0
2021-01-11,ss000,SHORT,-2.8853935223854297,14150.0,14185.0
2021-01-11,CF000,SHORT,-3.6189301495479396,15310.0,15235.0
2021-01-12,m000,LONG,3.2478562588862383,3631.0,3614.0
2021-01-12,c000,LONG,3.134779332368264,2838.0,2815.0
2021-01-12,a000,LONG,1.617214625542283,5853.0,5834.0
2021-01-12,fb000,LONG,1.4186328607772989,1305.0,1298.0
2021-01-12,MA000,LONG,1.4033011093536092,2295.0,2281.0
2021-01-12,eg000,SHORT,-0.8903181475904254,4472.0,4416.0
2021-01-12,y000,SHORT,-1.1908402390635568,7942.0,7898.0
2021-01-12,jm000,SHORT,-2.978579026542663,1730.0,1725.0
2021-01-12,SM000,SHORT,-3.1625835711649377,7382.0,7422.0
2021-01-12,SR000,SHORT,-3.5569641270133117,5215.0,5199.0
2021-01-13,UR000,LONG,2.4090747070089176,1960.0,1953.0
2021-01-13,c000,LONG,2.0766687430360555,2910.0,2881.0
2021-01-13,PF000,LONG,1.874587246813328,6764.0,6682.0
2021-01-13,m000,LONG,1.851747317338382,3784.0,3670.0
2021-01-13,MA000,LONG,1.5045021985112919,2347.0,2337.0
2021-01-13,cu000,SHORT,-1.3944037389391082,58800.0,58860.0
2021-01-13,SF000,SHORT,-1.420146906136963,7700.0,7930.0
2021-01-13,a000,SHORT,-1.510385613284062,5944.0,5859.0
2021-01-13,l000,SHORT,-1.5366309707989052,7495.0,7465.0
2021-01-13,RM000,SHORT,-2.662498863179168,3140.0,3046.0
2021-01-14,WH000,LONG,1.5973001227172574,2707.0,2730.0
2021-01-14,pp000,LONG,1.424470454466875,7874.0,7913.0
2021-01-14,p000,LONG,1.313614457387998,6888.0,6900.0
2021-01-14,RM000,LONG,1.2338159256456016,3120.0,3130.0
2021-01-14,a000,LONG,1.2044574923707732,5681.0,5715.0
2021-01-14,SM000,SHORT,-1.5517636557930097,7534.0,7478.0
2021-01-14,ZC000,SHORT,-1.742159071202455,712.6,707.6
2021-01-14,fu000,SHORT,-1.9176641758766662,2224.0,2221.0
2021-01-14,eg000,SHORT,-2.674175798149925,4542.0,4501.0
2021-01-14,SA000,SHORT,-5.04537000645097,1525.0,1519.0
2021-01-15,TA000,LONG,2.339646730801554,4070.0,4074.0
2021-01-15,m000,LONG,2.327214764754599,3753.0,3737.0
2021-01-15,y000,LONG,1.9031110996596186,7808.0,7764.0
2021-01-15,l000,LONG,1.6273527076276817,7540.0,7525.0
2021-01-15,p000,LONG,1.546972563027443,6844.0,6822.0
2021-01-15,ni000,SHORT,-1.351694881002336,134700.0,134500.0
2021-01-15,SM000,SHORT,-1.4174727284960393,7448.0,7304.0
2021-01-15,ag000,SHORT,-1.5767502801391773,5295.0,5297.0
2021-01-15,pb000,SHORT,-1.7812494201341822,14935.0,14945.0
2021-01-15,SR000,SHORT,-3.4217907455582344,5411.0,5294.0
2021-01-18,j000,LONG,4.399932913779443,2790.0,2781.5
2021-01-18,ss000,LONG,3.0198051793677654,14040.0,14025.0
2021-01-18,lu000,LONG,2.875106795138629,2832.0,2864.0
2021-01-18,rr000,LONG,2.4958341247006848,3748.0,3720.0
2021-01-18,CF000,LONG,2.4601374857242684,15040.0,15040.0
2021-01-18,hc000,SHORT,-1.9278370123349182,4517.0,4472.0
2021-01-18,c000,SHORT,-2.1623120960152096,2900.0,2902.0
2021-01-18,WH000,SHORT,-2.5475631236929,2758.0,2805.0
2021-01-18,UR000,SHORT,-2.5665878017837227,1983.0,1967.0
2021-01-18,l000,SHORT,-2.614117943172602,7630.0,7570.0
2021-01-19,RM000,LONG,4.9309763005668,3059.0,3082.0
2021-01-19,MA000,LONG,2.641942395581247,2333.0,2343.0
2021-01-19,p000,LONG,1.338498656957865,6668.0,6700.0
2021-01-19,SR000,LONG,0.8821318407891561,5442.0,5444.0
2021-01-19,WH000,LONG,0.6681197664987564,2797.0,2762.0
2021-01-19,jd000,SHORT,-1.4712843944519944,4509.0,4440.0
2021-01-19,ni000,SHORT,-1.6053915916692083,134160.0,134160.0
2021-01-19,ss000,SHORT,-2.0997253445113855,14275.0,14270.0
2021-01-19,j000,SHORT,-3.026090234831475,2691.0,2719.5
2021-01-19,m000,SHORT,-3.1105772962349874,3669.0,3699.0
2021-01-20,CF000,LONG,0.9431699546588074,15155.0,15240.0
2021-01-20,al000,LONG,0.5088117460637274,14710.0,14700.0
2021-01-20,sn000,LONG,0.36472096815832755,157900.0,157950.0
2021-01-20,SF000,LONG,0.36350900379677287,7500.0,7482.0
2021-01-20,v000,LONG,0.1792705913527014,7220.0,7200.0
2021-01-20,pp000,SHORT,-3.4857591838299595,8136.0,8126.0
2021-01-20,c000,SHORT,-3.783482417013472,2841.0,2868.0
2021-01-20,PF000,SHORT,-3.9659755229610316,6656.0,6666.0
2021-01-20,pb000,SHORT,-4.330818805388961,15040.0,15010.0
2021-01-20,ag000,SHORT,-4.5918021104410345,5225.0,5215.0
2021-01-21,pp000,LONG,1.1860977821007834,8087.0,8076.0
2021-01-21,ni000,LONG,1.1644817069105315,134400.0,134290.0
2021-01-21,lu000,LONG,0.6568250509872557,2846.0,2899.0
2021-01-21,pb000,LONG,0.583999144314919,15170.0,15175.0
2021-01-21,p000,LONG,0.5651212910492357,6558.0,6518.0
2021-01-21,eg000,SHORT,-1.247531263406636,4443.0,4488.0
2021-01-21,hc000,SHORT,-1.793810575728984,4373.0,4387.0
2021-01-21,m000,SHORT,-2.079370188793602,3571.0,3547.0
2021-01-21,SM000,SHORT,-3.9266437340874347,7366.0,7256.0
2021-01-21,SR000,SHORT,-4.526378323757423,5343.0,5345.0
2021-01-22,SR000,LONG,1.708753554688622,5255.0,5271.0
2021-01-22,MA000,LONG,1.2997405443999406,2317.0,2325.0
2021-01-22,WH000,LONG,1.0376485998975977,2714.0,2686.0
2021-01-22,SF000,LONG,0.36845180705497155,7232.0,7076.0
2021-01-22,sp000,LONG,0.22284603803844227,6270.0,6312.0
2021-01-22,ZC000,SHORT,-2.0044125665992643,665.8,668.4
2021-01-22,eg000,SHORT,-2.130200900124547,4371.0,4366.0
2021-01-22,zn000,SHORT,-2.2135853292913144,20425.0,20435.0
2021-01-22,ni000,SHORT,-2.2619275756693833,135690.0,135670.0
2021-01-22,pb000,SHORT,-2.954589509013486,15090.0,15140.0
2021-01-25,lu000,LONG,3.3638701024632858,2798.0,2809.0
2021-01-25,fb000,LONG,1.8658535555862144,1262.5,1271.5
2021-01-25,SR000,LONG,1.1922952143635868,5230.0,5254.0
2021-01-25,SF000,LONG,0.9666365992103463,7186.0,7126.0
2021-01-25,c000,LONG,0.9106545271403385,2781.0,2834.0
2021-01-25,rb000,SHORT,-2.068854030215649,4288.0,4287.0
2021-01-25,jd000,SHORT,-2.209213710773758,4246.0,4290.0
2021-01-25,cs000,SHORT,-2.2214726032310437,3210.0,3267.0
2021-01-25,cu000,SHORT,-2.7634712246009774,59020.0,59130.0
2021-01-25,SA000,SHORT,-2.8198225175585008,1559.0,1550.0
2021-01-26,ss000,LONG,3.566527141284097,14435.0,14420.0
2021-01-26,CF000,LONG,1.04228707984729,15125.0,15135.0
2021-01-26,cu000,LONG,1.0345667793269884,58760.0,58920.0
2021-01-26,y000,LONG,0.823253866510513,7648.0,7666.0
2021-01-26,fu000,LONG,0.8006496202269494,2089.0,2083.0
2021-01-26,hc000,SHORT,-0.5896725920948744,4459.0,4438.0
2021-01-26,al000,SHORT,-0.9545552671395185,14915.0,14930.0
2021-01-26,SM000,SHORT,-1.0309473723020246,7172.0,7042.0
2021-01-26,SR000,SHORT,-1.043363932728964,5239.0,5251.0
2021-01-26,ni000,SHORT,-1.4781033558190244,134820.0,134790.0
2021-01-27,y000,LONG,2.459498048193861,7790.0,7764.0
2021-01-27,c000,LONG,1.8561368010494022,2782.0,2789.0
2021-01-27,m000,LONG,1.332323968248485,3516.0,3483.0
2021-01-27,ni000,LONG,1.1738871417716756,134110.0,134170.0
2021-01-27,pp000,LONG,1.0916506411709979,8141.0,8143.0
2021-01-27,TA000,SHORT,-0.6482369054956726,3930.0,3908.0
2021-01-27,CJ000,SHORT,-0.6695813298099086,10335.0,10315.0
2021-01-27,cu000,SHORT,-0.869746292528113,58960.0,58910.0
2021-01-27,lu000,SHORT,-1.1545833472108178,2827.0,2810.0
2021-01-27,SF000,SHORT,-2.2202795156122,7054.0,7012.0
2021-01-28,m000,LONG,2.0512463756780446,3509.0,3485.0
2021-01-28,ni000,LONG,1.8887467440421988,132220.0,132420.0
2021-01-28,OI000,LONG,1.5913474725823795,9849.0,9842.0
2021-01-28,ag000,LONG,1.4523251698182769,5284.0,5292.0
2021-01-28,lu000,LONG,1.2342524446256595,2819.0,2801.0
2021-01-28,j000,SHORT,-1.248191829454973,2610.5,2606.5
2021-01-28,RM000,SHORT,-1.32631239853413,2865.0,2838.0
2021-01-28,SR000,SHORT,-1.549222200141433,5235.0,5241.0
2021-01-28,cs000,SHORT,-1.858401437674588,3159.0,3184.0
2021-01-28,cu000,SHORT,-2.2314681742884024,57930.0,58130.0
2021-01-29,OI000,LONG,2.1125601139561625,9904.0,9913.0
2021-01-29,ss000,LONG,2.023621579135667,14335.0,14325.0
2021-01-29,ni000,LONG,1.7308635002928447,132380.0,132610.0
2021-01-29,pb000,LONG,1.6309017840655176,15425.0,15445.0
2021-01-29,m000,LONG,1.1584864972303501,3468.0,3445.0
2021-01-29,pp000,SHORT,-0.9259543717992575,8251.0,8269.0
2021-01-29,FG000,SHORT,-1.1631233530525533,1787.0,1785.0
2021-01-29,SM000,SHORT,-1.2826643390334858,6918.0,6802.0
2021-01-29,eg000,SHORT,-1.3336571917278404,4546.0,4552.0
2021-01-29,SR000,SHORT,-1.486214694339431,5212.0,5243.0
2021-02-01,cu000,LONG,4.690946526279588,57830.0,57980.0
2021-02-01,RM000,LONG,4.236504788490138,2852.0,2825.0
2021-02-01,cs000,LONG,2.5700338500356685,3170.0,3119.0
2021-02-01,SR000,LONG,1.4200488882510753,5250.0,5237.0
2021-02-01,UR000,LONG,1.4159127988451305,2071.0,2035.0
2021-02-01,pb000,SHORT,-1.8054269662859779,15075.0,15115.0
2021-02-01,m000,SHORT,-1.8235388944132047,3473.0,3428.0
2021-02-01,rr000,SHORT,-1.9892007272606598,3638.0,3640.0
2021-02-01,j000,SHORT,-2.832929582504371,2572.5,2582.0
2021-02-01,sp000,SHORT,-3.5381162835546687,6658.0,6704.0
2021-02-02,m000,LONG,2.169161103982558,3447.0,3458.0
2021-02-02,PM000,LONG,1.36685431759773,2478.0,2511.0
2021-02-02,al000,LONG,1.1886401708765315,15170.0,15190.0
2021-02-02,SM000,LONG,0.76336476485653,6858.0,6740.0
2021-02-02,SR000,LONG,0.5159726358237434,5290.0,5293.0
2021-02-02,eg000,SHORT,-1.4686149669358095,4755.0,4780.0
2021-02-02,rb000,SHORT,-1.9510238383340233,4212.0,4205.0
2021-02-02,OI000,SHORT,-1.999880164441276,9686.0,9681.0
2021-02-02,MA000,SHORT,-2.1823379262743487,2278.0,2295.0
2021-02-02,y000,SHORT,-2.278168529643214,7726.0,7714.0
2021-02-03,l000,LONG,3.885680151090533,7900.0,7845.0
2021-02-03,rr000,LONG,2.712265296848124,3658.0,3662.0
2021-02-03,jd000,LONG,2.454627994059631,4423.0,4443.0
2021-02-03,j000,LONG,2.28195617737568,2520.5,2470.0
2021-02-03,y000,LONG,1.516299148680444,7558.0,7520.0
2021-02-03,CF000,SHORT,-1.5944794438190928,14935.0,14900.0
2021-02-03,c000,SHORT,-2.128903560256957,2751.0,2748.0
2021-02-03,RM000,SHORT,-2.395975615267462,2779.0,2778.0
2021-02-03,ss000,SHORT,-2.3986543826661633,14200.0,14180.0
2021-02-03,WH000,SHORT,-2.643926485244308,2718.0,2709.0
2021-02-04,y000,LONG,1.378963753021239,7552.0,7546.0
2021-02-04,SM000,LONG,1.1853066154192418,6808.0,6986.0
2021-02-04,SR000,LONG,0.9327776898478741,5308.0,5296.0
2021-02-04,rr000,LONG,0.916106298599444,3656.0,3661.0
2021-02-04,l000,LONG,0.8103347242490033,8000.0,7975.0
2021-02-04,hc000,SHORT,-0.8322875942680266,4352.0,4347.0
2021-02-04,c000,SHORT,-0.9015044496621428,2771.0,2772.0
2021-02-04,RM000,SHORT,-0.9793293536060976,2844.0,2834.0
2021-02-04,ss000,SHORT,-1.1780637958370348,14465.0,14450.0
2021-02-04,pp000,SHORT,-1.6982451429304506,8249.0,8215.0
2021-02-05,m000,LONG,2.0932305964031452,3480.0,3513.0
2021-02-05,c000,LONG,1.0107789536946574,2790.0,2789.0
2021-02-05,hc000,LONG,0.9149282009416418,4389.0,4384.0
2021-02-05,jm000,LONG,0.8711404763891908,1513.0,1523.0
2021-02-05,lu000,LONG,0.7793034996620807,3022.0,2975.0
2021-02-05,ni000,SHORT,-1.2356997366051536,130280.0,130230.0
2021-02-05,WH000,SHORT,-1.290951616476511,2722.0,2734.0
2021-02-05,SF000,SHORT,-1.3950794949884406,6870.0,6740.0
2021-02-05,SR000,SHORT,-2.243042305890042,5314.0,5302.0
2021-02-05,SM000,SHORT,-3.764683712472515,6920.0,6798.0
2021-02-08,lu000,LONG,4.290384698879826,3070.0,3058.0
2021-02-08,j000,LONG,2.6353995409405724,2600.0,2563.5
2021-02-08,rr000,LONG,2.175363219644926,3657.0,3660.0
2021-02-08,hc000,LONG,2.074273888540204,4495.0,4458.0
2021-02-08,l000,LONG,1.8868602237428955,8065.0,8025.0
2021-02-08,CY000,SHORT,-0.8345217485665568,22355.0,22410.0
2021-02-08,RS000,SHORT,-0.8676860000587189,5975.0,6006.0
2021-02-08,ni000,SHORT,-0.9407993856003614,133370.0,133410.0
2021-02-08,cs000,SHORT,-3.2927125580326337,3195.0,3237.0
2021-02-08,cu000,SHORT,-3.968412879013494,58300.0,58210.0
2021-02-09,m000,LONG,1.8979756378093267,3501.0,3460.0
2021-02-09,rr000,LONG,1.3319777061290283,3657.0,3656.0
2021-02-09,FG000,LONG,0.9123899859955681,1842.0,1841.0
2021-02-09,ni000,LONG,0.8939929210095653,133850.0,133850.0
2021-02-09,RM000,LONG,0.7816779749758929,2921.0,2904.0
2021-02-09,wr000,SHORT,-0.8108308903137641,4708.0,4761.0
2021-02-09,pp000,SHORT,-1.45894711731176,8264.0,8315.0
2021-02-09,ag000,SHORT,-1.6442419582195003,5647.0,5646.0
2021-02-09,rb000,SHORT,-1.648463542912957,4353.0,4329.0
2021-02-09,ss000,SHORT,-1.7189907854179942,14400.0,14405.0
2021-02-10,SR000,LONG,2.1812836097651913,5248.0,5240.0
2021-02-10,y000,LONG,1.5409398364667908,7946.0,7948.0
2021-02-10,cu000,LONG,1.4585709796518764,59630.0,59670.0
2021-02-10,SM000,LONG,1.091891689270584,7054.0,7240.0
2021-02-10,m000,LONG,0.7154212004356263,3468.0,3501.0
2021-02-10,eg000,SHORT,-1.473942816851038,4567.0,4570.0
2021-02-10,SF000,SHORT,-1.8030531139357657,7040.0,7158.0
2021-02-10,l000,SHORT,-1.831021045099191,7935.0,7940.0
2021-02-10,pp000,SHORT,-1.964005099211881,8156.0,8174.0
2021-02-10,WH000,SHORT,-4.510849928758136,2691.0,2704.0
2021-02-18,y000,LONG,6.2619996467093495,8184.0,8194.0
2021-02-18,au000,LONG,5.386659982597385,374.42,374.18
2021-02-18,ag000,LONG,4.462094671970179,5621.0,5599.0
2021-02-18,sn000,LONG,3.73709913156438,168800.0,174370.0
2021-02-18,bu000,LONG,2.9585273951092894,3026.0,3040.0
2021-02-18,eg000,SHORT,-1.8038194039728999,4850.0,4986.0
2021-02-18,CF000,SHORT,-2.1776684064301035,16005.0,16005.0
2021-02-18,a000,SHORT,-2.3302832057258867,5921.0,5890.0
2021-02-18,fb000,SHORT,-3.3312978177691375,1234.5,1241.5
2021-02-18,ss000,SHORT,-4.346765105639058,14775.0,14860.0
2021-02-19,lu000,LONG,2.7759944400634096,3150.0,3219.0
2021-02-19,CF000,LONG,2.067155615251328,15990.0,16120.0
2021-02-19,AP000,LONG,1.6108037642504636,6159.0,6301.0
2021-02-19,ZC000,LONG,1.1433374853645744,602.6,602.6
2021-02-19,fu000,LONG,1.068202715610348,2337.0,2400.0
2021-02-19,m000,SHORT,-2.68305449388375,3449.0,3454.0
2021-02-19,FG000,SHORT,-2.825121873619574,1904.0,1913.0
2021-02-19,eg000,SHORT,-2.9841328011398645,4993.0,5100.0
2021-02-19,c000,SHORT,-3.3761765756149282,2822.0,2830.0
2021-02-19,SR000,SHORT,-3.812121792640731,5416.0,5418.0
2021-02-22,j000,LONG,6.094198694192044,2681.0,2709.5
2021-02-22,rb000,LONG,5.865893301008684,4658.0,4530.0
2021-02-22,OI000,LONG,4.973037010709013,10291.0,10255.0
2021-02-22,fb000,LONG,4.156545660589572,1259.5,1251.0
2021-02-22,SR000,LONG,3.6728855597505747,5446.0,5423.0
2021-02-22,jd000,SHORT,-1.68308744618531,4692.0,4532.0
2021-02-22,cs000,SHORT,-1.8066912767444934,3243.0,3270.0
2021-02-22,au000,SHORT,-1.9258500589531014,375.7,376.12
2021-02-22,cu000,SHORT,-2.527962165688602,65730.0,66430.0
2021-02-22,sp000,SHORT,-3.757639096951483,6964.0,6962.0
2021-02-23,y000,LONG,2.483930781548032,8404.0,8380.0
2021-02-23,CF000,LONG,2.337051370357078,16360.0,16340.0
2021-02-23,m000,LONG,1.929238703275851,3485.0,3484.0
2021-02-23,SM000,LONG,1.5670908312076124,7532.0,7552.0
2021-02-23,FG000,LONG,1.2076009002110062,1962.0,1988.0
2021-02-23,JR000,SHORT,-1.238775056851942,2898.0,2899.0
2021-02-23,j000,SHORT,-1.6143170969611453,2613.5,2620.0
2021-02-23,SF000,SHORT,-1.9294296208198167,7488.0,7530.0
2021-02-23,bc000,SHORT,-2.1514980446356016,59910.0,59970.0
2021-02-23,lu000,SHORT,-2.2914134633159677,3288.0,3223.0
2021-02-24,pp000,LONG,4.601960947926267,9227.0,9182.0
2021-02-24,UR000,LONG,3.374277476019982,2052.0,2024.0
2021-02-24,SR000,LONG,3.0639886622787276,5443.0,5452.0
2021-02-24,fb000,LONG,2.656669846453209,1244.5,1214.5
2021-02-24,SM000,LONG,2.5708882596662224,7650.0,7628.0
2021-02-24,j000,SHORT,-0.4091853047731347,2556.0,2566.5
2021-02-24,bc000,SHORT,-0.45307395398044564,60630.0,60290.0
2021-02-24,y000,SHORT,-0.4666499148729874,8540.0,8466.0
2021-02-24,jd000,SHORT,-0.7895295577867699,4566.0,4484.0
2021-02-24,lu000,SHORT,-3.576508648500698,3246.0,3235.0
2021-02-25,SF000,LONG,4.25228276752615,7776.0,7684.0
2021-02-25,j000,LONG,4.163931353787633,2614.0,2583.5
2021-02-25,OI000,LONG,3.243341953938855,10654.0,10593.0
2021-02-25,pp000,LONG,2.7306456019228165,9317.0,9297.0
2021-02-25,ss000,LONG,2.33544626581014,15405.0,15370.0
2021-02-25,SA000,SHORT,-0.929000975166285,1848.0,1792.0
2021-02-25,ni000,SHORT,-1.2369528439002142,145800.0,145470.0
2021-02-25,SR000,SHORT,-2.6169960150040015,5520.0,5494.0
2021-02-25,bc000,SHORT,-2.7876278759523387,61300.0,61170.0
2021-02-25,SM000,SHORT,-3.5992659419500637,7638.0,7518.0
2021-02-26,cu000,LONG,2.668035182988079,69280.0,69300.0
2021-02-26,CF000,LONG,1.3803998595388278,16275.0,16560.0
2021-02-26,CY000,LONG,0.9825332669515248,23795.0,24000.0
2021-02-26,sn000,LONG,0.8109474259150578,189620.0,189280.0
2021-02-26,jm000,LONG,0.6904713846702708,1469.5,1483.0
2021-02-26,MA000,SHORT,-2.1249743312408085,2468.0,2474.0
2021-02-26,sc000,SHORT,-2.132457093853396,413.5,411.5
2021-02-26,ZC000,SHORT,-2.2045843982883904,613.8,617.0
2021-02-26,y000,SHORT,-5.138375646317569,8610.0,8574.0
2021-02-26,p000,SHORT,-5.153155289707295,7486.0,7454.0
2021-03-01,RM000,LONG,7.8948240884487015,2901.0,2866.0
2021-03-01,hc000,LONG,4.010449285722226,4854.0,4893.0
2021-03-01,MA000,LONG,2.9122115674504614,2566.0,2580.0
2021-03-01,CY000,LONG,2.324159581539729,24160.0,23860.0
2021-03-01,FG000,LONG,1.9841138730323444,2096.0,2105.0
2021-03-01,jd000,SHORT,-2.587675264677863,4532.0,4390.0
2021-03-01,pb000,SHORT,-3.0489892964220124,15335.0,15395.0
2021-03-01,SR000,SHORT,-3.6020385452994303,5440.0,5412.0
2021-03-01,l000,SHORT,-4.155468516457765,8865.0,8915.0
2021-03-01,CF000,SHORT,-5.627360408351442,16480.0,16340.0
2021-03-02,OI000,LONG,1.8374458974037593,10504.0,10525.0
2021-03-02,SR000,LONG,1.6663859926278333,5451.0,5476.0
2021-03-02,l000,LONG,1.4819815155098197,8740.0,8760.0
2021-03-02,jd000,LONG,1.3791374779466055,4378.0,4410.0
2021-03-02,rr000,LONG,1.1199010690916433,3612.0,3622.0
2021-03-02,p000,SHORT,-2.0737125547810518,7510.0,7550.0
2021-03-02,fu000,SHORT,-2.515898069652679,2356.0,2407.0
2021-03-02,m000,SHORT,-2.6231056713142107,3388.0,3445.0
2021-03-02,ss000,SHORT,-2.86613304074877,15045.0,15080.0
2021-03-02,bc000,SHORT,-4.2213716757220245,59550.0,59880.0
2021-03-03,y000,LONG,4.9601269281293465,8782.0,8710.0
2021-03-03,SM000,LONG,2.134000964552127,7740.0,7584.0
2021-03-03,m000,LONG,1.8083005689812799,3392.0,3399.0
2021-03-03,rr000,LONG,1.7433565136296876,3609.0,3608.0
2021-03-03,j000,LONG,1.6799713483334207,2523.0,2519.0
2021-03-03,p000,SHORT,-0.8431175155682075,7362.0,7282.0
2021-03-03,eg000,SHORT,-0.8958446376405959,5735.0,5707.0
2021-03-03,cu000,SHORT,-0.984541757751453,67910.0,67750.0
2021-03-03,ni000,SHORT,-1.7947827456130419,139180.0,139200.0
2021-03-03,ss000,SHORT,-3.392137279037941,15025.0,15020.0
2021-03-04,pb000,LONG,3.200409808186919,15300.0,15305.0
2021-03-04,zn000,LONG,3.175250260791709,21255.0,21235.0
2021-03-04,al000,LONG,1.9140981802831851,17620.0,17655.0
2021-03-04,rb000,LONG,1.7873452657845406,4848.0,4857.0
2021-03-04,CF000,LONG,1.4550980612643232,16220.0,16240.0
2021-03-04,au000,SHORT,-0.930763866584968,361.46,359.88
2021-03-04,SF000,SHORT,-0.9779354866576309,7618.0,7726.0
2021-03-04,SM000,SHORT,-1.4593056981888934,7516.0,7506.0
2021-03-04,ss000,SHORT,-1.8689743179232263,14340.0,14320.0
2021-03-04,y000,SHORT,-3.805376050575042,8918.0,8772.0
2021-03-05,cu000,LONG,2.2296598147392492,65860.0,65930.0
2021-03-05,fu000,LONG,1.497329860435707,2436.0,2384.0
2021-03-05,CF000,LONG,0.5847247090593638,15830.0,16055.0
2021-03-05,cs000,LONG,0.189013117245697,3275.0,3251.0
2021-03-05,pb000,LONG,0.08371270674753248,15000.0,15040.0
2021-03-05,SF000,SHORT,-2.8326498825119644,7550.0,8078.0
2021-03-05,a000,SHORT,-3.1977813596466556,6275.0,6301.0
2021-03-05,bc000,SHORT,-3.830635669006686,58580.0,58640.0
2021-03-05,y000,SHORT,-5.0797852267154475,8954.0,9026.0
2021-03-05,lu000,SHORT,-5.0861214190065915,3305.0,3232.0
2021-03-08,bc000,LONG,5.700473548722195,59040.0,59340.0
2021-03-08,rb000,LONG,3.9987674764950762,4821.0,4749.0
2021-03-08,y000,LONG,3.925115162775051,9370.0,9204.0
2021-03-08,WH000,LONG,3.8243697234320178,2763.0,2762.0
2021-03-08,pb000,LONG,3.424440197529542,14870.0,14935.0
2021-03-08,ss000,SHORT,-1.3575340238152644,14315.0,14385.0
2021-03-08,JR000,SHORT,-1.5732653029957975,2879.0,2829.0
2021-03-08,RM000,SHORT,-1.6717422080607374,2938.0,2905.0
2021-03-08,SR000,SHORT,-2.190019976772438,5440.0,5409.0
2021-03-08,jm000,SHORT,-2.617367895154535,1526.0,1522.0
2021-03-09,m000,LONG,3.4623562702816266,3383.0,3355.0
2021-03-09,c000,LONG,2.7166817132235845,2780.0,2775.0
2021-03-09,hc000,LONG,2.6815017966660095,4967.0,5005.0
2021-03-09,ni000,LONG,2.3517482214619654,123080.0,123070.0
2021-03-09,y000,LONG,2.331756963031936,9448.0,9432.0
2021-03-09,a000,SHORT,-1.2067955705584785,6175.0,6169.0
2021-03-09,eg000,SHORT,-1.6370615634218202,5771.0,5815.0
2021-03-09,CY000,SHORT,-1.6878698149879574,23725.0,23755.0
2021-03-09,rr000,SHORT,-3.5428964761818085,3610.0,3611.0
2021-03-09,j000,SHORT,-4.023101265172751,2330.0,2342.0
2021-03-10,fu000,LONG,2.4580734354782106,2567.0,2566.0
2021-03-10,rr000,LONG,2.1405946041036783,3617.0,3616.0
2021-03-10,l000,LONG,1.9564539673104187,8950.0,8925.0
2021-03-10,j000,LONG,1.9441040338195648,2317.0,2300.5
2021-03-10,SM000,LONG,1.8291412634454196,7594.0,7558.0
2021-03-10,FG000,SHORT,-1.2078832385036926,2032.0,2023.0
2021-03-10,zn000,SHORT,-1.6032773083919525,21355.0,21405.0
2021-03-10,cu000,SHORT,-1.639921159263085,65450.0,65540.0
2021-03-10,pb000,SHORT,-1.7708090447748643,14735.0,14780.0
2021-03-10,CJ000,SHORT,-2.070895875481025,10125.0,10175.0
2021-03-11,MA000,LONG,2.724491842700831,2422.0,2458.0
2021-03-11,ag000,LONG,0.9398023613736275,5391.0,5408.0
2021-03-11,CY000,LONG,0.6642307501244562,23100.0,23210.0
2021-03-11,a000,LONG,0.5621120206189251,6078.0,6068.0
2021-03-11,CF000,LONG,0.5071834664156334,15475.0,15560.0
2021-03-11,ss000,SHORT,-2.963845150612602,13965.0,13965.0
2021-03-11,zn000,SHORT,-3.246704428549405,21325.0,21300.0
2021-03-11,SR000,SHORT,-4.69305066601697,5353.0,5379.0
2021-03-11,SF000,SHORT,-4.716350764979688,7796.0,7846.0
2021-03-11,SM000,SHORT,-4.936350898946953,7406.0,7416.0
2021-03-12,y000,LONG,2.2925663663937614,9414.0,9410.0
2021-03-12,bc000,LONG,0.642744899904623,59710.0,59730.0
2021-03-12,ni000,LONG,0.626109763021736,121930.0,122380.0
2021-03-12,sn000,LONG,0.6238036351045513,180190.0,180120.0
2021-03-12,m000,LONG,0.38491858364659887,3213.0,3203.0
2021-03-12,WH000,SHORT,-1.7408917647173117,2769.0,2778.0
2021-03-12,p000,SHORT,-1.94375316241762,8068.0,8076.0
2021-03-12,rr000,SHORT,-2.0387838632875455,3637.0,3633.0
2021-03-12,eg000,SHORT,-2.2907334707592844,5210.0,5232.0
2021-03-12,j000,SHORT,-2.719003887739689,2331.0,2341.0
2021-03-15,hc000,LONG,4.988138645136663,5017.0,4992.0
2021-03-15,pp000,LONG,4.081641823182155,9478.0,9414.0
2021-03-15,WH000,LONG,3.619972262115762,2790.0,2793.0
2021-03-15,bc000,LONG,3.163715907609736,59640.0,59640.0
2021-03-15,c000,LONG,3.0844619442482086,2682.0,2703.0
2021-03-15,SM000,SHORT,-2.4584554914972094,7182.0,7140.0
2021-03-15,a000,SHORT,-2.535996222428089,5976.0,6038.0
2021-03-15,ag000,SHORT,-2.8383136361136967,5349.0,5325.0
2021-03-15,SR000,SHORT,-3.1866876139328513,5356.0,5349.0
2021-03-15,ss000,SHORT,-3.3602683981850485,13995.0,14000.0
2021-03-16,l000,LONG,2.0924688070569464,9065.0,9090.0
2021-03-16,j000,LONG,1.8302196994016724,2250.0,2232.0
2021-03-16,fu000,LONG,1.6549316437891457,2541.0,2543.0
2021-03-16,jm000,LONG,1.2743887777271015,1536.0,1512.5
2021-03-16,rr000,LONG,1.0656270136052248,3633.0,3635.0
2021-03-16,hc000,SHORT,-1.374797089980044,5015.0,4999.0
2021-03-16,ni000,SHORT,-1.8137922669669075,121640.0,121410.0
2021-03-16,c000,SHORT,-1.857092768139388,2718.0,2713.0
2021-03-16,bc000,SHORT,-1.992934628638888,60110.0,59970.0
2021-03-16,ss000,SHORT,-5.529351370463203,14025.0,14015.0
2021-03-17,cu000,LONG,2.1535809851839796,66590.0,66650.0
2021-03-17,bc000,LONG,1.0185799660672963,59190.0,59260.0
2021-03-17,p000,LONG,0.9100790464350796,7798.0,7782.0
2021-03-17,ss000,LONG,0.7239085557216366,13910.0,13960.0
2021-03-17,jd000,LONG,0.7154170738548236,4391.0,4379.0
2021-03-17,hc000,SHORT,-1.5341093395605354,4933.0,4966.0
2021-03-17,UR000,SHORT,-1.621250951530279,1944.0,1981.0
2021-03-17,rr000,SHORT,-1.96370152051436,3651.0,3655.0
2021-03-17,c000,SHORT,-2.169076674130274,2731.0,2723.0
2021-03-17,j000,SHORT,-2.245334061054742,2277.0,2266.0
2021-03-18,p000,LONG,1.6430095076797733,7790.0,7778.0
2021-03-18,CJ000,LONG,1.4098277951138192,9930.0,9940.0
2021-03-18,jd000,LONG,0.750533648825074,4374.0,4343.0
2021-03-18,j000,LONG,0.6973326659840493,2353.0,2334.0
2021-03-18,FG000,LONG,0.6963306450471258,2069.0,2076.0
2021-03-18,hc000,SHORT,-2.094132962687384,4969.0,4987.0
2021-03-18,WH000,SHORT,-2.1623503729728455,2762.0,2753.0
2021-03-18,rr000,SHORT,-2.2267905577602933,3653.0,3650.0
2021-03-18,m000,SHORT,-2.303818734133995,3250.0,3241.0
2021-03-18,bc000,SHORT,-2.3836964618695755,59820.0,59750.0
2021-03-19,SM000,LONG,2.718634654811939,7114.0,6910.0
2021-03-19,WH000,LONG,2.583759728646419,2743.0,2777.0
2021-03-19,SR000,LONG,2.1055723788435405,5301.0,5358.0
2021-03-19,m000,LONG,1.9665089656678632,3219.0,3251.0
2021-03-19,hc000,LONG,1.381173547198363,5006.0,5017.0
2021-03-19,CF000,SHORT,-2.2158206005382874,15460.0,15530.0
2021-03-19,pb000,SHORT,-2.228092545483361,14755.0,14760.0
2021-03-19,sc000,SHORT,-2.2709231223956396,400.6,400.9
2021-03-19,UR000,SHORT,-2.933228443710685,1970.0,1939.0
2021-03-19,eg000,SHORT,-3.0507113098274203,5027.0,5132.0
2021-03-22,a000,LONG,2.4872967292882886,5741.0,5705.0
2021-03-22,fu000,LONG,2.1251872683173105,2394.0,2393.0
2021-03-22,ss000,LONG,1.6022997336455185,13960.0,13955.0
2021-03-22,ag000,LONG,1.4574447277176876,5457.0,5466.0
2021-03-22,au000,LONG,1.381136656682178,367.48,367.66
2021-03-22,jd000,SHORT,-4.274956854634877,4330.0,4390.0
2021-03-22,j000,SHORT,-4.277394991065191,2164.0,2230.0
2021-03-22,CF000,SHORT,-4.545439684438835,15295.0,15390.0
2021-03-22,rr000,SHORT,-4.956040127562988,3639.0,3662.0
2021-03-22,MA000,SHORT,-5.207819004604689,2333.0,2315.0
2021-03-23,c000,LONG,2.0534343982224796,2718.0,2725.0
2021-03-23,hc000,LONG,1.9955038993626908,5123.0,5119.0
2021-03-23,rr000,LONG,1.3864296180662878,3658.0,3657.0
2021-03-23,pp000,LONG,0.9758096521816741,8911.0,8933.0
2021-03-23,WH000,LONG,0.9044084623462263,2784.0,2775.0
2021-03-23,pb000,SHORT,-2.094218287303606,15200.0,15200.0
2021-03-23,SM000,SHORT,-3.204325827060702,6924.0,6920.0
2021-03-23,CF000,SHORT,-3.300889443568817,15310.0,15230.0
2021-03-23,SR000,SHORT,-3.9002019624924724,5300.0,5304.0
2021-03-23,y000,SHORT,-5.245799070040571,9312.0,9122.0
2021-03-24,SR000,LONG,4.103949908087713,5316.0,5303.0
2021-03-24,eg000,LONG,2.5656385699546296,5064.0,5066.0
2021-03-24,j000,LONG,2.04986933925713,2136.0,2118.5
2021-03-24,CY000,LONG,1.984098900569629,22105.0,22170.0
2021-03-24,c000,LONG,1.7421217815081336,2715.0,2729.0
2021-03-24,cs000,SHORT,-0.8890510955754196,3266.0,3308.0
2021-03-24,ag000,SHORT,-0.9645451233529647,5241.0,5245.0
2021-03-24,fu000,SHORT,-1.1368709880036552,2329.0,2351.0
2021-03-24,cu000,SHORT,-3.5929941854295913,66630.0,66740.0
2021-03-24,ss000,SHORT,-5.786688856106506,14235.0,14240.0
2021-03-25,sn000,LONG,1.0290728560015847,173520.0,173760.0
2021-03-25,SR000,LONG,0.9379743390075926,5342.0,5331.0
2021-03-25,cs000,LONG,0.7004715399908689,3245.0,3244.0
2021-03-25,fu000,LONG,0.6913878018170548,2359.0,2360.0
2021-03-25,al000,LONG,0.6363924438986901,17215.0,17195.0
2021-03-25,m000,SHORT,-1.807659188275503,3316.0,3318.0
2021-03-25,fb000,SHORT,-1.875395989203677,1358.5,1341.0
2021-03-25,eg000,SHORT,-1.9477985618347151,5069.0,5130.0
2021-03-25,rb000,SHORT,-2.109802814449725,4796.0,4806.0
2021-03-25,ss000,SHORT,-2.841425605001944,14360.0,14340.0
2021-03-26,pb000,LONG,2.2815022580533206,14910.0,14930.0
2021-03-26,ss000,LONG,2.280944717189771,14350.0,14365.0
2021-03-26,zn000,LONG,1.7199936297032334,21385.0,21380.0
2021-03-26,rr000,LONG,1.5995017629222568,3573.0,3590.0
2021-03-26,c000,LONG,1.5530168637782438,2715.0,2712.0
2021-03-26,rb000,SHORT,-1.0164481476604406,4824.0,4794.0
2021-03-26,SR000,SHORT,-1.20122664248876,5362.0,5372.0
2021-03-26,l000,SHORT,-1.2706277036709186,8605.0,8585.0
2021-03-26,CF000,SHORT,-1.4496334768339136,14520.0,14440.0
2021-03-26,sp000,SHORT,-1.4761583537529612,7034.0,6972.0
2021-03-29,pb000,LONG,4.994022520112606,15060.0,15090.0
2021-03-29,zn000,LONG,3.0753510783265576,21825.0,21820.0
2021-03-29,l000,LONG,1.9895500370343862,8675.0,8785.0
2021-03-29,a000,LONG,1.841894258112533,5629.0,5645.0
2021-03-29,PF000,LONG,1.3495154092446056,6960.0,7018.0
2021-03-29,jm000,SHORT,-2.6502450783070417,1608.5,1588.0
2021-03-29,p000,SHORT,-2.9042906964529065,7500.0,7512.0
2021-03-29,cu000,SHORT,-2.9130715215146643,66690.0,66710.0
2021-03-29,CJ000,SHORT,-2.9791377692006615,9790.0,9770.0
2021-03-29,j000,SHORT,-3.170894791388782,2271.0,2293.5
2021-03-30,SR000,LONG,1.5285725818070603,5327.0,5326.0
2021-03-30,lu000,LONG,1.3422586598745068,3150.0,3123.0
2021-03-30,CY000,LONG,0.9170951323371364,22110.0,22240.0
2021-03-30,rb000,LONG,0.886979221631794,4969.0,4969.0
2021-03-30,jm000,LONG,0.7603799371419523,1659.0,1658.5
2021-03-30,UR000,SHORT,-1.1796479173748602,2007.0,2003.0
2021-03-30,bc000,SHORT,-1.6709480763222984,58890.0,58840.0
2021-03-30,c000,SHORT,-2.084070950332592,2654.0,2662.0
2021-03-30,MA000,SHORT,-2.538630917373294,2434.0,2427.0
2021-03-30,CF000,SHORT,-3.180108841887468,14815.0,14870.0
2021-03-31,pb000,LONG,3.22928243993128,15375.0,15370.0
2021-03-31,y000,LONG,2.8166887977851958,8332.0,8380.0
2021-03-31,bc000,LONG,2.489633387879747,58130.0,58210.0
2021-03-31,zn000,LONG,1.5110935361745854,21670.0,21700.0
2021-03-31,ag000,LONG,1.0565047323508079,5057.0,5069.0
2021-03-31,WH000,SHORT,-1.66218687676136,2760.0,2761.0
2021-03-31,CY000,SHORT,-1.9725127925657082,22360.0,22620.0
2021-03-31,CJ000,SHORT,-1.9742416939819527,9785.0,9680.0
2021-03-31,cu000,SHORT,-2.3123036093364955,65580.0,65650.0
2021-03-31,SR000,SHORT,-2.6243975729982147,5305.0,5337.0
2021-04-01,ss000,LONG,4.973689916806721,14315.0,14335.0
2021-04-01,rr000,LONG,2.0693217095994174,3601.0,3605.0
2021-04-01,SR000,LONG,1.5542830282500277,5286.0,5279.0
2021-04-01,SM000,LONG,1.4916275305519278,6850.0,6792.0
2021-04-01,c000,LONG,1.3958518450225754,2645.0,2627.0
2021-04-01,cs000,SHORT,-1.722891353337329,3207.0,3196.0
2021-04-01,WH000,SHORT,-1.873124346341929,2771.0,2758.0
2021-04-01,l000,SHORT,-1.949010219924418,8470.0,8430.0
2021-04-01,ag000,SHORT,-3.45266854870052,5108.0,5097.0
2021-04-01,bc000,SHORT,-5.364724171456891,58180.0,58100.0
2021-04-02,OI000,LONG,3.563256462244906,10310.0,10283.0
2021-04-02,m000,LONG,3.0823691425407014,3488.0,3533.0
2021-04-02,ss000,LONG,2.761454609470804,14215.0,14240.0
2021-04-02,hc000,LONG,1.9328453096314007,5511.0,5482.0
2021-04-02,SF000,LONG,1.9094691244750193,6768.0,6884.0
2021-04-02,bc000,SHORT,-1.7197282620337302,58250.0,58200.0
2021-04-02,jm000,SHORT,-1.8533772144772356,1594.5,1589.5
2021-04-02,cu000,SHORT,-1.8699954873987144,65690.0,65600.0
2021-04-02,pb000,SHORT,-2.0156073638020247,15195.0,15220.0
2021-04-02,zn000,SHORT,-2.24253592530972,21490.0,21505.0
2021-04-06,ss000,LONG,7.17554173809544,14450.0,14310.0
2021-04-06,sp000,LONG,4.9846176237584015,7128.0,7212.0
2021-04-06,l000,LONG,4.387746075568743,8705.0,8710.0
2021-04-06,fb000,LONG,3.127174229785346,1318.5,1316.5
2021-04-06,WH000,LONG,2.934406575411335,2767.0,2765.0
2021-04-06,pb000,SHORT,-2.8200582630097535,15010.0,14965.0
2021-04-06,cu000,SHORT,-2.908454881597816,67480.0,67010.0
2021-04-06,bc000,SHORT,-3.1054760004401007,60060.0,59680.0
2021-04-06,ag000,SHORT,-5.639980425508381,5230.0,5219.0
2021-04-06,RM000,SHORT,-8.312379829768764,2960.0,2942.0
2021-04-07,AP000,LONG,3.2521435313047062,5689.0,5747.0
2021-04-07,WH000,LONG,2.4348440576361217,2765.0,2759.0
2021-04-07,c000,LONG,1.7087736873159234,2630.0,2628.0
2021-04-07,FG000,LONG,1.3985787919956327,2159.0,2157.0
2021-04-07,hc000,LONG,1.2543103158314592,5644.0,5668.0
2021-04-07,ss000,SHORT,-1.3437919162332728,14450.0,14465.0
2021-04-07,a000,SHORT,-1.4107754985681877,5632.0,5640.0
2021-04-07,eg000,SHORT,-1.7058274036293917,5218.0,5246.0
2021-04-07,jd000,SHORT,-1.8846919598473706,4252.0,4242.0
2021-04-07,l000,SHORT,-2.024660597389148,8800.0,8845.0
2021-04-08,pb000,LONG,1.9206790653698929,14955.0,14985.0
2021-04-08,cu000,LONG,1.9061489593471752,66460.0,66500.0
2021-04-08,bc000,LONG,1.4960274215007923,59090.0,59160.0
2021-04-08,ni000,LONG,1.3126687646456616,125370.0,125380.0
2021-04-08,zn000,LONG,0.8938208794295086,21860.0,21905.0
2021-04-08,c000,SHORT,-1.091591898387581,2683.0,2672.0
2021-04-08,SF000,SHORT,-1.1005389804366275,6716.0,6754.0
2021-04-08,rb000,SHORT,-1.1941376095669143,5084.0,5088.0
2021-04-08,a000,SHORT,-1.1958627723891389,5628.0,5625.0
2021-04-08,l000,SHORT,-2.323603958894328,8680.0,8685.0
2021-04-09,WH000,LONG,1.3717024289177442,2769.0,2753.0
2021-04-09,ss000,LONG,1.0937576318856896,14495.0,14500.0
2021-04-09,CF000,LONG,0.8172648369990083,15235.0,15265.0
2021-04-09,fu000,LONG,0.4490375662547942,2305.0,2293.0
2021-04-09,m000,LONG,0.23252991689648317,3530.0,3529.0
2021-04-09,cs000,SHORT,-1.2564579074003446,3225.0,3229.0
2021-04-09,pb000,SHORT,-1.937527875510652,14935.0,14945.0
2021-04-09,jm000,SHORT,-2.623657174926287,1585.5,1589.0
2021-04-09,y000,SHORT,-3.1971108689209013,8086.0,8072.0
2021-04-09,rr000,SHORT,-3.71396614233927,3577.0,3587.0
2021-04-12,pp000,LONG,4.989166273241093,8748.0,8782.0
2021-04-12,a000,LONG,4.119877401000566,5545.0,5478.0
2021-04-12,pb000,LONG,3.705759608131028,14850.0,14855.0
2021-04-12,ag000,LONG,3.2872170325017773,5300.0,5296.0
2021-04-12,m000,LONG,2.4883308378143254,3492.0,3546.0
2021-04-12,eg000,SHORT,-2.2486826081138247,4945.0,4865.0
2021-04-12,y000,SHORT,-3.1023968082987006,8078.0,8090.0
2021-04-12,OI000,SHORT,-3.4442654844258467,10714.0,10752.0
2021-04-12,rr000,SHORT,-5.515936738026577,3621.0,3601.0
2021-04-12,ss000,SHORT,-6.077213077376829,14525.0,14505.0
2021-04-13,ag000,LONG,2.5663399321288733,5198.0,5199.0
2021-04-13,bc000,LONG,1.8925199738710172,58600.0,58560.0
2021-04-13,SR000,LONG,1.3493002378870622,5335.0,5339.0
2021-04-13,pb000,LONG,1.2061690647294234,14715.0,14725.0
2021-04-13,cs000,LONG,1.1224160717353697,3179.0,3178.0
2021-04-13,j000,SHORT,-1.1052307383983406,2393.5,2405.0
2021-04-13,p000,SHORT,-1.1094101923933881,6670.0,6654.0
2021-04-13,fb000,SHORT,-1.2054737092764476,1278.0,1281.5
2021-04-13,au000,SHORT,-1.9661485046023528,367.18,367.2799999
2021-04-13,CF000,SHORT,-3.975703342359397,14955.0,14950.0
2021-04-14,y000,LONG,1.4007777920797084,8034.0,8076.0
2021-04-14,jd000,LONG,1.143845023935039,4715.0,4774.0
2021-04-14,a000,LONG,1.0370412204929236,5744.0,5759.0
2021-04-14,lu000,LONG,0.9360668886804488,3169.0,3159.0
2021-04-14,rr000,LONG,0.7202864799891107,3627.0,3629.0
2021-04-14,pb000,SHORT,-1.4689141809687412,14835.0,14895.0
2021-04-14,SF000,SHORT,-1.4719510571504242,6636.0,6796.0
2021-04-14,eg000,SHORT,-1.506101814429412,4935.0,4965.0
2021-04-14,zn000,SHORT,-2.6294186616406545,21465.0,21490.0
2021-04-14,cu000,SHORT,-3.142222511396496,66210.0,66240.0
2021-04-15,cu000,LONG,1.9202826028672864,67400.0,67390.0
2021-04-15,hc000,LONG,1.7913393391383363,5429.0,5440.0
2021-04-15,sn000,LONG,1.6947992102855207,179980.0,179990.0
2021-04-15,fu000,LONG,1.2389110523623823,2497.0,2473.0
2021-04-15,jm000,LONG,1.2110050064941444,1594.0,1599.5
2021-04-15,rb000,SHORT,-1.098243838209782,5132.0,5152.0
2021-04-15,rr000,SHORT,-1.298374750583437,3637.0,3639.0
2021-04-15,jd000,SHORT,-1.325448063098949,4824.0,4888.0
2021-04-15,WH000,SHORT,-1.9595609274536196,2763.0,2763.0
2021-04-15,MA000,SHORT,-2.5388148791172496,2357.0,2367.0
2021-04-16,pb000,LONG,4.074549835617656,14985.0,14990.0
2021-04-16,OI000,LONG,3.0899412767050674,10363.0,10256.0
2021-04-16,zn000,LONG,2.505328300221654,21880.0,21900.0
2021-04-16,WH000,LONG,2.2510683862012186,2761.0,2762.0
2021-04-16,bc000,LONG,1.9675631057529113,61430.0,61410.0
2021-04-16,CY000,SHORT,-0.8406214988725089,22770.0,22660.0
2021-04-16,ag000,SHORT,-1.2419963541211603,5430.0,5427.0
2021-04-16,au000,SHORT,-1.588495323590308,373.74,373.54
2021-04-16,cu000,SHORT,-2.0239879407627024,68950.0,68930.0
2021-04-16,ss000,SHORT,-2.044013847780589,13915.0,13905.0
2021-04-19,a000,LONG,3.4566468065458245,5773.0,5838.0
2021-04-19,WH000,LONG,2.5826894702910006,2752.0,2755.0
2021-04-19,cs000,LONG,1.441012482687715,3278.0,3277.0
2021-04-19,cu000,LONG,1.0094833454879792,68170.0,68350.0
2021-04-19,SR000,LONG,0.9291460636953083,5433.0,5400.0
2021-04-19,eg000,SHORT,-2.253073007925415,4751.0,4807.0
2021-04-19,pb000,SHORT,-2.8900132885769163,15020.0,15060.0
2021-04-19,l000,SHORT,-3.166942958273788,8375.0,8365.0
2021-04-19,ag000,SHORT,-3.276001707755131,5439.0,5444.0
2021-04-19,ss000,SHORT,-3.6531777620960937,13865.0,13970.0
2021-04-20,jm000,LONG,2.3614584800407212,1731.5,1736.0
2021-04-20,cu000,LONG,1.0115263001941024,69260.0,69240.0
2021-04-20,WH000,LONG,0.7807473443776323,2767.0,2749.0
2021-04-20,bc000,LONG,0.7096979405107391,61690.0,61680.0
2021-04-20,CF000,LONG,0.6706324217337482,15365.0,15335.0
2021-04-20,OI000,SHORT,-1.1782867284672132,10265.0,10289.0
2021-04-20,SR000,SHORT,-1.6365039608811331,5431.0,5418.0
2021-04-20,eg000,SHORT,-1.807191770001046,4730.0,4743.0
2021-04-20,a000,SHORT,-2.1180298317029935,5776.0,5827.0
2021-04-20,ag000,SHORT,-2.8792800316800613,5371.0,5380.0
2021-04-21,bc000,LONG,13.311372034549622,61240.0,61270.0
2021-04-21,SR000,LONG,2.019569804654581,5462.0,5455.0
2021-04-21,SM000,LONG,1.4089950110625455,7212.0,7192.0
2021-04-21,cu000,LONG,0.9748002329462868,68760.0,68840.0
2021-04-21,l000,LONG,0.771248116666161,8120.0,8070.0
2021-04-21,jd000,SHORT,-0.746098438723262,4977.0,4978.0
2021-04-21,hc000,SHORT,-1.0258688831062668,5408.0,5395.0
2021-04-21,OI000,SHORT,-1.2760897631688661,10530.0,10544.0
2021-04-21,ag000,SHORT,-1.711615082324483,5395.0,5393.0
2021-04-21,ss000,SHORT,-4.1285788375671455,13875.0,13855.0
2021-04-22,bc000,LONG,4.917558045335806,61760.0,61830.0
2021-04-22,WH000,LONG,3.2995061728132438,2765.0,2755.0
2021-04-22,SR000,LONG,2.5122863760302128,5474.0,5476.0
2021-04-22,ni000,LONG,2.1329070083055974,120200.0,120730.0
2021-04-22,SM000,LONG,1.4591198586171283,7280.0,7208.0
2021-04-22,hc000,SHORT,-1.0344790243984647,5565.0,5553.0
2021-04-22,SF000,SHORT,-1.06715275983467,7456.0,7412.0
2021-04-22,pb000,SHORT,-1.2377791315670972,15265.0,15290.0
2021-04-22,m000,SHORT,-1.262082601364462,3632.0,3571.0
2021-04-22,jm000,SHORT,-1.4468272438307983,1751.5,1744.0
2021-04-23,bc000,LONG,12.776753308570116,61510.0,61500.0
2021-04-23,cu000,LONG,1.9892133587871763,68980.0,69010.0
2021-04-23,CJ000,LONG,1.366132495816155,10125.0,10095.0
2021-04-23,FG000,LONG,1.2089852836359278,2250.0,2249.0
2021-04-23,ni000,LONG,1.1000783694205785,119390.0,119880.0
2021-04-23,OI000,SHORT,-1.2003984060455142,10842.0,10820.0
2021-04-23,MA000,SHORT,-1.5162227124890018,2389.0,2403.0
2021-04-23,ss000,SHORT,-1.6262143916955902,13870.0,13890.0
2021-04-23,au000,SHORT,-1.7375050261634644,374.32,374.3399999
2021-04-23,y000,SHORT,-2.023204927471811,8678.0,8688.0
2021-04-26,bc000,LONG,4.336975493787742,62380.0,62370.0
2021-04-26,l000,LONG,2.937047538398281,8100.0,8175.0
2021-04-26,ag000,LONG,2.50108620194127,5404.0,5409.0
2021-04-26,a000,LONG,2.4848774545554257,6071.0,5996.0
2021-04-26,ss000,LONG,2.3756909319963926,14065.0,14055.0
2021-04-26,pb000,SHORT,-1.7967838831689484,15355.0,15375.0
2021-04-26,p000,SHORT,-2.663624007848124,7628.0,7566.0
2021-04-26,cu000,SHORT,-2.7001633615089644,70000.0,69990.0
2021-04-26,sc000,SHORT,-3.272287541881833,401.4,401.6
2021-04-26,WH000,SHORT,-3.66183517549357,2757.0,2756.0
2021-04-27,bc000,LONG,13.31900783108252,63680.0,63600.0
2021-04-27,CF000,LONG,1.7295923768216488,15705.0,15720.0
2021-04-27,cu000,LONG,1.499564667980525,71450.0,71360.0
2021-04-27,WH000,LONG,1.4930638937445104,2756.0,2754.0
2021-04-27,m000,LONG,1.2700062644908114,3668.0,3668.0
2021-04-27,p000,SHORT,-1.2753184382372662,7366.0,7310.0
2021-04-27,lu000,SHORT,-1.5579949234432289,3162.0,3141.0
2021-04-27,au000,SHORT,-1.5835459831645005,373.32,373.2799999
2021-04-27,zn000,SHORT,-1.7035826356012118,22290.0,22250.0
2021-04-27,pb000,SHORT,-3.0496320385644253,15420.0,15430.0
2021-04-28,bc000,LONG,15.718880475077926,64270.0,64310.0
2021-04-28,SR000,LONG,2.738005649876809,5588.0,5542.0
2021-04-28,SM000,LONG,1.796861056556182,7278.0,7228.0
2021-04-28,ag000,LONG,1.345508906604845,5475.0,5480.0
2021-04-28,cs000,LONG,1.2733177262228437,3305.0,3310.0
2021-04-28,zn000,SHORT,-2.104485504359084,22260.0,22250.0
2021-04-28,OI000,SHORT,-2.3674585725259503,10499.0,10624.0
2021-04-28,fu000,SHORT,-2.566722889257895,2457.0,2450.0
2021-04-28,pb000,SHORT,-2.6452780499313633,15495.0,15495.0
2021-04-28,MA000,SHORT,-3.0775583091843464,2409.0,2434.0
2021-04-29,bc000,LONG,15.967836601136309,64310.0,64370.0
2021-04-29,CF000,LONG,2.533617781752474,15895.0,15880.0
2021-04-29,l000,LONG,2.2478320453363128,8170.0,8210.0
2021-04-29,pb000,LONG,2.08383419175761,15325.0,15335.0
2021-04-29,hc000,LONG,1.7810763022789822,5747.0,5764.0
2021-04-29,sn000,SHORT,-0.8120721395812223,191210.0,190890.0
2021-04-29,cs000,SHORT,-0.8728780056820367,3295.0,3318.0
2021-04-29,rr000,SHORT,-1.0200427776236618,3638.0,3639.0
2021-04-29,y000,SHORT,-2.932378527162386,8564.0,8570.0
2021-04-29,cu000,SHORT,-3.2034753674868797,72140.0,72240.0
2021-04-30,pb000,LONG,4.53622429773379,15290.0,15280.0
2021-04-30,l000,LONG,3.0483016251571318,8080.0,8085.0
2021-04-30,zn000,LONG,2.021388274679655,21925.0,21935.0
2021-04-30,y000,LONG,1.6674792953216009,8480.0,8462.0
2021-04-30,ni000,LONG,1.3923669226023305,128700.0,128550.0
2021-04-30,jm000,SHORT,-1.0057815280177513,1780.5,1750.5
2021-04-30,fu000,SHORT,-1.1575668569424713,2519.0,2522.0
2021-04-30,cu000,SHORT,-1.3282464621779373,71900.0,71970.0
2021-04-30,CY000,SHORT,-1.9956734115443144,23220.0,23255.0
2021-04-30,bc000,SHORT,-13.533178335206872,64110.0,64190.0
2021-05-06,pb000,LONG,10.218081106715214,15380.0,15445.0
2021-05-06,a000,LONG,7.7789642076652745,5905.0,6053.0
2021-05-06,l000,LONG,6.340986340618215,8165.0,8235.0
2021-05-06,rr000,LONG,6.220515650517451,3621.0,3621.0
2021-05-06,ss000,LONG,6.131072206135117,14860.0,15130.0
2021-05-06,CF000,SHORT,-1.143498872346866,15740.0,15855.0
2021-05-06,CY000,SHORT,-1.89700927606586,23260.0,23455.0
2021-05-06,jm000,SHORT,-2.063086157101241,1868.0,1912.0
2021-05-06,cu000,SHORT,-2.8151361539299136,72770.0,73240.0
2021-05-06,WH000,SHORT,-5.8476294010678025,2741.0,2767.0
2021-05-07,cu000,LONG,7.72757438217922,73720.0,73690.0
2021-05-07,CF000,LONG,3.290664926895906,16115.0,16085.0
2021-05-07,ni000,LONG,2.152551964358351,132650.0,133280.0
2021-05-07,cs000,LONG,1.8778395323605503,3311.0,3261.0
2021-05-07,CY000,LONG,1.7286774765010477,23810.0,23720.0
2021-05-07,sn000,SHORT,-1.436422708669914,197690.0,198630.0
2021-05-07,WH000,SHORT,-1.5819053809805945,2774.0,2769.0
2021-05-07,l000,SHORT,-2.132582257803034,8355.0,8370.0
2021-05-07,bc000,SHORT,-2.9314152096409067,65930.0,65890.0
2021-05-07,a000,SHORT,-3.85951562008092,6074.0,6073.0
2021-05-10,y000,LONG,10.862007778864932,8920.0,8984.0
2021-05-10,a000,LONG,6.94211757946735,6175.0,6127.0
2021-05-10,l000,LONG,5.927885637800825,8415.0,8440.0
2021-05-10,pp000,LONG,4.137788378524015,8837.0,8800.0
2021-05-10,jd000,LONG,3.8595400540287987,4977.0,5007.0
2021-05-10,lh000,SHORT,-0.6204035742603151,26370.0,25005.0
2021-05-10,PF000,SHORT,-0.6655480608763504,7358.0,7310.0
2021-05-10,wr000,SHORT,-1.1303024863105797,6240.0,6259.0
2021-05-10,j000,SHORT,-1.3285536094398684,2962.0,2826.0
2021-05-10,lu000,SHORT,-1.8768462712670535,3345.0,3278.0
2021-05-11,l000,LONG,2.7228186344018916,8230.0,8210.0
2021-05-11,a000,LONG,2.5898695353928236,6120.0,6108.0
2021-05-11,rr000,LONG,2.151342776259394,3612.0,3610.0
2021-05-11,jd000,LONG,1.4646547685749338,4915.0,4891.0
2021-05-11,c000,LONG,1.418460744413142,2822.0,2824.0
2021-05-11,jm000,SHORT,-1.5183291452242036,2009.0,1980.0
2021-05-11,CF000,SHORT,-1.586799525487584,15860.0,15820.0
2021-05-11,SM000,SHORT,-1.8674808825567684,7498.0,7476.0
2021-05-11,SR000,SHORT,-3.8334327351318453,5596.0,5580.0
2021-05-11,CY000,SHORT,-5.032767709919736,23560.0,23445.0
2021-05-12,WH000,LONG,3.903357260846733,2790.0,2825.0
2021-05-12,cu000,LONG,3.8914947458216838,76130.0,76080.0
2021-05-12,RM000,LONG,1.7279362875477808,3145.0,3170.0
2021-05-12,a000,LONG,1.643007466462351,6230.0,6214.0
2021-05-12,m000,LONG,1.4029827706448617,3747.0,3755.0
2021-05-12,rb000,SHORT,-1.465459441982179,6080.0,6069.0
2021-05-12,c000,SHORT,-1.5413137776515589,2854.0,2838.0
2021-05-12,pb000,SHORT,-1.953429425280838,15635.0,15640.0
2021-05-12,MA000,SHORT,-3.424218116751358,2584.0,2578.0
2021-05-12,CY000,SHORT,-3.991665041023418,24160.0,24055.0
2021-05-13,WH000,LONG,4.780827356713771,2829.0,2775.0
2021-05-13,OI000,LONG,4.199840497279381,11000.0,11047.0
2021-05-13,SF000,LONG,2.987603709156102,8314.0,7952.0
2021-05-13,jd000,LONG,2.2881562183899398,4878.0,4845.0
2021-05-13,RM000,LONG,1.97722525138171,3105.0,3201.0
2021-05-13,lu000,SHORT,-1.9925860817706291,3284.0,3320.0
2021-05-13,cs000,SHORT,-2.272151011998453,3318.0,3356.0
2021-05-13,bc000,SHORT,-3.5784732971192033,68150.0,68030.0
2021-05-13,ni000,SHORT,-4.685762238261375,131280.0,131580.0
2021-05-13,cu000,SHORT,-5.55489982754746,76410.0,76260.0
2021-05-14,SM000,LONG,3.166945674865815,7280.0,7118.0
2021-05-14,j000,LONG,3.0699281659993494,2696.0,2701.5
2021-05-14,pb000,LONG,2.5110317936137254,15145.0,15150.0
2021-05-14,CY000,LONG,2.351037259880898,23465.0,23600.0
2021-05-14,bc000,LONG,2.2754736492392684,66920.0,67190.0
2021-05-14,m000,SHORT,-1.3543914542043227,3604.0,3640.0
2021-05-14,RM000,SHORT,-1.4989537206860384,3024.0,3054.0
2021-05-14,hc000,SHORT,-2.0805930776350383,6319.0,6300.0
2021-05-14,ss000,SHORT,-2.0843118711629818,15210.0,15225.0
2021-05-14,au000,SHORT,-5.0563957711987415,381.86,381.66
2021-05-17,WH000,LONG,6.186834467626089,2800.0,2772.0
2021-05-17,CF000,LONG,3.3978582077493495,15720.0,15665.0
2021-05-17,a000,LONG,3.2723224170398812,6197.0,6231.0
2021-05-17,rr000,LONG,3.2559052696706483,3645.0,3647.0
2021-05-17,SR000,LONG,2.0544002306839175,5641.0,5650.0
2021-05-17,MA000,SHORT,-2.845058640551628,2719.0,2750.0
2021-05-17,ss000,SHORT,-3.558467467991969,15235.0,15220.0
2021-05-17,cu000,SHORT,-3.9010783056789995,74370.0,74370.0
2021-05-17,zn000,SHORT,-5.3200970799447616,22110.0,22100.0
2021-05-17,pb000,SHORT,-6.843634185020929,15095.0,15080.0
2021-05-18,pb000,LONG,9.479245582705676,15270.0,15290.0
2021-05-18,zn000,LONG,6.503013684773017,22870.0,22885.0
2021-05-18,rr000,LONG,4.59469315588261,3635.0,3635.0
2021-05-18,y000,LONG,3.1981105707491464,9086.0,8984.0
2021-05-18,WH000,LONG,2.7901049835116276,2776.0,2807.0
2021-05-18,bu000,SHORT,-0.3347540416468577,3324.0,3342.0
2021-05-18,al000,SHORT,-0.5742071560601545,19780.0,19755.0
2021-05-18,ag000,SHORT,-0.6675498177331209,5840.0,5843.0
2021-05-18,c000,SHORT,-1.400615995781819,2771.0,2772.0
2021-05-18,fu000,SHORT,-2.178473753700272,2509.0,2485.0
2021-05-19,al000,LONG,2.748654218238643,19550.0,19555.0
2021-05-19,cu000,LONG,2.242940900813182,75200.0,75200.0
2021-05-19,pb000,LONG,2.1431152426753948,15540.0,15540.0
2021-05-19,sn000,LONG,2.1246105994423465,199390.0,199490.0
2021-05-19,ni000,LONG,1.8717370492840482,133050.0,132960.0
2021-05-19,pp000,SHORT,-2.057935845037061,8597.0,8637.0
2021-05-19,m000,SHORT,-2.58115514623333,3585.0,3596.0
2021-05-19,hc000,SHORT,-2.607243726200623,5920.0,5949.0
2021-05-19,WH000,SHORT,-4.386318642624326,2786.0,2791.0
2021-05-19,y000,SHORT,-4.680602862906819,9002.0,9048.0
2021-05-20,SA000,LONG,4.3221094745555275,2045.0,2042.0
2021-05-20,au000,LONG,3.990411749205714,392.16,392.64
2021-05-20,ss000,LONG,2.9696647337202524,14980.0,14920.0
2021-05-20,pb000,LONG,1.7143047319428117,15445.0,15405.0
2021-05-20,jm000,LONG,1.5651586753198734,1782.5,1782.5
2021-05-20,ag000,SHORT,-2.01342567476082,5785.0,5795.0
2021-05-20,SM000,SHORT,-5.765294865773123,7190.0,7580.0
2021-05-20,WH000,SHORT,-8.0833176878706,2774.0,2783.0
2021-05-20,y000,SHORT,-8.657911365310733,8734.0,8686.0
2021-05-20,SR000,SHORT,-9.580743961172246,5575.0,5530.0
2021-05-21,CY000,LONG,3.2094300749446356,23610.0,23650.0
2021-05-21,l000,LONG,2.739316272694039,7785.0,7805.0
2021-05-21,CF000,LONG,2.406499859760232,15710.0,15745.0
2021-05-21,lu000,LONG,2.181279503959698,3028.0,3075.0
2021-05-21,WH000,LONG,2.0304504528238327,2805.0,2792.0
2021-05-21,au000,SHORT,-1.7602258913825115,392.22,391.96
2021-05-21,m000,SHORT,-1.8559339536600592,3546.0,3554.0
2021-05-21,SM000,SHORT,-1.8789453836654986,7512.0,7536.0
2021-05-21,SR000,SHORT,-2.614228365820738,5601.0,5616.0
2021-05-21,pb000,SHORT,-3.4763803955371393,15670.0,15670.0
2021-05-24,pp000,LONG,1.704400596574167,8353.0,8345.0
2021-05-24,SR000,LONG,1.5081406608274088,5565.0,5565.0
2021-05-24,OI000,LONG,1.2500473538134875,10061.0,10177.0
2021-05-24,fu000,LONG,1.0218651746092864,2320.0,2322.0
2021-05-24,a000,LONG,0.7579130753895689,5838.0,5918.0
2021-05-24,au000,SHORT,-4.993283962157413,390.18,390.42
2021-05-24,zn000,SHORT,-5.960131850927998,22370.0,22390.0
2021-05-24,rr000,SHORT,-6.61840867642756,3564.0,3569.0
2021-05-24,y000,SHORT,-6.627024930717714,8324.0,8498.0
2021-05-24,pb000,SHORT,-9.228666761808865,15560.0,15540.0
2021-05-25,RM000,LONG,8.047130241700517,2948.0,2927.0
2021-05-25,c000,LONG,3.1789686938433723,2751.0,2755.0
2021-05-25,WH000,LONG,2.3406545756081307,2781.0,2768.0
2021-05-25,CY000,LONG,1.4422849966240108,23515.0,23430.0
2021-05-25,ni000,LONG,1.3639591926389811,125790.0,125810.0
2021-05-25,j000,SHORT,-1.0596847853134794,2390.0,2392.5
2021-05-25,ag000,SHORT,-1.115660607973318,5694.0,5709.0
2021-05-25,l000,SHORT,-1.1423120428449598,7880.0,7805.0
2021-05-25,al000,SHORT,-1.392927798261161,18350.0,18345.0
2021-05-25,rr000,SHORT,-1.731723317873359,3589.0,3597.0
2021-05-26,SA000,LONG,2.364142729318328,2130.0,2132.0
2021-05-26,WH000,LONG,1.6412557488972412,2774.0,2768.0
2021-05-26,SR000,LONG,1.6389152322702443,5612.0,5618.0
2021-05-26,SM000,LONG,0.9848840547583199,7348.0,7276.0
2021-05-26,fu000,LONG,0.8670442586509152,2406.0,2405.0
2021-05-26,pp000,SHORT,-1.574961954658262,8372.0,8367.0
2021-05-26,CY000,SHORT,-2.0287613490904848,23375.0,23430.0
2021-05-26,rr000,SHORT,-3.451499080092662,3567.0,3567.0
2021-05-26,CF000,SHORT,-4.578670816094337,15630.0,15695.0
2021-05-26,cu000,SHORT,-4.746608789382304,71920.0,71830.0
2021-05-27,CF000,LONG,2.3173328325732303,15500.0,15540.0
2021-05-27,CY000,LONG,2.070099906883763,23330.0,23385.0
2021-05-27,rr000,LONG,1.6809014794959307,3564.0,3564.0
2021-05-27,jd000,LONG,1.643659507419502,4842.0,4830.0
2021-05-27,c000,LONG,1.475304256844562,2673.0,2679.0
2021-05-27,ag000,SHORT,-1.3934300685687804,5803.0,5803.0
2021-05-27,lu000,SHORT,-2.039506114178358,3165.0,3148.0
2021-05-27,cu000,SHORT,-2.2364680911099972,71900.0,71820.0
2021-05-27,WH000,SHORT,-3.418040058475774,2775.0,2771.0
2021-05-27,ss000,SHORT,-6.932279629586872,15000.0,14985.0
2021-05-28,WH000,LONG,8.305550888229579,2783.0,2767.0
2021-05-28,y000,LONG,7.057346214494698,8662.0,8592.0
2021-05-28,SR000,LONG,6.760483015535639,5531.0,5523.0
2021-05-28,SM000,LONG,4.286479788851644,7338.0,7464.0
2021-05-28,cu000,LONG,1.8584312005470003,73750.0,73680.0
2021-05-28,j000,SHORT,-1.6390759392852414,2424.0,2443.5
2021-05-28,eg000,SHORT,-1.708463954320519,4997.0,4939.0
2021-05-28,ag000,SHORT,-2.2321807282070463,5758.0,5777.0
2021-05-28,rr000,SHORT,-5.691716341349662,3593.0,3589.0
2021-05-28,ss000,SHORT,-5.72694199771245,15350.0,15335.0
2021-05-31,y000,LONG,8.881888519513298,8646.0,8608.0
2021-05-31,WH000,LONG,5.625580199793347,2772.0,2773.0
2021-05-31,SR000,LONG,4.760357099286291,5550.0,5547.0
2021-05-31,pb000,LONG,4.306236572819481,15565.0,15595.0
2021-05-31,a000,LONG,3.6573218036779416,5736.0,5750.0
2021-05-31,MA000,SHORT,-1.6497011649681295,2587.0,2570.0
2021-05-31,rr000,SHORT,-1.6979076909473654,3563.0,3567.0
2021-05-31,p000,SHORT,-2.0313792275840057,7684.0,7626.0
2021-05-31,cu000,SHORT,-2.249067724817762,74070.0,73910.0
2021-05-31,sc000,SHORT,-3.7386987905901563,430.0,430.1
2021-06-01,pb000,LONG,3.2543990164027425,15555.0,15550.0
2021-06-01,ag000,LONG,2.718248926600926,5796.0,5796.0
2021-06-01,zn000,LONG,2.2760482923784267,22635.0,22650.0
2021-06-01,l000,LONG,1.965863688947671,7835.0,7765.0
2021-06-01,cu000,LONG,1.678812307548334,73840.0,73830.0
2021-06-01,CF000,SHORT,-0.7951661528167107,15425.0,15385.0
2021-06-01,CY000,SHORT,-0.9979418495413875,23210.0,23190.0
2021-06-01,rr000,SHORT,-1.0323155023736903,3572.0,3570.0
2021-06-01,sc000,SHORT,-1.1521238846601243,429.1,428.2
2021-06-01,SR000,SHORT,-1.4086760346262435,5573.0,5584.0
2021-06-02,c000,LONG,1.9587613857128034,2702.0,2705.0
2021-06-02,ag000,LONG,1.3004924488216314,5829.0,5821.0
2021-06-02,RM000,LONG,1.0866816004120234,2979.0,2993.0
2021-06-02,al000,LONG,1.0783298737054534,18660.0,18645.0
2021-06-02,au000,LONG,1.023537305346305,394.68,393.88
2021-06-02,sc000,SHORT,-2.386755513913507,437.7,438.4
2021-06-02,CY000,SHORT,-2.5259127216299437,23555.0,23475.0
2021-06-02,y000,SHORT,-2.8702905294715024,8726.0,8738.0
2021-06-02,ss000,SHORT,-3.955464709263001,16015.0,15990.0
2021-06-02,SR000,SHORT,-4.501325728688422,5633.0,5631.0
2021-06-03,rr000,LONG,4.10373412795757,3541.0,3544.0
2021-06-03,WH000,LONG,3.9930846978115597,2763.0,2750.0
2021-06-03,RM000,LONG,3.9404649351856924,2985.0,2979.0
2021-06-03,au000,LONG,3.664968154134231,391.4,391.26
2021-06-03,ag000,LONG,2.6989050430269526,5811.0,5804.0
2021-06-03,CY000,SHORT,-0.7803510041226511,23570.0,23405.0
2021-06-03,eg000,SHORT,-0.8616165092389989,5017.0,5005.0
2021-06-03,sc000,SHORT,-1.157075032160856,443.2,443.1
2021-06-03,PF000,SHORT,-1.6707689303193627,7104.0,7080.0
2021-06-03,lu000,SHORT,-2.7562622714548524,3378.0,3324.0
2021-06-04,CY000,LONG,4.454752072647535,23550.0,23515.0
2021-06-04,ag000,LONG,3.949144586447578,5623.0,5621.0
2021-06-04,CF000,LONG,2.5815550157128966,15735.0,15745.0
2021-06-04,j000,LONG,1.3452926589240255,2580.0,2585.5
2021-06-04,cs000,LONG,1.3083269627574854,3167.0,3169.0
2021-06-04,OI000,SHORT,-1.2851369679277034,10822.0,10867.0
2021-06-04,zn000,SHORT,-1.557899832494506,22385.0,22365.0
2021-06-04,SR000,SHORT,-1.6989511965361865,5534.0,5529.0
2021-06-04,WH000,SHORT,-6.744234836223445,2747.0,2741.0
2021-06-04,bc000,SHORT,-8.425690135369214,63280.0,63150.0
2021-06-07,WH000,LONG,7.618304266576643,2741.0,2755.0
2021-06-07,a000,LONG,2.8396112734381327,5883.0,5881.0
2021-06-07,sn000,LONG,1.431334525535497,204900.0,204680.0
2021-06-07,fu000,LONG,1.3293325629788613,2615.0,2606.0
2021-06-07,CY000,LONG,1.0420750161332324,23770.0,23725.0
2021-06-07,pb000,SHORT,-2.9897181464705533,14975.0,14985.0
2021-06-07,zn000,SHORT,-3.2425040040772437,22580.0,22575.0
2021-06-07,cu000,SHORT,-5.566292549917134,71790.0,71760.0
2021-06-07,RM000,SHORT,-5.7234504191421856,3020.0,2954.0
2021-06-07,rr000,SHORT,-8.964281617346668,3548.0,3545.0
2021-06-08,pb000,LONG,5.6832563356438754,15040.0,15035.0
2021-06-08,zn000,LONG,3.813097033767048,22645.0,22575.0
2021-06-08,fu000,LONG,2.1344937497474255,2551.0,2580.0
2021-06-08,y000,LONG,2.1012896149063525,8898.0,8896.0
2021-06-08,ni000,LONG,1.501076549550045,131410.0,130790.0
2021-06-08,hc000,SHORT,-1.7633496243722806,5256.0,5265.0
2021-06-08,SR000,SHORT,-2.0592484511294824,5465.0,5464.0
2021-06-08,ag000,SHORT,-2.2616650069684887,5745.0,5746.0
2021-06-08,c000,SHORT,-2.810443621031734,2692.0,2699.0
2021-06-08,CF000,SHORT,-2.9899989428663076,15830.0,15840.0
2021-06-09,CY000,LONG,1.9151524249591485,23900.0,23785.0
2021-06-09,jd000,LONG,1.5865618284584917,4735.0,4793.0
2021-06-09,rr000,LONG,1.4949717754710647,3534.0,3534.0
2021-06-09,CJ000,LONG,1.4267299849439201,8840.0,8835.0
2021-06-09,lu000,LONG,1.3772050419405604,3395.0,3376.0
2021-06-09,pp000,SHORT,-0.8909847103381466,8107.0,8125.0
2021-06-09,fu000,SHORT,-0.9610181149887106,2612.0,2588.0
2021-06-09,ss000,SHORT,-1.2892139468997943,15715.0,15670.0
2021-06-09,SA000,SHORT,-1.931472411222075,2228.0,2231.0
2021-06-09,ag000,SHORT,-2.37895251465898,5701.0,5694.0
2021-06-10,rr000,LONG,4.678599117911586,3527.0,3528.0
2021-06-10,y000,LONG,3.5965583788607223,8688.0,8640.0
2021-06-10,cu000,LONG,2.712068367704581,71750.0,71780.0
2021-06-10,CF000,LONG,1.8402574833865415,15955.0,15930.0
2021-06-10,lu000,LONG,1.6693681740672115,3285.0,3328.0
2021-06-10,fu000,SHORT,-1.9226018352580918,2529.0,2563.0
2021-06-10,c000,SHORT,-2.0151670753701008,2706.0,2695.0
2021-06-10,hc000,SHORT,-2.265774372271725,5437.0,5406.0
2021-06-10,m000,SHORT,-3.5598556702871282,3612.0,3609.0
2021-06-10,WH000,SHORT,-4.043378812575651,2750.0,2751.0
2021-06-11,fu000,LONG,4.94735774005715,2581.0,2581.0
2021-06-11,ss000,LONG,2.269172382874488,16335.0,16285.0
2021-06-11,SM000,LONG,2.0250139031329346,7620.0,7562.0
2021-06-11,SR000,LONG,1.7802953794109035,5532.0,5525.0
2021-06-11,y000,LONG,1.7131714142565473,8694.0,8732.0
2021-06-11,al000,SHORT,-1.136246904655743,18835.0,18820.0
2021-06-11,l000,SHORT,-1.1970595186900959,7675.0,7630.0
2021-06-11,rr000,SHORT,-1.772422601123614,3534.0,3535.0
2021-06-11,WH000,SHORT,-1.914599530543148,2752.0,2754.0
2021-06-11,sn000,SHORT,-4.439221178481943,209700.0,209680.0
2021-06-15,bc000,LONG,10.530144761316972,63260.0,62610.0
2021-06-15,pb000,LONG,6.335053500189711,15335.0,15285.0
2021-06-15,c000,LONG,3.7052566980495034,2686.0,2682.0
2021-06-15,zn000,LONG,3.667287330614897,22685.0,22460.0
2021-06-15,sn000,LONG,3.2289581993082583,209140.0,205930.0
2021-06-15,fu000,SHORT,-5.074517144997357,2658.0,2637.0
2021-06-15,rr000,SHORT,-5.439386075901108,3528.0,3530.0
2021-06-15,PF000,SHORT,-5.4398611241685755,6994.0,6974.0
2021-06-15,au000,SHORT,-6.694762189288283,381.66,382.66
2021-06-15,cu000,SHORT,-13.297311253373003,70880.0,70230.0
2021-06-16,RM000,LONG,2.58719740594791,2900.0,2898.0
2021-06-16,hc000,LONG,2.1490847599486416,5415.0,5410.0
2021-06-16,m000,LONG,1.7456111241426504,3483.0,3481.0
2021-06-16,c000,LONG,1.2350657511589673,2679.0,2683.0
2021-06-16,rr000,LONG,0.8676408925021045,3531.0,3533.0
2021-06-16,pb000,SHORT,-1.2772110814727007,15225.0,15215.0
2021-06-16,y000,SHORT,-1.3689809286152184,8204.0,8220.0
2021-06-16,fu000,SHORT,-1.723143835443083,2692.0,2647.0
2021-06-16,zn000,SHORT,-2.4224125834887573,22675.0,22650.0
2021-06-16,WH000,SHORT,-2.907940750006457,2761.0,2773.0
2021-06-17,pb000,LONG,3.1587685062512185,15360.0,15370.0
2021-06-17,WH000,LONG,2.799673417441834,2774.0,2774.0
2021-06-17,l000,LONG,2.5393817140793766,7705.0,7730.0
2021-06-17,zn000,LONG,2.3346822535775726,22750.0,22730.0
2021-06-17,cu000,LONG,2.2847585442987004,69590.0,69600.0
2021-06-17,fb000,SHORT,-1.398487138732215,1408.5,1404.0
2021-06-17,SR000,SHORT,-1.7299425811800802,5397.0,5409.0
2021-06-17,SM000,SHORT,-1.8954407866890857,7264.0,7302.0
2021-06-17,eg000,SHORT,-2.6734340987208545,4802.0,4887.0
2021-06-17,pp000,SHORT,-3.440283251775711,8248.0,8289.0
2021-06-18,zn000,LONG,2.1725661980859576,21970.0,21990.0
2021-06-18,pb000,LONG,1.5382852159037883,15090.0,15095.0
2021-06-18,ss000,LONG,1.5127118060982867,16040.0,16105.0
2021-06-18,cs000,LONG,0.5843423938733582,3094.0,3097.0
2021-06-18,CF000,LONG,0.22501952885589463,15460.0,15510.0
2021-06-18,l000,SHORT,-3.2145469012772105,7670.0,7715.0
2021-06-18,SR000,SHORT,-3.240016093423805,5379.0,5401.0
2021-06-18,rr000,SHORT,-3.398326750447153,3535.0,3533.0
2021-06-18,RM000,SHORT,-3.9615509688436203,2760.0,2833.0
2021-06-18,WH000,SHORT,-4.172432847125023,2764.0,2768.0
2021-06-21,WH000,LONG,10.759845221646986,2767.0,2769.0
2021-06-21,ss000,LONG,2.999446174054233,16075.0,16040.0
2021-06-21,SR000,LONG,2.1657839822332576,5413.0,5382.0
2021-06-21,y000,LONG,1.8700177421256021,7822.0,7870.0
2021-06-21,l000,LONG,1.6701161989585895,7815.0,7825.0
2021-06-21,CY000,SHORT,-3.3212113741287173,23315.0,23175.0
2021-06-21,pb000,SHORT,-3.433414265400951,15360.0,15375.0
2021-06-21,rr000,SHORT,-4.785781018675714,3532.0,3534.0
2021-06-21,zn000,SHORT,-4.856406498712299,21495.0,21510.0
2021-06-21,cu000,SHORT,-5.128979789885076,66880.0,66710.0
2021-06-22,ss000,LONG,5.0774377844745935,16010.0,16010.0
2021-06-22,y000,LONG,2.7365429605219984,8028.0,8070.0
2021-06-22,CY000,LONG,2.504511514118856,23310.0,23265.0
2021-06-22,lu000,LONG,1.7493405269895752,3463.0,3438.0
2021-06-22,rb000,LONG,1.449878362510016,4871.0,4874.0
2021-06-22,WH000,SHORT,-1.8698970255463467,2765.0,2751.0
2021-06-22,PF000,SHORT,-2.66301682210223,6982.0,6940.0
2021-06-22,bc000,SHORT,-2.69965958534602,59800.0,59810.0
2021-06-22,zn000,SHORT,-5.68917669602026,21615.0,21630.0
2021-06-22,pb000,SHORT,-7.53886835031762,15435.0,15435.0
2021-06-23,WH000,LONG,4.218051255055023,2754.0,2759.0
2021-06-23,c000,LONG,2.2371880471049015,2587.0,2589.0
2021-06-23,y000,LONG,1.8653479707946705,8128.0,8078.0
2021-06-23,CY000,LONG,1.5819476791094271,23475.0,23460.0
2021-06-23,hc000,LONG,1.4541447362818345,5108.0,5117.0
2021-06-23,PK000,SHORT,-0.5160192171425454,9062.0,9072.0
2021-06-23,SF000,SHORT,-0.5275323711206678,8180.0,8190.0
2021-06-23,fu000,SHORT,-0.5588888570908964,2715.0,2696.0
2021-06-23,fb000,SHORT,-0.5827366355163808,1325.5,1272.0
2021-06-23,au000,SHORT,-0.9119743315332745,372.94,372.52
2021-06-24,WH000,LONG,4.3291037587747985,2759.0,2765.0
2021-06-24,SR000,LONG,1.1277238636448386,5503.0,5514.0
2021-06-24,c000,LONG,1.0831854801641663,2595.0,2599.0
2021-06-24,MA000,LONG,0.7202371505469433,2579.0,2577.0
2021-06-24,ss000,LONG,0.5803222709459583,16450.0,16465.0
2021-06-24,rr000,SHORT,-2.0703551419857784,3530.0,3532.0
2021-06-24,ag000,SHORT,-2.1606391182446885,5470.0,5478.0
2021-06-24,pp000,SHORT,-2.2107256191474725,8490.0,8505.0
2021-06-24,m000,SHORT,-2.266060357006425,3366.0,3368.0
2021-06-24,lu000,SHORT,-2.7029329340231167,3460.0,3508.0
2021-06-25,c000,LONG,3.2678216763125154,2598.0,2591.0
2021-06-25,lu000,LONG,2.8831897157478874,3510.0,3485.0
2021-06-25,WH000,LONG,2.848958033528717,2763.0,2769.0
2021-06-25,fu000,LONG,2.8117676775606384,2763.0,2738.0
2021-06-25,y000,LONG,2.110148129849124,8126.0,8076.0
2021-06-25,ag000,SHORT,-0.34778644624180527,5449.0,5450.0
2021-06-25,PF000,SHORT,-0.45111431367322224,7348.0,7344.0
2021-06-25,eg000,SHORT,-0.6093265694850719,4975.0,4975.0
2021-06-25,zn000,SHORT,-1.5231795923268039,21945.0,21940.0
2021-06-25,pb000,SHORT,-1.8953852086290186,15600.0,15605.0
2021-06-28,cu000,LONG,4.283091870044901,68640.0,68600.0
2021-06-28,bc000,LONG,3.190145619770135,61170.0,61100.0
2021-06-28,ni000,LONG,2.692813899865017,138150.0,138090.0
2021-06-28,ag000,LONG,2.667081491899947,5430.0,5440.0
2021-06-28,pb000,LONG,1.9470395852940363,15515.0,15475.0
2021-06-28,lu000,SHORT,-3.12500168472486,3540.0,3500.0
2021-06-28,jd000,SHORT,-4.035835302290311,4821.0,4838.0
2021-06-28,rr000,SHORT,-5.369730447450429,3521.0,3523.0
2021-06-28,l000,SHORT,-5.485639188560777,8170.0,8185.0
2021-06-28,a000,SHORT,-6.131648137829863,5581.0,5542.0
2021-06-29,CY000,LONG,2.8212711480465678,23670.0,23850.0
2021-06-29,lu000,LONG,2.3753138264751286,3429.0,3467.0
2021-06-29,y000,LONG,2.3298983917093192,8102.0,8140.0
2021-06-29,sc000,LONG,1.8707608093985912,460.2,460.1
2021-06-29,cu000,LONG,0.9936477910163268,68510.0,68490.0
2021-06-29,au000,SHORT,-1.9849728762776504,371.62,371.8
2021-06-29,SR000,SHORT,-2.0234666608875442,5565.0,5578.0
2021-06-29,rr000,SHORT,-2.114932987396388,3526.0,3530.0
2021-06-29,zn000,SHORT,-3.177208092231072,21875.0,21850.0
2021-06-29,pb000,SHORT,-4.848240196550427,15420.0,15385.0
2021-06-30,WH000,LONG,3.6896264669171464,2766.0,2769.0
2021-06-30,rr000,LONG,3.673751887531979,3524.0,3521.0
2021-06-30,j000,LONG,1.8750310605608327,2649.0,2639.5
2021-06-30,a000,LONG,1.3848459657653043,5553.0,5546.0
2021-06-30,cu000,LONG,1.3322501778304274,68250.0,68180.0
2021-06-30,sc000,SHORT,-0.9549905476126395,459.8,460.0
2021-06-30,m000,SHORT,-1.1205091178635753,3465.0,3459.0
2021-06-30,pp000,SHORT,-1.471733677490824,8580.0,8568.0
2021-06-30,c000,SHORT,-1.4846539824618488,2618.0,2615.0
2021-06-30,SA000,SHORT,-13.188730856362975,2205.0,2202.0
2021-07-01,sn000,LONG,1.9021530638333146,211750.0,211860.0
2021-07-01,rr000,LONG,1.7776040808166693,3518.0,3514.0
2021-07-01,sc000,LONG,1.7272768567548495,460.3,457.8
2021-07-01,pb000,LONG,1.3782924715456868,15890.0,15890.0
2021-07-01,zn000,LONG,1.2802989959707558,22175.0,22130.0
2021-07-01,WH000,SHORT,-2.0018600602775685,2771.0,2770.0
2021-07-01,ni000,SHORT,-2.840522266783846,135330.0,135170.0
2021-07-01,bc000,SHORT,-2.88737904622784,61070.0,60960.0
2021-07-01,ag000,SHORT,-3.372701526209283,5421.0,5416.0
2021-07-01,SR000,SHORT,-5.89590550440323,5634.0,5613.0
2021-07-02,pb000,LONG,5.562253580408782,15750.0,15750.0
2021-07-02,zn000,LONG,3.1666056876436706,21995.0,21980.0
2021-07-02,ss000,LONG,2.496355481323817,16445.0,16425.0
2021-07-02,cu000,LONG,1.3193968086605885,68170.0,68160.0
2021-07-02,m000,LONG,0.738301689692623,3675.0,3678.0
2021-07-02,rr000,SHORT,-1.60801749709571,3520.0,3518.0
2021-07-02,y000,SHORT,-1.656385450997907,8548.0,8514.0
2021-07-02,jm000,SHORT,-1.751406207011489,1896.5,1896.0
2021-07-02,WH000,SHORT,-2.322160721810388,2773.0,2771.0
2021-07-02,lu000,SHORT,-3.935066998304465,3507.0,3496.0
2021-07-05,a000,LONG,3.762891144992909,5744.0,5734.0
2021-07-05,CF000,LONG,3.2722638175582337,16260.0,16240.0
2021-07-05,sc000,LONG,1.920169777198234,467.8,469.3
2021-07-05,PK000,LONG,1.3176631655544615,9064.0,9062.0
2021-07-05,OI000,LONG,1.230021590379184,10275.0,10454.0
2021-07-05,ss000,SHORT,-4.350856199493367,16455.0,16470.0
2021-07-05,cu000,SHORT,-5.474940321434804,68560.0,68660.0
2021-07-05,WH000,SHORT,-5.958215871375075,2762.0,2766.0
2021-07-05,zn000,SHORT,-6.522111260172585,22100.0,22140.0
2021-07-05,pb000,SHORT,-6.575864033579838,15840.0,15865.0
2021-07-06,RM000,LONG,14.231308706147512,3068.0,3088.0
2021-07-06,WH000,LONG,5.247300339704358,2766.0,2756.0
2021-07-06,y000,LONG,3.7183081388828207,8564.0,8658.0
2021-07-06,rr000,LONG,3.557431392901873,3522.0,3520.0
2021-07-06,c000,LONG,2.924456227783423,2589.0,2601.0
2021-07-06,cu000,SHORT,-1.9279819022961326,69490.0,69560.0
2021-07-06,au000,SHORT,-2.1755746386919346,373.92,374.06
2021-07-06,bc000,SHORT,-2.679172581584466,61960.0,62010.0
2021-07-06,zn000,SHORT,-4.575609962565071,22115.0,22125.0
2021-07-06,pb000,SHORT,-4.68652013426867,15805.0,15820.0
2021-07-07,pb000,LONG,3.092087424022948,15715.0,15710.0
2021-07-07,sc000,LONG,3.044422669787737,455.8,457.1
2021-07-07,rr000,LONG,2.8285531737086793,3549.0,3550.0
2021-07-07,ag000,LONG,2.432224425554446,5455.0,5470.0
2021-07-07,ni000,LONG,2.3843208049456446,133970.0,133950.0
2021-07-07,hc000,SHORT,-1.2706955107753777,5666.0,5620.0
2021-07-07,CY000,SHORT,-1.873986519632281,24190.0,24105.0
2021-07-07,MA000,SHORT,-2.049751017871911,2560.0,2559.0
2021-07-07,ss000,SHORT,-3.1482965352452665,16585.0,16670.0
2021-07-07,WH000,SHORT,-7.61511628220635,2756.0,2757.0
2021-07-08,ss000,LONG,2.0511198894044216,17120.0,17105.0
2021-07-08,WH000,LONG,1.6134204899914424,2761.0,2756.0
2021-07-08,cu000,LONG,1.5270048960714018,69070.0,69140.0
2021-07-08,sn000,LONG,1.4003900255483368,216170.0,216600.0
2021-07-08,eg000,LONG,0.809478584907117,4990.0,5003.0
2021-07-08,bc000,SHORT,-1.2871936425830452,61630.0,61700.0
2021-07-08,j000,SHORT,-1.2894738304773001,2534.5,2540.0
2021-07-08,au000,SHORT,-1.7738165941059743,377.68,377.42
2021-07-08,rr000,SHORT,-2.1101312218110544,3537.0,3536.0
2021-07-08,pp000,SHORT,-2.1168934287847505,8415.0,8410.0
2021-07-09,sc000,LONG,4.423056107463617,442.3,443.3
2021-07-09,a000,LONG,2.8489394354889748,5897.0,5929.0
2021-07-09,p000,LONG,2.7402130999526464,7626.0,7660.0
2021-07-09,SR000,LONG,2.629303746427765,5514.0,5557.0
2021-07-09,ss000,LONG,2.0148034342003402,17140.0,17145.0
2021-07-09,c000,SHORT,-1.2457632356983048,2565.0,2568.0
2021-07-09,TA000,SHORT,-1.2529502201208855,5006.0,4990.0
2021-07-09,hc000,SHORT,-1.2809140511575066,5738.0,5723.0
2021-07-09,ag000,SHORT,-1.5279871431056393,5443.0,5444.0
2021-07-09,y000,SHORT,-1.718186814324111,8508.0,8536.0
2021-07-12,WH000,LONG,3.984042698102723,2760.0,2760.0
2021-07-12,a000,LONG,1.2227912554848306,5910.0,5965.0
2021-07-12,SR000,LONG,1.168249455436454,5550.0,5569.0
2021-07-12,CY000,LONG,0.8434314259432292,24305.0,24360.0
2021-07-12,y000,LONG,0.689202908888451,8726.0,8712.0
2021-07-12,pp000,SHORT,-2.9944157804512277,8618.0,8664.0
2021-07-12,CF000,SHORT,-3.2816291106045967,16490.0,16520.0
2021-07-12,ag000,SHORT,-3.4058492069110273,5482.0,5482.0
2021-07-12,rr000,SHORT,-4.52147370233381,3520.0,3523.0
2021-07-12,cu000,SHORT,-8.372648042074509,69750.0,69680.0
2021-07-13,pb000,LONG,1.7326839147935618,15880.0,15885.0
2021-07-13,j000,LONG,1.1639962208444337,2522.5,2529.5
2021-07-13,zn000,LONG,1.023101504417859,22075.0,22080.0
2021-07-13,WH000,LONG,0.9274155886536113,2766.0,2765.0
2021-07-13,cs000,LONG,0.6729904091601594,2955.0,2951.0
2021-07-13,y000,SHORT,-1.0151352261768143,8754.0,8710.0
2021-07-13,SR000,SHORT,-1.3294511336516601,5547.0,5546.0
2021-07-13,ag000,SHORT,-1.982792300539471,5480.0,5488.0
2021-07-13,ss000,SHORT,-2.251855084192637,17215.0,17230.0
2021-07-13,RM000,SHORT,-7.68916435353695,3036.0,3026.0
2021-07-14,WH000,LONG,4.178200601663384,2765.0,2761.0
2021-07-14,cu000,LONG,2.951378878288327,68940.0,68860.0
2021-07-14,SR000,LONG,2.4835778592029296,5499.0,5472.0
2021-07-14,rr000,LONG,2.3042315699552955,3530.0,3533.0
2021-07-14,CY000,LONG,2.2003536070368352,24605.0,24460.0
2021-07-14,au000,SHORT,-0.48055188069560956,379.18,379.16
2021-07-14,PF000,SHORT,-0.5050217397179695,7264.0,7238.0
2021-07-14,ss000,SHORT,-0.5327857866924465,17670.0,17650.0
2021-07-14,l000,SHORT,-0.5629214384661835,8255.0,8275.0
2021-07-14,bc000,SHORT,-0.6068435033484472,61480.0,61400.0
2021-07-15,CY000,LONG,1.7801136193007145,24800.0,24795.0
2021-07-15,j000,LONG,1.4749343705857472,2587.5,2581.0
2021-07-15,lu000,LONG,1.3942508113586916,3433.0,3541.0
2021-07-15,rr000,LONG,1.2189263714239218,3527.0,3534.0
2021-07-15,sc000,LONG,0.7605876802606653,452.7,452.8
2021-07-15,hc000,SHORT,-2.9583039514524616,5955.0,5945.0
2021-07-15,pp000,SHORT,-3.4811623889533787,8316.0,8408.0
2021-07-15,zn000,SHORT,-3.883682517323431,21815.0,21840.0
2021-07-15,WH000,SHORT,-4.732922418815959,2761.0,2763.0
2021-07-15,pb000,SHORT,-6.513304106532853,15645.0,15655.0
2021-07-16,SR000,LONG,3.080707362732567,5540.0,5491.0
2021-07-16,SM000,LONG,2.1813067485868913,7888.0,7940.0
2021-07-16,v000,LONG,1.6500236171559575,9135.0,9135.0
2021-07-16,WH000,LONG,1.53114543629715,2765.0,2761.0
2021-07-16,c000,LONG,1.398240416289823,2575.0,2600.0
2021-07-16,rr000,SHORT,-1.2994482846578133,3526.0,3527.0
2021-07-16,cs000,SHORT,-1.52107772720102,2951.0,2970.0
2021-07-16,zn000,SHORT,-1.929165969125496,22185.0,22210.0
2021-07-16,pb000,SHORT,-2.9079726848061553,15955.0,15945.0
2021-07-16,cu000,SHORT,-3.1801101024844285,69110.0,69190.0
2021-07-19,RM000,LONG,9.750168775476928,3144.0,3140.0
2021-07-19,CY000,LONG,8.874225712112104,24705.0,24695.0
2021-07-19,a000,LONG,3.2900416251455606,5957.0,5967.0
2021-07-19,ss000,LONG,2.8428934830116197,18910.0,18970.0
2021-07-19,CF000,LONG,2.7816319180440634,16820.0,16835.0
2021-07-19,rr000,SHORT,-1.3719114033374937,3512.0,3510.0
2021-07-19,cs000,SHORT,-1.929176315578675,2896.0,2937.0
2021-07-19,zn000,SHORT,-1.9905444137624806,22580.0,22595.0
2021-07-19,pb000,SHORT,-3.949574914336254,15835.0,15825.0
2021-07-19,cu000,SHORT,-7.11971656941552,69230.0,69160.0
2021-07-20,lu000,LONG,1.863488943547728,3233.0,3251.0
2021-07-20,l000,LONG,1.586777288727793,8280.0,8285.0
2021-07-20,CY000,LONG,1.4477095018967647,24410.0,24355.0
2021-07-20,fu000,LONG,1.0958969444502238,2429.0,2441.0
2021-07-20,ni000,LONG,1.0299329173547922,137730.0,138260.0
2021-07-20,pp000,SHORT,-3.0069785315391013,8465.0,8467.0
2021-07-20,SR000,SHORT,-3.1193095564355233,5532.0,5540.0
2021-07-20,WH000,SHORT,-3.5949371762464306,2756.0,2756.0
2021-07-20,MA000,SHORT,-3.8653618228920696,2693.0,2700.0
2021-07-20,y000,SHORT,-3.9560213143020735,8878.0,8882.0
2021-07-21,CY000,LONG,7.13434787040943,24755.0,24795.0
2021-07-21,RM000,LONG,5.885210248121264,3110.0,3133.0
2021-07-21,cu000,LONG,2.360391507356992,68570.0,68650.0
2021-07-21,WH000,LONG,2.2558703517295977,2785.0,2768.0
2021-07-21,y000,LONG,1.4304800996399976,8994.0,9038.0
2021-07-21,a000,SHORT,-1.4863981432134694,5692.0,5687.0
2021-07-21,rr000,SHORT,-1.75530392371693,3533.0,3536.0
2021-07-21,j000,SHORT,-1.9134439137874306,2722.0,2745.0
2021-07-21,au000,SHORT,-2.601542792331843,379.04,378.38
2021-07-21,SR000,SHORT,-2.7044193994410333,5608.0,5594.0
2021-07-22,rr000,LONG,3.189894942788923,3532.0,3537.0
2021-07-22,OI000,LONG,2.062735769565458,10492.0,10534.0
2021-07-22,eg000,LONG,1.693866318773617,5575.0,5541.0
2021-07-22,ss000,LONG,1.0552186178048433,18445.0,18445.0
2021-07-22,CF000,LONG,0.9560097562351136,16815.0,16715.0
2021-07-22,lu000,SHORT,-0.32206003776897263,3348.0,3325.0
2021-07-22,WH000,SHORT,-0.48552211604229606,2768.0,2775.0
2021-07-22,PF000,SHORT,-0.8064466580012385,7394.0,7330.0
2021-07-22,zn000,SHORT,-0.8173367575105,22150.0,22135.0
2021-07-22,CY000,SHORT,-3.4582644590014784,24885.0,24755.0
2021-07-23,WH000,LONG,6.79736619949375,2775.0,2770.0
2021-07-23,SR000,LONG,2.7571349901092717,5593.0,5613.0
2021-07-23,CY000,LONG,2.701859064822569,25445.0,25385.0
2021-07-23,pb000,LONG,2.1794978355326617,16300.0,16315.0
2021-07-23,sn000,LONG,2.0061391996346227,229630.0,229570.0
2021-07-23,UR000,SHORT,-0.8210220934426798,2568.0,2550.0
2021-07-23,fu000,SHORT,-0.8752481526936814,2571.0,2536.0
2021-07-23,c000,SHORT,-0.8866159154034993,2528.0,2521.0
2021-07-23,ni000,SHORT,-0.907578259563703,140870.0,140850.0
2021-07-23,rb000,SHORT,-1.37441237822988,5672.0,5666.0
2021-07-26,CY000,LONG,6.2451003322297565,25855.0,25860.0
2021-07-26,rr000,LONG,4.934753845656637,3528.0,3524.0
2021-07-26,SR000,LONG,3.02000751363371,5631.0,5628.0
2021-07-26,jd000,LONG,2.805672223541148,4583.0,4642.0
2021-07-26,cu000,LONG,2.7332482466328676,70160.0,70050.0
2021-07-26,lu000,SHORT,-1.3327617967373193,3425.0,3431.0
2021-07-26,bc000,SHORT,-2.0494067858622462,62580.0,62480.0
2021-07-26,ni000,SHORT,-3.1820976637305844,145180.0,144670.0
2021-07-26,zn000,SHORT,-4.944106072956578,22375.0,22360.0
2021-07-26,pb000,SHORT,-5.757386191279953,16225.0,16235.0
2021-07-27,FG000,LONG,4.818629494511081,2929.0,2915.0
2021-07-27,ag000,LONG,4.012199502509228,5318.0,5316.0
2021-07-27,WH000,LONG,2.570064155322306,2763.0,2764.0
2021-07-27,cu000,LONG,2.3412714399231644,72060.0,72080.0
2021-07-27,CJ000,LONG,1.8457269125034905,12995.0,13290.0
2021-07-27,sn000,SHORT,-0.3995836196714126,235670.0,235560.0
2021-07-27,pp000,SHORT,-0.5245750236763717,8445.0,8446.0
2021-07-27,au000,SHORT,-1.3155202656109843,376.64,376.88
2021-07-27,zn000,SHORT,-1.3895756906599157,22605.0,22600.0
2021-07-27,pb000,SHORT,-1.533726395200805,16160.0,16165.0
2021-07-28,SR000,LONG,4.508603529329429,5636.0,5651.0
2021-07-28,c000,LONG,3.0520674606339395,2559.0,2568.0
2021-07-28,rr000,LONG,2.872264603061358,3526.0,3523.0
2021-07-28,hc000,LONG,1.7653617607256566,5896.0,5872.0
2021-07-28,a000,LONG,1.602929655665157,5730.0,5717.0
2021-07-28,jm000,SHORT,-0.37275033580169503,2187.0,2178.0
2021-07-28,lu000,SHORT,-0.40748479240958096,3463.0,3457.0
2021-07-28,cs000,SHORT,-0.5268232586485977,2913.0,2915.0
2021-07-28,fu000,SHORT,-0.7809265845724676,2634.0,2606.0
2021-07-28,au000,SHORT,-2.9901586753055778,379.08,378.66
2021-07-29,WH000,LONG,2.8190995139557953,2762.0,2803.0
2021-07-29,rr000,LONG,1.7009316465585749,3510.0,3508.0
2021-07-29,l000,LONG,1.6007127328784008,8295.0,8295.0
2021-07-29,CF000,LONG,0.8913545927174261,17590.0,17515.0
2021-07-29,a000,LONG,0.7436084416042865,5726.0,5735.0
2021-07-29,m000,SHORT,-0.7630219105399166,3585.0,3578.0
2021-07-29,j000,SHORT,-0.8267612781447674,2952.0,2940.0
2021-07-29,pp000,SHORT,-0.9829833392462337,8535.0,8546.0
2021-07-29,SM000,SHORT,-1.053709116854918,7916.0,7960.0
2021-07-29,SR000,SHORT,-2.890796710935674,5655.0,5644.0
2021-07-30,cu000,LONG,1.9671618786201244,71900.0,71870.0
2021-07-30,SM000,LONG,1.2127166440931554,7942.0,7918.0
2021-07-30,lu000,LONG,1.0364844439821976,3474.0,3477.0
2021-07-30,ni000,LONG,0.5956984909002963,148070.0,147810.0
2021-07-30,ss000,LONG,0.5368790851854686,19935.0,19910.0
2021-07-30,j000,SHORT,-2.6286256675740134,2950.0,2962.0
2021-07-30,sc000,SHORT,-2.7645148047230172,457.9,457.3
2021-07-30,WH000,SHORT,-4.285564284227507,2780.0,2765.0
2021-07-30,zn000,SHORT,-5.032668788488999,22455.0,22430.0
2021-07-30,pb000,SHORT,-7.157173124133306,15995.0,15985.0
2021-08-02,cu000,LONG,3.98468398108576,71140.0,71210.0
2021-08-02,sc000,LONG,1.7656730692181517,455.9,455.6
2021-08-02,cs000,LONG,1.6185692809852432,2906.0,2886.0
2021-08-02,bc000,LONG,1.1124561248905027,63500.0,63530.0
2021-08-02,ni000,LONG,0.9509937536281752,144920.0,145140.0
2021-08-02,SR000,SHORT,-4.120357604239754,5555.0,5598.0
2021-08-02,WH000,SHORT,-4.585577980289163,2765.0,2765.0
2021-08-02,y000,SHORT,-6.095424766715291,8714.0,8810.0
2021-08-02,rr000,SHORT,-6.803808963956843,3507.0,3504.0
2021-08-02,pb000,SHORT,-10.765836441667899,16070.0,16065.0
2021-08-03,cu000,LONG,2.6600719460343756,70780.0,70820.0
2021-08-03,zn000,LONG,2.543219920268935,22380.0,22430.0
2021-08-03,pb000,LONG,1.688002989979727,16140.0,16160.0
2021-08-03,sn000,LONG,1.0734945861408678,232330.0,232430.0
2021-08-03,RM000,LONG,1.0455695898487534,2990.0,3003.0
2021-08-03,WH000,SHORT,-2.320411532926452,2768.0,2770.0
2021-08-03,ni000,SHORT,-2.9295439985597023,144340.0,144780.0
2021-08-03,y000,SHORT,-2.9467162797690523,8606.0,8564.0
2021-08-03,CY000,SHORT,-3.856141687019624,26970.0,26865.0
2021-08-03,rr000,SHORT,-6.6231536694087945,3520.0,3518.0
2021-08-04,y000,LONG,4.99734827741668,8598.0,8582.0
2021-08-04,WH000,LONG,4.542825747726215,2772.0,2775.0
2021-08-04,SR000,LONG,2.428444550059356,5571.0,5577.0
2021-08-04,jd000,LONG,1.4340625972835968,4631.0,4634.0
2021-08-04,a000,LONG,1.3071497591451304,5787.0,5770.0
2021-08-04,m000,SHORT,-0.5857957398047733,3579.0,3571.0
2021-08-04,c000,SHORT,-0.6290076949813619,2598.0,2596.0
2021-08-04,j000,SHORT,-0.7154611965206514,2912.0,2880.5
2021-08-04,pp000,SHORT,-1.0488387187910464,8333.0,8342.0
2021-08-04,lu000,SHORT,-1.16217055939279,3326.0,3337.0
2021-08-05,SA000,LONG,1.6335853577911161,2538.0,2543.0
2021-08-05,sn000,LONG,1.439834662295837,229480.0,229410.0
2021-08-05,au000,LONG,0.7591619498058922,378.3,378.36
2021-08-05,ag000,LONG,0.7317705379081185,5364.0,5371.0
2021-08-05,l000,LONG,0.6698387075047244,8105.0,8135.0
2021-08-05,JR000,SHORT,-1.3847271942361496,2552.0,2599.0
2021-08-05,MA000,SHORT,-1.7547753758458877,2637.0,2632.0
2021-08-05,pb000,SHORT,-2.5211396298467714,15800.0,15810.0
2021-08-05,rr000,SHORT,-2.819469825756468,3527.0,3527.0
2021-08-05,WH000,SHORT,-7.1820852335767125,2779.0,2770.0
2021-08-06,WH000,LONG,3.8374525325372333,2770.0,2768.0
2021-08-06,zn000,LONG,2.711190862161569,22390.0,22420.0
2021-08-06,sc000,LONG,2.170037383974465,428.7,428.6
2021-08-06,lu000,LONG,2.045323495657217,3309.0,3285.0
2021-08-06,pb000,LONG,1.882676424623125,15750.0,15750.0
2021-08-06,OI000,SHORT,-0.6224227176280688,10223.0,10162.0
2021-08-06,CF000,SHORT,-0.6658418518835084,17490.0,17440.0
2021-08-06,y000,SHORT,-0.7479348519868153,8862.0,8868.0
2021-08-06,ag000,SHORT,-1.292762162268919,5325.0,5315.0
2021-08-06,SA000,SHORT,-2.0237033468546595,2558.0,2557.0
2021-08-09,RM000,LONG,0.8698071030734512,2941.0,2973.0
2021-08-09,SR000,LONG,0.8452295783261271,5677.0,5693.0
2021-08-09,j000,LONG,0.7130958694989453,3006.5,3033.5
2021-08-09,ss000,LONG,0.39426952098283463,18790.0,18810.0
2021-08-09,jm000,LONG,0.2748156165318023,2388.0,2415.0
2021-08-09,ag000,SHORT,-4.977842391481234,5173.0,5174.0
2021-08-09,zn000,SHORT,-5.051313861533725,22370.0,22370.0
2021-08-09,CY000,SHORT,-5.294562415132664,27070.0,27250.0
2021-08-09,c000,SHORT,-5.820267888139913,2598.0,2604.0
2021-08-09,pb000,SHORT,-8.408886229285345,15475.0,15445.0
2021-08-10,ss000,LONG,3.6960183673722096,18120.0,18150.0
2021-08-10,fu000,LONG,3.0366793138636505,2502.0,2488.0
2021-08-10,pp000,LONG,2.135752336481228,8361.0,8344.0
2021-08-10,y000,LONG,1.5254449256888838,8938.0,8938.0
2021-08-10,rr000,LONG,1.511413273493484,3539.0,3537.0
2021-08-10,CF000,SHORT,-1.162343250138747,17685.0,17705.0
2021-08-10,PF000,SHORT,-1.2545516603368974,7184.0,7160.0
2021-08-10,zn000,SHORT,-1.3095045208303708,22215.0,22230.0
2021-08-10,al000,SHORT,-1.8372018368547238,19855.0,19855.0
2021-08-10,ag000,SHORT,-2.6498613684301686,5015.0,5055.0
2021-08-11,pp000,LONG,2.8514076177144885,8510.0,8516.0
2021-08-11,c000,LONG,1.7414976348696105,2573.0,2580.0
2021-08-11,ni000,LONG,1.419246298331397,141110.0,141190.0
2021-08-11,bc000,LONG,1.399764844934823,62550.0,62580.0
2021-08-11,a000,LONG,1.2210144355510328,5799.0,5793.0
2021-08-11,lu000,SHORT,-1.11761978870015,3312.0,3318.0
2021-08-11,jm000,SHORT,-1.4883707589400976,2242.5,2237.5
2021-08-11,j000,SHORT,-1.5679932245525352,3106.0,3103.5
2021-08-11,rr000,SHORT,-1.8948978701466064,3534.0,3533.0
2021-08-11,cu000,SHORT,-2.274648708780885,70290.0,70300.0
2021-08-12,CF000,LONG,1.917390432575717,17775.0,17820.0
2021-08-12,ag000,LONG,1.5914063822634628,5107.0,5116.0
2021-08-12,m000,LONG,1.310155881763429,3534.0,3537.0
2021-08-12,OI000,LONG,1.2461703195436262,10559.0,10584.0
2021-08-12,y000,LONG,1.2201909883079045,9220.0,9262.0
2021-08-12,SA000,SHORT,-0.8776861302113864,2714.0,2700.0
2021-08-12,a000,SHORT,-1.0519095464347414,5827.0,5800.0
2021-08-12,bc000,SHORT,-1.1579071149574907,62290.0,62330.0
2021-08-12,zn000,SHORT,-1.26728093262268,22725.0,22715.0
2021-08-12,pb000,SHORT,-1.7867092239096782,15505.0,15505.0
2021-08-13,CY000,LONG,2.132081632077416,26700.0,26475.0
2021-08-13,rr000,LONG,2.1274629666535763,3530.0,3530.0
2021-08-13,ss000,LONG,2.091435551843913,18400.0,18390.0
2021-08-13,FG000,LONG,1.0248443085999877,2725.0,2734.0
2021-08-13,SA000,LONG,0.8207481303662755,2724.0,2731.0
2021-08-13,WH000,SHORT,-1.2738633419012189,2773.0,2772.0
2021-08-13,eg000,SHORT,-1.275858843258626,5181.0,5160.0
2021-08-13,SR000,SHORT,-1.636798918602721,5958.0,5940.0
2021-08-13,y000,SHORT,-1.6665140744373619,9240.0,9248.0
2021-08-13,zn000,SHORT,-1.759631155120948,22340.0,22335.0
2021-08-16,WH000,LONG,4.339015014350737,2772.0,2777.0
2021-08-16,ss000,LONG,4.032204591208872,18360.0,18380.0
2021-08-16,MA000,LONG,2.547723073419698,2827.0,2829.0
2021-08-16,CY000,LONG,2.286828085462398,26575.0,26660.0
2021-08-16,RM000,LONG,1.9031511862554125,2955.0,2942.0
2021-08-16,SR000,SHORT,-1.793452636450787,6063.0,6019.0
2021-08-16,PF000,SHORT,-2.1252229669351395,6954.0,7046.0
2021-08-16,hc000,SHORT,-2.1723632615844437,5713.0,5741.0
2021-08-16,m000,SHORT,-2.8046940749535665,3634.0,3619.0
2021-08-16,pb000,SHORT,-6.565792232173091,15525.0,15525.0
2021-08-17,rr000,LONG,3.210459197478973,3537.0,3537.0
2021-08-17,ag000,LONG,2.645146331147183,5139.0,5146.0
2021-08-17,pb000,LONG,2.2384497505675474,15420.0,15420.0
2021-08-17,ZC000,LONG,1.9832417711882824,762.0,763.4
2021-08-17,FG000,LONG,1.9460874479983574,2762.0,2746.0
2021-08-17,sn000,SHORT,-0.773206636296213,240410.0,240360.0
2021-08-17,CY000,SHORT,-1.0397016998266524,27010.0,26670.0
2021-08-17,ss000,SHORT,-1.1827249626073488,18315.0,18320.0
2021-08-17,SM000,SHORT,-1.21224442511129,7606.0,7844.0
2021-08-17,MA000,SHORT,-2.7225118291236594,2854.0,2841.0
2021-08-18,a000,LONG,1.6002889135407032,5828.0,5828.0
2021-08-18,MA000,LONG,1.538473839283343,2875.0,2882.0
2021-08-18,WH000,LONG,1.0265529188298568,2774.0,2771.0
2021-08-18,l000,LONG,0.5718118907373505,8410.0,8435.0
2021-08-18,ag000,LONG,0.49413131871200877,5096.0,5097.0
2021-08-18,rr000,SHORT,-2.1157609898077516,3539.0,3538.0
2021-08-18,zn000,SHORT,-2.39101377047406,22675.0,22660.0
2021-08-18,cu000,SHORT,-2.6114552579269854,68570.0,68630.0
2021-08-18,y000,SHORT,-2.6799434592190914,9090.0,9168.0
2021-08-18,pb000,SHORT,-5.2120231181676315,15345.0,15340.0
2021-08-19,rr000,LONG,3.6688684486640057,3528.0,3528.0
2021-08-19,l000,LONG,2.9416322517318134,8235.0,8265.0
2021-08-19,a000,LONG,2.795948274667594,5804.0,5834.0
2021-08-19,i000,LONG,0.9262479082515437,775.5,776.0
2021-08-19,pb000,LONG,0.9040173258125712,15270.0,15260.0
2021-08-19,ni000,SHORT,-1.4099385338677095,141200.0,141350.0
2021-08-19,sn000,SHORT,-1.6696206132067237,240450.0,240850.0
2021-08-19,CY000,SHORT,-2.048330830210389,26425.0,26405.0
2021-08-19,CF000,SHORT,-3.0365549343213556,18140.0,18110.0
2021-08-19,WH000,SHORT,-5.325600345012949,2783.0,2767.0
2021-08-20,rr000,LONG,4.663698020633097,3538.0,3535.0
2021-08-20,pb000,LONG,3.9141644669562083,15175.0,15150.0
2021-08-20,fu000,LONG,3.2913316906307246,2362.0,2337.0
2021-08-20,l000,LONG,2.904508976871513,8135.0,8130.0
2021-08-20,zn000,LONG,1.9039658836382438,22275.0,22295.0
2021-08-20,SA000,SHORT,-1.663391474367396,2709.0,2701.0
2021-08-20,SR000,SHORT,-1.8583177035723444,5933.0,5919.0
2021-08-20,CY000,SHORT,-1.9899064961289405,25925.0,25930.0
2021-08-20,WH000,SHORT,-2.6367928503851474,2768.0,2770.0
2021-08-20,ss000,SHORT,-4.020674882678504,17600.0,17590.0
2021-08-23,cu000,LONG,3.5395701337521723,67540.0,67470.0
2021-08-23,jd000,LONG,3.1122744502731807,4319.0,4352.0
2021-08-23,SR000,LONG,2.9096753116090275,5875.0,5886.0
2021-08-23,pb000,LONG,2.2268855338729954,15240.0,15240.0
2021-08-23,SM000,LONG,1.8521095193379373,8038.0,8122.0
2021-08-23,lu000,SHORT,-1.2052038337202737,3110.0,3112.0
2021-08-23,MA000,SHORT,-1.2318198931790698,2810.0,2784.0
2021-08-23,sc000,SHORT,-1.450280385185437,399.3,399.0
2021-08-23,ss000,SHORT,-2.832729113039691,17535.0,17540.0
2021-08-23,rr000,SHORT,-4.663381480458642,3559.0,3559.0
2021-08-24,j000,LONG,2.2899424536993274,3175.5,3255.5
2021-08-24,bc000,LONG,2.108668482058119,60750.0,60860.0
2021-08-24,RM000,LONG,1.9775637151854932,2856.0,2850.0
2021-08-24,y000,LONG,1.7124411870264444,8872.0,8868.0
2021-08-24,m000,LONG,1.4214144965236442,3473.0,3469.0
2021-08-24,cu000,SHORT,-1.7611146139157554,68520.0,68640.0
2021-08-24,WH000,SHORT,-2.074585093565483,2779.0,2751.0
2021-08-24,a000,SHORT,-2.4336237795287436,5673.0,5659.0
2021-08-24,jd000,SHORT,-2.9830880387607217,4358.0,4414.0
2021-08-24,l000,SHORT,-4.497604774057685,8260.0,8270.0
2021-08-25,SR000,LONG,3.054592065112831,5875.0,5888.0
2021-08-25,a000,LONG,2.227652781105685,5843.0,5830.0
2021-08-25,SM000,LONG,1.4636525947765453,7864.0,7834.0
2021-08-25,l000,LONG,1.0729934289714134,8275.0,8275.0
2021-08-25,ag000,LONG,1.0565898171278192,5127.0,5133.0
2021-08-25,ss000,SHORT,-1.3637253451618996,17725.0,17730.0
2021-08-25,pb000,SHORT,-1.5131836301893813,15515.0,15525.0
2021-08-25,WH000,SHORT,-2.0869054082586422,2751.0,2713.0
2021-08-25,j000,SHORT,-2.2231773221568134,3235.5,3234.5
2021-08-25,rr000,SHORT,-3.1047248238044096,3516.0,3517.0
2021-08-26,MA000,LONG,9.768970709380936,2822.0,2822.0
2021-08-26,lu000,LONG,2.25854808300851,3334.0,3306.0
2021-08-26,SM000,LONG,1.3661813944800403,7830.0,7820.0
2021-08-26,CF000,LONG,1.295841370921554,17685.0,17665.0
2021-08-26,m000,LONG,1.0592732785612111,3511.0,3507.0
2021-08-26,zn000,SHORT,-1.2390288566810879,22605.0,22595.0
2021-08-26,l000,SHORT,-1.5581490101074345,8165.0,8160.0
2021-08-26,SA000,SHORT,-1.9256331861439946,2677.0,2684.0
2021-08-26,rr000,SHORT,-1.9445868596024072,3513.0,3524.0
2021-08-26,a000,SHORT,-2.233790715778685,5892.0,5892.0
2021-08-27,rr000,LONG,4.264682899740635,3515.0,3503.0
2021-08-27,c000,LONG,2.4553520212396056,2491.0,2499.0
2021-08-27,pp000,LONG,2.449767177017508,8139.0,8144.0
2021-08-27,WH000,LONG,2.305617676496455,2701.0,2728.0
2021-08-27,fu000,LONG,0.8786851401219999,2530.0,2527.0
2021-08-27,SM000,SHORT,-1.217744957830194,7828.0,7918.0
2021-08-27,cu000,SHORT,-1.2862883974168366,68750.0,68730.0
2021-08-27,y000,SHORT,-2.48674830190042,9046.0,9074.0
2021-08-27,CY000,SHORT,-4.741639495552716,25475.0,25505.0
2021-08-27,SA000,SHORT,-4.871532979415452,2682.0,2674.0
2021-08-30,SR000,LONG,14.413251583627282,5898.0,5878.0
2021-08-30,rr000,LONG,11.546310751288194,3539.0,3540.0
2021-08-30,WH000,LONG,7.742615646855476,2710.0,2701.0
2021-08-30,pb000,LONG,6.123315782623181,15295.0,15300.0
2021-08-30,bc000,LONG,4.409455753043171,61830.0,61610.0
2021-08-30,ag000,SHORT,-1.8391140628564748,5129.0,5129.0
2021-08-30,CF000,SHORT,-1.9086520894084518,17695.0,17555.0
2021-08-30,j000,SHORT,-2.104230117251948,3140.0,3075.5
2021-08-30,lu000,SHORT,-2.950633600025253,3403.0,3395.0
2021-08-30,MA000,SHORT,-8.286884573019638,2814.0,2796.0
2021-08-31,SR000,LONG,5.76152420840426,5872.0,5878.0
2021-08-31,pb000,LONG,1.6446453705857174,15115.0,15120.0
2021-08-31,CY000,LONG,1.3953888806519061,24975.0,25010.0
2021-08-31,zn000,LONG,1.351023183227654,22490.0,22525.0
2021-08-31,au000,LONG,1.099295699363411,377.94,377.92
2021-08-31,SA000,SHORT,-1.8481738188075136,2725.0,2717.0
2021-08-31,jd000,SHORT,-1.934142830851744,4344.0,4370.0
2021-08-31,l000,SHORT,-2.2973528514291766,8105.0,8125.0
2021-08-31,fu000,SHORT,-3.1516461456737144,2560.0,2562.0
2021-08-31,MA000,SHORT,-15.2289312233537,2810.0,2814.0
2021-09-01,cu000,LONG,2.7701409304401494,70100.0,70100.0
2021-09-01,m000,LONG,1.7403248484170513,3486.0,3486.0
2021-09-01,ZC000,LONG,1.5377498327282457,886.4,882.0
2021-09-01,FG000,LONG,1.2097532956213315,2609.0,2587.0
2021-09-01,au000,LONG,1.1108004984618025,377.5,377.1
2021-09-01,ag000,SHORT,-1.5212062391304164,5131.0,5123.0
2021-09-01,pb000,SHORT,-1.538656063374151,14930.0,14935.0
2021-09-01,RM000,SHORT,-1.659109958876788,2847.0,2852.0
2021-09-01,zn000,SHORT,-1.675163869979064,22325.0,22345.0
2021-09-01,CF000,SHORT,-4.247749743443605,17300.0,17195.0
2021-09-02,CY000,LONG,2.3763649412926253,24590.0,24585.0
2021-09-02,l000,LONG,2.3461749009373123,8110.0,8090.0
2021-09-02,ss000,LONG,1.932863745158382,17605.0,17585.0
2021-09-02,a000,LONG,1.819145905954753,5758.0,5735.0
2021-09-02,SM000,LONG,1.720587291944369,8740.0,8772.0
2021-09-02,j000,SHORT,-0.9709239269272034,3256.5,3241.5
2021-09-02,sc000,SHORT,-0.9837086186950762,439.3,437.1
2021-09-02,rr000,SHORT,-1.2777528661505233,3549.0,3550.0
2021-09-02,ni000,SHORT,-1.2805461344258953,146620.0,146340.0
2021-09-02,cu000,SHORT,-1.8135040202172499,68760.0,68660.0
2021-09-03,ag000,LONG,2.8175405374092,5115.0,5115.0
2021-09-03,y000,LONG,1.70608871041998,8934.0,8946.0
2021-09-03,MA000,LONG,1.2673514766571181,2875.0,2885.0
2021-09-03,c000,LONG,0.9378460284786747,2492.0,2496.0
2021-09-03,RI000,LONG,0.5996023409898865,2567.0,2614.0
2021-09-03,bc000,SHORT,-1.0879048448643178,61420.0,61390.0
2021-09-03,CY000,SHORT,-1.4242553751922709,25140.0,25190.0
2021-09-03,SM000,SHORT,-1.4447602096308272,8710.0,8730.0
2021-09-03,pb000,SHORT,-1.5512205614400738,15065.0,15060.0
2021-09-03,SR000,SHORT,-2.1661015056808033,5905.0,5900.0
2021-09-06,l000,LONG,8.955375452206512,8310.0,8330.0
2021-09-06,jd000,LONG,5.3267880941488,4375.0,4358.0
2021-09-06,SM000,LONG,2.8772738256491226,8796.0,8686.0
2021-09-06,SR000,LONG,2.057071803335618,5890.0,5896.0
2021-09-06,y000,LONG,1.982529074499286,9132.0,9128.0
2021-09-06,pb000,SHORT,-0.9990332050791689,15050.0,15050.0
2021-09-06,hc000,SHORT,-1.2357968706027898,5778.0,5780.0
2021-09-06,lu000,SHORT,-1.5592770637053954,3392.0,3438.0
2021-09-06,j000,SHORT,-3.8361646513803325,3460.0,3340.5
2021-09-06,CF000,SHORT,-5.117868371499339,17805.0,17865.0
2021-09-07,SR000,LONG,7.002937185883754,5928.0,5924.0
2021-09-07,j000,LONG,2.97927816046726,3545.5,3568.0
2021-09-07,y000,LONG,2.7001518891256264,9162.0,9136.0
2021-09-07,pb000,LONG,1.6309083884276674,14935.0,14965.0
2021-09-07,ag000,LONG,1.5106005754767284,5270.0,5266.0
2021-09-07,RI000,SHORT,-1.2048084638674925,2604.0,2593.0
2021-09-07,l000,SHORT,-1.3172473788388066,8420.0,8445.0
2021-09-07,pp000,SHORT,-1.4906683931078168,8439.0,8482.0
2021-09-07,rr000,SHORT,-1.6427255038344026,3549.0,3550.0
2021-09-07,WH000,SHORT,-2.1952996090267938,2798.0,2906.0
2021-09-08,pb000,LONG,2.137475454681802,14860.0,14855.0
2021-09-08,rr000,LONG,2.129601136088264,3496.0,3502.0
2021-09-08,zn000,LONG,1.6643939298295247,22580.0,22585.0
2021-09-08,WH000,LONG,1.6283348102668131,2844.0,2850.0
2021-09-08,j000,LONG,1.310983581116322,3606.5,3593.5
2021-09-08,SM000,SHORT,-0.953689863870731,8802.0,8762.0
2021-09-08,m000,SHORT,-1.4405108958307906,3507.0,3501.0
2021-09-08,y000,SHORT,-1.6041677577348592,9122.0,9140.0
2021-09-08,cu000,SHORT,-2.3812702354157715,68860.0,68870.0
2021-09-08,ZC000,SHORT,-2.579583397575558,969.0,969.8
2021-09-09,WH000,LONG,4.787707229025904,2850.0,2836.0
2021-09-09,SR000,LONG,3.8760569865611405,5918.0,5936.0
2021-09-09,l000,LONG,3.5804745715710617,8510.0,8515.0
2021-09-09,pp000,LONG,2.8109967687207593,8541.0,8544.0
2021-09-09,SM000,LONG,2.4650499674237483,8882.0,8926.0
2021-09-09,lu000,SHORT,-1.5566013086376487,3459.0,3455.0
2021-09-09,sc000,SHORT,-1.5737388297054622,451.0,450.8
2021-09-09,pb000,SHORT,-1.5947000274549081,15035.0,15045.0
2021-09-09,j000,SHORT,-1.748044701600828,3760.0,3709.0
2021-09-09,bc000,SHORT,-26.922843460822467,60800.0,60680.0
2021-09-10,pp000,LONG,3.7915452785023254,8535.0,8573.0
2021-09-10,ss000,LONG,3.3324187515057226,19740.0,19735.0
2021-09-10,y000,LONG,1.8340782767984138,9064.0,9146.0
2021-09-10,c000,LONG,1.735571992599495,2463.0,2459.0
2021-09-10,cu000,LONG,1.473494167467742,69370.0,69350.0
2021-09-10,ZC000,SHORT,-1.1741064881707923,972.0,978.2
2021-09-10,jd000,SHORT,-1.4199815899502797,4371.0,4374.0
2021-09-10,FG000,SHORT,-1.604350999187227,2547.0,2555.0
2021-09-10,zn000,SHORT,-2.167227389610848,22845.0,22850.0
2021-09-10,pb000,SHORT,-3.6996666037331303,15080.0,15075.0
2021-09-13,pb000,LONG,5.310218359600893,15150.0,15150.0
2021-09-13,SR000,LONG,3.639495571353496,5837.0,5861.0
2021-09-13,zn000,LONG,2.830505659695444,23025.0,23000.0
2021-09-13,y000,LONG,2.7641090694987516,9080.0,8980.0
2021-09-13,rr000,LONG,2.698973648159766,3495.0,3497.0
2021-09-13,FG000,SHORT,-1.5812831867064034,2457.0,2554.0
2021-09-13,ss000,SHORT,-2.3858070426214075,19590.0,19585.0
2021-09-13,JR000,SHORT,-2.773072200882337,2704.0,2789.0
2021-09-13,CY000,SHORT,-3.5364538724823302,24680.0,24965.0
2021-09-13,MA000,SHORT,-4.025282904644764,3111.0,3089.0
2021-09-14,c000,LONG,4.072206948759335,2461.0,2457.0
2021-09-14,pp000,LONG,1.8108532699316389,8545.0,8533.0
2021-09-14,hc000,LONG,1.4777910530487126,5795.0,5795.0
2021-09-14,jd000,LONG,1.2620672526901051,4316.0,4313.0
2021-09-14,l000,LONG,1.2170424329026919,8475.0,8455.0
2021-09-14,pb000,SHORT,-0.7601183143032337,14995.0,14990.0
2021-09-14,au000,SHORT,-1.0702883363549247,374.06,374.3
2021-09-14,eg000,SHORT,-1.2356527690324923,5387.0,5360.0
2021-09-14,lu000,SHORT,-1.4451806257098687,3533.0,3521.0
2021-09-14,bc000,SHORT,-16.48098690112636,62600.0,62620.0
2021-09-15,SR000,LONG,3.908259660853242,5802.0,5815.0
2021-09-15,rb000,LONG,3.4709276306015653,5458.0,5426.0
2021-09-15,rr000,LONG,3.3604291674488924,3487.0,3488.0
2021-09-15,l000,LONG,3.329360025199263,8670.0,8485.0
2021-09-15,a000,LONG,3.1074215990803884,5875.0,5897.0
2021-09-15,ag000,SHORT,-1.5857372684037572,5074.0,5078.0
2021-09-15,zn000,SHORT,-1.792520051109371,22550.0,22560.0
2021-09-15,y000,SHORT,-2.5981699422450415,8884.0,8908.0
2021-09-15,pb000,SHORT,-2.7621578703913605,14710.0,14705.0
2021-09-15,WH000,SHORT,-4.194931368301594,2862.0,2830.0
2021-09-16,SR000,LONG,15.457284781532067,5876.0,5880.0
2021-09-16,ZC000,LONG,4.06205759715459,1067.8,1074.6
2021-09-16,SM000,LONG,3.4684392099711765,10422.0,9980.0
2021-09-16,pp000,LONG,2.9000204088866126,9153.0,9286.0
2021-09-16,y000,LONG,1.793942589614398,9112.0,9070.0
2021-09-16,fb000,SHORT,-1.312981829802792,1318.5,1363.0
2021-09-16,OI000,SHORT,-1.4571919789463577,10990.0,10965.0
2021-09-16,rr000,SHORT,-2.029409073613285,3508.0,3512.0
2021-09-16,lu000,SHORT,-2.044157695306198,3564.0,3594.0
2021-09-16,rb000,SHORT,-2.339727333000691,5583.0,5599.0
2021-09-17,y000,LONG,2.136831762899058,9074.0,9046.0
2021-09-17,lu000,LONG,1.5397114600175181,3610.0,3579.0
2021-09-17,j000,LONG,1.436278586414162,3237.0,3241.0
2021-09-17,m000,LONG,1.3516354117405256,3567.0,3570.0
2021-09-17,pb000,LONG,1.3481346775314471,14550.0,14505.0
2021-09-17,fu000,SHORT,-0.8818794234493477,2787.0,2763.0
2021-09-17,l000,SHORT,-1.0463157066349837,8865.0,8870.0
2021-09-17,OI000,SHORT,-1.0536737022826608,10911.0,10913.0
2021-09-17,pp000,SHORT,-1.4377849052591396,8998.0,9007.0
2021-09-17,SR000,SHORT,-2.047424145044086,5850.0,5837.0
2021-09-22,SR000,LONG,22.40932070854266,5786.0,5758.0
2021-09-22,WH000,LONG,10.336845961129123,2800.0,2841.0
2021-09-22,l000,LONG,8.961937089335992,8860.0,8870.0
2021-09-22,SM000,LONG,7.595274862317264,10760.0,10760.0
2021-09-22,a000,LONG,7.4590932034325155,5917.0,5958.0
2021-09-22,ag000,SHORT,-2.439628066872355,4877.0,4882.0
2021-09-22,p000,SHORT,-2.5491720261487223,8228.0,8368.0
2021-09-22,pg000,SHORT,-2.7385661403358683,5627.0,5724.0
2021-09-22,v000,SHORT,-3.0951887571378505,10050.0,10335.0
2021-09-22,sc000,SHORT,-5.234921358929228,468.5,473.9
2021-09-23,SR000,LONG,28.259817253175818,5767.0,5773.0
2021-09-23,bc000,LONG,17.48647326468364,61040.0,61130.0
2021-09-23,SM000,LONG,10.265897995769315,11822.0,11898.0
2021-09-23,hc000,LONG,3.6292105771243874,5711.0,5690.0
2021-09-23,m000,LONG,3.5252119891466416,3559.0,3551.0
2021-09-23,CY000,SHORT,-0.7271535310197748,24475.0,24505.0
2021-09-23,p000,SHORT,-0.7852108662945222,8408.0,8350.0
2021-09-23,sc000,SHORT,-0.7937788175597275,475.0,474.5
2021-09-23,au000,SHORT,-1.05258382975845,372.16,372.08
2021-09-23,j000,SHORT,-1.8177607969874885,3482.5,3456.0
2021-09-24,c000,LONG,4.62333061314251,2488.0,2487.0
2021-09-24,hc000,LONG,3.3268996758786695,5597.0,5557.0
2021-09-24,m000,LONG,2.8079434047241523,3525.0,3519.0
2021-09-24,rr000,LONG,2.7218390218243,3465.0,3466.0
2021-09-24,j000,LONG,2.547258233248667,3332.0,3325.0
2021-09-24,y000,SHORT,-0.6310473681136503,9174.0,9168.0
2021-09-24,ZC000,SHORT,-1.0021920125930723,1201.0,1199.2
2021-09-24,rb000,SHORT,-1.100928650947588,5542.0,5518.0
2021-09-24,cu000,SHORT,-1.3958232791295135,69080.0,69160.0
2021-09-24,SR000,SHORT,-15.494784980146315,5773.0,5768.0
2021-09-27,SR000,LONG,14.912399496061369,5730.0,5719.0
2021-09-27,WH000,LONG,14.773193739127686,2868.0,2821.0
2021-09-27,CY000,LONG,13.644524564637642,25715.0,25125.0
2021-09-27,rb000,LONG,8.060440670455879,5572.0,5499.0
2021-09-27,OI000,LONG,7.707829291355481,11132.0,11147.0
2021-09-27,jd000,SHORT,-2.3203249573546016,4384.0,4343.0
2021-09-27,l000,SHORT,-2.4929937257575463,9420.0,9135.0
2021-09-27,SA000,SHORT,-3.509986235957955,3384.0,3255.0
2021-09-27,CF000,SHORT,-3.6272869495353204,18425.0,17900.0
2021-09-27,fu000,SHORT,-4.131371801175226,3029.0,2956.0
2021-09-28,MA000,LONG,10.233772283229156,3461.0,3443.0
2021-09-28,SR000,LONG,3.76661185671426,5781.0,5786.0
2021-09-28,c000,LONG,1.561586158153883,2476.0,2488.0
2021-09-28,pp000,LONG,1.3708604854112676,9724.0,9672.0
2021-09-28,hc000,LONG,1.3209668925196187,5612.0,5595.0
2021-09-28,ni000,SHORT,-1.952142631178014,143630.0,143820.0
2021-09-28,zn000,SHORT,-2.0784366095244384,22855.0,22840.0
2021-09-28,ss000,SHORT,-2.7899304139121615,20020.0,20100.0
2021-09-28,bc000,SHORT,-2.8373874445406684,61490.0,61470.0
2021-09-28,j000,SHORT,-3.3934909614232662,3268.5,3277.0
2021-09-29,CF000,LONG,5.667488391421781,18825.0,18870.0
2021-09-29,cu000,LONG,4.917026515142309,68600.0,68520.0
2021-09-29,CY000,LONG,4.847572365086494,26280.0,26405.0
2021-09-29,fu000,LONG,2.9414325837893602,2986.0,3028.0
2021-09-29,au000,LONG,2.837372779726464,364.3,364.22
2021-09-29,eg000,SHORT,-1.245761899939133,6020.0,6065.0
2021-09-29,m000,SHORT,-1.293506297278825,3467.0,3481.0
2021-09-29,WH000,SHORT,-1.391685333006191,2788.0,2838.0
2021-09-29,zn000,SHORT,-1.447190777209722,22660.0,22640.0
2021-09-29,pb000,SHORT,-1.6411870718884574,14425.0,14430.0
2021-09-30,fu000,LONG,5.622211966449099,2961.0,2985.0
2021-09-30,SR000,LONG,3.950803319239043,5753.0,5769.0
2021-09-30,ss000,LONG,2.7820190033222887,19505.0,19465.0
2021-09-30,cs000,LONG,1.7216564094929572,3026.0,3025.0
2021-09-30,lu000,LONG,1.4483205791377793,3657.0,3670.0
2021-09-30,lh000,SHORT,-1.8503101887179527,13960.0,13880.0
2021-09-30,a000,SHORT,-2.049168548010188,5925.0,5958.0
2021-09-30,ag000,SHORT,-2.359423807910142,4623.0,4626.0
2021-09-30,pp000,SHORT,-2.4766896895764683,9771.0,9850.0
2021-09-30,y000,SHORT,-4.6467831080393305,9322.0,9348.0
2021-10-08,WH000,LONG,15.853986059958697,2849.0,2935.0
2021-10-08,ag000,LONG,15.498272266076052,4797.0,4788.0
2021-10-08,au000,LONG,12.472030330276239,367.88,367.54
2021-10-08,FG000,LONG,9.506069442539122,2287.0,2320.0
2021-10-08,PF000,LONG,7.23560781471403,7806.0,7848.0
2021-10-08,SF000,SHORT,-3.723219431059374,16816.0,16334.0
2021-10-08,sc000,SHORT,-3.760404172689077,528.6,528.1
2021-10-08,SA000,SHORT,-4.795782029040703,3345.0,3362.0
2021-10-08,cu000,SHORT,-4.875541225597678,69620.0,68840.0
2021-10-08,CY000,SHORT,-11.410170198390551,29265.0,29265.0
2021-10-11,WH000,LONG,8.400069294043792,2952.0,2955.0
2021-10-11,SR000,LONG,6.297542047017286,5933.0,5909.0
2021-10-11,a000,LONG,5.859807009027858,6210.0,6249.0
2021-10-11,MA000,LONG,5.042753131365266,3956.0,3885.0
2021-10-11,SM000,LONG,4.269399908759033,12776.0,12890.0
2021-10-11,sc000,SHORT,-1.687780778353355,523.5,526.8
2021-10-11,bc000,SHORT,-2.175522379750371,61250.0,61360.0
2021-10-11,au000,SHORT,-2.783097346038641,367.7799999,367.96
2021-10-11,CF000,SHORT,-3.4431124951562087,21475.0,21970.0
2021-10-11,rr000,SHORT,-5.458357460822657,3469.0,3471.0
2021-10-12,cu000,LONG,5.228449268503044,71070.0,71060.0
2021-10-12,WH000,LONG,3.2474885443834642,2968.0,2966.0
2021-10-12,CF000,LONG,2.894998706725732,21220.0,21365.0
2021-10-12,pp000,LONG,2.314514589382612,10210.0,10268.0
2021-10-12,SA000,LONG,1.9680976857668548,3500.0,3515.0
2021-10-12,PF000,SHORT,-2.699343057367762,8312.0,8388.0
2021-10-12,zn000,SHORT,-2.7156172348828362,23750.0,23760.0
2021-10-12,ss000,SHORT,-2.96345552500734,20095.0,20070.0
2021-10-12,pb000,SHORT,-3.394715275317917,14890.0,14895.0
2021-10-12,SR000,SHORT,-3.700811024029029,5949.0,5965.0
2021-10-13,RM000,LONG,4.214204809423265,2645.0,2659.0
2021-10-13,ss000,LONG,3.5116364876286204,20205.0,20195.0
2021-10-13,pb000,LONG,2.2222889776775414,14795.0,14785.0
2021-10-13,ag000,LONG,2.0983315760367405,4803.0,4805.0
2021-10-13,lu000,LONG,2.0707058399435767,3900.0,3895.0
2021-10-13,pp000,SHORT,-4.277320191975156,10081.0,10214.0
2021-10-13,SR000,SHORT,-4.8998107530591595,5971.0,5976.0
2021-10-13,a000,SHORT,-4.926764775481116,6225.0,6203.0
2021-10-13,l000,SHORT,-5.15847613058472,9925.0,10000.0
2021-10-13,WH000,SHORT,-8.359853689248215,2990.0,2990.0
2021-10-14,RM000,LONG,5.928962662839438,2605.0,2583.0
2021-10-14,bc000,LONG,3.2671518834049884,64130.0,63470.0
2021-10-14,au000,LONG,3.200237187115587,373.42,373.4
2021-10-14,zn000,LONG,2.349465427631938,24790.0,24705.0
2021-10-14,pb000,LONG,2.139953118770161,15055.0,15040.0
2021-10-14,l000,SHORT,-2.3323970318172504,9455.0,9475.0
2021-10-14,lu000,SHORT,-3.039928271203103,3909.0,3873.0
2021-10-14,CF000,SHORT,-3.0421153873716436,21060.0,20925.0
2021-10-14,ag000,SHORT,-5.759846482145452,4895.0,4899.0
2021-10-14,WH000,SHORT,-10.240745593073157,2997.0,2919.0
2021-10-15,pb000,LONG,1.9602684748192165,15310.0,15300.0
2021-10-15,lu000,LONG,1.6002162537132094,4014.0,3980.0
2021-10-15,j000,LONG,1.318905089686829,3940.0,3925.0
2021-10-15,bc000,LONG,1.29137031136259,65940.0,65890.0
2021-10-15,ZC000,LONG,0.9219067539073209,1610.6,1650.0
2021-10-15,c000,SHORT,-2.445039951237062,2552.0,2550.0
2021-10-15,ss000,SHORT,-2.49081299324944,20575.0,20615.0
2021-10-15,SM000,SHORT,-2.498923004917107,11422.0,11858.0
2021-10-15,a000,SHORT,-3.578330975028431,6023.0,6032.0
2021-10-15,SR000,SHORT,-5.2051337973649945,5945.0,5952.0
2021-10-18,zn000,LONG,3.593921191325387,27450.0,27340.0
2021-10-18,jd000,LONG,2.5766564008765407,4606.0,4563.0
2021-10-18,l000,LONG,2.399782578686617,9600.0,9515.0
2021-10-18,ag000,LONG,2.1558041626553024,4951.0,4949.0
2021-10-18,CJ000,LONG,2.0007396041160677,13970.0,15210.0
2021-10-18,wr000,SHORT,-1.4696674139887507,5949.0,5739.0
2021-10-18,j000,SHORT,-1.7270854763990633,4225.0,4136.0
2021-10-18,sn000,SHORT,-1.7896582647030224,284740.0,284410.0
2021-10-18,cu000,SHORT,-1.910517859540184,75260.0,75380.0
2021-10-18,rr000,SHORT,-6.304260969534716,3409.0,3403.0
2021-10-19,SR000,LONG,3.885549770139313,5905.0,5916.0
2021-10-19,CY000,LONG,2.0901356266820703,29220.0,29335.0
2021-10-19,RM000,LONG,2.0282358017173023,2589.0,2593.0
2021-10-19,rr000,LONG,1.589984954928185,3411.0,3408.0
2021-10-19,cu000,LONG,1.515127957917679,75030.0,74950.0
2021-10-19,wr000,SHORT,-0.8052340840247934,5739.0,5816.0
2021-10-19,hc000,SHORT,-1.5852270588439166,5650.0,5638.0
2021-10-19,m000,SHORT,-1.6157434960680086,3223.0,3221.0
2021-10-19,ss000,SHORT,-3.0420805149591095,20480.0,20515.0
2021-10-19,MA000,SHORT,-4.633048773638722,3797.0,3787.0
2021-10-20,ss000,LONG,3.0057536889667227,20290.0,20260.0
2021-10-20,m000,LONG,1.6217741966268162,3248.0,3267.0
2021-10-20,fu000,LONG,1.4681218430051188,3104.0,3082.0
2021-10-20,sc000,LONG,1.2917075360907766,529.8,527.7
2021-10-20,j000,LONG,1.256998387740331,4039.0,4039.0
2021-10-20,CY000,SHORT,-2.8208268069143676,29220.0,29325.0
2021-10-20,pp000,SHORT,-3.4849172368888066,9277.0,9416.0
2021-10-20,SM000,SHORT,-7.686095089085882,11442.0,11222.0
2021-10-20,WH000,SHORT,-15.437415930725976,2891.0,2948.0
2021-10-20,SR000,SHORT,-21.91730625099258,5898.0,5915.0
2021-10-21,SR000,LONG,16.662300010413635,5951.0,5932.0
2021-10-21,WH000,LONG,6.975926473805405,2971.0,2944.0
2021-10-21,SM000,LONG,3.995438783359605,11870.0,11186.0
2021-10-21,l000,LONG,3.277498683610542,9365.0,9420.0
2021-10-21,SA000,LONG,2.787628182467308,3342.0,3338.0
2021-10-21,lh000,SHORT,-0.9782508892912415,16465.0,15815.0
2021-10-21,rb000,SHORT,-1.200153462905656,5360.0,5353.0
2021-10-21,hc000,SHORT,-1.2709994573128445,5624.0,5611.0
2021-10-21,pp000,SHORT,-1.448926441073988,9342.0,9375.0
2021-10-21,m000,SHORT,-1.5642155611857262,3248.0,3228.0
2021-10-22,m000,LONG,3.233071791785581,3269.0,3282.0
2021-10-22,pp000,LONG,3.1114336849010247,9138.0,9117.0
2021-10-22,lu000,LONG,2.2169738419055807,3986.0,3901.0
2021-10-22,c000,LONG,2.0019550905114345,2568.0,2569.0
2021-10-22,sc000,LONG,1.6740034292318793,521.0,520.7
2021-10-22,y000,SHORT,-2.425063430304081,9916.0,9882.0
2021-10-22,cu000,SHORT,-2.7403344029299843,71610.0,71770.0
2021-10-22,CY000,SHORT,-2.884234150352173,28790.0,28570.0
2021-10-22,rr000,SHORT,-4.969352698912835,3408.0,3406.0
2021-10-22,WH000,SHORT,-8.135044567329947,2930.0,2895.0
2021-10-25,CF000,LONG,9.31109902399394,21395.0,21020.0
2021-10-25,cu000,LONG,5.5704702426613135,71170.0,71120.0
2021-10-25,bc000,LONG,5.099996664132712,63500.0,63510.0
2021-10-25,l000,LONG,4.9699077740184165,9175.0,9065.0
2021-10-25,ni000,LONG,4.7348244380015085,148360.0,148530.0
2021-10-25,nr000,SHORT,-0.27488675481805513,11500.0,11290.0
2021-10-25,SM000,SHORT,-0.32809631238446774,10598.0,9996.0
2021-10-25,j000,SHORT,-0.6933471498056706,3722.5,3633.5
2021-10-25,c000,SHORT,-0.8723021678841026,2591.0,2554.0
2021-10-25,CY000,SHORT,-2.0278447142426117,29195.0,28765.0
2021-10-26,rr000,LONG,4.861123640143164,3464.0,3475.0
2021-10-26,y000,LONG,3.82927170188988,10040.0,10052.0
2021-10-26,WH000,LONG,3.3757844717281325,2934.0,2905.0
2021-10-26,RM000,LONG,2.1820863878963874,2630.0,2630.0
2021-10-26,j000,LONG,1.4282028815189323,3756.0,3790.0
2021-10-26,OI000,SHORT,-1.760505675477382,12613.0,12620.0
2021-10-26,bc000,SHORT,-1.8872573346234736,64300.0,64280.0
2021-10-26,cu000,SHORT,-1.9595742963553222,72150.0,72130.0
2021-10-26,l000,SHORT,-2.207248002396003,9010.0,9065.0
2021-10-26,a000,SHORT,-2.8067035451492828,6211.0,6206.0
2021-10-27,ss000,LONG,3.7646613400560645,20035.0,20095.0
2021-10-27,lu000,LONG,0.4535411616264275,3923.0,3969.0
2021-10-27,sp000,LONG,0.40748931497222857,4904.0,4858.0
2021-10-27,al000,LONG,0.39909493477591335,20675.0,20670.0
2021-10-27,RS000,LONG,0.36318036778505336,6499.0,6697.0
2021-10-27,SM000,SHORT,-6.561944434210488,9592.0,9262.0
2021-10-27,OI000,SHORT,-7.585536250725029,12624.0,12714.0
2021-10-27,WH000,SHORT,-9.591176808560173,2916.0,2923.0
2021-10-27,rr000,SHORT,-11.898110868809425,3437.0,3448.0
2021-10-27,SR000,SHORT,-16.789849274119724,6001.0,5990.0
2021-10-28,rr000,LONG,4.711950412967719,3438.0,3441.0
2021-10-28,OI000,LONG,3.0884581615678686,12653.0,12667.0
2021-10-28,ss000,LONG,2.1061022500783415,18565.0,18540.0
2021-10-28,i000,LONG,1.6434347416481734,688.0,684.0
2021-10-28,c000,LONG,1.5252881037464716,2604.0,2608.0
2021-10-28,bc000,SHORT,-3.361347238424832,62300.0,62110.0
2021-10-28,y000,SHORT,-3.3986359527742813,9778.0,9836.0
2021-10-28,SA000,SHORT,-3.896816644411848,2801.0,2789.0
2021-10-28,SM000,SHORT,-4.852426310936945,9180.0,9760.0
2021-10-28,WH000,SHORT,-6.0990380684831225,2923.0,2910.0
2021-10-29,ag000,LONG,3.822387663766971,4926.0,4925.0
2021-10-29,l000,LONG,2.6693972152251364,8815.0,8795.0
2021-10-29,rr000,LONG,2.5732419884178563,3439.0,3437.0
2021-10-29,jd000,LONG,2.367177283663822,4478.0,4445.0
2021-10-29,au000,LONG,1.883852333685668,372.36,372.06
2021-10-29,j000,SHORT,-1.5276213603040187,3229.5,3180.5
2021-10-29,CY000,SHORT,-1.9279416394037963,29790.0,29675.0
2021-10-29,CF000,SHORT,-1.9293775729986495,21805.0,21730.0
2021-10-29,cu000,SHORT,-2.333266585076613,70920.0,70930.0
2021-10-29,SA000,SHORT,-4.122479658764907,2883.0,2883.0
2021-11-01,au000,LONG,6.953486247850831,368.42,368.32
2021-11-01,pp000,LONG,5.0647449477953685,8761.0,8791.0
2021-11-01,MA000,LONG,3.703683900219376,2920.0,2948.0
2021-11-01,RM000,LONG,1.8267029219130742,2592.0,2638.0
2021-11-01,ag000,LONG,1.4376848537519664,4876.0,4879.0
2021-11-01,CF000,SHORT,-3.655235160789887,21535.0,21510.0
2021-11-01,ni000,SHORT,-4.282689214770243,147130.0,145720.0
2021-11-01,bc000,SHORT,-4.931688147513113,62550.0,62310.0
2021-11-01,rr000,SHORT,-5.216206109341455,3459.0,3463.0
2021-11-01,a000,SHORT,-6.114701296313186,6280.0,6241.0
2021-11-02,cu000,LONG,7.588794686535876,70140.0,70020.0
2021-11-02,l000,LONG,4.194058420269345,8756.0,8736.0
2021-11-02,jd000,LONG,3.547646233609587,4482.0,4587.0
2021-11-02,SA000,LONG,3.114827081899782,2649.0,2630.0
2021-11-02,a000,LONG,2.9407140677654957,6277.0,6278.0
2021-11-02,ss000,SHORT,-1.4770109847286435,18735.0,18700.0
2021-11-02,CF000,SHORT,-1.8706435173267402,21935.0,21780.0
2021-11-02,zn000,SHORT,-2.369968248991944,23855.0,23825.0
2021-11-02,SM000,SHORT,-2.451058118692563,9466.0,9212.0
2021-11-02,SR000,SHORT,-7.522887415066498,6003.0,5993.0
2021-11-03,l000,LONG,4.577093641178579,8640.0,8625.0
2021-11-03,cu000,LONG,4.457102050898315,69850.0,69850.0
2021-11-03,jd000,LONG,3.8820972577405026,4575.0,4623.0
2021-11-03,a000,LONG,3.000942172667174,6280.0,6287.0
2021-11-03,OI000,LONG,2.7874215447189234,12672.0,12647.0
2021-11-03,FG000,SHORT,-1.205959295934289,1656.0,1659.0
2021-11-03,pb000,SHORT,-1.242258936506681,15680.0,15675.0
2021-11-03,SM000,SHORT,-1.3494589103578736,9176.0,9348.0
2021-11-03,au000,SHORT,-1.6385194308625963,370.14,370.22
2021-11-03,pp000,SHORT,-6.577946919256012,8600.0,8558.0
2021-11-04,rr000,LONG,7.9820641039864775,3515.0,3537.0
2021-11-04,a000,LONG,4.231526698564122,6374.0,6354.0
2021-11-04,l000,LONG,3.0571053096261482,8651.0,8606.0
2021-11-04,sc000,LONG,3.0240421083537967,513.3,513.4
2021-11-04,jd000,LONG,2.6448720949062565,4606.0,4477.0
2021-11-04,fu000,SHORT,-2.6856252783528287,2777.0,2823.0
2021-11-04,SM000,SHORT,-3.184210811443584,9086.0,9062.0
2021-11-04,y000,SHORT,-5.2095933841229884,9854.0,9910.0
2021-11-04,WH000,SHORT,-6.1612007024410085,3006.0,2998.0
2021-11-04,SR000,SHORT,-8.585920610047733,5922.0,5925.0
2021-11-05,rr000,LONG,4.7786013489369745,3482.0,3487.0
2021-11-05,ag000,LONG,3.5674124682628765,4880.0,4874.0
2021-11-05,jd000,LONG,2.2537506710514235,4499.0,4475.0
2021-11-05,sc000,LONG,1.6291157332245543,513.9,515.7
2021-11-05,l000,LONG,1.4424169905830517,8821.0,8827.0
2021-11-05,pb000,SHORT,-2.5553113449076896,15550.0,15525.0
2021-11-05,ss000,SHORT,-2.676625105878208,18185.0,18150.0
2021-11-05,zn000,SHORT,-3.4133902941262404,22895.0,22950.0
2021-11-05,cu000,SHORT,-3.8593779627259126,69260.0,69180.0
2021-11-05,SR000,SHORT,-7.98379681063277,5982.0,5958.0
2021-11-08,cu000,LONG,9.063880913535824,70060.0,70010.0
2021-11-08,ss000,LONG,5.141455788843733,18445.0,18465.0
2021-11-08,CY000,LONG,3.1043050153117666,29225.0,29065.0
2021-11-08,WH000,LONG,3.077228834777895,3015.0,3010.0
2021-11-08,SR000,LONG,2.524655032455029,6101.0,6046.0
2021-11-08,l000,SHORT,-3.956540427297827,9005.0,8982.0
2021-11-08,jd000,SHORT,-4.033190911880405,4461.0,4478.0
2021-11-08,zn000,SHORT,-4.494773554336956,22980.0,23025.0
2021-11-08,a000,SHORT,-6.005431068680897,6345.0,6364.0
2021-11-08,rr000,SHORT,-6.935153264368165,3469.0,3460.0
2021-11-09,rr000,LONG,3.655941857879299,3484.0,3497.0
2021-11-09,SR000,LONG,2.2140217955565875,6057.0,6055.0
2021-11-09,CY000,LONG,1.8373851644073902,29020.0,29140.0
2021-11-09,WH000,LONG,1.7360087090461207,3005.0,3020.0
2021-11-09,ni000,LONG,1.1213501985907317,144260.0,144460.0
2021-11-09,eg000,SHORT,-1.717831643488477,5503.0,5543.0
2021-11-09,a000,SHORT,-1.8149371929759943,6302.0,6315.0
2021-11-09,zn000,SHORT,-2.0627640128954994,23135.0,23185.0
2021-11-09,pp000,SHORT,-2.197149203044293,8665.0,8695.0
2021-11-09,cu000,SHORT,-2.2462824194615223,70740.0,70710.0
2021-11-10,CF000,LONG,3.294708077399615,21570.0,21445.0
2021-11-10,RM000,LONG,3.0724156788217183,2629.0,2618.0
2021-11-10,pb000,LONG,2.852178704789093,15500.0,15530.0
2021-11-10,bc000,LONG,2.0973241551024455,61920.0,62020.0
2021-11-10,fb000,LONG,2.0618769438267206,1410.5,1418.0
2021-11-10,SM000,SHORT,-4.279361295325573,8406.0,8588.0
2021-11-10,y000,SHORT,-4.645600427163166,9220.0,9108.0
2021-11-10,rr000,SHORT,-5.302812338341808,3478.0,3476.0
2021-11-10,WH000,SHORT,-5.8513551488944895,3017.0,3019.0
2021-11-10,SR000,SHORT,-11.648187559780489,6079.0,6083.0
2021-11-11,rr000,LONG,5.66094963285621,3468.0,3474.0
2021-11-11,SR000,LONG,4.480416337677452,6027.0,6044.0
2021-11-11,y000,LONG,4.031908754249364,9462.0,9490.0
2021-11-11,l000,LONG,3.6949641872735115,8816.0,8873.0
2021-11-11,pp000,LONG,3.424618356310553,8500.0,8541.0
2021-11-11,CF000,SHORT,-1.034722625887755,21585.0,21800.0
2021-11-11,PK000,SHORT,-1.1939760019642687,8856.0,8730.0
2021-11-11,MA000,SHORT,-2.0710766568626893,2705.0,2697.0
2021-11-11,cs000,SHORT,-2.4147042007884285,3226.0,3268.0
2021-11-11,cu000,SHORT,-6.156574764972322,70090.0,69990.0
2021-11-12,rr000,LONG,3.1076533056155213,3488.0,3471.0
2021-11-12,MA000,LONG,2.3964338333306374,2669.0,2668.0
2021-11-12,jm000,LONG,1.404397425240537,2275.0,2267.5
2021-11-12,CF000,LONG,1.1316829681055223,21410.0,21475.0
2021-11-12,jd000,LONG,0.9381470611123758,4530.0,4590.0
2021-11-12,CY000,SHORT,-1.0406440593827078,29020.0,29095.0
2021-11-12,fb000,SHORT,-1.144743164534408,1391.0,1352.0
2021-11-12,au000,SHORT,-1.4507331151198557,384.2,384.16
2021-11-12,sn000,SHORT,-1.677959369256494,287740.0,287860.0
2021-11-12,WH000,SHORT,-2.827182605867292,2992.0,2951.0
2021-11-15,CY000,LONG,4.478726528419055,29130.0,29040.0
2021-11-15,ss000,LONG,3.4750981327760764,17345.0,17375.0
2021-11-15,rr000,LONG,3.307933579091761,3475.0,3472.0
2021-11-15,c000,LONG,3.2386197129024814,2648.0,2664.0
2021-11-15,au000,LONG,1.7041885115108937,383.68,383.52
2021-11-15,jd000,SHORT,-4.246907624175088,4572.0,4561.0
2021-11-15,l000,SHORT,-6.239752850056297,8911.0,9027.0
2021-11-15,y000,SHORT,-6.815370401354856,9576.0,9562.0
2021-11-15,a000,SHORT,-8.102362570346717,6427.0,6445.0
2021-11-15,SR000,SHORT,-8.898946150632876,6154.0,6121.0
2021-11-16,pb000,LONG,5.93962818715382,15230.0,15240.0
2021-11-16,y000,LONG,5.720955993144885,9588.0,9472.0
2021-11-16,SR000,LONG,4.979161263015339,6073.0,6105.0
2021-11-16,zn000,LONG,3.771536680143401,22795.0,22810.0
2021-11-16,bc000,LONG,2.7143863513101567,62840.0,62870.0
2021-11-16,CF000,SHORT,-0.6868042689870554,21805.0,21635.0
2021-11-16,ag000,SHORT,-0.8151183739738194,5136.0,5131.0
2021-11-16,rb000,SHORT,-0.8645732078430971,4206.0,4186.0
2021-11-16,CY000,SHORT,-1.5830813040576228,29665.0,29410.0
2021-11-16,nr000,SHORT,-1.8870601861234608,11775.0,11705.0
2021-11-17,rr000,LONG,3.8466008782667633,3470.0,3467.0
2021-11-17,pb000,LONG,3.385231815825609,15070.0,15065.0
2021-11-17,pp000,LONG,2.30743183665733,8349.0,8314.0
2021-11-17,zn000,LONG,2.085313506650362,22845.0,22865.0
2021-11-17,bc000,LONG,2.0540296795246658,61930.0,62020.0
2021-11-17,c000,SHORT,-1.164373627568962,2678.0,2669.0
2021-11-17,WH000,SHORT,-1.2315710213929405,2964.0,2951.0
2021-11-17,CF000,SHORT,-1.8761410666679164,21860.0,21780.0
2021-11-17,au000,SHORT,-2.97276884193562,382.2799999,383.76
2021-11-17,CY000,SHORT,-4.310259745480123,29740.0,29665.0
2021-11-18,ss000,LONG,3.6135090995164676,17485.0,17485.0
2021-11-18,jd000,LONG,1.0639865728879216,4637.0,4640.0
2021-11-18,zn000,LONG,0.924528025618055,22680.0,22690.0
2021-11-18,lu000,LONG,0.8433888661047738,3618.0,3727.0
2021-11-18,a000,LONG,0.8201400487101035,6284.0,6289.0
2021-11-18,SR000,SHORT,-1.7530309649142484,6139.0,6142.0
2021-11-18,m000,SHORT,-1.8624335057135926,3212.0,3232.0
2021-11-18,CY000,SHORT,-1.9011878022085849,29800.0,29720.0
2021-11-18,hc000,SHORT,-2.211618068057969,4426.0,4466.0
2021-11-18,rr000,SHORT,-2.753935151791592,3464.0,3463.0
2021-11-19,rr000,LONG,6.322242090656406,3445.0,3438.0
2021-11-19,a000,LONG,2.3809731137843846,6354.0,6338.0
2021-11-19,jd000,LONG,2.365805775763494,4581.0,4589.0
2021-11-19,MA000,LONG,2.298567970104188,2544.0,2517.0
2021-11-19,ss000,LONG,2.1892038109648166,17005.0,16940.0
2021-11-19,CJ000,SHORT,-0.437066124755134,15990.0,16230.0
2021-11-19,PF000,SHORT,-0.5346043569614816,6796.0,6786.0
2021-11-19,CF000,SHORT,-0.9886916049540702,21635.0,21765.0
2021-11-19,jm000,SHORT,-1.1752408952766473,1853.0,1836.0
2021-11-19,WH000,SHORT,-2.0050209059878386,2937.0,2945.0
2021-11-22,SR000,LONG,4.059937028768117,6038.0,6039.0
2021-11-22,ss000,LONG,3.9317508791960254,17300.0,17330.0
2021-11-22,ag000,LONG,3.5453407388885343,5110.0,5113.0
2021-11-22,sc000,LONG,3.044744793727147,487.1,491.5
2021-11-22,c000,LONG,3.0281730576016477,2674.0,2695.0
2021-11-22,CY000,SHORT,-2.249725671152586,29690.0,29775.0
2021-11-22,bc000,SHORT,-2.559445017040126,62960.0,62820.0
2021-11-22,zn000,SHORT,-4.379420587133518,23095.0,23075.0
2021-11-22,pb000,SHORT,-6.06595836079608,14685.0,14705.0
2021-11-22,cu000,SHORT,-6.74653289114598,70680.0,70570.0
2021-11-23,SR000,LONG,4.03800255588146,6061.0,6048.0
2021-11-23,pb000,LONG,2.5525170597202904,14975.0,14975.0
2021-11-23,bc000,LONG,1.7491859303253234,63520.0,63540.0
2021-11-23,zn000,LONG,1.3570092153407507,23910.0,23905.0
2021-11-23,WH000,LONG,1.34233787307045,2959.0,2978.0
2021-11-23,ss000,SHORT,-2.221700708747323,17530.0,17550.0
2021-11-23,CY000,SHORT,-2.2556073348905006,29410.0,29435.0
2021-11-23,pp000,SHORT,-2.440295812450624,8189.0,8199.0
2021-11-23,rr000,SHORT,-3.1567218141360023,3413.0,3411.0
2021-11-23,CF000,SHORT,-3.3924858121420773,21520.0,21610.0
2021-11-24,SR000,LONG,6.919781905234146,6023.0,6008.0
2021-11-24,WH000,LONG,5.094562498253372,2978.0,2967.0
2021-11-24,l000,LONG,4.2684282183882365,8988.0,8972.0
2021-11-24,y000,LONG,4.24446130343144,9432.0,9398.0
2021-11-24,rr000,LONG,3.6250326526413894,3414.0,3410.0
2021-11-24,pb000,SHORT,-1.089629432044832,15150.0,15180.0
2021-11-24,zn000,SHORT,-1.1296439019311826,23565.0,23565.0
2021-11-24,sc000,SHORT,-1.4053300235210424,507.7,507.2
2021-11-24,ag000,SHORT,-1.5765203850929232,4825.0,4837.0
2021-11-24,au000,SHORT,-1.6625022190362326,368.16,368.64
2021-11-25,WH000,LONG,6.380836106249023,2977.0,2960.0
2021-11-25,SR000,LONG,5.31117314783484,5970.0,5971.0
2021-11-25,CF000,LONG,2.655693755900043,21510.0,21580.0
2021-11-25,zn000,LONG,1.8103968945593334,23745.0,23725.0
2021-11-25,SM000,LONG,1.4067795679890855,8670.0,8504.0
2021-11-25,jd000,SHORT,-1.8191771035914148,4528.0,4528.0
2021-11-25,rr000,SHORT,-2.835639550731578,3408.0,3409.0
2021-11-25,ss000,SHORT,-3.3887259781462045,18250.0,18235.0
2021-11-25,cu000,SHORT,-3.8933701285586353,72020.0,72020.0
2021-11-25,RM000,SHORT,-4.237840547688273,2737.0,2748.0
2021-11-26,rr000,LONG,7.907625761790815,3434.0,3427.0
2021-11-26,pb000,LONG,4.08303956213886,15260.0,15240.0
2021-11-26,zn000,LONG,2.54468076699352,23590.0,23585.0
2021-11-26,jd000,LONG,2.158608896425035,4569.0,4514.0
2021-11-26,j000,LONG,1.8073082838234589,2710.0,2675.0
2021-11-26,fu000,SHORT,-0.9174599467589457,2871.0,2900.0
2021-11-26,SM000,SHORT,-2.758127070468524,8180.0,7920.0
2021-11-26,WH000,SHORT,-3.733845452390018,2960.0,2947.0
2021-11-26,MA000,SHORT,-11.49482134760403,2717.0,2714.0
2021-11-26,SR000,SHORT,-11.584706589466823,5955.0,5959.0
2021-11-29,SR000,LONG,7.968471362499934,5909.0,5900.0
2021-11-29,pb000,LONG,5.427600590705643,15375.0,15385.0
2021-11-29,zn000,LONG,3.9296347118698254,22815.0,22805.0
2021-11-29,MA000,LONG,3.7819927662482704,2599.0,2641.0
2021-11-29,ZC000,LONG,3.615570598894339,817.2,833.2
2021-11-29,hc000,SHORT,-2.5216606003614777,4552.0,4589.0
2021-11-29,PK000,SHORT,-2.7449894348224184,8392.0,8336.0
2021-11-29,ag000,SHORT,-2.872717863109718,4869.0,4887.0
2021-11-29,a000,SHORT,-2.9816573016759502,6098.0,6138.0
2021-11-29,ss000,SHORT,-3.811439126677654,17260.0,17255.0
2021-11-30,SR000,LONG,3.5572038059207403,5903.0,5918.0
2021-11-30,y000,LONG,2.588480412714363,9148.0,9356.0
2021-11-30,lu000,LONG,1.5754085726838118,3368.0,3423.0
2021-11-30,ni000,LONG,0.5408410589455624,148750.0,148620.0
2021-11-30,OI000,LONG,0.3314736003689955,12381.0,12557.0
2021-11-30,WH000,SHORT,-3.61261782440337,2926.0,2928.0
2021-11-30,ss000,SHORT,-3.986481456831973,17095.0,17095.0
2021-11-30,bc000,SHORT,-4.117470014063386,62480.0,62380.0
2021-11-30,zn000,SHORT,-8.58626480242261,22915.0,22910.0
2021-11-30,pb000,SHORT,-10.107011360002126,15355.0,15385.0
2021-12-01,SR000,LONG,4.554003524750354,5815.0,5876.0
2021-12-01,zn000,LONG,3.8120462187771156,22920.0,22940.0
2021-12-01,rr000,LONG,3.417153165897739,3405.0,3406.0
2021-12-01,pb000,LONG,3.297427661008065,15240.0,15220.0
2021-12-01,y000,LONG,2.5390172311387325,9042.0,9006.0
2021-12-01,ss000,SHORT,-0.9071801369830496,16995.0,16995.0
2021-12-01,cu000,SHORT,-1.116918778184713,69160.0,69210.0
2021-12-01,CF000,SHORT,-1.1184153385695619,20020.0,20090.0
2021-12-01,TA000,SHORT,-1.1351953872835534,4468.0,4448.0
2021-12-01,CY000,SHORT,-1.2012775237222892,27450.0,27545.0
2021-12-02,ss000,LONG,2.164292678027206,17090.0,17095.0
2021-12-02,l000,LONG,1.7830482439923583,8458.0,8510.0
2021-12-02,pp000,LONG,1.5469086468500977,8102.0,8144.0
2021-12-02,a000,LONG,0.9929217422352701,6118.0,6133.0
2021-12-02,RS000,LONG,0.8054632974387361,6413.0,6391.0
2021-12-02,SM000,SHORT,-2.047959825358429,8310.0,8232.0
2021-12-02,al000,SHORT,-2.1332499966774687,18945.0,18935.0
2021-12-02,y000,SHORT,-2.8700316792151543,8998.0,9032.0
2021-12-02,WH000,SHORT,-3.989138477277935,2958.0,2935.0
2021-12-02,SR000,SHORT,-5.676493485252149,5839.0,5850.0
2021-12-03,bc000,LONG,3.3115595731253085,61650.0,61490.0
2021-12-03,SR000,LONG,2.430954881765716,5796.0,5803.0
2021-12-03,ni000,LONG,2.001249847017668,148450.0,148160.0
2021-12-03,RS000,LONG,1.3204993560457237,6422.0,6425.0
2021-12-03,SM000,LONG,1.2678976485268092,8300.0,8264.0
2021-12-03,ag000,SHORT,-1.7250989369754655,4724.0,4717.0
2021-12-03,m000,SHORT,-1.951719842881423,3094.0,3059.0
2021-12-03,hc000,SHORT,-2.052420261855153,4566.0,4564.0
2021-12-03,sn000,SHORT,-2.1853643453825162,286930.0,287040.0
2021-12-03,WH000,SHORT,-4.5814828178707385,2935.0,2946.0
2021-12-06,SR000,LONG,6.497663464206851,5809.0,5797.0
2021-12-06,al000,LONG,4.856107831827988,18955.0,19005.0
2021-12-06,WH000,LONG,2.6501294669611535,2935.0,2937.0
2021-12-06,y000,LONG,1.9135359409317352,9322.0,9334.0
2021-12-06,RM000,LONG,1.848016245250521,2713.0,2730.0
2021-12-06,au000,SHORT,-2.551479277830448,367.2,366.16
2021-12-06,ss000,SHORT,-3.303909142437684,16885.0,16890.0
2021-12-06,ag000,SHORT,-3.4057950929080403,4733.0,4683.0
2021-12-06,l000,SHORT,-4.188221835746929,8654.0,8678.0
2021-12-06,cu000,SHORT,-5.337017675683526,69290.0,69240.0
2021-12-07,WH000,LONG,5.6870215116986245,2937.0,2932.0
2021-12-07,y000,LONG,4.0372451821529936,9332.0,9310.0
2021-12-07,SR000,LONG,3.1575269656725604,5908.0,5888.0
2021-12-07,rr000,LONG,2.6445261366207404,3419.0,3417.0
2021-12-07,a000,LONG,1.7075535982441368,6120.0,6135.0
2021-12-07,p000,SHORT,-0.974711972185091,9588.0,9518.0
2021-12-07,zn000,SHORT,-1.0628722316216703,22890.0,22880.0
2021-12-07,ag000,SHORT,-1.0769950262201502,4713.0,4709.0
2021-12-07,cu000,SHORT,-1.4344358435680045,69640.0,69640.0
2021-12-07,ss000,SHORT,-1.5611475330268776,16880.0,16920.0
2021-12-08,al000,LONG,1.8967147354415381,18885.0,18915.0
2021-12-08,ss000,LONG,1.5921606151237542,16385.0,16385.0
2021-12-08,OI000,LONG,1.1411832615112598,12932.0,12998.0
2021-12-08,cu000,LONG,1.0062277412701885,69800.0,69810.0
2021-12-08,c000,LONG,0.5491974434585669,2713.0,2706.0
2021-12-08,WH000,SHORT,-3.2048995943375265,2933.0,2941.0
2021-12-08,jd000,SHORT,-4.393996936710936,4277.0,4247.0
2021-12-08,rr000,SHORT,-4.69898327393195,3388.0,3390.0
2021-12-08,l000,SHORT,-5.266351019464717,8533.0,8540.0
2021-12-08,SR000,SHORT,-5.3378286341625,5900.0,5888.0
2021-12-09,WH000,LONG,3.644830222859008,2941.0,2928.0
2021-12-09,bc000,LONG,3.373840300564276,62020.0,61910.0
2021-12-09,c000,LONG,2.944044121622502,2713.0,2711.0
2021-12-09,pb000,LONG,2.5811965536895336,15445.0,15405.0
2021-12-09,SR000,LONG,2.519284124927601,5885.0,5873.0
2021-12-09,au000,SHORT,-1.0011826439781824,366.32,366.3399999
2021-12-09,CF000,SHORT,-1.4044161789028495,19495.0,19525.0
2021-12-09,ag000,SHORT,-1.7220918610434521,4709.0,4711.0
2021-12-09,ss000,SHORT,-2.1614613366126165,16110.0,16080.0
2021-12-09,CY000,SHORT,-3.248353641749582,26405.0,26510.0
2021-12-10,SR000,LONG,2.7946141372461937,5820.0,5820.0
2021-12-10,m000,LONG,2.004491503892934,3113.0,3091.0
2021-12-10,jd000,LONG,1.9109801874611763,4165.0,4138.0
2021-12-10,CF000,LONG,1.7775595414027547,19490.0,19505.0
2021-12-10,OI000,LONG,1.7764171446256658,12698.0,12658.0
2021-12-10,ag000,SHORT,-1.1164921260180976,4653.0,4656.0
2021-12-10,SA000,SHORT,-1.1648677088910782,2244.0,2249.0
2021-12-10,bc000,SHORT,-1.246267755468851,61530.0,61580.0
2021-12-10,lu000,SHORT,-1.4185984934171423,3456.0,3479.0
2021-12-10,CY000,SHORT,-1.4299663470620863,26185.0,26190.0
2021-12-13,j000,LONG,2.6037094616830974,2875.5,2873.0
2021-12-13,lu000,LONG,2.568209168566627,3568.0,3513.0
2021-12-13,a000,LONG,2.2549135714914166,5946.0,5914.0
2021-12-13,l000,LONG,2.1778213596291494,8311.0,8321.0
2021-12-13,c000,LONG,2.165531118602813,2734.0,2730.0
2021-12-13,zn000,SHORT,-2.3941642301731574,23515.0,23535.0
2021-12-13,y000,SHORT,-2.9102905246788726,8346.0,8430.0
2021-12-13,bc000,SHORT,-3.3318164719462704,61490.0,61450.0
2021-12-13,pp000,SHORT,-4.102117360801448,7979.0,7914.0
2021-12-13,pb000,SHORT,-6.112976536534732,15695.0,15720.0
2021-12-14,RM000,LONG,2.53624015554632,2823.0,2822.0
2021-12-14,SR000,LONG,1.4881253674819634,5822.0,5823.0
2021-12-14,bc000,LONG,1.4646116313023279,61110.0,61130.0
2021-12-14,y000,LONG,1.2466102698227701,8326.0,8394.0
2021-12-14,a000,LONG,1.0412473377306053,5927.0,5927.0
2021-12-14,eg000,SHORT,-1.3407364415963288,4881.0,4892.0
2021-12-14,l000,SHORT,-1.5417954960438747,8572.0,8568.0
2021-12-14,pp000,SHORT,-2.007417527881988,8188.0,8184.0
2021-12-14,SA000,SHORT,-2.853761474614518,2289.0,2276.0
2021-12-14,rr000,SHORT,-2.9900729494366187,3359.0,3354.0
2021-12-15,WH000,LONG,2.617104971997629,2964.0,2956.0
2021-12-15,zn000,LONG,1.3873226593176389,23330.0,23325.0
2021-12-15,pb000,LONG,1.3397569691172824,15500.0,15495.0
2021-12-15,sn000,LONG,0.6015541090334391,283590.0,283930.0
2021-12-15,cs000,LONG,0.5494028644689524,3161.0,3157.0
2021-12-15,m000,SHORT,-1.1054156866440383,3125.0,3111.0
2021-12-15,j000,SHORT,-1.6177375604590125,2977.0,2984.5
2021-12-15,rr000,SHORT,-2.4164003838003265,3350.0,3354.0
2021-12-15,CY000,SHORT,-2.6878000702775746,25930.0,26050.0
2021-12-15,SR000,SHORT,-4.298538743773162,5793.0,5799.0
2021-12-16,m000,LONG,3.811150516752514,3127.0,3138.0
2021-12-16,l000,LONG,2.8348379672745003,8384.0,8377.0
2021-12-16,ag000,LONG,2.5370426389446274,4627.0,4620.0
2021-12-16,WH000,LONG,2.459353230755188,2932.0,2944.0
2021-12-16,a000,LONG,2.4048831328332847,5924.0,5884.0
2021-12-16,sn000,SHORT,-0.39078519993436717,277650.0,277680.0
2021-12-16,ZC000,SHORT,-0.7612116246120977,714.8,702.4
2021-12-16,zn000,SHORT,-0.8704449575035846,23105.0,23085.0
2021-12-16,fu000,SHORT,-0.872992540118683,2713.0,2640.0
2021-12-16,cu000,SHORT,-2.1882890045632037,67330.0,67230.0
2021-12-17,SR000,LONG,3.177807792982178,5816.0,5769.0
2021-12-17,WH000,LONG,2.284763926401497,2944.0,2948.0
2021-12-17,ni000,LONG,1.711022609699299,144830.0,144220.0
2021-12-17,bc000,LONG,1.6928166782681588,61330.0,61360.0
2021-12-17,m000,LONG,1.2860975904944834,3172.0,3149.0
2021-12-17,cu000,SHORT,-0.9803554562921208,69200.0,69240.0
2021-12-17,j000,SHORT,-1.0541225329615749,3074.5,3078.0
2021-12-17,y000,SHORT,-1.8449086409857418,8394.0,8388.0
2021-12-17,pp000,SHORT,-2.2833929489535043,8156.0,8166.0
2021-12-17,ss000,SHORT,-2.6527208188467513,16175.0,16150.0
2021-12-20,SR000,LONG,9.043292265959124,5755.0,5774.0
2021-12-20,ss000,LONG,3.6448722722526616,16020.0,16020.0
2021-12-20,ag000,LONG,1.656929856154393,4803.0,4806.0
2021-12-20,CF000,LONG,1.5546054010263486,19870.0,19870.0
2021-12-20,ni000,LONG,1.206362358188832,145540.0,145770.0
2021-12-20,MA000,SHORT,-2.311098140158688,2678.0,2728.0
2021-12-20,PK000,SHORT,-2.330053537789734,8198.0,8066.0
2021-12-20,fb000,SHORT,-2.4271146844100313,1272.0,1270.0
2021-12-20,cu000,SHORT,-3.2742220000172915,69040.0,69100.0
2021-12-20,m000,SHORT,-3.345169619313333,3172.0,3156.0
2021-12-21,pb000,LONG,2.9001038015966096,15495.0,15530.0
2021-12-21,SR000,LONG,2.6915071934591026,5675.0,5691.0
2021-12-21,lu000,LONG,2.1431838233356793,3388.0,3326.0
2021-12-21,hc000,LONG,1.5295550132625249,4592.0,4627.0
2021-12-21,ss000,LONG,0.8905958303778656,16105.0,16100.0
2021-12-21,l000,SHORT,-2.200425310909027,8516.0,8482.0
2021-12-21,OI000,SHORT,-2.500036214753585,11880.0,11855.0
2021-12-21,cu000,SHORT,-3.156090729642528,69080.0,68950.0
2021-12-21,WH000,SHORT,-3.51486073800179,2935.0,2942.0
2021-12-21,rr000,SHORT,-4.135806279502543,3331.0,3340.0
2021-12-22,pb000,LONG,3.553919726515649,15410.0,15420.0
2021-12-22,zn000,LONG,2.1710225233991034,23780.0,23780.0
2021-12-22,m000,LONG,1.8880400669513624,3190.0,3179.0
2021-12-22,WH000,LONG,1.8057767843395354,2926.0,2936.0
2021-12-22,SR000,LONG,1.4336547177583114,5730.0,5721.0
2021-12-22,au000,SHORT,-0.9700790982916581,368.7799999,368.76
2021-12-22,j000,SHORT,-1.0923905724984937,3091.0,3085.0
2021-12-22,rr000,SHORT,-1.3955566827519508,3329.0,3327.0
2021-12-22,CF000,SHORT,-1.768475650691412,19775.0,19755.0
2021-12-22,MA000,SHORT,-2.8100997741311384,2580.0,2581.0
2021-12-23,MA000,LONG,2.1535236834760294,2558.0,2542.0
2021-12-23,rr000,LONG,1.9435846933995335,3347.0,3343.0
2021-12-23,m000,LONG,1.861062508733459,3209.0,3219.0
2021-12-23,ss000,LONG,1.5705716947566788,16385.0,16365.0
2021-12-23,l000,LONG,1.4272971985669975,8490.0,8456.0
2021-12-23,ag000,SHORT,-0.6277421598499551,4857.0,4846.0
2021-12-23,CF000,SHORT,-0.7310840422766844,19995.0,19930.0
2021-12-23,ni000,SHORT,-1.233097295777541,146770.0,146610.0
2021-12-23,zn000,SHORT,-2.029023116217341,24460.0,24460.0
2021-12-23,pb000,SHORT,-2.8800898331227187,15660.0,15655.0
2021-12-24,WH000,LONG,7.8477540853494805,2948.0,2940.0
2021-12-24,SR000,LONG,3.762191166946716,5749.0,5761.0
2021-12-24,CY000,LONG,2.3439036498077663,27010.0,27040.0
2021-12-24,cu000,LONG,2.30963086308949,70050.0,69990.0
2021-12-24,sn000,LONG,1.9306908019785753,288820.0,287570.0
2021-12-24,TA000,SHORT,-0.3890065027869547,4872.0,4836.0
2021-12-24,MA000,SHORT,-0.3927009563365981,2636.0,2638.0
2021-12-24,i000,SHORT,-0.48659411811335235,712.0,706.5
2021-12-24,ag000,SHORT,-1.0494106760452364,4866.0,4861.0
2021-12-24,rr000,SHORT,-1.6277947819413483,3355.0,3348.0
2021-12-27,ag000,LONG,2.352490120698268,4865.0,4864.0
2021-12-27,CY000,LONG,1.898136064268625,26880.0,26990.0
2021-12-27,pp000,LONG,1.1964000224671654,8053.0,8200.0
2021-12-27,fu000,LONG,0.7988455967611131,2749.0,2775.0
2021-12-27,sn000,LONG,0.737574649332522,288360.0,288550.0
2021-12-27,WH000,SHORT,-3.083650692402931,2915.0,2931.0
2021-12-27,rb000,SHORT,-3.168445760419901,4358.0,4422.0
2021-12-27,cu000,SHORT,-3.9904228213307,69700.0,69690.0
2021-12-27,y000,SHORT,-4.5192203848602865,8768.0,8816.0
2021-12-27,rr000,SHORT,-7.219111815208286,3356.0,3360.0
2021-12-28,au000,LONG,2.1093024621651546,373.7799999,373.86
2021-12-28,ag000,LONG,2.0315319541619066,4880.0,4875.0
2021-12-28,y000,LONG,1.8753760081919537,8832.0,8798.0
2021-12-28,WH000,LONG,1.6405069408222361,2931.0,2936.0
2021-12-28,MA000,LONG,1.1121887276792033,2542.0,2535.0
2021-12-28,hc000,SHORT,-0.6876284171627628,4456.0,4449.0
2021-12-28,cu000,SHORT,-0.7041243383311063,70620.0,70580.0
2021-12-28,c000,SHORT,-0.9889402965533121,2691.0,2689.0
2021-12-28,lu000,SHORT,-1.0606215109729014,3686.0,3619.0
2021-12-28,pb000,SHORT,-1.6556568927770023,15470.0,15470.0
2021-12-29,SR000,LONG,8.666264841275128,5732.0,5748.0
2021-12-29,fu000,LONG,5.18340240565132,2844.0,2854.0
2021-12-29,ss000,LONG,1.7710313437960636,16730.0,16795.0
2021-12-29,rr000,LONG,1.3616129171684033,3319.0,3321.0
2021-12-29,SM000,LONG,1.1515107716172033,8442.0,8458.0
2021-12-29,pp000,SHORT,-1.4288679520205136,8015.0,8000.0
2021-12-29,CY000,SHORT,-1.462884082621354,27115.0,27270.0
2021-12-29,au000,SHORT,-1.629623109626631,373.64,373.72
2021-12-29,nr000,SHORT,-2.6248746901947406,11525.0,11480.0
2021-12-29,ag000,SHORT,-2.666599012632486,4855.0,4848.0
2021-12-30,fu000,LONG,2.8012378251250385,2868.0,2833.0
2021-12-30,WH000,LONG,1.4617618958074508,2946.0,2935.0
2021-12-30,bc000,LONG,1.2412485856702844,62590.0,62610.0
2021-12-30,m000,LONG,0.8079343839422153,3225.0,3216.0
2021-12-30,pb000,LONG,0.777150381162351,15370.0,15350.0
2021-12-30,au000,SHORT,-1.397013453496383,372.16,371.36
2021-12-30,MA000,SHORT,-1.4935315075893025,2533.0,2541.0
2021-12-30,SR000,SHORT,-1.5365988079809019,5732.0,5721.0
2021-12-30,rr000,SHORT,-2.5616100128631003,3316.0,3319.0
2021-12-30,sn000,SHORT,-4.5042584256726945,291350.0,290950.0
2021-12-31,l000,LONG,2.1090247371278514,8541.0,8560.0
2021-12-31,jd000,LONG,1.6227148304060364,4134.0,4138.0
2021-12-31,pp000,LONG,1.5500911249632832,8134.0,8158.0
2021-12-31,SR000,LONG,1.4533480874695968,5757.0,5763.0
2021-12-31,ss000,LONG,0.9365492176054689,17160.0,17115.0
2021-12-31,pb000,SHORT,-1.169992084106465,15405.0,15400.0
2021-12-31,WH000,SHORT,-1.3079788579016511,2946.0,2946.0
2021-12-31,zn000,SHORT,-1.3929764851861433,24385.0,24390.0
2021-12-31,bc000,SHORT,-1.5725189053965078,62810.0,62770.0
2021-12-31,RM000,SHORT,-4.0130323468553595,2885.0,2905.0
2022-01-04,a000,LONG,8.062076030368996,5745.0,5847.0
2022-01-04,WH000,LONG,5.968863536862484,2946.0,2959.0
2022-01-04,OI000,LONG,5.669689517419434,12338.0,12039.0
2022-01-04,bc000,LONG,4.345914746980887,62350.0,62230.0
2022-01-04,pb000,LONG,3.9049401868586355,15435.0,15385.0
2022-01-04,sc000,SHORT,-2.585064986600701,495.3,494.1
2022-01-04,ss000,SHORT,-3.1394916010811857,17200.0,17230.0
2022-01-04,CY000,SHORT,-6.009294146350269,27865.0,27980.0
2022-01-04,au000,SHORT,-8.143881627120855,372.0,371.74
2022-01-04,ag000,SHORT,-8.784857547996001,4822.0,4774.0
2022-01-05,bc000,LONG,4.080749297148074,62910.0,63060.0
2022-01-05,l000,LONG,1.9464933268122093,8661.0,8688.0
2022-01-05,WH000,LONG,1.7832374956765475,2959.0,2944.0
2022-01-05,jd000,LONG,1.7739266958663795,4146.0,4120.0
2022-01-05,y000,LONG,1.5413716257736083,9122.0,9012.0
2022-01-05,al000,SHORT,-0.6681148950063541,20315.0,20360.0
2022-01-05,m000,SHORT,-0.6804785376245256,3293.0,3247.0
2022-01-05,j000,SHORT,-0.8253258086686813,3126.5,3095.0
2022-01-05,sn000,SHORT,-0.895193743348094,296650.0,297190.0
2022-01-05,au000,SHORT,-2.2491179937206365,373.3,373.44
2022-01-06,CY000,LONG,2.276512154023124,28225.0,28300.0
2022-01-06,SR000,LONG,1.881131036281683,5733.0,5762.0
2022-01-06,ag000,LONG,1.010332565471445,4803.0,4802.0
2022-01-06,y000,LONG,0.9776703243290144,8968.0,9012.0
2022-01-06,RM000,LONG,0.7480017332812099,2960.0,2960.0
2022-01-06,ss000,SHORT,-1.705815147552045,17060.0,17070.0
2022-01-06,c000,SHORT,-2.0426592717211016,2697.0,2699.0
2022-01-06,zn000,SHORT,-2.94909843700988,24415.0,24460.0
2022-01-06,pb000,SHORT,-3.5959049539912638,15140.0,15140.0
2022-01-06,WH000,SHORT,-4.989597097162502,2936.0,2961.0
2022-01-07,CF000,LONG,2.838166770308516,20985.0,20950.0
2022-01-07,pp000,LONG,1.8051783228308085,8314.0,8336.0
2022-01-07,SR000,LONG,1.6841204600655142,5690.0,5717.0
2022-01-07,ss000,LONG,1.6791677058100647,16770.0,16790.0
2022-01-07,m000,LONG,1.6661478822072249,3224.0,3233.0
2022-01-07,fu000,SHORT,-0.7973452017358034,2952.0,2931.0
2022-01-07,ni000,SHORT,-1.0079759285594405,149860.0,149630.0
2022-01-07,lu000,SHORT,-1.0207446095936874,3792.0,3769.0
2022-01-07,bc000,SHORT,-1.6203386388636947,61610.0,61550.0
2022-01-07,l000,SHORT,-2.9379388940611313,8781.0,8776.0
2022-01-10,ss000,LONG,3.42728411525507,16730.0,16740.0
2022-01-10,rr000,LONG,3.1959877355957285,3350.0,3353.0
2022-01-10,SR000,LONG,2.3318172475679098,5714.0,5705.0
2022-01-10,l000,LONG,1.525524598636308,8637.0,8686.0
2022-01-10,m000,LONG,1.0547709992738379,3257.0,3236.0
2022-01-10,WH000,SHORT,-1.0675703876235312,2945.0,2949.0
2022-01-10,ni000,SHORT,-1.6782332550003831,153020.0,152740.0
2022-01-10,RM000,SHORT,-2.15315277409966,2968.0,2939.0
2022-01-10,cu000,SHORT,-2.7698543501219133,69880.0,69710.0
2022-01-10,ag000,SHORT,-6.757243992335303,4626.0,4617.0
2022-01-11,a000,LONG,1.5214673835336154,5783.0,5799.0
2022-01-11,lu000,LONG,1.3708418904894224,3744.0,3749.0
2022-01-11,rr000,LONG,1.3107492671645664,3343.0,3340.0
2022-01-11,sc000,LONG,0.8651540537537107,505.8,506.3
2022-01-11,p000,LONG,0.8197881623276234,8810.0,8836.0
2022-01-11,y000,SHORT,-0.8861325889419097,9042.0,9058.0
2022-01-11,CY000,SHORT,-1.0084652064141173,28595.0,28505.0
2022-01-11,ag000,SHORT,-1.0402002762543885,4654.0,4652.0
2022-01-11,WH000,SHORT,-2.9651443609642736,2949.0,2939.0
2022-01-11,SR000,SHORT,-4.835067755932217,5738.0,5705.0
2022-01-12,cu000,LONG,4.49084260725986,70190.0,70020.0
2022-01-12,SR000,LONG,2.724125458355103,5788.0,5768.0
2022-01-12,sn000,LONG,2.17953834320458,303720.0,303170.0
2022-01-12,a000,LONG,1.5147341235948244,5744.0,5737.0
2022-01-12,WH000,LONG,1.285999123441775,2939.0,2945.0
2022-01-12,fb000,SHORT,-0.5404471883354416,1305.5,1290.5
2022-01-12,hc000,SHORT,-0.5858507266626708,4740.0,4715.0
2022-01-12,CF000,SHORT,-0.9593111586410863,21170.0,21135.0
2022-01-12,bc000,SHORT,-1.0754769727352316,62640.0,62470.0
2022-01-12,zn000,SHORT,-1.6146767203789414,24745.0,24745.0
2022-01-13,SR000,LONG,7.4076735307659805,5809.0,5814.0
2022-01-13,y000,LONG,2.031446734723209,9122.0,9162.0
2022-01-13,SM000,LONG,1.9914061803149634,8692.0,8554.0
2022-01-13,a000,LONG,1.4358368095984273,5743.0,5741.0
2022-01-13,nr000,LONG,1.2821025790166543,12145.0,12150.0
2022-01-13,ss000,SHORT,-1.5077978246930097,18240.0,18195.0
2022-01-13,bc000,SHORT,-1.5296025410048928,64640.0,64520.0
2022-01-13,ni000,SHORT,-1.5417771543445045,164770.0,163500.0
2022-01-13,zn000,SHORT,-2.707964773217665,24945.0,24930.0
2022-01-13,pb000,SHORT,-3.9795878314046487,15385.0,15385.0
2022-01-14,ag000,LONG,5.288696199758176,4779.0,4769.0
2022-01-14,RM000,LONG,4.197679456984343,2901.0,2916.0
2022-01-14,SR000,LONG,2.4175022377272306,5812.0,5810.0
2022-01-14,CY000,LONG,2.211202264016298,28660.0,28780.0
2022-01-14,CF000,LONG,1.5911228181396304,21230.0,21300.0
2022-01-14,l000,SHORT,-2.37386013987933,8810.0,8849.0
2022-01-14,pp000,SHORT,-2.374870702164768,8391.0,8433.0
2022-01-14,zn000,SHORT,-3.2024290171082215,25000.0,24975.0
2022-01-14,pb000,SHORT,-3.5600148568294245,15600.0,15605.0
2022-01-14,bc000,SHORT,-4.02745004559142,64010.0,63900.0
2022-01-17,ag000,LONG,2.491493330121228,4761.0,4773.0
2022-01-17,c000,LONG,1.537720341090783,2719.0,2730.0
2022-01-17,RM000,LONG,1.1896083129459565,2874.0,2900.0
2022-01-17,pp000,LONG,1.043969926122768,8415.0,8376.0
2022-01-17,lu000,LONG,0.961450377517677,3966.0,3921.0
2022-01-17,l000,SHORT,-3.2067981326292547,8815.0,8760.0
2022-01-17,rr000,SHORT,-3.2253165459378033,3365.0,3358.0
2022-01-17,CF000,SHORT,-3.2418486814045835,21565.0,21430.0
2022-01-17,WH000,SHORT,-7.148197937747718,2941.0,2942.0
2022-01-17,SR000,SHORT,-13.769569987518242,5839.0,5815.0
2022-01-18,ss000,LONG,1.4812362195333693,17905.0,17910.0
2022-01-18,SR000,LONG,1.0392297134953676,5811.0,5806.0
2022-01-18,OI000,LONG,1.009133298607864,11824.0,11790.0
2022-01-18,lu000,LONG,0.9620998260760862,3986.0,3962.0
2022-01-18,rr000,LONG,0.9502222709351659,3360.0,3361.0
2022-01-18,SM000,SHORT,-0.6701612553122895,8162.0,8214.0
2022-01-18,fu000,SHORT,-0.8257781240606604,3037.0,3026.0
2022-01-18,j000,SHORT,-0.863689490817466,2944.5,2942.0
2022-01-18,WH000,SHORT,-0.9088917170944292,2942.0,2943.0
2022-01-18,cu000,SHORT,-2.1057673469416627,70080.0,70020.0
2022-01-19,SR000,LONG,5.736286152439998,5836.0,5828.0
2022-01-19,a000,LONG,5.15117190861617,5819.0,5831.0
2022-01-19,pb000,LONG,4.1617026439352,15540.0,15550.0
2022-01-19,bc000,LONG,3.722245946057803,62200.0,62320.0
2022-01-19,y000,LONG,3.446097801372837,9294.0,9184.0
2022-01-19,nr000,SHORT,-0.5167323972265246,12335.0,12315.0
2022-01-19,CF000,SHORT,-0.7012430985254097,21650.0,21575.0
2022-01-19,au000,SHORT,-0.7041348533453908,373.2799999,374.5
2022-01-19,ag000,SHORT,-1.2219227728923288,4862.0,4885.0
2022-01-19,al000,SHORT,-2.3627018715722814,21460.0,21480.0
2022-01-20,bc000,LONG,2.3227040886323214,63010.0,62970.0
2022-01-20,cu000,LONG,2.1494414283839123,70830.0,70800.0
2022-01-20,ni000,LONG,1.7418779260272041,170850.0,170600.0
2022-01-20,ag000,LONG,1.4244867215053234,4953.0,4955.0
2022-01-20,RS000,LONG,0.9075788315115514,5930.0,5961.0
2022-01-20,y000,SHORT,-1.2655067835918665,9380.0,9348.0
2022-01-20,sc000,SHORT,-1.6022898341021956,549.5,548.9
2022-01-20,PK000,SHORT,-1.6334854047758196,8034.0,8014.0
2022-01-20,fb000,SHORT,-1.8825066347126584,1265.0,1265.0
2022-01-20,pp000,SHORT,-2.941422896983268,8529.0,8564.0
2022-01-21,fu000,LONG,1.8144929213642822,3094.0,3176.0
2022-01-21,sn000,LONG,1.4570205339512567,327870.0,329160.0
2022-01-21,ni000,LONG,0.8598305593423251,177620.0,177480.0
2022-01-21,cu000,LONG,0.6933329489589088,71710.0,71790.0
2022-01-21,y000,LONG,0.416186600272484,9464.0,9462.0
2022-01-21,pb000,SHORT,-2.974389933642828,15665.0,15695.0
2022-01-21,zn000,SHORT,-3.1708975432260096,25300.0,25335.0
2022-01-21,jd000,SHORT,-3.703504490486715,4058.0,4054.0
2022-01-21,sc000,SHORT,-3.772066196145273,549.4,546.0
2022-01-21,SR000,SHORT,-7.583431466792818,5807.0,5839.0
2022-01-24,y000,LONG,13.100679411669608,9538.0,9580.0
2022-01-24,SR000,LONG,5.245563668696856,5809.0,5796.0
2022-01-24,RM000,LONG,5.0986674722793275,3009.0,3041.0
2022-01-24,fu000,LONG,2.9409464861298176,3174.0,3149.0
2022-01-24,sn000,LONG,0.784070821976076,329840.0,328990.0
2022-01-24,lu000,SHORT,-2.613521961481321,4060.0,4029.0
2022-01-24,c000,SHORT,-4.249344087528797,2735.0,2735.0
2022-01-24,rr000,SHORT,-4.596440216482406,3336.0,3339.0
2022-01-24,ss000,SHORT,-6.308656246761315,18500.0,18475.0
2022-01-24,a000,SHORT,-8.236838153139798,6002.0,6015.0
2022-01-25,cu000,LONG,3.037414158458528,69790.0,69840.0
2022-01-25,pb000,LONG,2.5500230325748485,15550.0,15545.0
2022-01-25,a000,LONG,2.3107848308700456,6116.0,6104.0
2022-01-25,rr000,LONG,2.2290335971473136,3339.0,3340.0
2022-01-25,jd000,LONG,1.9729115224575182,4157.0,4117.0
2022-01-25,sn000,SHORT,-0.7990362041364019,320000.0,320180.0
2022-01-25,pp000,SHORT,-0.9468365715941142,8434.0,8431.0
2022-01-25,RM000,SHORT,-0.9514765050610965,3026.0,3006.0
2022-01-25,CY000,SHORT,-1.63613340132042,28905.0,28890.0
2022-01-25,CF000,SHORT,-1.6652777918052089,21625.0,21645.0
2022-01-26,y000,LONG,3.7202511445981306,9346.0,9322.0
2022-01-26,CY000,LONG,1.523765597726515,29150.0,29050.0
2022-01-26,pb000,LONG,1.4526111107273858,15465.0,15470.0
2022-01-26,eg000,LONG,1.070345262837178,5262.0,5218.0
2022-01-26,fu000,LONG,1.0002726646723383,3152.0,3113.0
2022-01-26,CF000,SHORT,-0.8073118740581731,21765.0,21725.0
2022-01-26,RM000,SHORT,-1.328809830722444,3022.0,3029.0
2022-01-26,ni000,SHORT,-1.493566602328882,164320.0,164370.0
2022-01-26,a000,SHORT,-2.34180940802328,6174.0,6236.0
2022-01-26,ag000,SHORT,-4.531329650543605,4938.0,4930.0
2022-01-27,WH000,LONG,4.067289380037333,2949.0,2940.0
2022-01-27,SR000,LONG,2.6701751921387187,5712.0,5712.0
2022-01-27,CF000,LONG,2.365257134408804,21765.0,21655.0
2022-01-27,l000,LONG,1.8068826594470153,9100.0,9083.0
2022-01-27,ss000,LONG,1.6279329067727928,17375.0,17350.0
2022-01-27,CY000,SHORT,-0.7265763566683076,29155.0,29050.0
2022-01-27,ni000,SHORT,-0.8453941362169247,166130.0,166010.0
2022-01-27,pb000,SHORT,-1.2686289478912476,15450.0,15450.0
2022-01-27,fu000,SHORT,-2.2212024449375374,3216.0,3208.0
2022-01-27,cu000,SHORT,-3.1865471129572183,70760.0,70750.0
2022-01-28,y000,LONG,4.431793197977612,9640.0,9676.0
2022-01-28,SR000,LONG,1.5170615020639437,5692.0,5709.0
2022-01-28,al000,LONG,0.9992066036266837,21565.0,21545.0
2022-01-28,SM000,LONG,0.9069950677602765,8078.0,8354.0
2022-01-28,lu000,LONG,0.572926660593685,4057.0,4118.0
2022-01-28,l000,SHORT,-1.8612504576269477,8993.0,9058.0
2022-01-28,hc000,SHORT,-1.9021713231609707,4886.0,4880.0
2022-01-28,bc000,SHORT,-1.9385489343580526,62580.0,62640.0
2022-01-28,m000,SHORT,-2.2181725611449403,3364.0,3354.0
2022-01-28,pb000,SHORT,-3.73126341858525,15315.0,15320.0
2022-02-07,pb000,LONG,13.291751539644059,14810.0,14820.0
2022-02-07,zn000,LONG,11.096539695366422,25170.0,25075.0
2022-02-07,au000,LONG,9.95509411691826,372.38,372.14
2022-02-07,RS000,LONG,7.954081015658871,5403.0,5958.0
2022-02-07,OI000,LONG,6.774935828622813,12815.0,12562.0
2022-02-07,sc000,SHORT,-2.139349840963765,569.7,566.9
2022-02-07,sp000,SHORT,-2.220260216784171,6310.0,6322.0
2022-02-07,l000,SHORT,-2.4073871736651484,9395.0,9448.0
2022-02-07,rr000,SHORT,-6.78430495347987,3360.0,3365.0
2022-02-07,SA000,SHORT,-8.518668255128198,2888.0,2968.0
2022-02-08,cu000,LONG,5.519717582321566,70620.0,70640.0
2022-02-08,CY000,LONG,4.465558362758152,29075.0,29160.0
2022-02-08,WH000,LONG,4.046849736889359,2926.0,2920.0
2022-02-08,cs000,LONG,1.7826207137359211,3162.0,3124.0
2022-02-08,nr000,LONG,0.6285722219009302,11740.0,11865.0
2022-02-08,OI000,SHORT,-2.42045486013255,12467.0,12512.0
2022-02-08,CF000,SHORT,-2.889710876138467,21855.0,21950.0
2022-02-08,a000,SHORT,-3.237684398206069,6285.0,6283.0
2022-02-08,ni000,SHORT,-3.5088692669499815,174530.0,173810.0
2022-02-08,bc000,SHORT,-4.037379151360572,62820.0,62840.0
2022-02-09,ag000,LONG,1.1392481936530188,4822.0,4819.0
2022-02-09,p000,LONG,0.983279140968421,9752.0,9770.0
2022-02-09,TA000,LONG,0.4088743885597434,5752.0,5704.0
2022-02-09,sp000,LONG,0.4045354857767191,6368.0,6364.0
2022-02-09,PK000,LONG,0.3876276739861928,8104.0,8124.0
2022-02-09,j000,SHORT,-2.335992156044984,3095.5,3100.5
2022-02-09,a000,SHORT,-2.9878978321411567,6272.0,6259.0
2022-02-09,WH000,SHORT,-3.881423818588791,2925.0,2937.0
2022-02-09,rr000,SHORT,-4.29811281551443,3498.0,3507.0
2022-02-09,SR000,SHORT,-4.975923163386009,5737.0,5710.0
2022-02-10,WH000,LONG,4.054088416599965,2937.0,2927.0
2022-02-10,cu000,LONG,3.315740183627935,72130.0,71940.0
2022-02-10,SR000,LONG,2.157120314691318,5744.0,5743.0
2022-02-10,a000,LONG,0.8486451040044004,6307.0,6336.0
2022-02-10,SM000,LONG,0.8353681775618086,8382.0,8334.0
2022-02-10,eg000,SHORT,-0.8757090269404176,5298.0,5296.0
2022-02-10,zn000,SHORT,-1.274019362939753,25525.0,25520.0
2022-02-10,pb000,SHORT,-1.7090014283467192,15160.0,15140.0
2022-02-10,pp000,SHORT,-1.9852711232248386,8598.0,8625.0
2022-02-10,ag000,SHORT,-2.6024348854735337,4818.0,4809.0
2022-02-11,CY000,LONG,2.9807912501538154,29090.0,29170.0
2022-02-11,ag000,LONG,2.5543062226711006,4884.0,4860.0
2022-02-11,al000,LONG,2.054126847990442,23005.0,23185.0
2022-02-11,SR000,LONG,1.6144175176780617,5750.0,5761.0
2022-02-11,lu000,LONG,1.111424602529527,4236.0,4300.0
2022-02-11,ni000,SHORT,-3.149308733559011,174730.0,174600.0
2022-02-11,zn000,SHORT,-3.64527494148102,25930.0,25905.0
2022-02-11,pb000,SHORT,-3.8361244971460677,15285.0,15255.0
2022-02-11,bc000,SHORT,-4.52491993605912,65640.0,65620.0
2022-02-11,au000,SHORT,-6.693841306820829,378.0,377.38
2022-02-14,rr000,LONG,3.0191731564378808,3478.0,3478.0
2022-02-14,MA000,LONG,2.4506851964013507,2743.0,2714.0
2022-02-14,CY000,LONG,2.1182186706473938,29235.0,29170.0
2022-02-14,a000,LONG,1.5429091909869665,6314.0,6324.0
2022-02-14,SR000,LONG,1.5188391788534288,5727.0,5724.0
2022-02-14,cu000,SHORT,-1.19738899255663,70760.0,71080.0
2022-02-14,nr000,SHORT,-1.6595181040258662,11955.0,11870.0
2022-02-14,pp000,SHORT,-2.2462557206743656,8549.0,8472.0
2022-02-14,y000,SHORT,-3.8523601720951612,9894.0,9846.0
2022-02-14,au000,SHORT,-4.7594751474200345,377.3399999,377.54
2022-02-15,au000,LONG,3.448523660866744,382.8399999,384.06
2022-02-15,ni000,LONG,1.5462435373991374,171600.0,170980.0
2022-02-15,cu000,LONG,1.4361766926550201,71000.0,70880.0
2022-02-15,SR000,LONG,1.3591387211615795,5721.0,5710.0
2022-02-15,pb000,LONG,1.3228220734256808,15345.0,15310.0
2022-02-15,j000,SHORT,-1.0180161212433405,3115.0,3119.5
2022-02-15,rr000,SHORT,-1.238683873858763,3501.0,3496.0
2022-02-15,c000,SHORT,-1.979248756693233,2777.0,2771.0
2022-02-15,y000,SHORT,-2.490832482142954,9906.0,9872.0
2022-02-15,SA000,SHORT,-5.013749064318003,2825.0,2841.0
2022-02-16,au000,LONG,2.2716715360162723,378.68,378.6
2022-02-16,WH000,LONG,2.003205876176445,2925.0,2929.0
2022-02-16,l000,LONG,1.6847321070284484,8827.0,8814.0
2022-02-16,rr000,LONG,1.638553958195041,3483.0,3486.0
2022-02-16,sn000,LONG,1.3200337042636459,332400.0,331770.0
2022-02-16,bc000,SHORT,-1.4372261758755438,63670.0,63440.0
2022-02-16,m000,SHORT,-2.4455711378444827,3667.0,3669.0
2022-02-16,hc000,SHORT,-2.5297237846233904,4885.0,4870.0
2022-02-16,c000,SHORT,-2.811696702208019,2762.0,2764.0
2022-02-16,zn000,SHORT,-2.82534968509977,25085.0,25065.0
2022-02-17,zn000,LONG,3.7461364059645175,24975.0,24905.0
2022-02-17,pp000,LONG,2.479823004422069,8345.0,8405.0
2022-02-17,au000,LONG,2.43987839059552,381.36,381.12
2022-02-17,rr000,LONG,1.9041975656475585,3486.0,3480.0
2022-02-17,m000,LONG,1.8873788098213387,3728.0,3711.0
2022-02-17,sc000,SHORT,-0.7234719071477557,573.3,572.5
2022-02-17,cu000,SHORT,-0.7642140150081436,71500.0,71390.0
2022-02-17,p000,SHORT,-0.7885021304690321,10182.0,10162.0
2022-02-17,fu000,SHORT,-0.8708561974823685,3174.0,3243.0
2022-02-17,WH000,SHORT,-2.329077480986557,2929.0,2932.0
2022-02-18,WH000,LONG,6.022184132199481,2932.0,2935.0
2022-02-18,rr000,LONG,4.17018435199813,3471.0,3471.0
2022-02-18,CF000,LONG,2.9544502885900377,21140.0,21155.0
2022-02-18,j000,LONG,2.759358413814738,3267.0,3265.0
2022-02-18,SR000,LONG,1.9051561851266543,5719.0,5687.0
2022-02-18,ni000,SHORT,-1.0297951965030057,176750.0,175950.0
2022-02-18,pb000,SHORT,-1.3664422334799058,15540.0,15510.0
2022-02-18,cu000,SHORT,-1.4335330358336538,71300.0,71240.0
2022-02-18,bc000,SHORT,-1.7942530062920312,63640.0,63560.0
2022-02-18,zn000,SHORT,-2.1044516180908417,25120.0,25095.0
2022-02-21,a000,LONG,4.635776251719591,6073.0,6098.0
2022-02-21,zn000,LONG,4.079616064697994,24885.0,24890.0
2022-02-21,pb000,LONG,3.6509226532679624,15465.0,15465.0
2022-02-21,PF000,LONG,2.1730031455262804,7362.0,7314.0
2022-02-21,sn000,LONG,1.5057553123650789,338530.0,338430.0
2022-02-21,ag000,SHORT,-1.963058711784505,4915.0,4913.0
2022-02-21,pp000,SHORT,-2.160481642977685,8315.0,8322.0
2022-02-21,MA000,SHORT,-3.2279627288999144,2751.0,2766.0
2022-02-21,CF000,SHORT,-3.3014395399594005,21360.0,21325.0
2022-02-21,rr000,SHORT,-5.495354044426709,3469.0,3473.0
2022-02-22,pb000,LONG,4.975156725459216,15490.0,15510.0
2022-02-22,zn000,LONG,2.076258205862887,24790.0,24775.0
2022-02-22,m000,LONG,1.917908177456781,3860.0,3861.0
2022-02-22,ag000,LONG,1.6095636860837004,4907.0,4909.0
2022-02-22,bc000,LONG,1.541022278542777,63390.0,63390.0
2022-02-22,fu000,SHORT,-0.5171222510716422,3322.0,3271.0
2022-02-22,sn000,SHORT,-0.6506736970793193,337770.0,337900.0
2022-02-22,sc000,SHORT,-0.927196598223472,579.9,581.4
2022-02-22,lu000,SHORT,-1.2406593177035539,4361.0,4275.0
2022-02-22,SR000,SHORT,-2.6374030356275258,5686.0,5687.0
2022-02-23,bc000,LONG,5.371568140951183,63320.0,63350.0
2022-02-23,WH000,LONG,3.179118834952973,2935.0,2939.0
2022-02-23,ni000,LONG,2.983005467172306,176380.0,177250.0
2022-02-23,SR000,LONG,2.443345134317347,5733.0,5734.0
2022-02-23,lu000,LONG,2.1506133222383257,4315.0,4329.0
2022-02-23,sc000,SHORT,-0.749864308388909,589.5,587.3
2022-02-23,y000,SHORT,-0.7586442503762498,10202.0,10088.0
2022-02-23,PF000,SHORT,-0.7744421585646154,7338.0,7372.0
2022-02-23,ag000,SHORT,-0.9356197047377915,4973.0,4966.0
2022-02-23,au000,SHORT,-1.7642214968201708,388.04,387.3
2022-02-24,ag000,LONG,10.130242115371189,5008.0,5007.0
2022-02-24,ss000,LONG,2.466616327708023,18275.0,18280.0
2022-02-24,bc000,LONG,2.1825666908608645,62920.0,62780.0
2022-02-24,ZC000,LONG,1.94150447979997,815.2,817.2
2022-02-24,ni000,LONG,1.7121717291981562,175570.0,175550.0
2022-02-24,rr000,SHORT,-1.8934720523892508,3444.0,3446.0
2022-02-24,m000,SHORT,-2.171012613050702,3983.0,3925.0
2022-02-24,pb000,SHORT,-2.463544974527529,15450.0,15430.0
2022-02-24,c000,SHORT,-2.8320082051379827,2815.0,2814.0
2022-02-24,SR000,SHORT,-3.7210424709857763,5748.0,5746.0
2022-02-25,zn000,LONG,4.2240793827448275,24655.0,24720.0
2022-02-25,pb000,LONG,4.016037443900535,15535.0,15560.0
2022-02-25,ni000,LONG,3.243775645961166,176400.0,177300.0
2022-02-25,pp000,LONG,2.748177889507403,8590.0,8603.0
2022-02-25,sc000,LONG,2.70023161905971,623.1,623.4
2022-02-25,SR000,SHORT,-1.3397154227049137,5742.0,5750.0
2022-02-25,RM000,SHORT,-1.4560501129752914,3711.0,3738.0
2022-02-25,rr000,SHORT,-1.9547809743352702,3471.0,3461.0
2022-02-25,au000,SHORT,-2.71156086080392,393.24,394.18
2022-02-25,CF000,SHORT,-2.7503585358626697,21170.0,21200.0
2022-02-28,WH000,LONG,7.848832890446233,3217.0,3189.0
2022-02-28,pb000,LONG,6.452781671231894,15560.0,15555.0
2022-02-28,cu000,LONG,5.507706830306256,70820.0,70860.0
2022-02-28,zn000,LONG,4.860036112961978,24790.0,24795.0
2022-02-28,rr000,LONG,3.7713904895554293,3467.0,3457.0
2022-02-28,fb000,SHORT,-1.1125265695428297,1253.0,1258.0
2022-02-28,hc000,SHORT,-1.446607850669727,4866.0,4822.0
2022-02-28,a000,SHORT,-1.4615639921335024,6061.0,6032.0
2022-02-28,MA000,SHORT,-1.71528899843232,2867.0,2805.0
2022-02-28,ss000,SHORT,-1.7294908178967587,17760.0,17775.0
2022-03-01,y000,LONG,5.012950754159236,10724.0,10556.0
2022-03-01,rr000,LONG,4.5756228079909125,3483.0,3493.0
2022-03-01,pb000,LONG,4.471028201880495,15580.0,15590.0
2022-03-01,SR000,LONG,3.893285283795932,5684.0,5691.0
2022-03-01,bc000,LONG,3.7408939383796604,62890.0,62910.0
2022-03-01,lu000,SHORT,-0.7625491557953367,4500.0,4447.0
2022-03-01,al000,SHORT,-0.8922431904109354,22595.0,22630.0
2022-03-01,pp000,SHORT,-1.203592472311906,8651.0,8606.0
2022-03-01,c000,SHORT,-1.2926921270630138,2855.0,2858.0
2022-03-01,au000,SHORT,-1.5639913667555185,387.6,388.98
2022-03-02,WH000,LONG,5.7498082818746035,3260.0,3254.0
2022-03-02,ZC000,LONG,2.027861977778959,833.0,828.0
2022-03-02,SR000,LONG,1.9149516564800766,5756.0,5734.0
2022-03-02,pp000,LONG,1.673167312814893,8889.0,8807.0
2022-03-02,y000,LONG,1.1590699215197608,11172.0,11280.0
2022-03-02,c000,SHORT,-2.4510883130114265,2890.0,2903.0
2022-03-02,pb000,SHORT,-4.323257781125986,15635.0,15625.0
2022-03-02,bc000,SHORT,-5.7683411943657505,63840.0,63750.0
2022-03-02,cu000,SHORT,-6.3158646606090585,71590.0,71510.0
2022-03-02,zn000,SHORT,-6.708201903376607,25415.0,25400.0
2022-03-03,rr000,LONG,5.878211272806099,3491.0,3495.0
2022-03-03,m000,LONG,5.281031950944457,3881.0,3855.0
2022-03-03,hc000,LONG,4.8520160918881965,5212.0,5143.0
2022-03-03,pb000,LONG,3.438440326444333,15530.0,15555.0
2022-03-03,WH000,LONG,3.357062956587167,3286.0,3452.0
2022-03-03,jm000,SHORT,-0.46040188475194804,2841.0,2788.5
2022-03-03,al000,SHORT,-0.7148739584625935,23290.0,23245.0
2022-03-03,CF000,SHORT,-0.8461090353834637,21150.0,21280.0
2022-03-03,lu000,SHORT,-1.2106510795998269,5152.0,4908.0
2022-03-03,SA000,SHORT,-3.183575630553806,2710.0,2672.0
2022-03-04,sn000,LONG,2.4213625232370237,342020.0,341800.0
2022-03-04,RM000,LONG,2.2962581751884823,3682.0,3667.0
2022-03-04,CY000,LONG,1.8581088230785205,28190.0,28250.0
2022-03-04,ZC000,LONG,1.7553191450128358,838.6,847.0
2022-03-04,bc000,LONG,1.6024240761756146,65330.0,65530.0
2022-03-04,ag000,SHORT,-2.0578809405022684,5042.0,5053.0
2022-03-04,ss000,SHORT,-2.231899041496511,18560.0,18560.0
2022-03-04,l000,SHORT,-2.2870932771495576,9200.0,9154.0
2022-03-04,SR000,SHORT,-3.0953001694296063,5818.0,5772.0
2022-03-04,rr000,SHORT,-3.1322310809206413,3514.0,3505.0
2022-03-07,a000,LONG,8.349878548837511,6245.0,6192.0
2022-03-07,WH000,LONG,7.663843733229301,3612.0,3645.0
2022-03-07,rr000,LONG,7.271480385482913,3505.0,3513.0
2022-03-07,pb000,LONG,5.87123577658201,15630.0,15635.0
2022-03-07,l000,LONG,5.326456821276771,9392.0,9170.0
2022-03-07,lu000,SHORT,-1.2407421038742632,5451.0,5165.0
2022-03-07,pp000,SHORT,-1.628095923433473,9277.0,9024.0
2022-03-07,au000,SHORT,-1.8199796788864115,398.3,398.1
2022-03-07,ni000,SHORT,-2.1445110224304855,196820.0,196400.0
2022-03-07,fb000,SHORT,-3.6210205944542353,1423.5,1434.5
2022-03-08,SR000,LONG,3.3649521477105293,5839.0,5848.0
2022-03-08,sn000,LONG,2.2197525317205127,348090.0,349130.0
2022-03-08,rr000,LONG,1.6189910731809862,3487.0,3495.0
2022-03-08,pb000,LONG,0.900467665496906,15460.0,15480.0
2022-03-08,SM000,LONG,0.6274708032379194,8762.0,8714.0
2022-03-08,m000,SHORT,-3.123199678805425,4059.0,4078.0
2022-03-08,CY000,SHORT,-3.3081779804923577,28340.0,28380.0
2022-03-08,c000,SHORT,-3.3915642127051364,2884.0,2897.0
2022-03-08,pp000,SHORT,-3.750705888381695,9316.0,9310.0
2022-03-08,cu000,SHORT,-7.558339842677372,72580.0,72610.0
2022-03-09,bc000,LONG,42.296663978192825,65270.0,65270.0
2022-03-09,MA000,LONG,14.891772047204984,3326.0,3345.0
2022-03-09,sc000,LONG,3.8638756688255858,815.6,816.0
2022-03-09,al000,LONG,2.970959887400696,22105.0,22170.0
2022-03-09,p000,LONG,1.6928641301832243,11920.0,12000.0
2022-03-09,j000,SHORT,-1.0172207755553024,3780.0,3787.5
2022-03-09,ag000,SHORT,-1.3387709899508171,5376.0,5364.0
2022-03-09,cu000,SHORT,-1.6646407265468295,72810.0,72920.0
2022-03-09,au000,SHORT,-1.7370829081208998,418.26,416.7799999
2022-03-09,CF000,SHORT,-2.465485034746406,21490.0,21360.0
2022-03-10,a000,LONG,3.7864234127214527,6165.0,6184.0
2022-03-10,CY000,LONG,2.958930878838603,28295.0,28555.0
2022-03-10,ni000,LONG,1.4542850468930337,211500.0,211500.0
2022-03-10,al000,LONG,1.3357264456272206,21310.0,21340.0
2022-03-10,lu000,LONG,1.23599119193737,5168.0,5672.0
2022-03-10,cu000,SHORT,-2.874956561454226,71730.0,71850.0
2022-03-10,ss000,SHORT,-3.2262388822938384,19700.0,19700.0
2022-03-10,WH000,SHORT,-3.6255701663934303,3436.0,3449.0
2022-03-10,MA000,SHORT,-9.173757159707113,3046.0,3155.0
2022-03-10,pb000,SHORT,-10.053565512050032,15275.0,15270.0
2022-03-11,SR000,LONG,3.474150520406462,5856.0,5877.0
2022-03-11,cu000,LONG,2.5349668355960993,72190.0,72160.0
2022-03-11,pb000,LONG,2.1243427908236425,15220.0,15220.0
2022-03-11,sn000,LONG,1.4428193600553412,342240.0,341000.0
2022-03-11,RM000,LONG,1.2588868719280935,4089.0,4102.0
2022-03-11,m000,SHORT,-2.409366136629589,4173.0,4174.0
2022-03-11,ag000,SHORT,-2.8225556454237313,5160.0,5160.0
2022-03-11,c000,SHORT,-3.3240909622069075,2854.0,2854.0
2022-03-11,hc000,SHORT,-3.7110003619217258,5098.0,5123.0
2022-03-11,ss000,SHORT,-4.174342894770417,19300.0,19280.0
2022-03-14,cu000,LONG,3.5597262924753523,72340.0,72300.0
2022-03-14,MA000,LONG,2.433033327485107,3044.0,3110.0
2022-03-14,m000,LONG,1.7108026607390943,4173.0,4117.0
2022-03-14,RI000,LONG,1.2532090264324192,2886.0,2982.0
2022-03-14,l000,LONG,0.8935436868398411,9070.0,9166.0
2022-03-14,pp000,SHORT,-3.0622302328854207,8941.0,9089.0
2022-03-14,CF000,SHORT,-3.525699612990262,21385.0,21390.0
2022-03-14,y000,SHORT,-4.259868434767902,10390.0,10438.0
2022-03-14,rr000,SHORT,-4.390321936183378,3460.0,3452.0
2022-03-14,pb000,SHORT,-9.187862621272515,15245.0,15230.0
2022-03-15,pb000,LONG,2.572753755431632,15010.0,15020.0
2022-03-15,nr000,LONG,2.0458296669508282,11160.0,11170.0
2022-03-15,RI000,LONG,1.4770715453502072,2982.0,2954.0
2022-03-15,LR000,LONG,1.2223713337940572,2973.0,2900.0
2022-03-15,CY000,LONG,0.9270484844071649,27905.0,28080.0
2022-03-15,ss000,SHORT,-3.8186532892485574,19690.0,19635.0
2022-03-15,bc000,SHORT,-4.015583420256805,63590.0,63660.0
2022-03-15,SR000,SHORT,-4.215143670990224,5837.0,5839.0
2022-03-15,rr000,SHORT,-4.587027947645483,3441.0,3442.0
2022-03-15,c000,SHORT,-5.300762474803707,2855.0,2873.0
2022-03-16,SR000,LONG,8.524283598456389,5779.0,5768.0
2022-03-16,ss000,LONG,6.500576346318754,19935.0,19950.0
2022-03-16,m000,LONG,4.195496072944851,4149.0,4126.0
2022-03-16,rr000,LONG,4.159260090868002,3438.0,3432.0
2022-03-16,hc000,LONG,3.9290105256596437,4987.0,4971.0
2022-03-16,al000,SHORT,-0.3199176360023977,21655.0,21650.0
2022-03-16,a000,SHORT,-0.696156193354143,6233.0,6208.0
2022-03-16,pb000,SHORT,-0.8969192773274329,15050.0,15060.0
2022-03-16,LR000,SHORT,-0.9894792787239195,2900.0,3000.0
2022-03-16,nr000,SHORT,-1.0273331661732374,11095.0,11105.0
2022-03-17,rr000,LONG,4.687831953712025,3399.0,3395.0
2022-03-17,ss000,LONG,4.2232680940161655,19775.0,19895.0
2022-03-17,pb000,LONG,4.019855033240473,15145.0,15155.0
2022-03-17,m000,LONG,2.922534133305251,4181.0,4145.0
2022-03-17,hc000,LONG,2.8367613074276212,5073.0,5044.0
2022-03-17,WH000,SHORT,-1.3185236096270698,3450.0,3434.0
2022-03-17,LR000,SHORT,-1.3588822514782728,2904.0,3039.0
2022-03-17,nr000,SHORT,-1.5389130502681065,10920.0,10855.0
2022-03-17,CF000,SHORT,-2.1627933136857114,21350.0,21280.0
2022-03-17,SR000,SHORT,-2.4675913026227483,5775.0,5771.0
2022-03-18,SR000,LONG,3.4734437961754954,5785.0,5781.0
2022-03-18,a000,LONG,3.440545158108144,6219.0,6316.0
2022-03-18,WH000,LONG,2.637410629928655,3443.0,3405.0
2022-03-18,CY000,LONG,2.2079085246744934,28390.0,28355.0
2022-03-18,lu000,LONG,1.9607353130956313,4940.0,4876.0
2022-03-18,ss000,SHORT,-0.394885532802343,19815.0,19790.0
2022-03-18,JR000,SHORT,-0.44255629032269456,2921.0,2926.0
2022-03-18,jm000,SHORT,-0.47094191175389066,3013.0,2984.5
2022-03-18,al000,SHORT,-0.6659922700232676,22515.0,22475.0
2022-03-18,ag000,SHORT,-7.128622882133937,5145.0,5156.0
2022-03-21,pb000,LONG,8.282143527606836,15230.0,15255.0
2022-03-21,WH000,LONG,4.686870931024585,3401.0,3418.0
2022-03-21,bc000,LONG,3.673945139644719,65960.0,66050.0
2022-03-21,CY000,LONG,3.176103211524075,28675.0,28460.0
2022-03-21,m000,LONG,3.153209798734702,4288.0,4230.0
2022-03-21,au000,SHORT,-0.9573057978216036,395.72,395.9
2022-03-21,sc000,SHORT,-1.0204865195798345,660.8,658.4
2022-03-21,l000,SHORT,-1.1311125042951171,9079.0,9010.0
2022-03-21,LR000,SHORT,-1.2554063497734307,3037.0,3026.0
2022-03-21,jd000,SHORT,-1.5023710631056137,4255.0,4264.0
2022-03-22,ss000,LONG,4.180209942046345,19870.0,19890.0
2022-03-22,pp000,LONG,1.9875636297924921,8939.0,8895.0
2022-03-22,hc000,LONG,1.803734480814002,5174.0,5183.0
2022-03-22,c000,LONG,1.7867953033734465,2896.0,2899.0
2022-03-22,bc000,LONG,1.7442539476624073,65790.0,65670.0
2022-03-22,lu000,SHORT,-1.835845782161411,5311.0,5149.0
2022-03-22,RM000,SHORT,-1.9057370306838415,3977.0,3964.0
2022-03-22,WH000,SHORT,-2.056988361939943,3407.0,3515.0
2022-03-22,SR000,SHORT,-2.140670242953607,5814.0,5806.0
2022-03-22,CY000,SHORT,-3.44601886662974,28650.0,28655.0
2022-03-23,hc000,LONG,2.926173743356395,5139.0,5122.0
2022-03-23,rr000,LONG,2.658429648707865,3407.0,3408.0
2022-03-23,cu000,LONG,2.5538688380962786,72890.0,72840.0
2022-03-23,m000,LONG,1.6729059537637345,4367.0,4382.0
2022-03-23,a000,LONG,1.5628898694845341,6210.0,6238.0
2022-03-23,pb000,SHORT,-1.314865085410934,15305.0,15305.0
2022-03-23,zn000,SHORT,-1.8178838128924946,25575.0,25565.0
2022-03-23,CY000,SHORT,-1.8741407597846118,28585.0,28540.0
2022-03-23,ag000,SHORT,-2.2399119596450463,5087.0,5082.0
2022-03-23,SR000,SHORT,-3.698001153167894,5786.0,5784.0
2022-03-24,SR000,LONG,3.2088337045070996,5814.0,5821.0
2022-03-24,SA000,LONG,2.1176567825792483,2803.0,2806.0
2022-03-24,WH000,LONG,2.1057801066323476,3460.0,3426.0
2022-03-24,CY000,LONG,1.4723901766793386,28620.0,28610.0
2022-03-24,au000,LONG,1.0160081431354133,397.62,397.02
2022-03-24,a000,SHORT,-2.415750425898681,6241.0,6278.0
2022-03-24,ag000,SHORT,-2.7436037094631067,5125.0,5120.0
2022-03-24,bc000,SHORT,-3.2618741984298265,66510.0,66430.0
2022-03-24,ni000,SHORT,-3.425909101223865,245740.0,245740.0
2022-03-24,pb000,SHORT,-3.774064586780743,15385.0,15370.0
2022-03-25,pb000,LONG,6.128063326021419,15290.0,15295.0
2022-03-25,SR000,LONG,4.9248893140722325,5787.0,5792.0
2022-03-25,c000,LONG,3.408515575821255,2907.0,2908.0
2022-03-25,ss000,LONG,3.337045789044249,21405.0,21330.0
2022-03-25,m000,LONG,3.011291485310065,4416.0,4442.0
2022-03-25,WH000,SHORT,-0.9010824474761611,3469.0,3474.0
2022-03-25,jm000,SHORT,-0.9537618478297236,3066.5,3063.5
2022-03-25,bc000,SHORT,-1.0413358000680004,66420.0,66330.0
2022-03-25,au000,SHORT,-1.320655111855796,403.38,402.98
2022-03-25,a000,SHORT,-2.3404652060720252,6246.0,6238.0
2022-03-28,ss000,LONG,6.228944441076359,20665.0,20645.0
2022-03-28,MA000,LONG,5.156063688045231,3116.0,3155.0
2022-03-28,au000,LONG,2.638860924826731,402.16,402.36
2022-03-28,LR000,LONG,2.221661436794662,3130.0,3040.0
2022-03-28,zn000,LONG,1.7193071344676596,26325.0,26280.0
2022-03-28,p000,SHORT,-2.2157806500663186,11604.0,11630.0
2022-03-28,CF000,SHORT,-2.3138311401648752,21800.0,21735.0
2022-03-28,pp000,SHORT,-2.69679003191319,9073.0,9100.0
2022-03-28,sc000,SHORT,-3.6764065638517907,728.2,725.3
2022-03-28,cu000,SHORT,-3.7971292021999905,73270.0,73200.0
2022-03-29,nr000,LONG,2.164292325168689,11210.0,11170.0
2022-03-29,lu000,LONG,2.09968056568392,5016.0,5003.0
2022-03-29,sp000,LONG,1.2089861590786146,6958.0,6988.0
2022-03-29,c000,LONG,1.1932098323552718,2862.0,2863.0
2022-03-29,SA000,LONG,0.9263761657029917,2889.0,2894.0
2022-03-29,cu000,SHORT,-1.1103091966720957,73600.0,73580.0
2022-03-29,ss000,SHORT,-1.291321056044304,20255.0,20175.0
2022-03-29,WH000,SHORT,-1.555889117243587,3159.0,3497.0
2022-03-29,zn000,SHORT,-1.7767185899655742,26420.0,26435.0
2022-03-29,pb000,SHORT,-2.5697393773239896,15560.0,15555.0
2022-03-30,cu000,LONG,2.267125656748404,73300.0,73250.0
2022-03-30,RS000,LONG,1.6870863526527577,6379.0,6305.0
2022-03-30,rr000,LONG,1.4136705144038966,3385.0,3386.0
2022-03-30,WH000,LONG,1.3841322941859309,3450.0,3425.0
2022-03-30,sn000,LONG,1.1947349113788848,346860.0,345940.0
2022-03-30,lu000,SHORT,-1.4243358171555571,4990.0,4916.0
2022-03-30,m000,SHORT,-2.494972384994053,4016.0,3991.0
2022-03-30,RM000,SHORT,-2.6987025086776453,3825.0,3753.0
2022-03-30,c000,SHORT,-2.759975749172913,2848.0,2839.0
2022-03-30,SR000,SHORT,-5.29430982787304,5815.0,5806.0
2022-03-31,pp000,LONG,2.186038402775171,8968.0,9025.0
2022-03-31,ag000,LONG,1.7041838145800834,5069.0,5077.0
2022-03-31,lu000,LONG,1.3260407701472894,4973.0,5157.0
2022-03-31,WH000,LONG,1.3107567660216597,3403.0,3405.0
2022-03-31,hc000,LONG,1.3054411206644003,5238.0,5267.0
2022-03-31,cu000,SHORT,-2.204529388315131,73700.0,73680.0
2022-03-31,rr000,SHORT,-2.322016716008155,3395.0,3399.0
2022-03-31,bc000,SHORT,-2.6428464520083135,66400.0,66400.0
2022-03-31,ss000,SHORT,-3.020316578920782,20520.0,20630.0
2022-03-31,SA000,SHORT,-3.308070395215496,3016.0,3026.0
2022-04-01,zn000,LONG,2.699744506733094,26995.0,27005.0
2022-04-01,rr000,LONG,2.2246244986474832,3386.0,3388.0
2022-04-01,pb000,LONG,2.0716603912195386,15635.0,15645.0
2022-04-01,CF000,LONG,1.6901997462254215,21650.0,21735.0
2022-04-01,m000,LONG,0.9707610273812985,3905.0,4010.0
2022-04-01,ni000,SHORT,-1.0744690431210056,219490.0,218690.0
2022-04-01,SR000,SHORT,-2.0751672853862586,5811.0,5804.0
2022-04-01,au000,SHORT,-2.262636433403424,396.9,397.44
2022-04-01,bc000,SHORT,-2.5929780639081472,66180.0,66180.0
2022-04-01,c000,SHORT,-2.6487774916932136,2927.0,2923.0
2022-04-06,SR000,LONG,4.833272494956775,5853.0,5876.0
2022-04-06,hc000,LONG,3.848768793684107,5239.0,5268.0
2022-04-06,c000,LONG,3.519684476028065,2931.0,2959.0
2022-04-06,fu000,LONG,3.0997031484517685,3888.0,3936.0
2022-04-06,sn000,LONG,2.7806712078462192,346450.0,346020.0
2022-04-06,v000,SHORT,-2.3223602713039586,9422.0,9282.0
2022-04-06,nr000,SHORT,-3.218279100965308,11560.0,11520.0
2022-04-06,l000,SHORT,-4.350246583480625,8992.0,9067.0
2022-04-06,au000,SHORT,-5.41323545146437,394.64,394.5
2022-04-06,rr000,SHORT,-8.51827191140527,3361.0,3364.0
2022-04-07,pb000,LONG,1.9311704053415473,15645.0,15655.0
2022-04-07,zn000,LONG,1.7760512128200505,27340.0,27330.0
2022-04-07,RS000,LONG,1.3935325636391331,6361.0,6287.0
2022-04-07,ni000,LONG,1.377431721154524,219170.0,219360.0
2022-04-07,bc000,LONG,1.3511613763960517,65980.0,66010.0
2022-04-07,ag000,SHORT,-1.7365798041025717,4985.0,4993.0
2022-04-07,SR000,SHORT,-2.271516273994529,5866.0,5879.0
2022-04-07,sn000,SHORT,-2.637413526166479,341730.0,340750.0
2022-04-07,rr000,SHORT,-3.847936617729174,3361.0,3363.0
2022-04-07,ss000,SHORT,-4.688397819224128,20600.0,20635.0
2022-04-08,ss000,LONG,3.450757830366559,20315.0,20275.0
2022-04-08,SR000,LONG,3.422838076659297,5972.0,5967.0
2022-04-08,zn000,LONG,1.7600342085583747,26945.0,26935.0
2022-04-08,bc000,LONG,1.3331732772646228,65770.0,65870.0
2022-04-08,ni000,LONG,1.1890185248593015,216020.0,215180.0
2022-04-08,cu000,SHORT,-1.0895363468464447,73300.0,73350.0
2022-04-08,OI000,SHORT,-1.228978324666063,12614.0,12593.0
2022-04-08,c000,SHORT,-1.380265711750324,2928.0,2924.0
2022-04-08,WH000,SHORT,-1.5970261398871566,3404.0,3387.0
2022-04-08,m000,SHORT,-1.7887121718469265,3887.0,3838.0
2022-04-11,CF000,LONG,1.8948884610520487,21635.0,21630.0
2022-04-11,c000,LONG,1.4930052166882057,2929.0,2922.0
2022-04-11,sn000,LONG,0.9267472061243492,339730.0,339780.0
2022-04-11,cu000,LONG,0.7380914089379612,73650.0,73530.0
2022-04-11,RI000,LONG,0.5567048483659124,3019.0,3034.0
2022-04-11,SR000,SHORT,-3.107868099082152,6039.0,6022.0
2022-04-11,CY000,SHORT,-4.047357905608207,27795.0,27805.0
2022-04-11,zn000,SHORT,-4.129734810598248,27490.0,27480.0
2022-04-11,rr000,SHORT,-5.369687627595627,3357.0,3358.0
2022-04-11,pb000,SHORT,-5.670909756991966,15480.0,15475.0
2022-04-12,bc000,LONG,1.7578400882355103,65350.0,65390.0
2022-04-12,pp000,LONG,1.7448878571852435,8612.0,8585.0
2022-04-12,pb000,LONG,1.6438760248175708,15385.0,15400.0
2022-04-12,y000,LONG,1.1978894360055552,10582.0,10550.0
2022-04-12,rr000,LONG,1.0778644833245608,3328.0,3327.0
2022-04-12,au000,SHORT,-1.0570888643473426,400.1,400.72
2022-04-12,sn000,SHORT,-1.1681638375747805,336720.0,337030.0
2022-04-12,CY000,SHORT,-1.6841016747070112,27380.0,27450.0
2022-04-12,ag000,SHORT,-3.129914617736654,5125.0,5127.0
2022-04-12,ss000,SHORT,-7.542126801102651,19285.0,19330.0
2022-04-13,WH000,LONG,1.9634670689462903,3249.0,3215.0
2022-04-13,nr000,LONG,0.4654960197512828,11160.0,11240.0
2022-04-13,al000,LONG,0.39849787859937813,21105.0,21100.0
2022-04-13,v000,LONG,0.3661459270975028,9108.0,9168.0
2022-04-13,zn000,LONG,0.30439868380882446,28240.0,28185.0
2022-04-13,cu000,SHORT,-2.3281964982779777,73850.0,73980.0
2022-04-13,jd000,SHORT,-2.4188869000148734,4814.0,4791.0
2022-04-13,ss000,SHORT,-2.7229269868693295,19555.0,19510.0
2022-04-13,j000,SHORT,-2.8981547207322773,4070.0,4134.0
2022-04-13,rr000,SHORT,-4.2809427286395145,3337.0,3332.0
2022-04-14,cu000,LONG,2.5967126813500205,73770.0,73760.0
2022-04-14,l000,LONG,2.3531036371422505,8906.0,8889.0
2022-04-14,CY000,LONG,1.7370397380960685,27525.0,27440.0
2022-04-14,jd000,LONG,1.3233890200671674,4813.0,4808.0
2022-04-14,cs000,LONG,1.2170516979078552,3317.0,3292.0
2022-04-14,pp000,SHORT,-1.0976804079489926,8737.0,8716.0
2022-04-14,ag000,SHORT,-1.3633581222362148,5237.0,5240.0
2022-04-14,pb000,SHORT,-2.05433838113234,15380.0,15385.0
2022-04-14,rr000,SHORT,-2.1353409290717584,3340.0,3340.0
2022-04-14,zn000,SHORT,-2.7082163999464397,28470.0,28485.0
2022-04-15,WH000,LONG,3.3392876730884558,3200.0,3198.0
2022-04-15,sn000,LONG,2.8940999625165738,338400.0,337780.0
2022-04-15,ag000,LONG,2.432177366678493,5202.0,5198.0
2022-04-15,cu000,LONG,2.421021977161906,74360.0,74190.0
2022-04-15,SR000,LONG,2.2546491760130234,6055.0,6051.0
2022-04-15,fb000,SHORT,-0.8737332079203672,1300.0,1292.0
2022-04-15,a000,SHORT,-0.9274132975180823,6201.0,6170.0
2022-04-15,rb000,SHORT,-0.9340019836118288,5057.0,5040.0
2022-04-15,zn000,SHORT,-1.3340674732508255,28325.0,28295.0
2022-04-15,c000,SHORT,-2.1054515567259675,2965.0,2959.0
2022-04-18,SR000,LONG,6.613004970659552,6066.0,6075.0
2022-04-18,CY000,LONG,3.8030347957954755,27725.0,27700.0
2022-04-18,lu000,LONG,2.153139033108174,5239.0,5327.0
2022-04-18,pp000,LONG,1.8607044201505483,8788.0,8820.0
2022-04-18,MA000,LONG,1.8563869855873922,2966.0,2957.0
2022-04-18,hc000,SHORT,-1.6074427437469054,5157.0,5181.0
2022-04-18,ag000,SHORT,-2.421935057420976,5260.0,5255.0
2022-04-18,m000,SHORT,-4.673467330537172,3942.0,3928.0
2022-04-18,zn000,SHORT,-4.943449868719204,27905.0,27900.0
2022-04-18,pb000,SHORT,-6.334222321645285,15650.0,15635.0
2022-04-19,ss000,LONG,3.488410424887574,20395.0,20340.0
2022-04-19,sn000,LONG,2.0964592512914764,342820.0,342660.0
2022-04-19,jd000,LONG,2.04135893860027,4828.0,4810.0
2022-04-19,zn000,LONG,1.1757154833885288,28785.0,28790.0
2022-04-19,WH000,LONG,1.1488930324909143,3180.0,3185.0
2022-04-19,rr000,SHORT,-0.5806809394570538,3432.0,3431.0
2022-04-19,m000,SHORT,-0.5907125181464908,3985.0,3966.0
2022-04-19,CY000,SHORT,-0.8473705533232139,27720.0,27660.0
2022-04-19,pp000,SHORT,-0.9144852538443551,8952.0,8953.0
2022-04-19,a000,SHORT,-0.9289672535312974,6161.0,6149.0
2022-04-20,SR000,LONG,3.120032035092846,6011.0,6019.0
2022-04-20,rr000,LONG,2.6883851063579915,3421.0,3426.0
2022-04-20,cu000,LONG,2.520066722432726,74460.0,74480.0
2022-04-20,bc000,LONG,1.7378529845201378,66580.0,66590.0
2022-04-20,lu000,LONG,1.3244304453578413,5050.0,5057.0
2022-04-20,sp000,SHORT,-0.45608725287211244,7176.0,7148.0
2022-04-20,ag000,SHORT,-0.9218859760311211,5175.0,5174.0
2022-04-20,l000,SHORT,-0.931666156018631,8969.0,8994.0
2022-04-20,a000,SHORT,-1.2339862020424839,6125.0,6133.0
2022-04-20,nr000,SHORT,-2.0856508330185517,11230.0,11235.0
2022-04-21,CY000,LONG,3.303065374610642,27340.0,27345.0
2022-04-21,c000,LONG,2.1323520525455684,3018.0,3014.0
2022-04-21,lu000,LONG,1.2836897201003918,5102.0,5102.0
2022-04-21,cu000,LONG,1.1648103406752184,74320.0,74370.0
2022-04-21,pb000,LONG,1.0862093729155602,15610.0,15610.0
2022-04-21,eg000,SHORT,-0.6933257479457232,4932.0,4932.0
2022-04-21,rr000,SHORT,-0.8282876091956448,3423.0,3423.0
2022-04-21,MA000,SHORT,-1.0599740619533968,2941.0,2942.0
2022-04-21,au000,SHORT,-1.3963708622162592,403.36,403.38
2022-04-21,ag000,SHORT,-1.7599801757484883,5176.0,5171.0
2022-04-22,SA000,LONG,2.483366347027708,3076.0,3087.0
2022-04-22,a000,LONG,2.1038478585484164,6141.0,6137.0
2022-04-22,CY000,LONG,0.8624280263093028,27440.0,27450.0
2022-04-22,CF000,LONG,0.6151093284073338,21465.0,21510.0
2022-04-22,fu000,LONG,0.46653531837635076,4027.0,4101.0
2022-04-22,j000,SHORT,-3.053780835210252,3896.5,3947.5
2022-04-22,SR000,SHORT,-3.217806726657923,6029.0,6040.0
2022-04-22,pb000,SHORT,-3.527914632190448,15695.0,15690.0
2022-04-22,zn000,SHORT,-3.6858901222400204,28660.0,28645.0
2022-04-22,rr000,SHORT,-5.916166256342112,3421.0,3424.0
2022-04-25,pb000,LONG,6.340130566745184,15695.0,15700.0
2022-04-25,bc000,LONG,3.1229069154678464,66070.0,66210.0
2022-04-25,zn000,LONG,2.5235640951001366,27955.0,28015.0
2022-04-25,ag000,LONG,2.246315545032141,5071.0,5074.0
2022-04-25,j000,LONG,2.035017176721511,3711.0,3722.5
2022-04-25,a000,SHORT,-2.992515244059057,6146.0,6129.0
2022-04-25,fb000,SHORT,-3.482807790463004,1328.0,1318.0
2022-04-25,cu000,SHORT,-6.094452508546334,73900.0,73960.0
2022-04-25,SR000,SHORT,-9.883929495458622,5932.0,5973.0
2022-04-25,ss000,SHORT,-10.48555580811512,19600.0,19545.0
2022-04-26,pb000,LONG,3.866052808517993,15575.0,15570.0
2022-04-26,rr000,LONG,3.6314763825203173,3457.0,3437.0
2022-04-26,l000,LONG,3.3551266252457608,8668.0,8614.0
2022-04-26,c000,LONG,3.3411762723855634,3003.0,2995.0
2022-04-26,cu000,LONG,2.664881706010788,72580.0,72530.0
2022-04-26,jm000,SHORT,-0.8075663489882594,2903.0,2839.0
2022-04-26,CF000,SHORT,-0.8789261325151275,21195.0,21095.0
2022-04-26,lu000,SHORT,-1.1164429619150804,5027.0,4907.0
2022-04-26,ZC000,SHORT,-3.8704974272813506,819.0,818.4
2022-04-26,RM000,SHORT,-6.149703881098585,3645.0,3619.0
2022-04-27,RM000,LONG,4.511289402537046,3663.0,3683.0
2022-04-27,ss000,LONG,4.293337871786579,19355.0,19345.0
2022-04-27,y000,LONG,2.3167346273339775,11232.0,11174.0
2022-04-27,SR000,LONG,1.2344626022610898,5896.0,5899.0
2022-04-27,sc000,LONG,1.0705483576769426,654.2,658.1
2022-04-27,ni000,SHORT,-1.25770480938003,222670.0,222800.0
2022-04-27,CY000,SHORT,-1.3702752344975482,26790.0,26815.0
2022-04-27,sn000,SHORT,-1.7649426882912953,328850.0,328310.0
2022-04-27,rr000,SHORT,-2.0779740259886785,3439.0,3440.0
2022-04-27,c000,SHORT,-2.1385402547969754,2982.0,2979.0
2022-04-28,RM000,LONG,3.5926814991988767,3790.0,3724.0
2022-04-28,ag000,LONG,3.194168602898474,4948.0,4940.0
2022-04-28,bc000,LONG,2.5930261192972455,65290.0,65210.0
2022-04-28,cu000,LONG,2.193054579018909,73350.0,73270.0
2022-04-28,ni000,LONG,2.01019296057504,228560.0,228390.0
2022-04-28,c000,SHORT,-1.0800200460660259,3012.0,3005.0
2022-04-28,SA000,SHORT,-1.183504032785334,2991.0,2979.0
2022-04-28,m000,SHORT,-1.202128542962142,4045.0,3982.0
2022-04-28,hc000,SHORT,-1.321453075411997,4941.0,4942.0
2022-04-28,lu000,SHORT,-1.8016414774403977,5159.0,5189.0
2022-04-29,m000,LONG,5.261266768810279,4035.0,4053.0
2022-04-29,rr000,LONG,3.1186836065503494,3412.0,3407.0
2022-04-29,p000,LONG,2.4870495136307196,12092.0,12072.0
2022-04-29,sc000,LONG,2.2750113395748706,668.8,665.9
2022-04-29,pp000,LONG,2.1811902265794134,8638.0,8605.0
2022-04-29,CF000,SHORT,-1.385566689318813,21710.0,21515.0
2022-04-29,SR000,SHORT,-2.297855743451758,5890.0,5867.0
2022-04-29,zn000,SHORT,-2.770588909517669,27615.0,27600.0
2022-04-29,WH000,SHORT,-3.05181072885653,3058.0,3250.0
2022-04-29,ZC000,SHORT,-3.298578029118735,814.6,815.0
2022-05-05,a000,LONG,5.788177350496917,6130.0,6138.0
2022-05-05,al000,LONG,4.603432864310954,20770.0,20525.0
2022-05-05,pb000,LONG,3.5702454564020694,15785.0,15750.0
2022-05-05,CY000,LONG,2.3639026598054373,27965.0,28085.0
2022-05-05,m000,LONG,1.935058134358942,4013.0,4050.0
2022-05-05,bc000,SHORT,-2.923917483279924,65060.0,64660.0
2022-05-05,jd000,SHORT,-3.4773593763336765,4780.0,4842.0
2022-05-05,rr000,SHORT,-3.4993279968544795,3430.0,3423.0
2022-05-05,ag000,SHORT,-6.015375650109262,4950.0,4920.0
2022-05-05,zn000,SHORT,-6.856311005405148,27510.0,27450.0
2022-05-06,ss000,LONG,2.044270988365045,19080.0,19135.0
2022-05-06,ZC000,LONG,0.9023567900224421,839.2,839.2
2022-05-06,l000,LONG,0.8811009938728025,8895.0,8913.0
2022-05-06,c000,LONG,0.8449293149541504,2996.0,2996.0
2022-05-06,lu000,LONG,0.6992425270738029,5630.0,5660.0
2022-05-06,cu000,SHORT,-1.6674070589742613,72000.0,71970.0
2022-05-06,bc000,SHORT,-1.8920001829051047,63960.0,63920.0
2022-05-06,y000,SHORT,-2.6124914227780653,11172.0,11198.0
2022-05-06,SA000,SHORT,-2.6900231806174313,3024.0,3023.0
2022-05-06,SR000,SHORT,-3.289272463557514,5868.0,5870.0
2022-05-09,ss000,LONG,5.065595958398053,19225.0,19030.0
2022-05-09,nr000,LONG,3.1142546339154755,10685.0,10700.0
2022-05-09,au000,LONG,2.4411522994517965,406.06,405.94
2022-05-09,CY000,LONG,1.445913168831624,27485.0,27500.0
2022-05-09,v000,LONG,1.4090267551673112,8586.0,8652.0
2022-05-09,jd000,SHORT,-2.382213312344592,4704.0,4703.0
2022-05-09,bc000,SHORT,-2.623568115391316,63730.0,63600.0
2022-05-09,MA000,SHORT,-2.7581882230525028,2690.0,2680.0
2022-05-09,SR000,SHORT,-4.962474770562445,5878.0,5868.0
2022-05-09,rr000,SHORT,-8.312823115872733,3439.0,3427.0
2022-05-10,RM000,LONG,6.8306792958901905,3521.0,3513.0
2022-05-10,au000,LONG,2.2472935537471326,403.56,403.72
2022-05-10,bc000,LONG,2.0359392805928165,63280.0,62970.0
2022-05-10,al000,LONG,2.00191949379591,19780.0,19725.0
2022-05-10,nr000,LONG,1.6306166525086216,10685.0,10640.0
2022-05-10,m000,SHORT,-4.284079694348629,3886.0,3876.0
2022-05-10,y000,SHORT,-4.4717930473958,10838.0,10884.0
2022-05-10,cu000,SHORT,-4.8288339791090635,71570.0,71190.0
2022-05-10,WH000,SHORT,-5.254457683979851,3304.0,3322.0
2022-05-10,SR000,SHORT,-5.599322904728862,5809.0,5814.0
2022-05-11,rr000,LONG,5.819539708471886,3471.0,3466.0
2022-05-11,c000,LONG,4.268580051758307,2971.0,2974.0
2022-05-11,hc000,LONG,3.77523717537248,4763.0,4723.0
2022-05-11,a000,LONG,3.6686721027797304,6144.0,6160.0
2022-05-11,m000,LONG,3.304957755835048,3928.0,3931.0
2022-05-11,WH000,SHORT,-0.7732135487856868,3322.0,3342.0
2022-05-11,cu000,SHORT,-0.811823595933456,70920.0,71160.0
2022-05-11,au000,SHORT,-0.8755732666858339,400.56,400.68
2022-05-11,sn000,SHORT,-0.9373053592190441,291240.0,292090.0
2022-05-11,ag000,SHORT,-1.4885834559735929,4750.0,4757.0
2022-05-12,a000,LONG,2.5393611266131595,6221.0,6190.0
2022-05-12,ag000,LONG,2.4447400849974734,4750.0,4768.0
2022-05-12,CY000,LONG,1.6615063810852881,27740.0,27780.0
2022-05-12,sn000,LONG,1.1808854993591849,296000.0,297230.0
2022-05-12,WH000,LONG,0.8267476790561935,3302.0,3301.0
2022-05-12,c000,SHORT,-2.178600707950265,2983.0,2984.0
2022-05-12,jd000,SHORT,-2.313866322528913,4712.0,4744.0
2022-05-12,m000,SHORT,-2.391927258602556,3940.0,3947.0
2022-05-12,l000,SHORT,-2.610883854253134,8669.0,8709.0
2022-05-12,rr000,SHORT,-5.367672936453778,3456.0,3459.0
2022-05-13,SR000,LONG,9.410877875176414,5820.0,5810.0
2022-05-13,pb000,LONG,7.228911831199901,15020.0,15025.0
2022-05-13,bc000,LONG,6.228129685645796,62360.0,62250.0
2022-05-13,zn000,LONG,5.33452932076892,25325.0,25310.0
2022-05-13,rr000,LONG,4.461992064871715,3450.0,3450.0
2022-05-13,lh000,SHORT,-0.1869159115095098,19565.0,19720.0
2022-05-13,a000,SHORT,-0.2025836134560958,6292.0,6277.0
2022-05-13,fb000,SHORT,-0.30612970156178376,1372.5,1370.0
2022-05-13,rb000,SHORT,-0.4071572416296308,4632.0,4596.0
2022-05-13,RM000,SHORT,-1.751488407056634,3688.0,3608.0
2022-05-16,rr000,LONG,6.067685559453314,3464.0,3455.0
2022-05-16,l000,LONG,3.7953893210250964,8684.0,8660.0
2022-05-16,jd000,LONG,3.2429131933896254,4766.0,4761.0
2022-05-16,RM000,LONG,3.2123232273155824,3759.0,3700.0
2022-05-16,au000,LONG,2.942006103614991,396.86,396.16
2022-05-16,fb000,SHORT,-1.2176309121507627,1377.0,1391.5
2022-05-16,PK000,SHORT,-1.4161530249200365,10170.0,10410.0
2022-05-16,pp000,SHORT,-2.137365945344486,8627.0,8595.0
2022-05-16,ss000,SHORT,-3.0948914016634146,18900.0,18870.0
2022-05-16,c000,SHORT,-4.381493436570916,2995.0,2980.0
2022-05-17,RM000,LONG,7.093246707207911,3743.0,3749.0
2022-05-17,SR000,LONG,4.5613098897054405,5944.0,5940.0
2022-05-17,CY000,LONG,4.378625332858388,27675.0,27570.0
2022-05-17,zn000,LONG,3.241474613223537,25760.0,25730.0
2022-05-17,pb000,LONG,2.9476455169838167,14930.0,14915.0
2022-05-17,al000,SHORT,-0.34219205485794807,20455.0,20490.0
2022-05-17,fb000,SHORT,-0.356701774566944,1390.5,1389.0
2022-05-17,ni000,SHORT,-0.4430702786412049,200350.0,199220.0
2022-05-17,au000,SHORT,-1.6575470109984063,396.06,396.2799999
2022-05-17,bc000,SHORT,-3.564015717101571,63230.0,63280.0
2022-05-18,ZC000,LONG,1.2498970266110923,841.2,841.4
2022-05-18,ss000,LONG,0.9472095769650235,18650.0,18660.0
2022-05-18,lu000,LONG,0.8490921767014442,5975.0,6037.0
2022-05-18,CY000,LONG,0.7858591726654893,27730.0,27700.0
2022-05-18,nr000,LONG,0.6778354894185354,11120.0,11100.0
2022-05-18,hc000,SHORT,-1.6788382436347518,4738.0,4750.0
2022-05-18,ag000,SHORT,-2.3027280870983193,4738.0,4733.0
2022-05-18,SR000,SHORT,-2.38407833767521,5958.0,5954.0
2022-05-18,rr000,SHORT,-2.4655496782257043,3459.0,3458.0
2022-05-18,bc000,SHORT,-2.689446164259433,63490.0,63450.0
2022-05-19,c000,LONG,2.3451911681778985,3006.0,3007.0
2022-05-19,hc000,LONG,2.3234520160428516,4626.0,4648.0
2022-05-19,zn000,LONG,2.0236314668805315,25430.0,25425.0
2022-05-19,m000,LONG,1.8960012449129857,4126.0,4120.0
2022-05-19,lu000,LONG,1.2712772078587655,5843.0,5874.0
2022-05-19,cu000,SHORT,-1.107653964561691,71050.0,71080.0
2022-05-19,rr000,SHORT,-1.5494988465251232,3449.0,3452.0
2022-05-19,WH000,SHORT,-1.968216624528517,3450.0,3461.0
2022-05-19,SR000,SHORT,-3.4910148053379566,5929.0,5930.0
2022-05-19,MA000,SHORT,-3.6733737474523047,2704.0,2700.0
2022-05-20,rr000,LONG,6.675517115395944,3437.0,3437.0
2022-05-20,jd000,LONG,2.966249586562622,4776.0,4802.0
2022-05-20,au000,LONG,2.7046047718950605,397.2799999,397.02
2022-05-20,y000,LONG,2.0686134457801866,11236.0,11294.0
2022-05-20,nr000,LONG,2.003083043595966,11255.0,11225.0
2022-05-20,OI000,SHORT,-1.0690927916601818,13315.0,13385.0
2022-05-20,cu000,SHORT,-1.410702757311248,71890.0,71860.0
2022-05-20,a000,SHORT,-1.578428181711714,6288.0,6285.0
2022-05-20,zn000,SHORT,-1.5983182606003208,25875.0,25860.0
2022-05-20,pb000,SHORT,-2.967310609153298,14925.0,14915.0
2022-05-23,SR000,LONG,4.08100130197233,5982.0,5975.0
2022-05-23,hc000,LONG,2.5086160062195946,4797.0,4755.0
2022-05-23,y000,LONG,1.729754613291548,11434.0,11440.0
2022-05-23,c000,LONG,1.7242822252556176,2991.0,3003.0
2022-05-23,pp000,LONG,1.4912461692746863,8488.0,8489.0
2022-05-23,sn000,SHORT,-2.151106248465463,281500.0,284670.0
2022-05-23,rr000,SHORT,-2.8518685363047083,3412.0,3419.0
2022-05-23,cu000,SHORT,-3.122409552195772,71710.0,71860.0
2022-05-23,CF000,SHORT,-3.4703828678225657,21175.0,21195.0
2022-05-23,ss000,SHORT,-6.9346334469816,18800.0,18895.0
2022-05-24,pb000,LONG,3.759111524775524,15115.0,15100.0
2022-05-24,a000,LONG,3.1064194048054476,6349.0,6349.0
2022-05-24,zn000,LONG,3.0982052816436707,25585.0,25555.0
2022-05-24,SR000,LONG,2.5640386956091636,5991.0,5983.0
2022-05-24,hc000,LONG,1.324183884264868,4696.0,4703.0
2022-05-24,lu000,SHORT,-0.8036335164375396,5804.0,5788.0
2022-05-24,ni000,SHORT,-0.918638199644279,209880.0,210060.0
2022-05-24,rr000,SHORT,-1.0843704460322918,3391.0,3396.0
2022-05-24,l000,SHORT,-1.8335035530325956,8541.0,8539.0
2022-05-24,cu000,SHORT,-2.684189726110755,72210.0,72170.0
2022-05-25,zn000,LONG,2.5671352067183655,25565.0,25530.0
2022-05-25,rr000,LONG,1.9953574893826789,3394.0,3392.0
2022-05-25,eg000,LONG,1.8855847265400125,4941.0,4942.0
2022-05-25,ag000,LONG,1.7253475079950042,4775.0,4782.0
2022-05-25,m000,LONG,1.691928324825555,4103.0,4079.0
2022-05-25,fu000,SHORT,-0.36243640360966556,4260.0,4253.0
2022-05-25,al000,SHORT,-0.42831546628261075,20385.0,20395.0
2022-05-25,c000,SHORT,-0.8271711291412146,2939.0,2933.0
2022-05-25,cu000,SHORT,-2.576513881736375,71420.0,71400.0
2022-05-25,SR000,SHORT,-2.713293210951618,6003.0,5991.0
2022-05-26,cu000,LONG,1.8318829734394753,71210.0,71200.0
2022-05-26,sn000,LONG,1.1105799732751138,265920.0,266020.0
2022-05-26,au000,LONG,0.7582924495113108,398.46,398.22
2022-05-26,eg000,LONG,0.5181317321144531,4882.0,4883.0
2022-05-26,RS000,LONG,0.21269982635075033,6573.0,6591.0
2022-05-26,c000,SHORT,-2.10460993559932,2930.0,2934.0
2022-05-26,pb000,SHORT,-2.3826551532495874,14875.0,14860.0
2022-05-26,j000,SHORT,-2.4068156383965564,3201.0,3208.0
2022-05-26,SR000,SHORT,-2.4527372876368947,6009.0,6014.0
2022-05-26,a000,SHORT,-3.0910690930423255,6364.0,6392.0
2022-05-27,pb000,LONG,6.175756909027235,14940.0,14950.0
2022-05-27,SR000,LONG,6.004751507430992,6029.0,6033.0
2022-05-27,zn000,LONG,4.107762115658147,25690.0,25670.0
2022-05-27,rr000,LONG,2.675671715661577,3378.0,3384.0
2022-05-27,y000,LONG,1.9393751526763943,11738.0,11650.0
2022-05-27,l000,SHORT,-0.4031569801439445,8833.0,8838.0
2022-05-27,p000,SHORT,-0.5479096986801945,12266.0,12084.0
2022-05-27,ni000,SHORT,-0.9517966934124917,210610.0,210470.0
2022-05-27,sc000,SHORT,-1.6002686511820094,737.0,733.5
2022-05-27,ag000,SHORT,-3.32608300954055,4813.0,4810.0
2022-05-30,sp000,LONG,1.464155905465941,7268.0,7248.0
2022-05-30,m000,LONG,1.440047671038228,4183.0,4172.0
2022-05-30,SR000,LONG,1.3641676907207112,6045.0,6032.0
2022-05-30,sn000,LONG,1.1712899743314578,266630.0,263200.0
2022-05-30,CY000,LONG,1.1161380017790825,26480.0,26620.0
2022-05-30,jd000,SHORT,-1.8340266173140192,4745.0,4729.0
2022-05-30,cu000,SHORT,-2.265903045445819,71990.0,71990.0
2022-05-30,pb000,SHORT,-2.390051161936224,15065.0,15060.0
2022-05-30,a000,SHORT,-2.764862227192382,6357.0,6363.0
2022-05-30,rr000,SHORT,-3.3725572921376705,3398.0,3378.0
2022-05-31,hc000,LONG,2.282501786426559,4778.0,4778.0
2022-05-31,y000,LONG,2.1961283919887755,11746.0,11712.0
2022-05-31,zn000,LONG,1.9251092333813382,26135.0,26155.0
2022-05-31,pb000,LONG,1.3354705716531412,15240.0,15230.0
2022-05-31,pp000,LONG,0.8629226204139989,8830.0,8814.0
2022-05-31,ss000,SHORT,-0.5003006842770007,18465.0,18445.0
2022-05-31,cu000,SHORT,-0.5405237845730466,72000.0,72050.0
2022-05-31,m000,SHORT,-0.5913176510049923,4206.0,4211.0
2022-05-31,lu000,SHORT,-0.820644857248819,6191.0,6116.0
2022-05-31,sp000,SHORT,-0.9586641702866454,7000.0,7008.0
2022-06-01,zn000,LONG,2.4374267429870105,26085.0,26055.0
2022-06-01,ss000,LONG,1.7008618112636207,18285.0,18295.0
2022-06-01,pb000,LONG,1.4131362285275764,15120.0,15130.0
2022-06-01,ag000,LONG,1.3975664327526003,4702.0,4705.0
2022-06-01,bc000,LONG,1.2386268398866933,63840.0,63860.0
2022-06-01,l000,SHORT,-1.1160821337292746,8990.0,8978.0
2022-06-01,c000,SHORT,-1.1568994173157923,2898.0,2911.0
2022-06-01,hc000,SHORT,-1.7509062005931553,4778.0,4775.0
2022-06-01,cu000,SHORT,-3.9022230138151386,71560.0,71620.0
2022-06-01,SR000,SHORT,-5.607545224695455,6049.0,6064.0
2022-06-02,a000,LONG,4.660934895373249,6344.0,6336.0
2022-06-02,cu000,LONG,2.843391525657828,71960.0,71890.0
2022-06-02,zn000,LONG,2.3258614883769573,26190.0,26185.0
2022-06-02,pb000,LONG,2.3152876771218938,15070.0,15080.0
2022-06-02,m000,LONG,2.0763346059385053,4122.0,4116.0
2022-06-02,SM000,SHORT,-0.5809156899592717,8478.0,8530.0
2022-06-02,SA000,SHORT,-0.655174681490179,3091.0,3086.0
2022-06-02,j000,SHORT,-0.7145538112758932,3577.5,3592.5
2022-06-02,rr000,SHORT,-1.0396032315298918,3366.0,3368.0
2022-06-02,ZC000,SHORT,-5.148346328760514,879.0,879.6
2022-06-06,au000,LONG,12.967308658455618,397.44,398.0
2022-06-06,a000,LONG,10.419957014345595,6329.0,6271.0
2022-06-06,PK000,LONG,4.606602106258347,10370.0,10336.0
2022-06-06,al000,LONG,4.100427144386602,21020.0,20955.0
2022-06-06,UR000,LONG,2.483414396215472,2946.0,2955.0
2022-06-06,zn000,SHORT,-2.0782769368584217,26460.0,26690.0
2022-06-06,v000,SHORT,-2.3348341200633205,8592.0,8728.0
2022-06-06,sn000,SHORT,-3.808227451933769,260740.0,258980.0
2022-06-06,pb000,SHORT,-4.219184524755962,14875.0,14945.0
2022-06-06,sp000,SHORT,-5.38753733915091,7294.0,7232.0
2022-06-07,m000,LONG,2.5075446914187833,4137.0,4131.0
2022-06-07,rr000,LONG,2.1429635773111877,3357.0,3360.0
2022-06-07,bc000,LONG,1.4843142735883919,65330.0,65340.0
2022-06-07,jd000,LONG,1.423115945246818,4738.0,4688.0
2022-06-07,ni000,LONG,1.1587352221679543,223610.0,223700.0
2022-06-07,nr000,SHORT,-0.9353736118161415,11530.0,11605.0
2022-06-07,ss000,SHORT,-0.9845872432087716,18620.0,18615.0
2022-06-07,cu000,SHORT,-1.025106330809041,72850.0,72870.0
2022-06-07,sc000,SHORT,-1.2639856205684121,746.1,745.7
2022-06-07,CF000,SHORT,-2.2365923988622405,20470.0,20455.0
2022-06-08,bc000,LONG,4.362179765838583,65270.0,65190.0
2022-06-08,ni000,LONG,2.3224788261045726,221270.0,221450.0
2022-06-08,cu000,LONG,1.7321683300973985,72830.0,72750.0
2022-06-08,WH000,LONG,1.5400431448619776,3435.0,3483.0
2022-06-08,RS000,LONG,1.4077257382523205,6803.0,6838.0
2022-06-08,pp000,SHORT,-0.4775570155893024,8992.0,8972.0
2022-06-08,sn000,SHORT,-0.6528919341885654,255470.0,255490.0
2022-06-08,eg000,SHORT,-0.8141505752400571,5285.0,5259.0
2022-06-08,m000,SHORT,-1.3478082337773347,4200.0,4126.0
2022-06-08,ss000,SHORT,-2.994794384674774,18685.0,18660.0
2022-06-09,SR000,LONG,2.544324333540585,6054.0,6067.0
2022-06-09,m000,LONG,1.5753747049404168,4193.0,4219.0
2022-06-09,CY000,LONG,1.0904031450764429,26615.0,26635.0
2022-06-09,hc000,LONG,1.0376066033584233,4878.0,4876.0
2022-06-09,ag000,LONG,0.8672521890352515,4803.0,4812.0
2022-06-09,ss000,SHORT,-1.1026017020579812,18725.0,18775.0
2022-06-09,WH000,SHORT,-1.5828408789831927,2990.0,2990.0
2022-06-09,pb000,SHORT,-1.613397425455316,15230.0,15235.0
2022-06-09,MA000,SHORT,-1.6267438969049552,2942.0,2942.0
2022-06-09,zn000,SHORT,-2.617463845951577,26525.0,26510.0
2022-06-10,RM000,LONG,1.310122780441233,3821.0,3849.0
2022-06-10,CY000,LONG,0.9500762865513376,26350.0,26475.0
2022-06-10,cu000,LONG,0.9355286152456981,72530.0,72540.0
2022-06-10,fu000,LONG,0.4309143074428891,3990.0,4019.0
2022-06-10,ss000,LONG,0.24486962834500495,18630.0,18660.0
2022-06-10,c000,SHORT,-2.0503487099691746,2858.0,2857.0
2022-06-10,zn000,SHORT,-2.3776523258563227,26210.0,26220.0
2022-06-10,a000,SHORT,-2.4731604181781606,6263.0,6262.0
2022-06-10,rr000,SHORT,-3.1477444399602916,3372.0,3377.0
2022-06-10,SR000,SHORT,-5.550433199897718,6108.0,6112.0
2022-06-13,zn000,LONG,4.902339724952141,26050.0,26060.0
2022-06-13,cu000,LONG,3.755032516027226,72100.0,72050.0
2022-06-13,hc000,LONG,2.6854757201983284,4786.0,4821.0
2022-06-13,ag000,LONG,2.366462203714671,4786.0,4762.0
2022-06-13,pb000,LONG,2.2750144696618144,15020.0,15020.0
2022-06-13,SM000,SHORT,-2.2758638366776505,8544.0,8340.0
2022-06-13,WH000,SHORT,-2.2825235151761274,3481.0,3441.0
2022-06-13,sc000,SHORT,-2.3250184763998667,754.7,754.4
2022-06-13,rr000,SHORT,-3.175232205292275,3367.0,3368.0
2022-06-13,SR000,SHORT,-4.208043738356227,6026.0,6041.0
2022-06-14,pb000,LONG,3.671283856544934,14970.0,14960.0
2022-06-14,zn000,LONG,2.218213406915481,25965.0,25870.0
2022-06-14,CY000,LONG,1.8270352747520553,26290.0,26270.0
2022-06-14,jd000,LONG,1.8082529094060509,4682.0,4694.0
2022-06-14,l000,LONG,1.789207052052627,8949.0,8928.0
2022-06-14,wr000,SHORT,-0.5865723112476164,5160.0,5079.0
2022-06-14,OI000,SHORT,-0.6126207724924633,14364.0,14295.0
2022-06-14,WH000,SHORT,-1.0816033590303549,3441.0,3480.0
2022-06-14,SM000,SHORT,-1.1576092676854537,8332.0,8300.0
2022-06-14,RM000,SHORT,-1.888854943552059,3685.0,3662.0
2022-06-15,cu000,LONG,3.0918815924774425,70810.0,70950.0
2022-06-15,SR000,LONG,1.7776229746564967,6005.0,5995.0
2022-06-15,rr000,LONG,1.5419674646536488,3371.0,3367.0
2022-06-15,OI000,LONG,1.4357715955549066,14207.0,14257.0
2022-06-15,j000,LONG,1.127020587603274,3536.5,3553.0
2022-06-15,m000,SHORT,-0.9645887291420043,4101.0,4132.0
2022-06-15,eg000,SHORT,-0.9932428138810857,5304.0,5339.0
2022-06-15,c000,SHORT,-1.1500101099490039,2883.0,2879.0
2022-06-15,jm000,SHORT,-1.163233192519055,2798.5,2803.5
2022-06-15,y000,SHORT,-1.2320810696993945,11700.0,11738.0
2022-06-16,SR000,LONG,1.876744788652398,5971.0,5972.0
2022-06-16,pp000,LONG,1.8312858554524751,8737.0,8746.0
2022-06-16,y000,LONG,1.8294303418311293,11580.0,11558.0
2022-06-16,jd000,LONG,1.4711871190951376,4632.0,4647.0
2022-06-16,c000,LONG,1.0735299481131166,2887.0,2893.0
2022-06-16,ni000,SHORT,-0.5896289247410204,202800.0,202930.0
2022-06-16,hc000,SHORT,-0.8627879003133191,4677.0,4690.0
2022-06-16,CY000,SHORT,-1.0304303708772753,25640.0,25720.0
2022-06-16,ZC000,SHORT,-1.1513000353436305,875.6,820.0
2022-06-16,rr000,SHORT,-1.2085975535883562,3374.0,3376.0
2022-06-17,bc000,LONG,3.01484007972408,61520.0,61490.0
2022-06-17,cu000,LONG,2.8911097763781455,69490.0,69480.0
2022-06-17,rr000,LONG,2.4464168090051426,3359.0,3363.0
2022-06-17,l000,LONG,2.2303647800679847,8767.0,8759.0
2022-06-17,a000,LONG,2.055773844439857,6190.0,6193.0
2022-06-17,SM000,SHORT,-0.8174493863715236,8124.0,8038.0
2022-06-17,SA000,SHORT,-0.8442298748530163,2889.0,2848.0
2022-06-17,pp000,SHORT,-0.951422708143917,8615.0,8600.0
2022-06-17,SR000,SHORT,-1.334172479675308,5945.0,5939.0
2022-06-17,y000,SHORT,-3.591928042069784,11412.0,11358.0
2022-06-20,ag000,LONG,1.6712251685927375,4738.0,4739.0
2022-06-20,au000,LONG,0.9899370402766773,398.5,398.5
2022-06-20,CF000,LONG,0.7871751566724204,19010.0,19390.0
2022-06-20,PF000,LONG,0.7632302353988224,8522.0,8598.0
2022-06-20,a000,LONG,0.6777587224181638,6146.0,6122.0
2022-06-20,y000,SHORT,-6.208356791040265,11238.0,11254.0
2022-06-20,l000,SHORT,-7.600932215994472,8659.0,8669.0
2022-06-20,jd000,SHORT,-8.354050102082859,4697.0,4725.0
2022-06-20,SR000,SHORT,-9.907557138174512,5911.0,5921.0
2022-06-20,rr000,SHORT,-10.02580983063718,3346.0,3348.0
2022-06-21,rr000,LONG,9.265568700903422,3340.0,3342.0
2022-06-21,y000,LONG,6.743833335605758,11058.0,10970.0
2022-06-21,jd000,LONG,6.628923348148419,4736.0,4665.0
2022-06-21,l000,LONG,6.1170903159144565,8643.0,8579.0
2022-06-21,m000,LONG,3.9401314038678037,4094.0,4119.0
2022-06-21,fb000,SHORT,-0.6118274461627613,1374.0,1386.0
2022-06-21,CF000,SHORT,-0.7689920779854154,19320.0,19260.0
2022-06-21,lu000,SHORT,-0.932628755517205,6157.0,5988.0
2022-06-21,CY000,SHORT,-1.3429314750726988,25455.0,25285.0
2022-06-21,ag000,SHORT,-1.425715376312476,4706.0,4709.0
2022-06-22,y000,LONG,4.09394333105952,10752.0,10816.0
2022-06-22,CY000,LONG,1.7026164423271193,25215.0,25370.0
2022-06-22,CF000,LONG,0.7577498024546548,19110.0,19250.0
2022-06-22,lu000,LONG,0.45146465506610234,5954.0,6140.0
2022-06-22,sn000,LONG,0.4226469044450401,240130.0,239950.0
2022-06-22,c000,SHORT,-2.5687620589499893,2881.0,2890.0
2022-06-22,rr000,SHORT,-2.667483531147663,3320.0,3322.0
2022-06-22,cu000,SHORT,-2.710339340472929,68610.0,68620.0
2022-06-22,m000,SHORT,-3.1644994867456653,4086.0,4139.0
2022-06-22,ss000,SHORT,-4.413788824434658,18230.0,18195.0
2022-06-23,bc000,LONG,52.74015802198178,59240.0,59170.0
2022-06-23,SR000,LONG,3.2185709671134264,5855.0,5857.0
2022-06-23,a000,LONG,2.2181272730592942,5959.0,5985.0
2022-06-23,pb000,LONG,1.6551987001478123,15135.0,15125.0
2022-06-23,y000,LONG,1.4306166750834508,10256.0,10340.0
2022-06-23,l000,SHORT,-2.626238915286113,8470.0,8521.0
2022-06-23,zn000,SHORT,-2.6295069024022197,25400.0,25395.0
2022-06-23,rr000,SHORT,-3.900366050238042,3319.0,3316.0
2022-06-23,ni000,SHORT,-5.841447724327879,189740.0,189700.0
2022-06-23,cu000,SHORT,-7.597618619753785,66940.0,66820.0
2022-06-24,y000,LONG,1.4606285953854585,10132.0,10322.0
2022-06-24,CY000,LONG,0.4155742993195551,23915.0,24765.0
2022-06-24,i000,LONG,0.1920292429987735,740.0,749.0
2022-06-24,ru000,LONG,0.14088360208042036,12730.0,12750.0
2022-06-24,pg000,LONG,0.03453598049846409,5531.0,5571.0
2022-06-24,a000,SHORT,-4.076396536051629,5896.0,5932.0
2022-06-24,SR000,SHORT,-4.9025920962794585,5851.0,5871.0
2022-06-24,zn000,SHORT,-5.713693180817578,24570.0,24585.0
2022-06-24,pb000,SHORT,-6.464082738170708,15000.0,15005.0
2022-06-24,cu000,SHORT,-7.967154569277969,63940.0,64160.0
2022-06-27,SR000,LONG,10.258639228856746,5869.0,5868.0
2022-06-27,zn000,LONG,9.724227540662392,23330.0,23520.0
2022-06-27,pb000,LONG,6.946536639135189,14930.0,14940.0
2022-06-27,ss000,LONG,4.831099353797135,16860.0,16840.0
2022-06-27,c000,LONG,4.653643181019789,2805.0,2807.0
2022-06-27,cu000,SHORT,-0.6796841343808876,63510.0,63880.0
2022-06-27,sp000,SHORT,-0.7299421067279034,6616.0,6540.0
2022-06-27,eb000,SHORT,-0.7660397122722207,10154.0,10017.0
2022-06-27,sn000,SHORT,-1.1589808368913737,201240.0,201770.0
2022-06-27,au000,SHORT,-2.2067387066771724,394.04,394.16
2022-06-28,a000,LONG,2.169927584377803,5978.0,5988.0
2022-06-28,pp000,LONG,1.667621269262272,8479.0,8479.0
2022-06-28,CJ000,LONG,1.0760944619567778,11445.0,11275.0
2022-06-28,SA000,LONG,0.9996674989731271,2793.0,2777.0
2022-06-28,OI000,LONG,0.8321783122583362,11913.0,11942.0
2022-06-28,pb000,SHORT,-1.1826585343051288,15200.0,15195.0
2022-06-28,l000,SHORT,-1.2765975185583414,8495.0,8496.0
2022-06-28,jd000,SHORT,-1.6219703283678217,4562.0,4570.0
2022-06-28,zn000,SHORT,-2.186596861211069,23890.0,23915.0
2022-06-28,SR000,SHORT,-5.409817759267756,5854.0,5855.0
2022-06-29,cu000,LONG,2.3762968188766087,64210.0,64120.0
2022-06-29,sn000,LONG,2.2873678973020835,208180.0,207280.0
2022-06-29,CY000,LONG,1.5674757637441157,23735.0,24035.0
2022-06-29,nr000,LONG,1.119465685085879,11130.0,11155.0
2022-06-29,sp000,LONG,0.8309924163717225,6912.0,6928.0
2022-06-29,zn000,SHORT,-1.5277787273002368,24125.0,24010.0
2022-06-29,PK000,SHORT,-1.6436736985806546,9710.0,9704.0
2022-06-29,fb000,SHORT,-2.137296933983078,1397.5,1392.0
2022-06-29,ZC000,SHORT,-2.389796531506963,840.4,840.4
2022-06-29,c000,SHORT,-2.6404396074422944,2816.0,2812.0
2022-06-30,RI000,LONG,1.1961426220784375,2500.0,2500.0
2022-06-30,m000,LONG,1.0352690979003905,3904.0,3901.0
2022-06-30,fb000,LONG,1.013635467719304,1389.5,1386.0
2022-06-30,lu000,LONG,0.6007059148659906,6064.0,6175.0
2022-06-30,AP000,LONG,0.5768907551499751,8864.0,8786.0
2022-06-30,cu000,SHORT,-2.205474041647963,64120.0,64230.0
2022-06-30,zn000,SHORT,-3.3517302323009144,24110.0,24160.0
2022-06-30,bc000,SHORT,-3.4451592843126293,56680.0,56800.0
2022-06-30,SR000,SHORT,-3.8964964498911163,5850.0,5845.0
2022-06-30,pb000,SHORT,-4.161089769090495,15225.0,15225.0
2022-07-01,cu000,LONG,1.4894555659780615,63240.0,63100.0
2022-07-01,CF000,LONG,1.4172909568778491,17575.0,17645.0
2022-07-01,nr000,LONG,1.3065329941701953,11050.0,11110.0
2022-07-01,sp000,LONG,1.0602395575938721,6816.0,6816.0
2022-07-01,ni000,LONG,0.9505654085674213,173290.0,172010.0
2022-07-01,c000,SHORT,-2.291861205427265,2755.0,2755.0
2022-07-01,CY000,SHORT,-2.3159749024639447,24350.0,24345.0
2022-07-01,pb000,SHORT,-3.6044221562395786,15110.0,15100.0
2022-07-01,SR000,SHORT,-3.6534928238016118,5827.0,5835.0
2022-07-01,zn000,SHORT,-3.7620894742341933,23165.0,23150.0
2022-07-04,cu000,LONG,4.07367774968826,61460.0,61460.0
2022-07-04,bc000,LONG,3.299977239437724,54380.0,54380.0
2022-07-04,ni000,LONG,2.555244617317345,165640.0,166110.0
2022-07-04,cs000,LONG,2.3398937695592963,3109.0,3085.0
2022-07-04,pb000,LONG,2.0705846632836784,15080.0,15075.0
2022-07-04,WH000,SHORT,-3.999130691554258,3400.0,3429.0
2022-07-04,rr000,SHORT,-4.167670906265273,3349.0,3348.0
2022-07-04,ag000,SHORT,-5.065299967498237,4344.0,4348.0
2022-07-04,a000,SHORT,-6.3251811806079905,5781.0,5853.0
2022-07-04,SR000,SHORT,-14.483720266885435,5782.0,5795.0
2022-07-05,SR000,LONG,4.087415965914789,5812.0,5810.0
2022-07-05,m000,LONG,2.8113626645425436,3857.0,3845.0
2022-07-05,CY000,LONG,2.0442295722539847,23640.0,23745.0
2022-07-05,c000,LONG,1.945630732973382,2710.0,2707.0
2022-07-05,y000,LONG,1.7408464890234336,9540.0,9496.0
2022-07-05,PK000,SHORT,-0.5684884134318685,9766.0,9606.0
2022-07-05,rr000,SHORT,-0.5760967886062826,3349.0,3348.0
2022-07-05,j000,SHORT,-0.7419333685524095,3000.5,3017.0
2022-07-05,jd000,SHORT,-0.7675085286098395,4464.0,4399.0
2022-07-05,l000,SHORT,-1.14179059476714,8564.0,8570.0
2022-07-06,rr000,LONG,5.728954703152872,3359.0,3366.0
2022-07-06,l000,LONG,4.01492921907571,8203.0,8192.0
2022-07-06,jd000,LONG,2.6764272666045326,4374.0,4366.0
2022-07-06,j000,LONG,1.5161960803741785,2975.0,2907.5
2022-07-06,i000,LONG,0.8892429228257797,740.0,727.5
2022-07-06,WH000,SHORT,-1.4420017680297246,3412.0,3430.0
2022-07-06,sn000,SHORT,-1.470931949012438,190030.0,190480.0
2022-07-06,CF000,SHORT,-2.6070167185989597,16655.0,16845.0
2022-07-06,lu000,SHORT,-3.140198035182662,5666.0,5706.0
2022-07-06,zn000,SHORT,-3.6698117428884682,22685.0,22660.0
2022-07-07,lu000,LONG,3.2858104338175496,5147.0,5203.0
2022-07-07,al000,LONG,1.8755379049285799,18320.0,18315.0
2022-07-07,nr000,LONG,1.7917184352859779,10940.0,10970.0
2022-07-07,sn000,LONG,1.0437394039249177,184370.0,184180.0
2022-07-07,CY000,LONG,0.6328510300601063,23360.0,23385.0
2022-07-07,c000,SHORT,-3.628798958110125,2695.0,2685.0
2022-07-07,m000,SHORT,-3.770962403352748,3845.0,3788.0
2022-07-07,rr000,SHORT,-5.8551001709435635,3360.0,3365.0
2022-07-07,zn000,SHORT,-8.309788719534332,22925.0,22845.0
2022-07-07,pb000,SHORT,-11.319540265261317,15085.0,15065.0
2022-07-08,SR000,LONG,6.708557808974453,5778.0,5779.0
2022-07-08,CY000,LONG,2.050252280001691,23180.0,23370.0
2022-07-08,lu000,LONG,1.7521873654227402,5241.0,5252.0
2022-07-08,RM000,LONG,1.510142119802977,2831.0,2844.0
2022-07-08,SA000,LONG,1.2582894474935096,2690.0,2702.0
2022-07-08,pb000,SHORT,-3.8386986006860813,15020.0,15015.0
2022-07-08,zn000,SHORT,-3.916858976390119,23595.0,23580.0
2022-07-08,bc000,SHORT,-4.569733652859139,53360.0,53150.0
2022-07-08,rr000,SHORT,-4.668896710461047,3346.0,3350.0
2022-07-08,l000,SHORT,-4.824340760445661,8331.0,8333.0
2022-07-11,CY000,LONG,5.9236615807532775,22745.0,23070.0
2022-07-11,cu000,LONG,1.9682698776442114,59230.0,59280.0
2022-07-11,m000,LONG,1.09713122275376,3983.0,3941.0
2022-07-11,RM000,LONG,0.6439140162439556,2889.0,2858.0
2022-07-11,au000,LONG,0.6112514950903172,378.46,378.4
2022-07-11,a000,SHORT,-4.322700644282303,5840.0,5851.0
2022-07-11,y000,SHORT,-4.6510002765762195,9262.0,9200.0
2022-07-11,rr000,SHORT,-5.959295580109966,3350.0,3347.0
2022-07-11,c000,SHORT,-6.875412646133141,2751.0,2729.0
2022-07-11,ss000,SHORT,-8.77137420797826,16905.0,16910.0
2022-07-12,pb000,LONG,2.4795010876019763,14985.0,14975.0
2022-07-12,CY000,LONG,1.8524538270977877,22685.0,22780.0
2022-07-12,lu000,LONG,1.4979544436634564,5349.0,5370.0
2022-07-12,ss000,LONG,1.034342696987055,16685.0,16680.0
2022-07-12,p000,LONG,0.8858066118489382,8064.0,8046.0
2022-07-12,fb000,SHORT,-1.4376758079922103,1384.0,1388.0
2022-07-12,ag000,SHORT,-1.6836580245156703,4234.0,4234.0
2022-07-12,l000,SHORT,-2.006816155406857,7989.0,8037.0
2022-07-12,SR000,SHORT,-3.2373794618407192,5770.0,5785.0
2022-07-12,rr000,SHORT,-7.270924180207745,3354.0,3351.0
2022-07-13,rr000,LONG,8.261787616961007,3347.0,3350.0
2022-07-13,pb000,LONG,5.535233034847522,14910.0,14905.0
2022-07-13,jd000,LONG,3.097555403430671,4340.0,4366.0
2022-07-13,l000,LONG,2.9927355208693167,7988.0,8005.0
2022-07-13,pp000,LONG,2.2828405191275563,7996.0,8008.0
2022-07-13,sc000,SHORT,-2.9875107931589007,647.6,650.1
2022-07-13,ag000,SHORT,-3.0609825645582625,4206.0,4209.0
2022-07-13,bc000,SHORT,-3.2250910814163705,49670.0,49850.0
2022-07-13,ZC000,SHORT,-4.373779083867768,845.0,845.0
2022-07-13,SR000,SHORT,-5.562841164379466,5725.0,5748.0
2022-07-14,zn000,LONG,4.0221955858006755,22200.0,22170.0
2022-07-14,bc000,LONG,2.0896968162098686,49810.0,49730.0
2022-07-14,WH000,LONG,1.987219452498934,3436.0,3233.0
2022-07-14,ag000,LONG,1.8914846696153593,4255.0,4250.0
2022-07-14,au000,LONG,1.8816760192892659,378.58,378.54
2022-07-14,sc000,SHORT,-0.961816697138902,648.6,648.1
2022-07-14,lu000,SHORT,-1.1175288849945415,5039.0,5094.0
2022-07-14,rr000,SHORT,-1.2591752168417323,3345.0,3347.0
2022-07-14,y000,SHORT,-1.3248892351780512,8838.0,8818.0
2022-07-14,ss000,SHORT,-2.1877593134988533,16775.0,16745.0
2022-07-15,l000,LONG,1.034680320781164,7830.0,7821.0
2022-07-15,ag000,LONG,1.0095215809422167,4059.0,4079.0
2022-07-15,cu000,LONG,0.6314554112908562,54670.0,54990.0
2022-07-15,SA000,LONG,0.5376215359853129,2444.0,2458.0
2022-07-15,pb000,LONG,0.4480034610416936,14440.0,14445.0
2022-07-15,ss000,SHORT,-2.416362102516986,16405.0,16440.0
2022-07-15,a000,SHORT,-2.67043219225354,5854.0,5840.0
2022-07-15,y000,SHORT,-4.342238373683183,9046.0,9008.0
2022-07-15,rr000,SHORT,-4.832566094097776,3343.0,3341.0
2022-07-15,SR000,SHORT,-10.312079774713824,5744.0,5747.0
2022-07-18,SR000,LONG,9.020267194105907,5823.0,5822.0
2022-07-18,CY000,LONG,8.610504449426537,21470.0,21660.0
2022-07-18,CF000,LONG,6.329283518483379,14955.0,15095.0
2022-07-18,y000,LONG,5.697062645830038,9226.0,9252.0
2022-07-18,pb000,LONG,4.851594642117153,14915.0,14920.0
2022-07-18,sn000,SHORT,-0.5144865463644054,191710.0,191510.0
2022-07-18,CJ000,SHORT,-0.5319458385965559,12100.0,12230.0
2022-07-18,rr000,SHORT,-0.6361599186791016,3332.0,3329.0
2022-07-18,FG000,SHORT,-0.981420156561393,1550.0,1553.0
2022-07-18,cu000,SHORT,-3.257797491477083,55210.0,55340.0
2022-07-19,SR000,LONG,3.141254596289949,5846.0,5853.0
2022-07-19,ag000,LONG,0.46875522605724235,4160.0,4161.0
2022-07-19,CF000,LONG,0.3991691346623957,14830.0,14980.0
2022-07-19,RM000,LONG,0.25669665911194983,2829.0,2852.0
2022-07-19,ni000,LONG,0.12033688521623438,158610.0,158440.0
2022-07-19,rr000,SHORT,-2.72447343946411,3327.0,3332.0
2022-07-19,m000,SHORT,-3.1833282760238784,3946.0,3964.0
2022-07-19,cu000,SHORT,-3.4140233764071986,57150.0,57140.0
2022-07-19,pb000,SHORT,-7.1085878074205935,15175.0,15165.0
2022-07-19,zn000,SHORT,-8.44861285705215,22720.0,22735.0
2022-07-20,SR000,LONG,2.6140639590746404,5773.0,5783.0
2022-07-20,y000,LONG,2.251041539996673,9228.0,9294.0
2022-07-20,SM000,LONG,1.2032370507458447,7122.0,7188.0
2022-07-20,CF000,LONG,0.9928165262763342,14305.0,14265.0
2022-07-20,ss000,LONG,0.6909684956672397,16245.0,16235.0
2022-07-20,pp000,SHORT,-1.990518796576148,7986.0,7986.0
2022-07-20,pb000,SHORT,-2.442849101304295,15115.0,15095.0
2022-07-20,bc000,SHORT,-2.7886791811865983,49620.0,49600.0
2022-07-20,c000,SHORT,-2.9896742863930026,2606.0,2615.0
2022-07-20,zn000,SHORT,-3.102926475726759,22555.0,22540.0
2022-07-21,ss000,LONG,2.7759091724104414,16350.0,16360.0
2022-07-21,CY000,LONG,2.332918296145545,21265.0,21250.0
2022-07-21,ag000,LONG,1.340902678591157,4190.0,4192.0
2022-07-21,PF000,LONG,1.2198878869751328,7118.0,7138.0
2022-07-21,au000,LONG,0.8709800969881989,374.12,374.26
2022-07-21,eg000,SHORT,-1.9014867683288987,4324.0,4371.0
2022-07-21,rb000,SHORT,-1.9887952386714014,3782.0,3815.0
2022-07-21,c000,SHORT,-2.169346741167451,2611.0,2613.0
2022-07-21,jd000,SHORT,-2.2315586295875423,4318.0,4319.0
2022-07-21,rr000,SHORT,-4.710843102916962,3348.0,3349.0
2022-07-22,jd000,LONG,2.8721323888881742,4308.0,4299.0
2022-07-22,hc000,LONG,2.67033840908398,3795.0,3779.0
2022-07-22,rr000,LONG,2.3302510670882817,3349.0,3350.0
2022-07-22,ss000,LONG,2.2330144286694096,16115.0,16120.0
2022-07-22,zn000,LONG,1.963580017268639,22560.0,22555.0
2022-07-22,ni000,SHORT,-1.5442845729750423,167750.0,167220.0
2022-07-22,y000,SHORT,-1.6710577185296975,9128.0,9110.0
2022-07-22,bc000,SHORT,-1.720371934036765,49890.0,49950.0
2022-07-22,ag000,SHORT,-2.6463543947019246,4183.0,4184.0
2022-07-22,cu000,SHORT,-2.7101292579597116,56420.0,56420.0
2022-07-25,y000,LONG,2.1703372393143052,9192.0,9254.0
2022-07-25,SR000,LONG,1.5842321849796122,5636.0,5638.0
2022-07-25,sc000,LONG,1.419402029907467,663.3,663.2
2022-07-25,m000,LONG,1.316073076907634,3811.0,3842.0
2022-07-25,rb000,LONG,1.1405753690734213,3860.0,3881.0
2022-07-25,pb000,SHORT,-2.625423510815156,15215.0,15220.0
2022-07-25,bc000,SHORT,-3.2869344029979204,50740.0,50810.0
2022-07-25,CY000,SHORT,-3.7473109787515333,21465.0,21900.0
2022-07-25,rr000,SHORT,-4.137913554295238,3353.0,3356.0
2022-07-25,zn000,SHORT,-4.514271016761435,22880.0,22870.0
2022-07-26,pb000,LONG,7.130226251536899,15220.0,15220.0
2022-07-26,m000,LONG,5.198508348587457,3886.0,3808.0
2022-07-26,zn000,LONG,4.602546229692992,22415.0,22415.0
2022-07-26,c000,LONG,2.6815198495417434,2631.0,2613.0
2022-07-26,SR000,LONG,2.414665205005548,5659.0,5628.0
2022-07-26,sn000,SHORT,-0.5056388325450729,191090.0,191370.0
2022-07-26,p000,SHORT,-0.8205278280981898,8060.0,7890.0
2022-07-26,fu000,SHORT,-1.593751762015507,3133.0,3091.0
2022-07-26,CF000,SHORT,-1.898135957843217,15005.0,14930.0
2022-07-26,y000,SHORT,-2.195344212451268,9380.0,9262.0
2022-07-27,RM000,LONG,1.930890906100167,2694.0,2690.0
2022-07-27,fb000,LONG,1.6999376630408742,1355.0,1356.0
2022-07-27,au000,LONG,0.8815953476901301,376.46,376.42
2022-07-27,rb000,LONG,0.8775011164798268,3841.0,3874.0
2022-07-27,nr000,LONG,0.7429445052615838,10565.0,10570.0
2022-07-27,bc000,SHORT,-1.7448418064616822,51140.0,51300.0
2022-07-27,jd000,SHORT,-3.247466847963841,4204.0,4222.0
2022-07-27,pb000,SHORT,-3.5439858921268166,15155.0,15170.0
2022-07-27,SR000,SHORT,-4.176076569972682,5690.0,5693.0
2022-07-27,rr000,SHORT,-4.320751602116176,3350.0,3350.0
2022-07-28,pb000,LONG,6.04008928475392,15230.0,15235.0
2022-07-28,SR000,LONG,5.467352127534085,5758.0,5746.0
2022-07-28,hc000,LONG,5.010636396420553,3936.0,3903.0
2022-07-28,m000,LONG,4.6410793622108635,3997.0,3977.0
2022-07-28,zn000,LONG,4.430772505829782,22880.0,22865.0
2022-07-28,al000,SHORT,-0.6688772363802982,18250.0,18280.0
2022-07-28,PK000,SHORT,-0.7344970918224242,9688.0,9638.0
2022-07-28,sn000,SHORT,-0.7644021924808355,192620.0,192590.0
2022-07-28,ag000,SHORT,-0.8650410444357653,4188.0,4192.0
2022-07-28,au000,SHORT,-1.7109514346622832,377.06,376.82
2022-07-29,a000,LONG,6.366315158374528,6035.0,6021.0
2022-07-29,zn000,LONG,5.37471007391348,23660.0,23675.0
2022-07-29,bc000,LONG,3.6717087063262084,52740.0,52770.0
2022-07-29,SR000,LONG,3.6531582061910344,5817.0,5813.0
2022-07-29,pb000,LONG,3.5852638875556027,15225.0,15225.0
2022-07-29,cu000,SHORT,-0.5494160702938836,59700.0,59740.0
2022-07-29,j000,SHORT,-0.5575626655127847,2852.5,2825.0
2022-07-29,c000,SHORT,-0.5860345977429995,2662.0,2661.0
2022-07-29,lu000,SHORT,-0.8841127429738438,5482.0,5443.0
2022-07-29,sn000,SHORT,-1.022477707449095,193760.0,193660.0
2022-08-01,CY000,LONG,1.6158309577981271,21650.0,22035.0
2022-08-01,y000,LONG,1.111917462226385,10092.0,10274.0
2022-08-01,nr000,LONG,0.9592967495775445,10650.0,10750.0
2022-08-01,SA000,LONG,0.9413146350909102,2378.0,2412.0
2022-08-01,lu000,LONG,0.8806248117647967,5468.0,5664.0
2022-08-01,ss000,SHORT,-2.8516270150824785,16155.0,16075.0
2022-08-01,rr000,SHORT,-5.594701191979158,3348.0,3350.0
2022-08-01,bc000,SHORT,-6.8799461709198315,53870.0,53810.0
2022-08-01,zn000,SHORT,-8.76412925070995,24320.0,24315.0
2022-08-01,pb000,SHORT,-9.549203979942154,15310.0,15315.0
2022-08-02,zn000,LONG,3.2462207567664607,24030.0,23935.0
2022-08-02,cu000,LONG,3.1675932885138196,60540.0,60400.0
2022-08-02,bc000,LONG,2.956890238972208,53510.0,53400.0
2022-08-02,jd000,LONG,2.48951614193578,4179.0,4155.0
2022-08-02,l000,LONG,2.14563283212129,8082.0,8102.0
2022-08-02,SM000,SHORT,-0.7722618587582873,7370.0,7394.0
2022-08-02,RM000,SHORT,-0.9539923161170938,2718.0,2719.0
2022-08-02,fu000,SHORT,-2.0123911210606527,3112.0,3131.0
2022-08-02,m000,SHORT,-2.0879269763704658,3952.0,3944.0
2022-08-02,SR000,SHORT,-3.6486050975357527,5762.0,5721.0
2022-08-03,rr000,LONG,7.1072037468360705,3349.0,3358.0
2022-08-03,pb000,LONG,4.559885467441292,15155.0,15155.0
2022-08-03,jd000,LONG,2.805620876027643,4150.0,4120.0
2022-08-03,zn000,LONG,2.6604659781300897,23610.0,23560.0
2022-08-03,l000,LONG,1.9859681056181326,8058.0,8079.0
2022-08-03,SM000,SHORT,-0.4396404521426828,7418.0,7394.0
2022-08-03,SA000,SHORT,-0.4722478101547566,2391.0,2362.0
2022-08-03,ru000,SHORT,-0.5762441870853363,12070.0,12020.0
2022-08-03,ss000,SHORT,-1.0380557496388672,16235.0,16220.0
2022-08-03,ag000,SHORT,-2.4937541632018747,4460.0,4465.0
2022-08-04,ag000,LONG,1.6986530524961923,4408.0,4407.0
2022-08-04,sc000,LONG,1.103775636007942,666.4,667.7
2022-08-04,jd000,LONG,1.0908021901530667,4135.0,4096.0
2022-08-04,ss000,LONG,0.962792031344692,16210.0,16190.0
2022-08-04,RS000,LONG,0.8179175378499587,6575.0,6500.0
2022-08-04,ZC000,SHORT,-0.9364845542339657,860.0,859.0
2022-08-04,y000,SHORT,-1.564514691360389,9776.0,9814.0
2022-08-04,SM000,SHORT,-1.6689706915227172,7216.0,7190.0
2022-08-04,pb000,SHORT,-4.185202819633182,15145.0,15130.0
2022-08-04,SR000,SHORT,-9.280882103639474,5605.0,5605.0
2022-08-05,pb000,LONG,7.7956978960110686,15180.0,15180.0
2022-08-05,zn000,LONG,5.360056140436983,24480.0,24445.0
2022-08-05,jd000,LONG,3.991619016328632,4079.0,4089.0
2022-08-05,rr000,LONG,3.935956759281847,3348.0,3351.0
2022-08-05,bc000,LONG,2.725285289675195,52650.0,52590.0
2022-08-05,fb000,SHORT,-0.6151796235847433,1378.5,1376.5
2022-08-05,eg000,SHORT,-1.1665616669518788,4116.0,4139.0
2022-08-05,ag000,SHORT,-1.2904624751233391,4450.0,4445.0
2022-08-05,CF000,SHORT,-1.4622066620691052,13720.0,13665.0
2022-08-05,SR000,SHORT,-5.183175090541624,5579.0,5572.0
2022-08-08,a000,LONG,3.450357184699142,6153.0,6186.0
2022-08-08,rr000,LONG,2.4653348676734907,3351.0,3349.0
2022-08-08,SR000,LONG,2.3887701436209667,5624.0,5615.0
2022-08-08,sc000,LONG,2.2281115241679097,658.2,659.6
2022-08-08,p000,LONG,2.0914890819757144,8314.0,8308.0
2022-08-08,ss000,SHORT,-1.0679450948887386,16295.0,16335.0
2022-08-08,nr000,SHORT,-1.19996874304609,10645.0,10465.0
2022-08-08,CY000,SHORT,-1.3168733958627319,21705.0,21420.0
2022-08-08,ag000,SHORT,-2.574203683895994,4374.0,4376.0
2022-08-08,pb000,SHORT,-2.7778366709294504,15285.0,15290.0
2022-08-09,SR000,LONG,4.260363448875996,5617.0,5606.0
2022-08-09,cu000,LONG,2.3042834562167265,61350.0,61320.0
2022-08-09,hc000,LONG,1.2315311166336624,4070.0,4088.0
2022-08-09,pp000,LONG,1.1682186177431975,7977.0,7992.0
2022-08-09,c000,LONG,0.8422039543515207,2692.0,2686.0
2022-08-09,jd000,SHORT,-1.2141980406742483,3985.0,3957.0
2022-08-09,ag000,SHORT,-1.6648388465758461,4517.0,4518.0
2022-08-09,lu000,SHORT,-1.7923959207254954,5028.0,5002.0
2022-08-09,pb000,SHORT,-1.9753065214097654,15370.0,15375.0
2022-08-09,rr000,SHORT,-2.0834562919328374,3348.0,3349.0
2022-08-10,ss000,LONG,1.77064356907163,15550.0,15550.0
2022-08-10,SR000,LONG,1.363880986779284,5610.0,5608.0
2022-08-10,c000,LONG,1.1627909500148124,2723.0,2727.0
2022-08-10,jm000,LONG,1.0882093332210272,2146.5,2141.5
2022-08-10,m000,LONG,0.851911020803285,3717.0,3710.0
2022-08-10,lu000,SHORT,-0.4054859283530802,5051.0,5081.0
2022-08-10,CY000,SHORT,-0.48469222998418177,21900.0,21840.0
2022-08-10,bc000,SHORT,-0.547743651612919,54380.0,54440.0
2022-08-10,cu000,SHORT,-0.9027794890757178,61310.0,61370.0
2022-08-10,OI000,SHORT,-1.485496193105036,11934.0,11936.0
2022-08-11,rr000,LONG,4.962104994573493,3350.0,3349.0
2022-08-11,m000,LONG,2.725542825795138,3739.0,3769.0
2022-08-11,jd000,LONG,2.0783154433517983,4096.0,4081.0
2022-08-11,bc000,LONG,2.009435977047427,54980.0,54960.0
2022-08-11,ag000,LONG,1.7516083013207921,4533.0,4527.0
2022-08-11,cu000,SHORT,-1.0779417900065011,61910.0,61880.0
2022-08-11,wr000,SHORT,-1.0972040574193151,4488.0,4532.0
2022-08-11,zn000,SHORT,-1.1453837152488509,25230.0,25150.0
2022-08-11,fb000,SHORT,-1.3819252459717157,1379.5,1380.0
2022-08-11,a000,SHORT,-6.054338635207942,6266.0,6258.0
2022-08-12,rr000,LONG,2.9023713923024843,3351.0,3352.0
2022-08-12,m000,LONG,2.603875833257146,3749.0,3740.0
2022-08-12,pb000,LONG,2.4784810321274424,15295.0,15290.0
2022-08-12,zn000,LONG,2.1268595754279045,25310.0,25270.0
2022-08-12,bc000,LONG,1.9895851429538112,55780.0,55720.0
2022-08-12,au000,SHORT,-0.28761923744123463,390.38,390.38
2022-08-12,RM000,SHORT,-0.29351639537229773,2885.0,2871.0
2022-08-12,cu000,SHORT,-0.7337494159847554,62810.0,62750.0
2022-08-12,ag000,SHORT,-1.5041405686549258,4457.0,4455.0
2022-08-12,ss000,SHORT,-6.047184082516393,15790.0,15785.0
2022-08-15,CF000,LONG,3.6250606740109386,15590.0,14875.0
2022-08-15,jd000,LONG,3.520081692788148,4070.0,4114.0
2022-08-15,OI000,LONG,2.7446289142779845,12152.0,12374.0
2022-08-15,FG000,LONG,2.492912038728282,1576.0,1563.0
2022-08-15,lu000,LONG,2.418452197302412,4868.0,4925.0
2022-08-15,PF000,SHORT,-2.243388979092569,7428.0,7394.0
2022-08-15,au000,SHORT,-2.3870651849291913,391.9,391.64
2022-08-15,m000,SHORT,-2.6049272330438957,3711.0,3795.0
2022-08-15,bc000,SHORT,-3.1656206185367752,55220.0,55180.0
2022-08-15,zn000,SHORT,-3.8477218970191323,24795.0,24800.0
2022-08-16,rr000,LONG,1.9921204125237337,3378.0,3377.0
2022-08-16,jd000,LONG,1.608583301878257,4120.0,4108.0
2022-08-16,l000,LONG,1.3000307417105295,7770.0,7781.0
2022-08-16,cu000,LONG,0.9707703640119675,61960.0,62010.0
2022-08-16,au000,LONG,0.8930822456537035,390.44,390.5
2022-08-16,bc000,SHORT,-2.363756938121271,55000.0,55060.0
2022-08-16,ag000,SHORT,-2.5151605636046495,4465.0,4467.0
2022-08-16,pb000,SHORT,-2.8835780799342445,15055.0,15045.0
2022-08-16,hc000,SHORT,-3.0049474093503026,4038.0,4018.0
2022-08-16,zn000,SHORT,-3.7137280749416095,24700.0,24765.0
2022-08-17,pb000,LONG,4.479844050814843,15115.0,15115.0
2022-08-17,zn000,LONG,3.572496316021547,25445.0,25470.0
2022-08-17,m000,LONG,2.615837359894062,3650.0,3645.0
2022-08-17,bc000,LONG,2.113500314977668,55060.0,54970.0
2022-08-17,cu000,LONG,1.843509382650099,62000.0,61930.0
2022-08-17,SM000,SHORT,-0.8107842133526677,7342.0,7178.0
2022-08-17,OI000,SHORT,-1.0724375247999556,11074.0,11061.0
2022-08-17,jd000,SHORT,-1.4179789852618097,4138.0,4156.0
2022-08-17,SR000,SHORT,-2.3224743264862604,5557.0,5588.0
2022-08-17,rr000,SHORT,-2.3676446476350432,3403.0,3396.0
2022-08-18,a000,LONG,6.628371470859142,6129.0,6113.0
2022-08-18,SR000,LONG,2.916344498412693,5552.0,5547.0
2022-08-18,c000,LONG,2.4280370379205087,2715.0,2722.0
2022-08-18,pb000,LONG,1.7864374932852705,15050.0,15050.0
2022-08-18,l000,LONG,1.723365614201191,7565.0,7569.0
2022-08-18,wr000,SHORT,-0.4873738896062022,4525.0,4510.0
2022-08-18,cs000,SHORT,-0.5696793936015939,2994.0,2998.0
2022-08-18,lu000,SHORT,-0.646622559984275,4789.0,4758.0
2022-08-18,ZC000,SHORT,-0.9180407253598541,850.0,821.6
2022-08-18,cu000,SHORT,-0.9312177208331672,61480.0,61420.0
2022-08-19,y000,LONG,1.264701695285243,9478.0,9512.0
2022-08-19,m000,LONG,1.2082063273523742,3656.0,3662.0
2022-08-19,CY000,LONG,0.844599045794062,23255.0,23180.0
2022-08-19,bc000,LONG,0.7705897664308458,55230.0,55320.0
2022-08-19,eg000,LONG,0.41154764716344644,3880.0,3893.0
2022-08-19,sc000,SHORT,-1.9151191681712798,686.8,688.0
2022-08-19,zn000,SHORT,-1.9895563491138737,24825.0,24835.0
2022-08-19,rr000,SHORT,-2.133751696674076,3435.0,3437.0
2022-08-19,c000,SHORT,-2.2595617559109265,2681.0,2695.0
2022-08-19,al000,SHORT,-2.3097085412184133,18465.0,18485.0
2022-08-22,a000,LONG,13.271384834544682,6119.0,6096.0
2022-08-22,zn000,LONG,5.315454022657704,25135.0,25125.0
2022-08-22,pb000,LONG,4.438741194012906,15020.0,15000.0
2022-08-22,y000,LONG,3.5427191093069945,9744.0,9588.0
2022-08-22,WH000,LONG,2.293406299444595,3298.0,3298.0
2022-08-22,c000,SHORT,-0.9342118067935751,2692.0,2696.0
2022-08-22,ru000,SHORT,-1.0211049251524777,12780.0,12775.0
2022-08-22,hc000,SHORT,-1.203311524632725,3882.0,3875.0
2022-08-22,SR000,SHORT,-2.9876840286602593,5533.0,5539.0
2022-08-22,cu000,SHORT,-3.5484580859313777,62870.0,62850.0
2022-08-23,bc000,LONG,6.584266964539585,55950.0,55950.0
2022-08-23,SR000,LONG,6.472289867268429,5508.0,5486.0
2022-08-23,c000,LONG,4.829457375577768,2727.0,2686.0
2022-08-23,cu000,LONG,4.480517883841516,63000.0,62990.0
2022-08-23,hc000,LONG,3.677774972140417,3949.0,3918.0
2022-08-23,al000,SHORT,-0.1575094640664996,18600.0,18590.0
2022-08-23,pg000,SHORT,-0.17379455044896297,5555.0,5438.0
2022-08-23,au000,SHORT,-0.2950161345938259,386.8,386.8399999
2022-08-23,fb000,SHORT,-0.493622305696169,1381.5,1382.5
2022-08-23,a000,SHORT,-1.1066843771681658,6057.0,6036.0
2022-08-24,SR000,LONG,4.7876539643205795,5532.0,5534.0
2022-08-24,cu000,LONG,3.3966800864001683,62920.0,62880.0
2022-08-24,y000,LONG,2.0590424585731664,9878.0,9878.0
2022-08-24,pb000,LONG,1.3516303547060764,15025.0,15035.0
2022-08-24,bc000,LONG,1.0905362300545947,56210.0,56200.0
2022-08-24,j000,SHORT,-0.7081989728395659,2593.0,2620.5
2022-08-24,ss000,SHORT,-1.153304223622932,15390.0,15390.0
2022-08-24,jd000,SHORT,-2.2550621427213584,4178.0,4186.0
2022-08-24,ag000,SHORT,-3.0261897720489426,4316.0,4319.0
2022-08-24,a000,SHORT,-7.405993944894044,5934.0,5971.0
2022-08-25,SR000,LONG,3.169303801171603,5517.0,5523.0
2022-08-25,a000,LONG,2.6533342323672415,5812.0,5818.0
2022-08-25,sn000,LONG,2.035264282223122,197960.0,197940.0
2022-08-25,OI000,LONG,0.998439052960998,11287.0,11296.0
2022-08-25,hc000,LONG,0.8682737557037584,4014.0,4027.0
2022-08-25,au000,SHORT,-0.9736112392329871,390.14,390.12
2022-08-25,ag000,SHORT,-0.9811419402878654,4308.0,4313.0
2022-08-25,c000,SHORT,-1.1242667084422961,2741.0,2745.0
2022-08-25,pb000,SHORT,-1.4446318475121858,15140.0,15135.0
2022-08-25,rr000,SHORT,-2.500911287699207,3405.0,3405.0
2022-08-26,rr000,LONG,2.005876068210256,3368.0,3364.0
2022-08-26,jd000,LONG,1.956527214553451,4132.0,4119.0
2022-08-26,zn000,LONG,1.9146377869527111,25325.0,25315.0
2022-08-26,cu000,LONG,1.8420312301824917,63130.0,63120.0
2022-08-26,l000,LONG,1.7024415888411388,7655.0,7654.0
2022-08-26,SR000,SHORT,-0.5873865753933122,5494.0,5487.0
2022-08-26,OI000,SHORT,-0.6302100925579465,11267.0,11176.0
2022-08-26,hc000,SHORT,-0.6733030818770327,4032.0,4031.0
2022-08-26,au000,SHORT,-0.7528944063523823,390.3399999,390.16
2022-08-26,sn000,SHORT,-0.7624071913983679,198650.0,198800.0
2022-08-29,a000,LONG,17.653344876800386,5942.0,5965.0
2022-08-29,cu000,LONG,5.4552247789721715,63460.0,63570.0
2022-08-29,cs000,LONG,2.1895729799751713,3036.0,3000.0
2022-08-29,CY000,LONG,0.8624303910638134,24575.0,24590.0
2022-08-29,hc000,LONG,0.8333156806845516,3966.0,4020.0
2022-08-29,l000,SHORT,-3.1507060230964643,7714.0,7742.0
2022-08-29,y000,SHORT,-3.611565147936302,9902.0,9886.0
2022-08-29,jd000,SHORT,-4.172768341301942,4139.0,4158.0
2022-08-29,SR000,SHORT,-6.308097640228945,5564.0,5566.0
2022-08-29,rr000,SHORT,-9.182406620674236,3380.0,3384.0
2022-08-30,SR000,LONG,1.8808665877860726,5534.0,5534.0
2022-08-30,pb000,LONG,1.7470673708277615,14935.0,14935.0
2022-08-30,eg000,LONG,0.9531643377989293,4150.0,4151.0
2022-08-30,RM000,LONG,0.9332449059816922,2857.0,2881.0
2022-08-30,WH000,LONG,0.8444564176135865,3147.0,3146.0
2022-08-30,j000,SHORT,-1.0300250915178701,2533.5,2542.5
2022-08-30,c000,SHORT,-1.1325088890269306,2800.0,2805.0
2022-08-30,bc000,SHORT,-2.149465366464846,55510.0,55540.0
2022-08-30,rr000,SHORT,-2.245320264497724,3372.0,3372.0
2022-08-30,cu000,SHORT,-2.587548950909485,62600.0,62630.0
2022-08-31,zn000,LONG,1.9447570357902177,24755.0,24775.0
2022-08-31,pb000,LONG,1.7702583183457243,14910.0,14920.0
2022-08-31,cu000,LONG,1.4557021387345086,61760.0,61860.0
2022-08-31,ss000,LONG,1.028538607382345,15370.0,15370.0
2022-08-31,cs000,LONG,0.7193224282656692,3074.0,3064.0
2022-08-31,rr000,SHORT,-2.442179975087075,3364.0,3358.0
2022-08-31,ag000,SHORT,-2.54261193220697,4210.0,4214.0
2022-08-31,SR000,SHORT,-3.3058379204647017,5498.0,5501.0
2022-08-31,c000,SHORT,-4.075317346629118,2798.0,2785.0
2022-08-31,a000,SHORT,-6.502676581723517,5850.0,5874.0
2022-09-01,pb000,LONG,1.0686165795387854,14875.0,14875.0
2022-09-01,eg000,LONG,0.6741933033549016,4065.0,4067.0
2022-09-01,bc000,LONG,0.6455610501193828,54510.0,54400.0
2022-09-01,l000,LONG,0.6061217368388079,7722.0,7724.0
2022-09-01,SR000,LONG,0.5422265645745217,5507.0,5520.0
2022-09-01,sc000,SHORT,-1.0252679873053747,711.9,711.6
2022-09-01,hc000,SHORT,-1.775843789904881,3794.0,3794.0
2022-09-01,cu000,SHORT,-2.265956919694788,61430.0,61320.0
2022-09-01,m000,SHORT,-2.4688559852603764,3770.0,3785.0
2022-09-01,a000,SHORT,-33.18337179284718,5830.0,5834.0
2022-09-02,SA000,LONG,1.4378936585848598,2291.0,2314.0
2022-09-02,CY000,LONG,1.14422016008869,21225.0,21570.0
2022-09-02,c000,LONG,0.5198383919419786,2793.0,2799.0
2022-09-02,ru000,LONG,0.5083670277621124,12325.0,12315.0
2022-09-02,lu000,LONG,0.4781741118740802,4642.0,4630.0
2022-09-02,zn000,SHORT,-1.7958915038847174,23710.0,23705.0
2022-09-02,ss000,SHORT,-1.8182039230988478,15365.0,15375.0
2022-09-02,eg000,SHORT,-2.141606282798754,4113.0,4141.0
2022-09-02,rb000,SHORT,-2.3982666252471905,3624.0,3617.0
2022-09-02,SR000,SHORT,-6.330943289334903,5493.0,5482.0
2022-09-05,m000,LONG,3.3812252877246087,3822.0,3837.0
2022-09-05,pp000,LONG,2.8291006694530285,7900.0,7902.0
2022-09-05,SA000,LONG,1.9120831961732823,2323.0,2306.0
2022-09-05,y000,LONG,1.659080944239816,9448.0,9464.0
2022-09-05,lu000,LONG,1.4132319174218269,4757.0,4676.0
2022-09-05,c000,SHORT,-2.44507226499,2796.0,2796.0
2022-09-05,zn000,SHORT,-2.5380442806305212,23660.0,23655.0
2022-09-05,ag000,SHORT,-4.074388283029205,4189.0,4197.0
2022-09-05,CF000,SHORT,-4.266667489568606,14430.0,14595.0
2022-09-05,pb000,SHORT,-4.296501288347482,14850.0,14855.0
2022-09-06,au000,LONG,1.1328636779406325,386.58,386.64
2022-09-06,jm000,LONG,0.6397921045989317,1853.5,1872.0
2022-09-06,CY000,LONG,0.607225353594363,21130.0,21170.0
2022-09-06,y000,LONG,0.4555342080257959,9526.0,9612.0
2022-09-06,sn000,LONG,0.4089516677397179,180360.0,180080.0
2022-09-06,pb000,SHORT,-2.581578542212998,14920.0,14920.0
2022-09-06,bc000,SHORT,-3.1287836274698764,53740.0,53690.0
2022-09-06,fu000,SHORT,-3.5293262778856183,3031.0,3080.0
2022-09-06,zn000,SHORT,-3.616041120158774,24270.0,24270.0
2022-09-06,m000,SHORT,-3.97237265974748,3822.0,3864.0
2022-09-07,pb000,LONG,1.2601018063557852,15010.0,15015.0
2022-09-07,ni000,LONG,1.1794273149690637,172980.0,172340.0
2022-09-07,ss000,LONG,0.9018309463133006,16250.0,16250.0
2022-09-07,l000,LONG,0.8448683913930938,8069.0,8098.0
2022-09-07,sc000,LONG,0.7665909957218914,690.5,693.4
2022-09-07,hc000,SHORT,-1.1683533608781462,3761.0,3761.0
2022-09-07,zn000,SHORT,-1.2208603346110258,24020.0,24040.0
2022-09-07,SM000,SHORT,-1.2981423857381236,6842.0,6854.0
2022-09-07,m000,SHORT,-2.4369981160292875,3810.0,3806.0
2022-09-07,SR000,SHORT,-3.3120555900879625,5491.0,5500.0
2022-09-08,pp000,LONG,1.1570077735944226,7935.0,7965.0
2022-09-08,y000,LONG,1.1115520527068619,9156.0,9230.0
2022-09-08,rr000,LONG,1.0204823537825753,3380.0,3378.0
2022-09-08,l000,LONG,0.8795974281377525,8025.0,8061.0
2022-09-08,jd000,LONG,0.7791361602753516,4243.0,4248.0
2022-09-08,SR000,SHORT,-1.0933666984778512,5492.0,5494.0
2022-09-08,sn000,SHORT,-1.1262317329661415,173480.0,174700.0
2022-09-08,c000,SHORT,-1.2109799604113058,2796.0,2816.0
2022-09-08,nr000,SHORT,-2.5241317757451815,9430.0,9445.0
2022-09-08,cu000,SHORT,-5.002573957343036,60580.0,60830.0
2022-09-09,SR000,LONG,8.84631301699454,5488.0,5480.0
2022-09-09,bc000,LONG,2.5488488395311455,54840.0,54890.0
2022-09-09,zn000,LONG,2.0795164775476978,24160.0,24195.0
2022-09-09,eg000,LONG,1.4902665361516028,4383.0,4350.0
2022-09-09,rb000,LONG,1.2863654247917016,3747.0,3735.0
2022-09-09,CY000,SHORT,-0.40715669751932904,21040.0,21050.0
2022-09-09,y000,SHORT,-0.4675671023182423,9240.0,9092.0
2022-09-09,pp000,SHORT,-0.4877519859321735,8035.0,7971.0
2022-09-09,c000,SHORT,-0.8458356199535371,2795.0,2790.0
2022-09-09,ag000,SHORT,-1.7187823168418477,4241.0,4243.0
2022-09-13,RS000,LONG,6.440294266030179,6145.0,6150.0
2022-09-13,ag000,LONG,5.712142580786545,4466.0,4466.0
2022-09-13,a000,LONG,4.127104038314339,5811.0,5893.0
2022-09-13,pp000,LONG,3.864142825991916,8159.0,8136.0
2022-09-13,PF000,LONG,3.5189099212740427,7544.0,7544.0
2022-09-13,hc000,SHORT,-1.300892967747295,3857.0,3864.0
2022-09-13,m000,SHORT,-1.406233928896455,4047.0,4060.0
2022-09-13,sn000,SHORT,-2.1003522489806374,180400.0,181270.0
2022-09-13,au000,SHORT,-2.3508096963572864,388.94,389.66
2022-09-13,al000,SHORT,-3.397198127755035,18850.0,18765.0
2022-09-14,ag000,LONG,2.47642859644704,4401.0,4404.0
2022-09-14,ss000,LONG,0.7949075022819646,17105.0,17165.0
2022-09-14,AP000,LONG,0.6122230854544178,8716.0,8645.0
2022-09-14,hc000,LONG,0.5769063032711418,3776.0,3797.0
2022-09-14,RS000,LONG,0.5370325352941819,6146.0,6211.0
2022-09-14,pb000,SHORT,-2.286838859870831,15020.0,15030.0
2022-09-14,zn000,SHORT,-2.3160506462803405,24810.0,24820.0
2022-09-14,y000,SHORT,-3.1726933790516263,9364.0,9428.0
2022-09-14,c000,SHORT,-3.2436215244461493,2833.0,2842.0
2022-09-14,SR000,SHORT,-11.642891949277692,5557.0,5557.0
2022-09-15,SR000,LONG,4.382187179518905,5619.0,5618.0
2022-09-15,pb000,LONG,2.405311195931477,15060.0,15065.0
2022-09-15,zn000,LONG,2.0087760744556933,24880.0,24860.0
2022-09-15,c000,LONG,1.2702086043473246,2830.0,2839.0
2022-09-15,SA000,LONG,1.0131086275923231,2310.0,2315.0
2022-09-15,eg000,SHORT,-0.5200666825464483,4499.0,4512.0
2022-09-15,al000,SHORT,-0.7392235253410927,18455.0,18455.0
2022-09-15,hc000,SHORT,-1.1709726345154046,3846.0,3833.0
2022-09-15,pp000,SHORT,-1.2857997633531104,8081.0,8083.0
2022-09-15,cu000,SHORT,-1.5705931832759312,62050.0,62140.0
2022-09-16,SR000,LONG,2.3559250980705024,5629.0,5633.0
2022-09-16,hc000,LONG,0.8933857133567197,3774.0,3775.0
2022-09-16,pp000,LONG,0.8346214006337175,7943.0,7937.0
2022-09-16,bc000,LONG,0.7254566432455901,54780.0,54830.0
2022-09-16,ag000,LONG,0.6080903773236216,4384.0,4381.0
2022-09-16,SM000,SHORT,-0.5837731072558562,7218.0,7216.0
2022-09-16,CF000,SHORT,-0.9411397896429953,14880.0,14890.0
2022-09-16,fb000,SHORT,-0.9846012049996483,1266.5,1258.0
2022-09-16,pb000,SHORT,-1.4725512928261881,14990.0,15005.0
2022-09-16,cu000,SHORT,-1.5618397183462402,62010.0,62050.0
2022-09-19,RM000,LONG,2.788528726792486,3066.0,3066.0
2022-09-19,pb000,LONG,2.2020862470749965,14885.0,14895.0
2022-09-19,jd000,LONG,1.52549089600952,4285.0,4314.0
2022-09-19,c000,LONG,1.4465946734581308,2854.0,2843.0
2022-09-19,l000,LONG,1.0176977540825838,8139.0,8162.0
2022-09-19,PK000,SHORT,-1.5126561084739159,10676.0,10626.0
2022-09-19,fb000,SHORT,-1.6937291278426496,1255.5,1256.5
2022-09-19,ag000,SHORT,-2.0622738624297843,4417.0,4418.0
2022-09-19,sc000,SHORT,-2.7462122592621236,650.5,652.8
2022-09-19,pp000,SHORT,-3.5071788179726457,8001.0,8026.0
2022-09-20,rr000,LONG,4.347370094087698,3418.0,3417.0
2022-09-20,jd000,LONG,3.610216443917691,4285.0,4294.0
2022-09-20,l000,LONG,3.013260567666922,8050.0,8037.0
2022-09-20,zn000,LONG,2.879236422821352,24620.0,24570.0
2022-09-20,bc000,LONG,2.1582484214424267,55080.0,55030.0
2022-09-20,eg000,SHORT,-0.7197970162592395,4376.0,4376.0
2022-09-20,lu000,SHORT,-1.3174308851399321,4635.0,4552.0
2022-09-20,y000,SHORT,-1.5551007585948684,9072.0,9064.0
2022-09-20,a000,SHORT,-2.057687445271089,5928.0,5905.0
2022-09-20,cu000,SHORT,-4.100557807904708,62250.0,62220.0
2022-09-21,zn000,LONG,1.1345209408472452,24545.0,24540.0
2022-09-21,pb000,LONG,1.0824933383227233,14955.0,14950.0
2022-09-21,pp000,LONG,1.0099805002439992,7898.0,7921.0
2022-09-21,ag000,LONG,0.9075997676163914,4392.0,4394.0
2022-09-21,TA000,LONG,0.6787876247686516,5552.0,5554.0
2022-09-21,FG000,SHORT,-0.9246929117747346,1478.0,1480.0
2022-09-21,c000,SHORT,-1.3872209793159533,2852.0,2854.0
2022-09-21,cu000,SHORT,-1.5861431878797636,62430.0,62480.0
2022-09-21,rr000,SHORT,-1.9575891453637762,3415.0,3413.0
2022-09-21,ss000,SHORT,-2.068549636089656,17140.0,17145.0
2022-09-22,rr000,LONG,10.186900501229779,3417.0,3417.0
2022-09-22,pb000,LONG,4.243421927408844,14975.0,14960.0
2022-09-22,zn000,LONG,4.076505825017511,24510.0,24485.0
2022-09-22,ag000,LONG,2.482306493400759,4461.0,4461.0
2022-09-22,j000,LONG,2.3365172040812077,2721.0,2702.5
2022-09-22,a000,SHORT,-0.11037379379173388,6034.0,6008.0
2022-09-22,sn000,SHORT,-0.26892964831991595,181720.0,181150.0
2022-09-22,pp000,SHORT,-0.4526504172911,7917.0,7905.0
2022-09-22,PK000,SHORT,-0.6002228337500276,10848.0,10864.0
2022-09-22,cu000,SHORT,-2.671957110063154,62260.0,62260.0
2022-09-23,y000,LONG,1.6725941597639857,9080.0,9154.0
2022-09-23,m000,LONG,0.8651299926947325,4044.0,4046.0
2022-09-23,nr000,LONG,0.7982259134273015,9785.0,9835.0
2022-09-23,sn000,LONG,0.421075219216111,184750.0,184880.0
2022-09-23,jm000,LONG,0.4067123711935024,2105.5,2112.5
2022-09-23,SR000,SHORT,-2.2964566716301613,5629.0,5644.0
2022-09-23,cu000,SHORT,-2.5166199929141393,62630.0,62600.0
2022-09-23,zn000,SHORT,-4.309965125678051,25035.0,25050.0
2022-09-23,bc000,SHORT,-4.87870928217659,55540.0,55480.0
2022-09-23,pb000,SHORT,-5.922847318928892,14920.0,14920.0
2022-09-26,rr000,LONG,5.0969996333214365,3416.0,3411.0
2022-09-26,jd000,LONG,1.7618787582302025,4310.0,4321.0
2022-09-26,l000,LONG,1.3632987956610727,7959.0,7985.0
2022-09-26,RM000,LONG,1.2164975405716365,3103.0,3078.0
2022-09-26,sc000,LONG,1.1925363909780067,630.1,630.3
2022-09-26,pp000,SHORT,-2.4855794564857043,7791.0,7850.0
2022-09-26,m000,SHORT,-2.6735198363283827,4036.0,4023.0
2022-09-26,a000,SHORT,-2.7590828205409252,6019.0,6040.0
2022-09-26,pb000,SHORT,-3.0963663829791797,14960.0,14965.0
2022-09-26,hc000,SHORT,-3.4037471012022458,3818.0,3785.0
2022-09-27,hc000,LONG,2.00298921425559,3852.0,3856.0
2022-09-27,c000,LONG,1.5119634251005245,2776.0,2790.0
2022-09-27,SA000,LONG,0.8696349162712571,2415.0,2436.0
2022-09-27,CJ000,LONG,0.38662637069838585,11730.0,11730.0
2022-09-27,FG000,LONG,0.3856947333463904,1517.0,1522.0
2022-09-27,eg000,SHORT,-1.0554653783117793,4228.0,4270.0
2022-09-27,al000,SHORT,-1.1510429661304995,18155.0,18155.0
2022-09-27,rr000,SHORT,-1.5609087742963366,3413.0,3413.0
2022-09-27,zn000,SHORT,-2.343329502725971,23905.0,23880.0
2022-09-27,pb000,SHORT,-3.63998800546698,14865.0,14870.0
2022-09-28,CY000,LONG,0.46915293900784055,20345.0,20415.0
2022-09-28,sp000,LONG,0.20117502736434623,6742.0,6750.0
2022-09-28,fu000,LONG,0.1749251078173762,2642.0,2674.0
2022-09-28,AP000,LONG,0.13423085969297335,8195.0,8255.0
2022-09-28,jm000,LONG,0.10906208684730223,2116.0,2133.5
2022-09-28,ag000,SHORT,-2.396516756632871,4328.0,4347.0
2022-09-28,cu000,SHORT,-2.904183439065884,60140.0,60320.0
2022-09-28,bc000,SHORT,-2.906552680265474,52990.0,53170.0
2022-09-28,m000,SHORT,-2.994375943298182,4024.0,4055.0
2022-09-28,a000,SHORT,-17.633023880902705,5985.0,6022.0
2022-09-29,pb000,LONG,7.83332461886442,14970.0,14980.0
2022-09-29,zn000,LONG,4.240009335584637,23625.0,23645.0
2022-09-29,bc000,LONG,3.9136137471099217,53760.0,53750.0
2022-09-29,ag000,LONG,3.8253222342780564,4370.0,4367.0
2022-09-29,SR000,LONG,2.586146405582292,5510.0,5505.0
2022-09-29,OI000,SHORT,-0.36705540434247524,10828.0,10652.0
2022-09-29,y000,SHORT,-0.40946153963151777,8876.0,8778.0
2022-09-29,cu000,SHORT,-0.7600637050450667,60880.0,60880.0
2022-09-29,ss000,SHORT,-1.2978156612543392,16535.0,16545.0
2022-09-29,rr000,SHORT,-1.394306483469453,3402.0,3403.0
2022-09-30,y000,LONG,4.46144869703447,8828.0,8750.0
2022-09-30,pb000,LONG,2.6827488592181044,15025.0,15025.0
2022-09-30,bc000,LONG,2.4466061677838464,53940.0,53990.0
2022-09-30,cu000,LONG,1.5592539290014658,60930.0,61010.0
2022-09-30,zn000,LONG,1.530576339637705,23820.0,23855.0
2022-09-30,al000,SHORT,-0.6521511418860588,18205.0,18225.0
2022-09-30,l000,SHORT,-0.6621671450223667,8132.0,8141.0
2022-09-30,SR000,SHORT,-0.8067344176321718,5469.0,5466.0
2022-09-30,au000,SHORT,-0.9967178676676286,388.2799999,388.3399999
2022-09-30,OI000,SHORT,-1.1486886863201098,10958.0,10918.0
2022-10-10,au000,LONG,12.324348945741974,395.3399999,393.24
2022-10-10,bc000,LONG,10.397528872475137,54130.0,53970.0
2022-10-10,SR000,LONG,7.116385968214681,5533.0,5577.0
2022-10-10,rr000,LONG,6.9002114287189995,3403.0,3377.0
2022-10-10,PK000,LONG,6.591174854544781,11028.0,11176.0
2022-10-10,hc000,SHORT,-4.940085025800952,3895.0,3886.0
2022-10-10,nr000,SHORT,-5.455754385657004,10200.0,10025.0
2022-10-10,cu000,SHORT,-6.212751047404337,61290.0,61260.0
2022-10-10,pb000,SHORT,-9.63287709022535,15210.0,15245.0
2022-10-10,zn000,SHORT,-11.517491112882727,24230.0,24305.0
2022-10-11,pb000,LONG,3.3855745469546923,15240.0,15240.0
2022-10-11,zn000,LONG,2.3916938019323823,24345.0,24355.0
2022-10-11,AP000,LONG,2.080589023865047,8036.0,7909.0
2022-10-11,c000,LONG,1.3659242385957946,2825.0,2821.0
2022-10-11,m000,LONG,1.1267744954705499,4060.0,4045.0
2022-10-11,j000,SHORT,-1.5321468694513078,2856.5,2872.0
2022-10-11,fb000,SHORT,-1.7192928665147873,1273.0,1267.0
2022-10-11,y000,SHORT,-2.2308088171677696,9158.0,9140.0
2022-10-11,rr000,SHORT,-3.932844477562774,3376.0,3376.0
2022-10-11,SR000,SHORT,-8.13334410873409,5592.0,5591.0
2022-10-12,zn000,LONG,2.3531197778411945,24535.0,24520.0
2022-10-12,cu000,LONG,1.350018708742269,62530.0,62530.0
2022-10-12,SA000,LONG,1.2204285738714975,2503.0,2492.0
2022-10-12,bc000,LONG,1.0776745179093024,55200.0,55180.0
2022-10-12,ss000,LONG,0.585111537802961,16260.0,16275.0
2022-10-12,fb000,SHORT,-0.980725684253818,1270.5,1258.0
2022-10-12,SR000,SHORT,-1.487060254470512,5600.0,5585.0
2022-10-12,y000,SHORT,-1.493662691952686,9298.0,9276.0
2022-10-12,PK000,SHORT,-1.546728196871024,11136.0,11202.0
2022-10-12,ag000,SHORT,-2.528728085319553,4534.0,4533.0
2022-10-13,a000,LONG,10.296386155009912,5851.0,5860.0
2022-10-13,rr000,LONG,2.2952760883863452,3393.0,3394.0
2022-10-13,CF000,LONG,1.8671815568227736,13855.0,13930.0
2022-10-13,SR000,LONG,1.6944458171889127,5586.0,5576.0
2022-10-13,CY000,LONG,1.6010340466106099,20870.0,20940.0
2022-10-13,al000,SHORT,-0.7994230741970769,18490.0,18485.0
2022-10-13,pb000,SHORT,-0.8069625125488568,15265.0,15270.0
2022-10-13,cu000,SHORT,-1.1650350003184913,62310.0,62450.0
2022-10-13,zn000,SHORT,-1.6557647931550854,24740.0,24805.0
2022-10-13,ag000,SHORT,-1.7500618497672664,4440.0,4448.0
2022-10-14,SR000,LONG,3.5999604441988713,5633.0,5625.0
2022-10-14,cu000,LONG,2.619537919777579,62860.0,62930.0
2022-10-14,a000,LONG,1.3853077206654294,5847.0,5862.0
2022-10-14,l000,LONG,0.8086951868451429,7912.0,7881.0
2022-10-14,cs000,LONG,0.7994052972070143,2872.0,2855.0
2022-10-14,bc000,SHORT,-1.0278154877485421,55380.0,55440.0
2022-10-14,al000,SHORT,-1.0845094501376826,18625.0,18605.0
2022-10-14,au000,SHORT,-1.1192837873450454,392.56,392.56
2022-10-14,ag000,SHORT,-1.1761857101503927,4422.0,4433.0
2022-10-14,CY000,SHORT,-1.1816580794001064,20655.0,20575.0
2022-10-17,pb000,LONG,2.588746019484947,15325.0,15325.0
2022-10-17,CF000,LONG,1.8219511326526794,13735.0,13735.0
2022-10-17,hc000,LONG,1.1847132650758134,3713.0,3700.0
2022-10-17,jd000,LONG,1.1023099532194196,4538.0,4546.0
2022-10-17,au000,LONG,1.0874920367797505,390.52,390.58
2022-10-17,bc000,SHORT,-1.438233502509159,55600.0,55560.0
2022-10-17,rr000,SHORT,-1.4673043916433681,3382.0,3375.0
2022-10-17,y000,SHORT,-1.7323192143859283,9496.0,9476.0
2022-10-17,RM000,SHORT,-2.1396389573688883,3181.0,3222.0
2022-10-17,a000,SHORT,-2.82590084665435,5852.0,5870.0
2022-10-18,ss000,LONG,3.226230106740932,17145.0,17130.0
2022-10-18,m000,LONG,1.3746117870103367,4036.0,4059.0
2022-10-18,nr000,LONG,1.2743182640549735,9650.0,9695.0
2022-10-18,pb000,LONG,0.8750683092797015,15345.0,15345.0
2022-10-18,CY000,LONG,0.5475770772300131,20710.0,20810.0
2022-10-18,sc000,SHORT,-1.039771392720748,671.6,670.4
2022-10-18,jd000,SHORT,-1.1612576015914622,4521.0,4447.0
2022-10-18,l000,SHORT,-1.5349835713469904,7791.0,7772.0
2022-10-18,bc000,SHORT,-1.5441158588776303,55370.0,55450.0
2022-10-18,cu000,SHORT,-1.9066692130594314,62770.0,62830.0
2022-10-19,ss000,LONG,4.262782001305156,17275.0,17255.0
2022-10-19,pb000,LONG,2.840397467685301,15300.0,15305.0
2022-10-19,rr000,LONG,1.6655208839199436,3402.0,3403.0
2022-10-19,ag000,LONG,1.295868602655483,4391.0,4389.0
2022-10-19,pp000,LONG,1.1728185257803811,7593.0,7585.0
2022-10-19,rb000,SHORT,-0.21276304374646005,3679.0,3668.0
2022-10-19,CY000,SHORT,-0.27402667254050145,20420.0,20400.0
2022-10-19,lu000,SHORT,-0.7203251836560083,4641.0,4603.0
2022-10-19,eg000,SHORT,-0.8780044691605603,4009.0,4003.0
2022-10-19,SR000,SHORT,-1.055472459195421,5650.0,5632.0
2022-10-20,CY000,LONG,2.0587514103409132,20240.0,20270.0
2022-10-20,m000,LONG,1.139401971749238,4030.0,4017.0
2022-10-20,nr000,LONG,0.7672453430242193,9490.0,9525.0
2022-10-20,a000,LONG,0.6458484382727258,5700.0,5703.0
2022-10-20,SR000,LONG,0.541072314350593,5660.0,5658.0
2022-10-20,lh000,SHORT,-0.9907681271658833,23435.0,23350.0
2022-10-20,rb000,SHORT,-0.9908534661027617,3625.0,3626.0
2022-10-20,c000,SHORT,-2.3464459721859208,2839.0,2848.0
2022-10-20,zn000,SHORT,-3.294421623970757,25125.0,25100.0
2022-10-20,pb000,SHORT,-4.740171485665677,15370.0,15360.0
2022-10-21,a000,LONG,8.104184131156588,5630.0,5639.0
2022-10-21,SR000,LONG,2.303451956402125,5646.0,5641.0
2022-10-21,l000,LONG,0.7295413895541866,7771.0,7763.0
2022-10-21,rb000,LONG,0.6135484149213163,3641.0,3651.0
2022-10-21,SA000,LONG,0.5396286199895176,2443.0,2446.0
2022-10-21,CF000,SHORT,-1.1728177556381885,13205.0,13245.0
2022-10-21,zn000,SHORT,-1.283852325843176,25595.0,25570.0
2022-10-21,hc000,SHORT,-1.2969660641896654,3657.0,3664.0
2022-10-21,pb000,SHORT,-1.998990929462697,15460.0,15460.0
2022-10-21,bc000,SHORT,-2.2279206247475853,55710.0,55710.0
2022-10-24,c000,LONG,4.181926918844799,2892.0,2889.0
2022-10-24,a000,LONG,2.3108063697868264,5606.0,5615.0
2022-10-24,m000,LONG,2.30570312266074,4060.0,4045.0
2022-10-24,SR000,LONG,1.888884891763668,5616.0,5635.0
2022-10-24,fb000,LONG,1.5310926745607267,1246.5,1247.5
2022-10-24,lu000,SHORT,-0.9479320305403551,4815.0,4704.0
2022-10-24,ag000,SHORT,-1.0498164630509688,4477.0,4471.0
2022-10-24,CF000,SHORT,-1.831980003520121,13345.0,13295.0
2022-10-24,zn000,SHORT,-2.5624038347418674,24635.0,24640.0
2022-10-24,pb000,SHORT,-9.363868366391012,15305.0,15300.0
2022-10-25,al000,LONG,0.951543359353021,18575.0,18575.0
2022-10-25,ag000,LONG,0.9087638180987718,4561.0,4550.0
2022-10-25,CY000,LONG,0.5871577448839405,20050.0,20045.0
2022-10-25,lu000,LONG,0.2507399667883431,4811.0,4829.0
2022-10-25,fu000,LONG,0.14707400205355442,2656.0,2687.0
2022-10-25,l000,SHORT,-4.168531207072897,7680.0,7738.0
2022-10-25,pb000,SHORT,-4.188095143520041,15350.0,15350.0
2022-10-25,rr000,SHORT,-4.7653380542179296,3412.0,3411.0
2022-10-25,cu000,SHORT,-5.109978370230916,62990.0,63080.0
2022-10-25,a000,SHORT,-21.06933980741394,5607.0,5598.0
2022-10-26,ag000,LONG,0.9900755530920987,4589.0,4580.0
2022-10-26,sn000,LONG,0.9528464703557348,166750.0,166840.0
2022-10-26,al000,LONG,0.846130984375959,18645.0,18635.0
2022-10-26,pb000,LONG,0.6793553020957478,15295.0,15300.0
2022-10-26,ss000,LONG,0.4901099083429029,17395.0,17405.0
2022-10-26,SR000,SHORT,-2.293063496410165,5545.0,5559.0
2022-10-26,m000,SHORT,-2.962423199126487,4084.0,4088.0
2022-10-26,sc000,SHORT,-3.0470525745060497,677.2,675.3
2022-10-26,hc000,SHORT,-3.5253602359766716,3620.0,3635.0
2022-10-26,a000,SHORT,-42.76081958839141,5595.0,5584.0
2022-10-27,c000,LONG,3.936694886677232,2867.0,2872.0
2022-10-27,hc000,LONG,3.0535138265829085,3664.0,3641.0
2022-10-27,SR000,LONG,2.9149750873794225,5516.0,5525.0
2022-10-27,a000,LONG,2.795826204418577,5585.0,5583.0
2022-10-27,rr000,LONG,2.198454190154267,3392.0,3388.0
2022-10-27,al000,SHORT,-0.3274284102611412,18670.0,18675.0
2022-10-27,CY000,SHORT,-0.4510137963135727,19990.0,20025.0
2022-10-27,pb000,SHORT,-0.8381240304434835,15185.0,15185.0
2022-10-27,cu000,SHORT,-0.9633513511104838,63670.0,63640.0
2022-10-27,zn000,SHORT,-0.9645235246266824,24185.0,24160.0
2022-10-28,ag000,LONG,2.095876098892617,4582.0,4586.0
2022-10-28,hc000,LONG,0.6340438107699393,3548.0,3567.0
2022-10-28,ni000,LONG,0.6231419992326604,186490.0,186260.0
2022-10-28,rb000,LONG,0.5814728362477368,3517.0,3536.0
2022-10-28,p000,LONG,0.5180075623228173,8056.0,8108.0
2022-10-28,pb000,SHORT,-2.2612726465120017,15120.0,15125.0
2022-10-28,c000,SHORT,-2.282514572394158,2868.0,2863.0
2022-10-28,y000,SHORT,-2.633663106054592,9220.0,9290.0
2022-10-28,a000,SHORT,-2.746158503623971,5603.0,5578.0
2022-10-28,zn000,SHORT,-2.970828635866705,24115.0,24095.0
2022-10-31,pb000,LONG,8.33283764349246,15250.0,15245.0
2022-10-31,cu000,LONG,5.2155994570486195,62390.0,62430.0
2022-10-31,bc000,LONG,3.7778621877280583,55750.0,55720.0
2022-10-31,hc000,LONG,3.03361530692933,3487.0,3467.0
2022-10-31,cs000,LONG,1.7388630265758211,2973.0,2930.0
2022-10-31,OI000,SHORT,-2.7355595749030557,10915.0,10724.0
2022-10-31,lh000,SHORT,-3.120038477049918,22275.0,21870.0
2022-10-31,MA000,SHORT,-3.125985836923909,2493.0,2535.0
2022-10-31,rb000,SHORT,-4.072453187433235,3430.0,3416.0
2022-10-31,SR000,SHORT,-6.1669324140812,5533.0,5490.0
2022-11-01,pb000,LONG,7.853400295804362,15160.0,15165.0
2022-11-01,zn000,LONG,5.526665152534231,22290.0,22325.0
2022-11-01,ss000,LONG,5.215524602160295,16570.0,16590.0
2022-11-01,bc000,LONG,4.678495580403477,55350.0,55290.0
2022-11-01,rr000,LONG,3.5906310342585064,3386.0,3384.0
2022-11-01,cs000,SHORT,-0.5582053403322716,2915.0,2922.0
2022-11-01,lu000,SHORT,-0.7802454851372435,4712.0,4662.0
2022-11-01,cu000,SHORT,-0.9969112703190434,62300.0,62250.0
2022-11-01,au000,SHORT,-1.4231459129390724,391.64,391.82
2022-11-01,CY000,SHORT,-2.0831200048831224,19295.0,19100.0
2022-11-02,SR000,LONG,3.708483846311247,5579.0,5584.0
2022-11-02,fb000,LONG,1.4884233889740093,1233.5,1233.5
2022-11-02,nr000,LONG,1.28853090722282,9050.0,9150.0
2022-11-02,au000,LONG,1.1653997195636443,391.2799999,391.1
2022-11-02,m000,LONG,1.147514589848,4254.0,4251.0
2022-11-02,CY000,SHORT,-1.3190988648625368,19715.0,19630.0
2022-11-02,p000,SHORT,-1.355802769449794,8346.0,8330.0
2022-11-02,a000,SHORT,-1.421915580094089,5613.0,5616.0
2022-11-02,sc000,SHORT,-2.006548715107536,693.9,692.5
2022-11-02,pb000,SHORT,-2.184613730980543,15195.0,15190.0
2022-11-03,bc000,LONG,2.3468915855291894,56560.0,56570.0
2022-11-03,CY000,LONG,2.330189352052174,19800.0,19760.0
2022-11-03,CF000,LONG,1.7481483858005364,12970.0,12990.0
2022-11-03,ni000,LONG,1.2694147198478447,193630.0,194120.0
2022-11-03,rr000,LONG,1.2328721970174172,3381.0,3381.0
2022-11-03,SR000,SHORT,-0.41521259887208817,5567.0,5543.0
2022-11-03,lu000,SHORT,-0.4481954271704814,4772.0,4758.0
2022-11-03,c000,SHORT,-0.4743532484202077,2853.0,2837.0
2022-11-03,au000,SHORT,-0.48042278903465346,392.2,392.08
2022-11-03,RM000,SHORT,-0.6062169002001709,3060.0,3035.0
2022-11-04,rr000,LONG,3.1528367975003952,3394.0,3391.0
2022-11-04,CY000,LONG,1.533752458134518,20005.0,20015.0
2022-11-04,l000,LONG,1.5031138825279302,7774.0,7772.0
2022-11-04,pp000,LONG,1.3405779072203607,7594.0,7599.0
2022-11-04,cu000,LONG,1.2108048807424192,63230.0,63210.0
2022-11-04,RS000,SHORT,-0.587381678889461,5880.0,5952.0
2022-11-04,c000,SHORT,-0.7196967604298824,2849.0,2848.0
2022-11-04,zn000,SHORT,-0.9786849801516242,23055.0,23050.0
2022-11-04,ni000,SHORT,-2.322544419523236,191130.0,191190.0
2022-11-04,bc000,SHORT,-5.836306720229476,56370.0,56330.0
2022-11-07,ni000,LONG,1.8261634258927928,194620.0,193740.0
2022-11-07,bc000,LONG,1.4725531814103439,59100.0,58920.0
2022-11-07,nr000,LONG,1.0470840681339628,9505.0,9605.0
2022-11-07,al000,LONG,1.018810401189585,18440.0,18430.0
2022-11-07,cs000,LONG,0.680242132124444,2993.0,3010.0
2022-11-07,CF000,SHORT,-2.796316539470857,13175.0,13435.0
2022-11-07,SR000,SHORT,-3.112225499261077,5590.0,5601.0
2022-11-07,a000,SHORT,-3.583679924366005,5562.0,5576.0
2022-11-07,zn000,SHORT,-3.5950664911117225,23910.0,23845.0
2022-11-07,pb000,SHORT,-11.193194064907642,15200.0,15210.0
2022-11-08,al000,LONG,1.559611311007492,18445.0,18445.0
2022-11-08,nr000,LONG,1.336681211500327,9705.0,9640.0
2022-11-08,MA000,LONG,1.1811355000121273,2571.0,2571.0
2022-11-08,c000,LONG,0.9560067115177701,2890.0,2892.0
2022-11-08,pp000,LONG,0.9291124530889194,7535.0,7536.0
2022-11-08,ss000,SHORT,-0.9700947992353671,16480.0,16465.0
2022-11-08,CJ000,SHORT,-1.2591853295149076,11250.0,11150.0
2022-11-08,bc000,SHORT,-1.6094998053608645,58310.0,58230.0
2022-11-08,ag000,SHORT,-2.4567805491361296,4821.0,4802.0
2022-11-08,SR000,SHORT,-3.673441979009131,5604.0,5602.0
2022-11-09,al000,LONG,3.985178994699434,18475.0,18470.0
2022-11-09,pp000,LONG,1.5189364956269882,7664.0,7663.0
2022-11-09,ss000,LONG,1.0100292341182688,16510.0,16505.0
2022-11-09,a000,LONG,0.836896277379063,5533.0,5536.0
2022-11-09,rb000,LONG,0.7669118429806383,3578.0,3592.0
2022-11-09,CY000,SHORT,-1.8389017592309738,20100.0,20195.0
2022-11-09,CF000,SHORT,-2.1966363359128316,13020.0,13115.0
2022-11-09,bc000,SHORT,-2.2181695185688146,59270.0,59130.0
2022-11-09,pb000,SHORT,-4.461834216255601,15270.0,15260.0
2022-11-09,zn000,SHORT,-5.094326337491861,23795.0,23785.0
2022-11-10,cu000,LONG,1.7539036092395546,66520.0,66490.0
2022-11-10,CY000,LONG,1.257880686501971,20065.0,20135.0
2022-11-10,ni000,LONG,1.0116374154495822,197360.0,197880.0
2022-11-10,ss000,LONG,1.0083285823369903,16455.0,16510.0
2022-11-10,c000,LONG,0.8747021550351918,2876.0,2872.0
2022-11-10,au000,SHORT,-1.3861159439160204,403.2,403.1
2022-11-10,y000,SHORT,-1.4143340092919392,9310.0,9302.0
2022-11-10,l000,SHORT,-1.4738600903019683,7774.0,7788.0
2022-11-10,SR000,SHORT,-1.661755335455709,5648.0,5627.0
2022-11-10,jd000,SHORT,-3.3483297732821247,4265.0,4268.0
2022-11-11,pb000,LONG,7.792619120067431,15530.0,15525.0
2022-11-11,SR000,LONG,7.01257920017958,5688.0,5664.0
2022-11-11,rr000,LONG,6.701536621665843,3401.0,3397.0
2022-11-11,c000,LONG,4.5386042607453465,2882.0,2884.0
2022-11-11,a000,LONG,4.254099098722738,5672.0,5676.0
2022-11-11,sp000,SHORT,-0.23961587048371816,6758.0,6716.0
2022-11-11,au000,SHORT,-0.4639183260696294,409.12,409.66
2022-11-11,ni000,SHORT,-0.5020495470169496,201510.0,201590.0
2022-11-11,m000,SHORT,-0.5913609313193632,4225.0,4255.0
2022-11-11,al000,SHORT,-3.6174068519835285,18680.0,18695.0
2022-11-14,cu000,LONG,6.038811251090507,67610.0,67900.0
2022-11-14,cs000,LONG,1.9547372193149677,3059.0,3025.0
2022-11-14,CY000,LONG,1.9493500667373307,20450.0,20390.0
2022-11-14,a000,LONG,1.6410959283927344,5646.0,5688.0
2022-11-14,MA000,LONG,1.599218147547286,2573.0,2549.0
2022-11-14,au000,SHORT,-1.567047837995421,406.66,406.7799999
2022-11-14,jd000,SHORT,-1.6799625411526622,4250.0,4322.0
2022-11-14,pb000,SHORT,-3.063601721139448,15690.0,15715.0
2022-11-14,ag000,SHORT,-3.200073756727493,4919.0,4931.0
2022-11-14,bc000,SHORT,-4.845209830405573,60640.0,60970.0
2022-11-15,pp000,LONG,2.1381429345664933,7772.0,7780.0
2022-11-15,eg000,LONG,1.1937199775420138,3987.0,3988.0
2022-11-15,bc000,LONG,1.1828241209137784,59800.0,60140.0
2022-11-15,pb000,LONG,1.0942561246407743,15865.0,15825.0
2022-11-15,fb000,LONG,0.909134111074755,1241.0,1241.0
2022-11-15,a000,SHORT,-1.7058115370461409,5619.0,5620.0
2022-11-15,sn000,SHORT,-1.7128071224053443,181160.0,181700.0
2022-11-15,al000,SHORT,-1.8607594144250375,18825.0,18830.0
2022-11-15,m000,SHORT,-2.1744008347752195,4157.0,4148.0
2022-11-15,SA000,SHORT,-2.333633081614196,2525.0,2526.0
2022-11-16,nr000,LONG,1.969575128162847,9570.0,9600.0
2022-11-16,pb000,LONG,1.9190342062050483,15895.0,15895.0
2022-11-16,sn000,LONG,1.8033388115885387,188330.0,188150.0
2022-11-16,bc000,LONG,1.752497413153781,59580.0,59500.0
2022-11-16,ss000,LONG,1.2868024828481701,17070.0,17020.0
2022-11-16,cs000,SHORT,-0.5803769482404892,3035.0,3027.0
2022-11-16,rb000,SHORT,-0.681198518190847,3724.0,3722.0
2022-11-16,ni000,SHORT,-0.7913044983835301,208910.0,207070.0
2022-11-16,al000,SHORT,-1.3180105758022176,18900.0,18905.0
2022-11-16,pp000,SHORT,-1.6257825887827655,7753.0,7760.0
2022-11-17,zn000,LONG,1.877550336195288,24175.0,24180.0
2022-11-17,sc000,LONG,0.6776182087669747,634.5,636.8
2022-11-17,cs000,LONG,0.5063893473078586,2980.0,2993.0
2022-11-17,i000,LONG,0.3147343131716629,724.0,723.5
2022-11-17,ss000,LONG,0.31226903712232384,16705.0,16690.0
2022-11-17,CY000,SHORT,-2.5180265331176335,20785.0,20795.0
2022-11-17,hc000,SHORT,-2.6714554505226435,3764.0,3760.0
2022-11-17,a000,SHORT,-2.802650544423474,5594.0,5598.0
2022-11-17,cu000,SHORT,-2.8246669974238294,66380.0,66360.0
2022-11-17,SR000,SHORT,-3.7174582492581854,5752.0,5766.0
2022-11-18,zn000,LONG,3.4972855564864456,24270.0,24230.0
2022-11-18,pb000,LONG,3.3145908094174503,15690.0,15700.0
2022-11-18,c000,LONG,2.2397666210693297,2821.0,2816.0
2022-11-18,hc000,LONG,2.197273391326465,3793.0,3807.0
2022-11-18,au000,LONG,1.781247751038467,407.38,407.2799999
2022-11-18,wr000,SHORT,-0.6239271227609454,4451.0,4476.0
2022-11-18,PF000,SHORT,-0.8320983949221075,6842.0,6880.0
2022-11-18,y000,SHORT,-0.902390452371875,9242.0,9178.0
2022-11-18,MA000,SHORT,-1.393014890864851,2519.0,2516.0
2022-11-18,m000,SHORT,-2.096667012133832,4140.0,4144.0
2022-11-21,cu000,LONG,2.9172100656758806,65260.0,65250.0
2022-11-21,bc000,LONG,2.5891814820995385,58250.0,58220.0
2022-11-21,cs000,LONG,0.9385572225201508,2980.0,2960.0
2022-11-21,j000,LONG,0.5497599448052665,2695.5,2722.5
2022-11-21,pp000,LONG,0.40002333853423033,7636.0,7660.0
2022-11-21,hc000,SHORT,-3.873424841258998,3736.0,3790.0
2022-11-21,pb000,SHORT,-4.345219008038978,15735.0,15765.0
2022-11-21,ag000,SHORT,-4.406778642914163,4841.0,4849.0
2022-11-21,rr000,SHORT,-4.630789409052211,3396.0,3400.0
2022-11-21,SR000,SHORT,-5.356667296166141,5687.0,5688.0
2022-11-22,pb000,LONG,4.50625528224134,15720.0,15730.0
2022-11-22,bc000,LONG,2.979189491879386,57390.0,57300.0
2022-11-22,m000,LONG,2.6377051994255774,4175.0,4164.0
2022-11-22,cu000,LONG,1.1799639705533997,64420.0,64330.0
2022-11-22,nr000,LONG,1.1214295274726773,9510.0,9535.0
2022-11-22,a000,SHORT,-1.1781758899632788,5581.0,5571.0
2022-11-22,jd000,SHORT,-1.7068425517193124,4375.0,4392.0
2022-11-22,c000,SHORT,-1.9353620401199885,2853.0,2847.0
2022-11-22,l000,SHORT,-2.0068903042719084,7802.0,7785.0
2022-11-22,SR000,SHORT,-2.6431924231023713,5644.0,5637.0
2022-11-23,cu000,LONG,4.232088067413768,65000.0,65090.0
2022-11-23,MA000,LONG,1.1132781607723294,2567.0,2568.0
2022-11-23,m000,LONG,0.9774420116210386,4173.0,4187.0
2022-11-23,cs000,LONG,0.8925996778535121,3013.0,2993.0
2022-11-23,SR000,LONG,0.8332689319740297,5671.0,5674.0
2022-11-23,bc000,SHORT,-1.2913716218557494,57870.0,57950.0
2022-11-23,jd000,SHORT,-1.5627048047442516,4391.0,4389.0
2022-11-23,rr000,SHORT,-1.796282654695642,3394.0,3393.0
2022-11-23,pb000,SHORT,-1.8569488750825411,15750.0,15770.0
2022-11-23,zn000,SHORT,-2.441996326383465,23560.0,23600.0
2022-11-24,SR000,LONG,9.57266064439581,5636.0,5629.0
2022-11-24,pb000,LONG,7.825066212197131,15780.0,15775.0
2022-11-24,a000,LONG,7.482639961640327,5586.0,5584.0
2022-11-24,bc000,LONG,4.623293122929784,57680.0,57670.0
2022-11-24,rr000,LONG,3.7733020921021723,3389.0,3392.0
2022-11-24,AP000,SHORT,-0.10118818650600005,8120.0,8140.0
2022-11-24,cs000,SHORT,-0.15266083877256104,3054.0,3048.0
2022-11-24,ru000,SHORT,-0.15993203183063437,12775.0,12775.0
2022-11-24,sc000,SHORT,-0.18266722683632544,575.8,574.4
2022-11-24,CY000,SHORT,-0.5521094602891873,21070.0,20800.0
2022-11-25,m000,LONG,3.106298346434538,4275.0,4273.0
2022-11-25,CY000,LONG,2.098253516023545,20890.0,21010.0
2022-11-25,ag000,LONG,1.3974616703515346,4932.0,4931.0
2022-11-25,c000,LONG,1.3559036813938428,2918.0,2912.0
2022-11-25,SA000,LONG,1.2565053844242504,2692.0,2681.0
2022-11-25,a000,SHORT,-0.5320040575697886,5645.0,5627.0
2022-11-25,FG000,SHORT,-0.6532270922088242,1409.0,1405.0
2022-11-25,SR000,SHORT,-0.7020772899753167,5634.0,5633.0
2022-11-25,pb000,SHORT,-0.9721795535753579,15700.0,15705.0
2022-11-25,nr000,SHORT,-1.6948138474491965,9525.0,9495.0
2022-11-28,au000,LONG,1.6232377000145157,407.62,407.4
2022-11-28,sn000,LONG,0.9278278831463885,182610.0,182020.0
2022-11-28,al000,LONG,0.9171842087583968,18810.0,18785.0
2022-11-28,SR000,LONG,0.8975830215392602,5565.0,5613.0
2022-11-28,RS000,LONG,0.768202133394886,5934.0,5881.0
2022-11-28,hc000,SHORT,-4.453375440806977,3810.0,3852.0
2022-11-28,m000,SHORT,-4.690780664520682,4245.0,4256.0
2022-11-28,bc000,SHORT,-4.8054362307223935,57760.0,57790.0
2022-11-28,zn000,SHORT,-7.1203034145625965,23660.0,23655.0
2022-11-28,pb000,SHORT,-13.81360043294827,15605.0,15615.0
2022-11-29,pb000,LONG,3.824271779148367,15640.0,15620.0
2022-11-29,SR000,LONG,3.4542323028801696,5535.0,5525.0
2022-11-29,rr000,LONG,2.0777360757751837,3411.0,3408.0
2022-11-29,CY000,LONG,1.4590356820071135,20535.0,20515.0
2022-11-29,y000,LONG,1.4154692191442821,9310.0,9198.0
2022-11-29,lu000,SHORT,-0.6208288532649024,4351.0,4276.0
2022-11-29,sc000,SHORT,-0.764444276100949,561.2,559.9
2022-11-29,cu000,SHORT,-0.8820142175383696,64520.0,64610.0
2022-11-29,cs000,SHORT,-1.0406870392642515,3145.0,3150.0
2022-11-29,al000,SHORT,-1.0531587374001612,18860.0,18855.0
2022-11-30,fb000,LONG,1.2558872205726743,1241.0,1238.5
2022-11-30,zn000,LONG,0.9066082649347424,23745.0,23800.0
2022-11-30,eg000,LONG,0.885006495275783,3909.0,3880.0
2022-11-30,bc000,LONG,0.8196058802552603,57690.0,57870.0
2022-11-30,rb000,LONG,0.4704054161004366,3745.0,3754.0
2022-11-30,rr000,SHORT,-1.7929069758349003,3406.0,3412.0
2022-11-30,al000,SHORT,-2.1662456342052323,18905.0,18920.0
2022-11-30,CF000,SHORT,-2.33904971023147,13270.0,13310.0
2022-11-30,SR000,SHORT,-3.4240228543503597,5540.0,5528.0
2022-11-30,sn000,SHORT,-6.87256854327194,186280.0,186700.0
2022-12-01,y000,LONG,2.806580875483589,9484.0,9508.0
2022-12-01,CF000,LONG,1.4720445723766284,13325.0,13215.0
2022-12-01,lu000,LONG,1.2566745336065333,4336.0,4327.0
2022-12-01,nr000,LONG,1.234285706503561,9830.0,9795.0
2022-12-01,pb000,LONG,1.20215718879334,15770.0,15755.0
2022-12-01,ni000,SHORT,-1.7703930803486927,201570.0,200470.0
2022-12-01,rr000,SHORT,-1.9679191638410893,3411.0,3412.0
2022-12-01,l000,SHORT,-2.0637996124493037,8087.0,8085.0
2022-12-01,cu000,SHORT,-2.551050085886064,65490.0,65340.0
2022-12-01,bc000,SHORT,-2.69832620808937,58470.0,58320.0
2022-12-02,a000,LONG,1.5309645358934707,5572.0,5574.0
2022-12-02,SR000,LONG,1.4353404101636065,5510.0,5506.0
2022-12-02,c000,LONG,1.3956754977065486,2863.0,2873.0
2022-12-02,y000,LONG,0.9795393287311176,9252.0,9378.0
2022-12-02,SM000,LONG,0.9653821374709477,7442.0,7478.0
2022-12-02,bc000,SHORT,-1.3184085395544018,59040.0,59090.0
2022-12-02,PK000,SHORT,-1.6369435089287248,10550.0,10526.0
2022-12-02,cu000,SHORT,-2.2146069112980107,65860.0,65920.0
2022-12-02,zn000,SHORT,-2.88378228175518,24465.0,24475.0
2022-12-02,pb000,SHORT,-6.75525445956733,15735.0,15745.0
2022-12-05,al000,LONG,5.690093584904022,19305.0,19185.0
2022-12-05,au000,LONG,5.517687731825302,408.24,407.42
2022-12-05,jd000,LONG,4.962833587850002,4395.0,4494.0
2022-12-05,v000,LONG,3.1628000297665135,6208.0,6188.0
2022-12-05,zn000,LONG,2.92340746785457,24675.0,24630.0
2022-12-05,j000,SHORT,-0.9666295222417782,2866.0,2780.0
2022-12-05,pb000,SHORT,-0.9723487241116049,15950.0,15895.0
2022-12-05,SF000,SHORT,-1.1013436377019374,8504.0,8466.0
2022-12-05,pp000,SHORT,-1.55795650084765,7874.0,7832.0
2022-12-05,ni000,SHORT,-1.6521260719521145,205430.0,202550.0
2022-12-06,pb000,LONG,5.8504315419142,15970.0,15970.0
2022-12-06,rr000,LONG,3.8395770298051386,3396.0,3397.0
2022-12-06,zn000,LONG,3.161853099140942,24410.0,24445.0
2022-12-06,SR000,LONG,3.000220010486621,5540.0,5555.0
2022-12-06,l000,LONG,2.5922808420769856,8094.0,8090.0
2022-12-06,c000,SHORT,-1.170581321275143,2837.0,2834.0
2022-12-06,a000,SHORT,-1.9895675849494772,5620.0,5610.0
2022-12-06,au000,SHORT,-2.246826013993501,403.02,402.74
2022-12-06,al000,SHORT,-2.61279744208734,19230.0,19280.0
2022-12-06,sn000,SHORT,-3.0129338486907207,194610.0,195450.0
2022-12-07,CF000,LONG,1.0904423361242928,13680.0,13685.0
2022-12-07,ss000,LONG,0.8457453083424566,17390.0,17385.0
2022-12-07,SR000,LONG,0.7906942190584313,5538.0,5548.0
2022-12-07,al000,LONG,0.7743306348830515,19335.0,19335.0
2022-12-07,bc000,LONG,0.7048653351997355,58990.0,58990.0
2022-12-07,j000,SHORT,-1.7532727032329545,2828.5,2864.0
2022-12-07,l000,SHORT,-2.145436916086242,7998.0,8052.0
2022-12-07,cu000,SHORT,-3.2329782635213604,66130.0,66140.0
2022-12-07,rr000,SHORT,-3.302692637478762,3396.0,3398.0
2022-12-07,sn000,SHORT,-3.432660620756432,199660.0,199740.0
2022-12-08,pb000,LONG,4.403567365144169,15740.0,15750.0
2022-12-08,SR000,LONG,3.1026557429932424,5540.0,5529.0
2022-12-08,zn000,LONG,2.436092187154512,24820.0,24860.0
2022-12-08,cu000,LONG,2.1543116332493533,65900.0,66010.0
2022-12-08,rr000,LONG,1.9029318414658103,3391.0,3394.0
2022-12-08,lu000,SHORT,-0.8043783176604504,3940.0,3998.0
2022-12-08,al000,SHORT,-0.8362553633781532,19180.0,19190.0
2022-12-08,a000,SHORT,-1.1664375577141979,5607.0,5605.0
2022-12-08,sp000,SHORT,-1.3845582832247336,7228.0,7238.0
2022-12-08,c000,SHORT,-2.020812854470043,2823.0,2815.0
2022-12-09,SR000,LONG,3.4013332003817793,5566.0,5545.0
2022-12-09,hc000,LONG,2.7849344799238747,4000.0,3995.0
2022-12-09,m000,LONG,2.0388610393223634,4428.0,4415.0
2022-12-09,rr000,LONG,1.8643979244093465,3383.0,3386.0
2022-12-09,pb000,LONG,1.8223814141485235,15760.0,15755.0
2022-12-09,nr000,SHORT,-0.8408286487107197,10020.0,10005.0
2022-12-09,au000,SHORT,-0.8964731472911341,402.76,403.14
2022-12-09,cu000,SHORT,-1.7191578465923152,66570.0,66410.0
2022-12-09,bc000,SHORT,-1.8582201734199837,59710.0,59640.0
2022-12-09,zn000,SHORT,-4.160006315126427,24825.0,24790.0
2022-12-12,c000,LONG,4.558706947457945,2824.0,2824.0
2022-12-12,al000,LONG,3.345826137218443,19145.0,19125.0
2022-12-12,l000,LONG,2.1753800771423952,8176.0,8164.0
2022-12-12,lu000,LONG,2.139525136472292,3726.0,3725.0
2022-12-12,CY000,LONG,1.0778612723720502,21210.0,21285.0
2022-12-12,bc000,SHORT,-3.5432102821691314,59820.0,59700.0
2022-12-12,rr000,SHORT,-4.105288789921965,3379.0,3381.0
2022-12-12,ag000,SHORT,-6.308895971759524,5331.0,5289.0
2022-12-12,zn000,SHORT,-7.956355637469252,24935.0,24890.0
2022-12-12,pb000,SHORT,-17.346416102114272,15635.0,15625.0
2022-12-13,pp000,LONG,2.657946864367335,7827.0,7842.0
2022-12-13,SR000,LONG,2.507378863462602,5673.0,5665.0
2022-12-13,CY000,LONG,2.174866473610684,20565.0,20635.0
2022-12-13,sc000,LONG,0.8390696351217053,518.4,518.9
2022-12-13,p000,LONG,0.7709303507011834,7804.0,7726.0
2022-12-13,au000,SHORT,-0.9237257176016617,402.98,403.2
2022-12-13,CF000,SHORT,-0.9587146813535253,13840.0,13860.0
2022-12-13,fb000,SHORT,-0.962182511597201,1224.0,1222.5
2022-12-13,y000,SHORT,-1.2127264606715291,8640.0,8618.0
2022-12-13,zn000,SHORT,-3.073638229480294,24905.0,24910.0
2022-12-14,cu000,LONG,1.7967597943771356,66540.0,66720.0
2022-12-14,CF000,LONG,1.2839600450664954,13810.0,13880.0
2022-12-14,bc000,LONG,1.103248780527976,59670.0,59840.0
2022-12-14,pp000,LONG,1.0347280351244634,7832.0,7818.0
2022-12-14,m000,LONG,1.011258853210423,4356.0,4368.0
2022-12-14,ag000,SHORT,-1.5136125579625466,5402.0,5393.0
2022-12-14,jd000,SHORT,-1.5947054797584184,4284.0,4275.0
2022-12-14,RM000,SHORT,-1.6825747346096416,3057.0,3081.0
2022-12-14,zn000,SHORT,-4.7014952283553795,24925.0,24935.0
2022-12-14,pb000,SHORT,-8.657481957227615,15590.0,15585.0
2022-12-15,cu000,LONG,3.542759352661813,66290.0,66270.0
2022-12-15,c000,LONG,3.0687768720583555,2795.0,2789.0
2022-12-15,CY000,LONG,2.162099208903641,21055.0,20955.0
2022-12-15,m000,LONG,1.533766050847348,4265.0,4265.0
2022-12-15,y000,LONG,1.3695165700880778,8824.0,8838.0
2022-12-15,lu000,SHORT,-0.6426157848041344,3967.0,3920.0
2022-12-15,au000,SHORT,-0.6935049639767032,407.76,407.82
2022-12-15,sc000,SHORT,-0.8150076089103531,539.6,537.9
2022-12-15,ag000,SHORT,-1.0622993251219217,5409.0,5404.0
2022-12-15,fb000,SHORT,-1.4878084228193078,1224.5,1209.0
2022-12-16,pb000,LONG,5.5112288214644725,15510.0,15525.0
2022-12-16,cu000,LONG,3.360524582703024,65410.0,65650.0
2022-12-16,bc000,LONG,2.4615193487284683,58520.0,58750.0
2022-12-16,y000,LONG,1.5993774993253767,8696.0,8624.0
2022-12-16,cs000,LONG,1.3596654653987392,2921.0,2904.0
2022-12-16,sn000,SHORT,-2.5913638365808187,190130.0,191320.0
2022-12-16,al000,SHORT,-2.8095300379815913,18745.0,18765.0
2022-12-16,jd000,SHORT,-2.902192599114938,4217.0,4215.0
2022-12-16,ss000,SHORT,-4.393476747675569,17600.0,17670.0
2022-12-16,rr000,SHORT,-7.933785547774008,3366.0,3367.0
2022-12-19,m000,LONG,5.913214540739615,3706.0,3782.0
2022-12-19,l000,LONG,2.5380619116773215,8226.0,8223.0
2022-12-19,c000,LONG,2.3547170224533303,2800.0,2812.0
2022-12-19,rr000,LONG,2.2029365251731945,3363.0,3365.0
2022-12-19,pb000,LONG,1.3088135764419533,15515.0,15520.0
2022-12-19,ni000,SHORT,-3.012230645091365,218140.0,217390.0
2022-12-19,SR000,SHORT,-3.494626508161327,5734.0,5734.0
2022-12-19,CY000,SHORT,-3.835722123525544,21010.0,20945.0
2022-12-19,a000,SHORT,-5.994674203484207,5252.0,5240.0
2022-12-19,cu000,SHORT,-9.997238161627322,64930.0,64980.0
2022-12-20,bc000,LONG,3.858771226476083,58280.0,58220.0
2022-12-20,lu000,LONG,2.8773505100667864,4009.0,3947.0
2022-12-20,pb000,LONG,2.783591593177857,15495.0,15535.0
2022-12-20,m000,LONG,2.656441580162264,3703.0,3690.0
2022-12-20,rr000,LONG,2.424760214181519,3361.0,3361.0
2022-12-20,lh000,SHORT,-0.04604644446429736,15780.0,15735.0
2022-12-20,CJ000,SHORT,-0.21210693113917306,10340.0,10150.0
2022-12-20,v000,SHORT,-0.23489516717281592,6299.0,6280.0
2022-12-20,pg000,SHORT,-0.291793953000984,4503.0,4496.0
2022-12-20,RM000,SHORT,-0.5287355044050165,2977.0,2972.0
2022-12-21,rr000,LONG,5.0463924416726,3357.0,3358.0
2022-12-21,pb000,LONG,3.8518894568081574,15570.0,15575.0
2022-12-21,l000,LONG,2.500416691423737,8171.0,8166.0
2022-12-21,SR000,LONG,2.321379461043782,5754.0,5747.0
2022-12-21,hc000,LONG,1.9142920089582003,4016.0,3992.0
2022-12-21,bu000,SHORT,-0.32816220292363474,3626.0,3619.0
2022-12-21,AP000,SHORT,-0.37826191584935986,7808.0,7616.0
2022-12-21,bc000,SHORT,-0.6964900096672192,58250.0,58430.0
2022-12-21,al000,SHORT,-0.7138957587153824,18615.0,18625.0
2022-12-21,sn000,SHORT,-1.711095456010027,194740.0,194750.0
2022-12-22,SR000,LONG,3.262903245248069,5754.0,5742.0
2022-12-22,m000,LONG,1.2777699679443177,3777.0,3767.0
2022-12-22,hc000,LONG,1.241947443908402,4055.0,4063.0
2022-12-22,PF000,LONG,1.144865447534174,7198.0,7156.0
2022-12-22,eg000,LONG,1.1422459369508686,4148.0,4127.0
2022-12-22,bc000,SHORT,-0.5905314851406294,58770.0,58790.0
2022-12-22,SA000,SHORT,-1.4374362144198949,2712.0,2696.0
2022-12-22,c000,SHORT,-1.8578011724638333,2758.0,2758.0
2022-12-22,rr000,SHORT,-2.0558494142277746,3361.0,3361.0
2022-12-22,sn000,SHORT,-11.267804541325741,196610.0,196160.0
2022-12-23,rr000,LONG,4.85285855091734,3361.0,3360.0
2022-12-23,c000,LONG,2.309693221584784,2749.0,2757.0
2022-12-23,au000,LONG,1.9069760553818746,407.64,407.32
2022-12-23,m000,LONG,1.2967825188970863,3774.0,3762.0
2022-12-23,hc000,LONG,0.9618839712828927,4024.0,4008.0
2022-12-23,SM000,SHORT,-2.930584535018573,7288.0,7388.0
2022-12-23,a000,SHORT,-3.4421065708308083,5144.0,5148.0
2022-12-23,bc000,SHORT,-3.5415362755376867,58400.0,58340.0
2022-12-23,SR000,SHORT,-8.927146706056297,5752.0,5725.0
2022-12-23,sn000,SHORT,-12.061618758578433,196310.0,196560.0
2022-12-26,pb000,LONG,9.429131363099318,15990.0,15960.0
2022-12-26,zn000,LONG,7.15412383637785,23370.0,23375.0
2022-12-26,bc000,LONG,6.157181896953129,58530.0,58440.0
2022-12-26,cu000,LONG,4.60844271572972,65620.0,65550.0
2022-12-26,sn000,LONG,4.257604669496707,197750.0,197730.0
2022-12-26,CY000,SHORT,-1.3661068255059283,20630.0,20560.0
2022-12-26,PK000,SHORT,-1.4061241668944782,9792.0,10050.0
2022-12-26,y000,SHORT,-2.4383301373057495,8474.0,8344.0
2022-12-26,jd000,SHORT,-3.550807493000515,4226.0,4238.0
2022-12-26,c000,SHORT,-3.7824249994374504,2773.0,2756.0
2022-12-27,pb000,LONG,8.495250854263386,16030.0,16030.0
2022-12-27,rr000,LONG,5.501318752315018,3368.0,3367.0
2022-12-27,zn000,LONG,5.330614506256674,23585.0,23555.0
2022-12-27,l000,LONG,3.050074386333241,8034.0,8003.0
2022-12-27,jd000,LONG,2.5544841025209224,4310.0,4307.0
2022-12-27,UR000,SHORT,-0.20015464968729993,2495.0,2497.0
2022-12-27,nr000,SHORT,-0.2283443034931407,9685.0,9665.0
2022-12-27,m000,SHORT,-1.0049803654418432,3903.0,3900.0
2022-12-27,ag000,SHORT,-1.0190295335762847,5350.0,5339.0
2022-12-27,SR000,SHORT,-1.3402290657723945,5820.0,5805.0
2022-12-28,sn000,LONG,3.4764571598822718,208280.0,208080.0
2022-12-28,cu000,LONG,2.1308088343054923,66770.0,66680.0
2022-12-28,m000,LONG,1.823480949880937,3825.0,3842.0
2022-12-28,bc000,LONG,1.4922748540973299,59950.0,59850.0
2022-12-28,l000,LONG,0.7694761914293695,8140.0,8142.0
2022-12-28,CF000,SHORT,-1.320724211008923,14195.0,14225.0
2022-12-28,pp000,SHORT,-1.4778408111208428,7746.0,7745.0
2022-12-28,pb000,SHORT,-1.586867620169066,16165.0,16160.0
2022-12-28,ss000,SHORT,-1.733597758320975,16735.0,16745.0
2022-12-28,a000,SHORT,-2.873114305713612,5192.0,5186.0
2022-12-29,SR000,LONG,3.7638876704486064,5747.0,5748.0
2022-12-29,sn000,LONG,2.767175244018505,207270.0,207000.0
2022-12-29,bc000,LONG,2.7396465644539623,59270.0,59170.0
2022-12-29,ni000,LONG,1.570800076514759,227500.0,226890.0
2022-12-29,rr000,LONG,1.4536089940862522,3379.0,3377.0
2022-12-29,sc000,SHORT,-0.7611839499484198,549.4,548.8
2022-12-29,m000,SHORT,-0.8553140454416664,3883.0,3839.0
2022-12-29,fu000,SHORT,-0.8786187224334431,2697.0,2695.0
2022-12-29,lu000,SHORT,-1.1691663977722577,4039.0,4033.0
2022-12-29,pb000,SHORT,-1.45604987981034,15855.0,15850.0
2022-12-30,y000,LONG,5.163959056468763,8854.0,8800.0
2022-12-30,rr000,LONG,5.114088559722652,3375.0,3377.0
2022-12-30,sn000,LONG,2.900996846039286,207460.0,207510.0
2022-12-30,SR000,LONG,2.464903693611508,5787.0,5781.0
2022-12-30,l000,LONG,1.9948597364880718,8063.0,8029.0
2022-12-30,jm000,SHORT,-0.07293720736731642,1889.5,1868.0
2022-12-30,ru000,SHORT,-0.08615589168160899,12665.0,12640.0
2022-12-30,fu000,SHORT,-0.09044107834991193,2737.0,2724.0
2022-12-30,b000,SHORT,-0.22918743415011833,5158.0,5148.0
2022-12-30,m000,SHORT,-0.3335159314310849,3900.0,3886.0
2023-01-03,CF000,LONG,5.88108821100079,14035.0,14360.0
2023-01-03,CY000,LONG,3.880453578531304,21430.0,21750.0
2023-01-03,ag000,LONG,1.9434236671090874,5333.0,5395.0
2023-01-03,lu000,LONG,1.6624283404389117,4103.0,4113.0
2023-01-03,ru000,LONG,0.7344721885260073,12530.0,13070.0
2023-01-03,au000,SHORT,-5.640476341338088,411.3,411.2
2023-01-03,zn000,SHORT,-5.9155337103422525,23450.0,23455.0
2023-01-03,SR000,SHORT,-7.637695579596326,5769.0,5784.0
2023-01-03,pb000,SHORT,-11.28840862767914,15950.0,15875.0
2023-01-03,rr000,SHORT,-12.94214928707326,3377.0,3375.0
2023-01-04,sn000,LONG,3.56971453693052,210070.0,211190.0
2023-01-04,CY000,LONG,1.5652491257452905,21645.0,21755.0
2023-01-04,SA000,LONG,1.5189377664771262,2749.0,2771.0
2023-01-04,pp000,LONG,1.113997138895008,7806.0,7847.0
2023-01-04,cu000,LONG,0.9157746900802022,65050.0,65390.0
2023-01-04,hc000,SHORT,-2.0021016273768626,4083.0,4096.0
2023-01-04,al000,SHORT,-2.0486214964613865,18060.0,18080.0
2023-01-04,jd000,SHORT,-3.3194652528983664,4299.0,4326.0
2023-01-04,rr000,SHORT,-3.680393155159613,3368.0,3372.0
2023-01-04,l000,SHORT,-3.7605971206488733,8143.0,8178.0
2023-01-05,pb000,LONG,4.30776931583959,15730.0,15705.0
2023-01-05,a000,LONG,3.4370483650792374,5159.0,5167.0
2023-01-05,cu000,LONG,2.4436302753402535,64040.0,64060.0
2023-01-05,lu000,LONG,1.9130687412537182,3803.0,3822.0
2023-01-05,zn000,LONG,1.7086066309094785,23150.0,23140.0
2023-01-05,PK000,SHORT,-0.7194583470161153,10000.0,9924.0
2023-01-05,SA000,SHORT,-0.9560840225699816,2771.0,2776.0
2023-01-05,y000,SHORT,-1.4775980020044313,8758.0,8746.0
2023-01-05,c000,SHORT,-2.00563722826007,2869.0,2881.0
2023-01-05,rr000,SHORT,-2.087457991152696,3372.0,3375.0
2023-01-06,m000,LONG,1.749377657446783,3797.0,3802.0
2023-01-06,sn000,LONG,1.7432780304039885,202840.0,202940.0
2023-01-06,rr000,LONG,1.6327332527839964,3364.0,3363.0
2023-01-06,y000,LONG,1.5934552115427656,8678.0,8670.0
2023-01-06,c000,LONG,1.337738979229871,2871.0,2875.0
2023-01-06,lu000,SHORT,-0.7378875358661818,3823.0,3754.0
2023-01-06,fu000,SHORT,-0.7421355855461167,2521.0,2505.0
2023-01-06,sc000,SHORT,-0.8181011699428475,529.0,524.3
2023-01-06,CY000,SHORT,-1.0716583186991493,21960.0,21965.0
2023-01-06,au000,SHORT,-1.685125476449106,409.72,408.9
2023-01-09,SR000,LONG,2.9703597237894748,5661.0,5665.0
2023-01-09,fu000,LONG,1.8838760238899563,2519.0,2520.0
2023-01-09,SM000,LONG,1.3758136229621876,7582.0,7626.0
2023-01-09,pp000,LONG,0.9464883530882754,7684.0,7672.0
2023-01-09,CF000,LONG,0.7784510937199404,14380.0,14315.0
2023-01-09,sn000,SHORT,-1.2579952131151302,205710.0,205690.0
2023-01-09,zn000,SHORT,-1.4017253286113796,23200.0,23210.0
2023-01-09,pb000,SHORT,-1.4433440954601842,15575.0,15565.0
2023-01-09,c000,SHORT,-2.3192450977283694,2885.0,2887.0
2023-01-09,m000,SHORT,-3.19971310388936,3815.0,3811.0
2023-01-10,cu000,LONG,2.1005380027827862,66740.0,66760.0
2023-01-10,hc000,LONG,1.357997191827772,4141.0,4158.0
2023-01-10,CY000,LONG,1.080404146642516,22240.0,22225.0
2023-01-10,cs000,LONG,1.0646045104415292,3031.0,3021.0
2023-01-10,au000,LONG,0.9869139500314329,413.2799999,412.9
2023-01-10,jd000,SHORT,-1.7646344215658722,4368.0,4373.0
2023-01-10,ss000,SHORT,-1.9368289056740275,16985.0,16975.0
2023-01-10,bc000,SHORT,-2.887029378884049,59670.0,59670.0
2023-01-10,zn000,SHORT,-5.9307448278120045,23875.0,23875.0
2023-01-10,pb000,SHORT,-9.708026985222359,15600.0,15665.0
2023-01-11,rr000,LONG,3.961999886438077,3340.0,3344.0
2023-01-11,jd000,LONG,3.3128667844764657,4380.0,4385.0
2023-01-11,eg000,LONG,2.9768917726599784,4246.0,4248.0
2023-01-11,l000,LONG,2.3799255319727863,8036.0,7994.0
2023-01-11,sc000,LONG,2.1105676429518496,521.2,519.7
2023-01-11,y000,SHORT,-0.8489724155462076,8502.0,8528.0
2023-01-11,CY000,SHORT,-1.075655238408593,22250.0,22215.0
2023-01-11,cu000,SHORT,-1.466226307633034,67270.0,67050.0
2023-01-11,bc000,SHORT,-1.9305141990773664,60270.0,60030.0
2023-01-11,pb000,SHORT,-3.1952231059877536,15440.0,15410.0
2023-01-12,a000,LONG,4.22308418445394,5272.0,5266.0
2023-01-12,bc000,LONG,3.9913802372994063,61910.0,61710.0
2023-01-12,pb000,LONG,2.990729544005766,15405.0,15425.0
2023-01-12,m000,LONG,2.006161993336184,3865.0,3833.0
2023-01-12,CY000,LONG,1.8473136665997347,22075.0,22155.0
2023-01-12,SM000,SHORT,-0.7748924419831285,7634.0,7672.0
2023-01-12,y000,SHORT,-0.881903744593916,8530.0,8496.0
2023-01-12,cu000,SHORT,-0.9623138643373501,68960.0,68760.0
2023-01-12,al000,SHORT,-0.9831832961528484,18360.0,18355.0
2023-01-12,SR000,SHORT,-1.5086753578869034,5632.0,5648.0
2023-01-13,pb000,LONG,8.181946443794752,15330.0,15310.0
2023-01-13,zn000,LONG,7.4280218793730635,23835.0,23810.0
2023-01-13,rr000,LONG,3.4051601396335127,3345.0,3349.0
2023-01-13,ss000,LONG,2.677858153259178,16885.0,16875.0
2023-01-13,a000,LONG,2.2847198197325653,5320.0,5305.0
2023-01-13,RS000,SHORT,-0.6553921944891514,6037.0,6013.0
2023-01-13,ni000,SHORT,-0.6952387699350687,205610.0,205620.0
2023-01-13,SR000,SHORT,-1.5081245008365267,5611.0,5597.0
2023-01-13,cs000,SHORT,-2.1077859599698137,3020.0,3039.0
2023-01-13,cu000,SHORT,-4.103384602813302,68820.0,68830.0
2023-01-16,pb000,LONG,4.295546322393483,15390.0,15360.0
2023-01-16,au000,LONG,2.6149287804647576,416.8,416.88
2023-01-16,sn000,LONG,2.369563856729256,227670.0,227500.0
2023-01-16,sc000,LONG,2.3228795375578657,542.5,542.0
2023-01-16,zn000,LONG,1.9352010898173626,24335.0,24310.0
2023-01-16,cu000,SHORT,-1.9563392487769908,68790.0,68720.0
2023-01-16,OI000,SHORT,-2.039934021079204,9924.0,9879.0
2023-01-16,bc000,SHORT,-2.2363638936664927,61720.0,61650.0
2023-01-16,CF000,SHORT,-2.2590012733471485,14335.0,14305.0
2023-01-16,SR000,SHORT,-5.907397799743215,5618.0,5605.0
2023-01-17,SR000,LONG,7.387859487701057,5626.0,5635.0
2023-01-17,rr000,LONG,5.9719298351150805,3349.0,3350.0
2023-01-17,OI000,LONG,2.8590186495493275,9963.0,9955.0
2023-01-17,a000,LONG,2.389101588596047,5390.0,5387.0
2023-01-17,jd000,LONG,2.273161325993435,4421.0,4423.0
2023-01-17,cs000,SHORT,-0.7778155878052623,2997.0,3026.0
2023-01-17,RS000,SHORT,-0.9426931604317391,6058.0,6035.0
2023-01-17,ni000,SHORT,-1.7207813935276077,206060.0,205940.0
2023-01-17,bc000,SHORT,-2.601383480108628,61490.0,61490.0
2023-01-17,cu000,SHORT,-4.631029865053945,68520.0,68510.0
2023-01-18,pb000,LONG,6.645448705023276,15370.0,15385.0
2023-01-18,zn000,LONG,5.284046531889201,24290.0,24280.0
2023-01-18,bc000,LONG,4.8353545224540095,62480.0,62360.0
2023-01-18,ss000,LONG,2.821056457602456,17185.0,17155.0
2023-01-18,c000,LONG,2.2168482203776327,2898.0,2893.0
2023-01-18,SM000,SHORT,-0.254216246011434,7790.0,7770.0
2023-01-18,OI000,SHORT,-0.30501840932562985,9988.0,9912.0
2023-01-18,SF000,SHORT,-0.38435205891552365,8590.0,8578.0
2023-01-18,SA000,SHORT,-0.9860541065479451,2956.0,2974.0
2023-01-18,cu000,SHORT,-1.7154608029818383,69670.0,69510.0
2023-01-19,ag000,LONG,3.5909123684560513,5282.0,5293.0
2023-01-19,cu000,LONG,2.63570730726244,70570.0,70990.0
2023-01-19,rr000,LONG,1.9727398072630242,3360.0,3356.0
2023-01-19,ss000,LONG,1.0967738534893618,17160.0,17175.0
2023-01-19,rb000,LONG,0.8280543521630084,4172.0,4173.0
2023-01-19,au000,SHORT,-1.5574462134666047,418.98,419.32
2023-01-19,lu000,SHORT,-1.850088999293032,4163.0,4285.0
2023-01-19,bc000,SHORT,-2.1513276387107525,63210.0,63630.0
2023-01-19,CF000,SHORT,-2.49347892170663,14770.0,14800.0
2023-01-19,pb000,SHORT,-6.881303774188237,15290.0,15300.0
2023-01-20,pb000,LONG,3.717278927184303,15255.0,15275.0
2023-01-20,rr000,LONG,2.678035137178143,3360.0,3356.0
2023-01-20,zn000,LONG,2.566972851646354,24620.0,24670.0
2023-01-20,jd000,LONG,2.350063595165033,4405.0,4406.0
2023-01-20,fu000,LONG,2.196327743093027,2815.0,2783.0
2023-01-20,RS000,SHORT,-0.8396039641240888,5975.0,5951.0
2023-01-20,bc000,SHORT,-1.1985804981696768,62690.0,62950.0
2023-01-20,SA000,SHORT,-1.4897387293002264,2998.0,3004.0
2023-01-20,cu000,SHORT,-2.417753773463373,69990.0,70260.0
2023-01-20,SR000,SHORT,-5.0965087007959635,5656.0,5660.0
2023-01-30,pb000,LONG,13.656848327282875,15335.0,15230.0
2023-01-30,SR000,LONG,7.968644941835035,5837.0,5856.0
2023-01-30,bc000,LONG,7.428428799578308,62580.0,61910.0
2023-01-30,rr000,LONG,7.041369960847376,3358.0,3351.0
2023-01-30,c000,LONG,6.706763971906386,2892.0,2892.0
2023-01-30,sn000,SHORT,-2.8091987406834145,237360.0,236870.0
2023-01-30,al000,SHORT,-2.821920494222015,19180.0,19000.0
2023-01-30,pp000,SHORT,-3.171386001572775,8263.0,8200.0
2023-01-30,sp000,SHORT,-4.228713625072322,6756.0,6786.0
2023-01-30,au000,SHORT,-13.841789709794895,421.36,422.68
2023-01-31,CY000,LONG,2.063455266556331,22520.0,22420.0
2023-01-31,SA000,LONG,1.6178794211245924,2945.0,2974.0
2023-01-31,bc000,LONG,1.537477281450092,62180.0,62240.0
2023-01-31,ag000,LONG,1.3622773355500313,5223.0,5222.0
2023-01-31,lu000,LONG,1.0645516531348613,4143.0,4246.0
2023-01-31,jd000,SHORT,-2.5672914273471052,4434.0,4440.0
2023-01-31,m000,SHORT,-3.2715327347733782,3926.0,3912.0
2023-01-31,pb000,SHORT,-4.245755870531176,15230.0,15240.0
2023-01-31,SR000,SHORT,-4.593802705100656,5865.0,5861.0
2023-01-31,rr000,SHORT,-4.760414400573382,3345.0,3338.0
2023-02-01,a000,LONG,3.172083777961924,5516.0,5524.0
2023-02-01,CF000,LONG,2.672109192464606,15160.0,15165.0
2023-02-01,au000,LONG,1.6443645050087448,422.04,421.98
2023-02-01,sn000,LONG,1.3141875906204552,236320.0,234630.0
2023-02-01,SR000,LONG,1.191976500625866,5912.0,5890.0
2023-02-01,cs000,SHORT,-1.0698193051028508,2895.0,2909.0
2023-02-01,c000,SHORT,-1.2861969722033353,2818.0,2833.0
2023-02-01,bc000,SHORT,-1.683627887947266,62680.0,62450.0
2023-02-01,zn000,SHORT,-1.9521462952808522,24370.0,24285.0
2023-02-01,cu000,SHORT,-2.248266665271051,69930.0,69710.0
2023-02-02,jd000,LONG,2.2995611558699007,4455.0,4458.0
2023-02-02,pp000,LONG,2.1660198661950134,8124.0,8126.0
2023-02-02,rr000,LONG,2.1490832640821593,3359.0,3349.0
2023-02-02,SR000,LONG,2.0464012225396573,5899.0,5904.0
2023-02-02,l000,LONG,1.951589838558045,8420.0,8417.0
2023-02-02,m000,SHORT,-1.7103472399271198,3874.0,3865.0
2023-02-02,RM000,SHORT,-1.8366308990049842,3220.0,3209.0
2023-02-02,zn000,SHORT,-1.9107835318238076,24040.0,24050.0
2023-02-02,hc000,SHORT,-2.1409228987857136,4123.0,4107.0
2023-02-02,cu000,SHORT,-2.772700295068959,68980.0,69030.0
2023-02-03,pb000,LONG,1.9080356420982676,15265.0,15295.0
2023-02-03,CY000,LONG,1.4059365400444204,22255.0,22330.0
2023-02-03,sn000,LONG,1.172093027521514,230130.0,230700.0
2023-02-03,zn000,LONG,0.9717970054828216,24230.0,24270.0
2023-02-03,m000,LONG,0.8307462983802824,3848.0,3877.0
2023-02-03,SR000,SHORT,-2.1359567386505947,5921.0,5917.0
2023-02-03,jd000,SHORT,-2.2381074870114,4453.0,4480.0
2023-02-03,a000,SHORT,-3.455422307630419,5589.0,5578.0
2023-02-03,rr000,SHORT,-3.82719849160468,3372.0,3374.0
2023-02-03,al000,SHORT,-4.430777222552889,19105.0,19135.0
2023-02-06,bc000,LONG,2.70142528781432,61070.0,61430.0
2023-02-06,CY000,LONG,1.6380173453008866,22235.0,22350.0
2023-02-06,ru000,LONG,1.041623080922883,12645.0,12725.0
2023-02-06,ni000,LONG,0.9976503773038479,216820.0,217310.0
2023-02-06,a000,LONG,0.8765637793696434,5542.0,5559.0
2023-02-06,pb000,SHORT,-2.178955746254935,15215.0,15240.0
2023-02-06,al000,SHORT,-3.2589539865793578,18980.0,19015.0
2023-02-06,c000,SHORT,-3.3444976284313515,2804.0,2832.0
2023-02-06,cu000,SHORT,-4.536609380046757,68390.0,68740.0
2023-02-06,rr000,SHORT,-4.5570711407342905,3356.0,3340.0
2023-02-07,pb000,LONG,2.991030437647038,15170.0,15175.0
2023-02-07,au000,LONG,2.3548868827145593,413.02,412.68
2023-02-07,hc000,LONG,2.269245045521718,4065.0,4054.0
2023-02-07,m000,LONG,2.1562707260705767,3861.0,3869.0
2023-02-07,RM000,LONG,1.5920692578757236,3188.0,3202.0
2023-02-07,a000,SHORT,-0.9468883505923897,5568.0,5565.0
2023-02-07,CF000,SHORT,-0.9706506763328671,14940.0,14925.0
2023-02-07,y000,SHORT,-1.2401505885322806,8656.0,8614.0
2023-02-07,bc000,SHORT,-1.320398303658654,60700.0,60410.0
2023-02-07,pp000,SHORT,-1.4543174848692741,7886.0,7873.0
2023-02-08,c000,LONG,2.788461314354471,2791.0,2792.0
2023-02-08,rr000,LONG,1.9429727476637668,3358.0,3358.0
2023-02-08,pp000,LONG,1.412683435075162,7871.0,7838.0
2023-02-08,CF000,LONG,1.1814272645232828,14805.0,14755.0
2023-02-08,nr000,LONG,0.782913678634709,9885.0,9875.0
2023-02-08,OI000,SHORT,-0.7683696630534383,9888.0,9897.0
2023-02-08,ag000,SHORT,-1.0151993390614196,5009.0,5010.0
2023-02-08,SR000,SHORT,-1.3090169907147655,5930.0,5913.0
2023-02-08,bc000,SHORT,-1.3097494540408874,60710.0,60660.0
2023-02-08,zn000,SHORT,-1.4333828224048057,23495.0,23375.0
2023-02-09,SR000,LONG,4.93349415352496,5931.0,5920.0
2023-02-09,rr000,LONG,1.7414376270580676,3356.0,3353.0
2023-02-09,pp000,LONG,1.1727116481208588,7892.0,7870.0
2023-02-09,SM000,LONG,1.0030760234318308,7568.0,7528.0
2023-02-09,hc000,LONG,0.9163492531560428,4138.0,4128.0
2023-02-09,ag000,SHORT,-0.6795153283383503,4985.0,4992.0
2023-02-09,pb000,SHORT,-0.8477463503950959,15215.0,15215.0
2023-02-09,sp000,SHORT,-1.0989560059047423,6748.0,6760.0
2023-02-09,bc000,SHORT,-1.1360900330667119,60760.0,60930.0
2023-02-09,cu000,SHORT,-1.1655294776672052,68100.0,68280.0
2023-02-10,RM000,LONG,1.5616773511653952,3161.0,3146.0
2023-02-10,sn000,LONG,1.2930206092298677,219600.0,220270.0
2023-02-10,eg000,LONG,1.2758602425130963,4129.0,4124.0
2023-02-10,CF000,LONG,1.0271358351248814,14595.0,14760.0
2023-02-10,au000,LONG,0.7453843103881326,412.32,412.46
2023-02-10,jd000,SHORT,-1.2654603693735562,4336.0,4363.0
2023-02-10,SR000,SHORT,-1.2838408059996453,5935.0,5942.0
2023-02-10,CJ000,SHORT,-1.2958093325199456,10300.0,10265.0
2023-02-10,c000,SHORT,-1.6042883837918336,2766.0,2772.0
2023-02-10,pb000,SHORT,-3.9564385273209095,15350.0,15295.0
2023-02-13,bc000,LONG,2.7660791506266524,60780.0,60750.0
2023-02-13,au000,LONG,1.7288265709871065,411.38,411.6
2023-02-13,cu000,LONG,1.5509175324411673,68120.0,68110.0
2023-02-13,CY000,LONG,0.9724210238985223,21465.0,21555.0
2023-02-13,ni000,LONG,0.8997480505947144,213640.0,213370.0
2023-02-13,l000,SHORT,-1.6891383237992794,8174.0,8170.0
2023-02-13,j000,SHORT,-1.7308119847644767,2693.0,2719.5
2023-02-13,ag000,SHORT,-1.9482806340936265,4943.0,4949.0
2023-02-13,jd000,SHORT,-2.061721438360267,4326.0,4323.0
2023-02-13,rr000,SHORT,-3.924030197870484,3389.0,3383.0
2023-02-14,rr000,LONG,4.246009343544902,3374.0,3375.0
2023-02-14,a000,LONG,2.266677789940197,5454.0,5477.0
2023-02-14,l000,LONG,1.5532468424863883,8179.0,8154.0
2023-02-14,m000,LONG,1.492671991728509,3873.0,3884.0
2023-02-14,pb000,LONG,1.2613085303595908,15270.0,15265.0
2023-02-14,au000,SHORT,-0.4418275621553933,411.06,411.5
2023-02-14,al000,SHORT,-0.5437921945406627,18515.0,18540.0
2023-02-14,c000,SHORT,-1.2168319224739736,2833.0,2831.0
2023-02-14,pp000,SHORT,-1.2316351307186468,7821.0,7807.0
2023-02-14,ag000,SHORT,-1.4834484482942243,4936.0,4940.0
2023-02-15,rr000,LONG,3.6426863252341675,3404.0,3404.0
2023-02-15,pb000,LONG,3.0881039478377774,15230.0,15235.0
2023-02-15,l000,LONG,2.7997780326905772,8160.0,8144.0
2023-02-15,hc000,LONG,2.768529992258802,4183.0,4165.0
2023-02-15,jd000,LONG,2.294241719223499,4300.0,4381.0
2023-02-15,SR000,SHORT,-0.6442768846024042,5953.0,5952.0
2023-02-15,nr000,SHORT,-0.9918934613577908,10005.0,9950.0
2023-02-15,RS000,SHORT,-2.0018405635396093,6020.0,6004.0
2023-02-15,ni000,SHORT,-2.3711105922097824,205120.0,206020.0
2023-02-15,bc000,SHORT,-4.7159570358375635,61400.0,61350.0
2023-02-16,c000,LONG,3.704910406085066,2854.0,2847.0
2023-02-16,hc000,LONG,2.3424068228314314,4185.0,4173.0
2023-02-16,a000,LONG,2.3065326581910854,5579.0,5584.0
2023-02-16,pb000,LONG,1.6803452079069263,15160.0,15160.0
2023-02-16,l000,LONG,1.623618914041627,8201.0,8178.0
2023-02-16,RM000,SHORT,-0.3601750337206279,3156.0,3152.0
2023-02-16,p000,SHORT,-0.43166119929883734,7904.0,7816.0
2023-02-16,sn000,SHORT,-0.6504766340646951,211760.0,211620.0
2023-02-16,au000,SHORT,-0.6786370685668398,410.36,410.62
2023-02-16,fu000,SHORT,-0.6934054374696631,2888.0,2841.0
2023-02-17,pb000,LONG,4.959037227276632,15100.0,15115.0
2023-02-17,rr000,LONG,2.9201992967845944,3374.0,3372.0
2023-02-17,c000,LONG,1.588555502262707,2858.0,2856.0
2023-02-17,zn000,LONG,1.3596547655996811,22825.0,22800.0
2023-02-17,sn000,LONG,1.1767962306697917,214710.0,214670.0
2023-02-17,wr000,SHORT,-0.3013576007875037,4778.0,4790.0
2023-02-17,SR000,SHORT,-0.36392579196944785,5916.0,5904.0
2023-02-17,jm000,SHORT,-0.4852363699293905,1886.5,1887.0
2023-02-17,ag000,SHORT,-0.529905430689922,4913.0,4912.0
2023-02-17,m000,SHORT,-1.1878771484146522,3824.0,3826.0
2023-02-20,m000,LONG,2.7628490397094274,3843.0,3806.0
2023-02-20,SA000,LONG,1.5739237832478565,2873.0,2881.0
2023-02-20,SR000,LONG,1.5014570826121345,5930.0,5915.0
2023-02-20,sn000,LONG,1.3431786439632996,206730.0,206480.0
2023-02-20,ni000,LONG,1.3409709113376533,202370.0,201600.0
2023-02-20,c000,SHORT,-0.862198021898822,2875.0,2867.0
2023-02-20,pp000,SHORT,-0.9269921712408811,7845.0,7840.0
2023-02-20,lu000,SHORT,-1.2685715792514045,4036.0,3948.0
2023-02-20,a000,SHORT,-1.9480019576128493,5588.0,5599.0
2023-02-20,pb000,SHORT,-2.3304133626593164,15150.0,15115.0
2023-02-21,SR000,LONG,5.8713241358321415,5929.0,5936.0
2023-02-21,y000,LONG,2.5823260759065727,8904.0,8956.0
2023-02-21,SM000,LONG,2.40196936482057,7584.0,7600.0
2023-02-21,CY000,LONG,2.3061787513504153,21465.0,21475.0
2023-02-21,CF000,LONG,1.6683024877296744,14420.0,14440.0
2023-02-21,m000,SHORT,-0.8472352775860018,3854.0,3866.0
2023-02-21,zn000,SHORT,-2.0770353757797735,23580.0,23590.0
2023-02-21,hc000,SHORT,-2.154051195373602,4301.0,4299.0
2023-02-21,bc000,SHORT,-2.5436094775802154,62400.0,62430.0
2023-02-21,pb000,SHORT,-3.2229994546823018,15375.0,15370.0
2023-02-22,a000,LONG,1.7996573958899174,5622.0,5614.0
2023-02-22,bc000,LONG,1.6855038374354758,63010.0,63010.0
2023-02-22,cu000,LONG,1.5370227345077911,70550.0,70550.0
2023-02-22,lu000,LONG,1.2246503002524898,3975.0,4034.0
2023-02-22,hc000,LONG,1.2162351715541313,4299.0,4300.0
2023-02-22,l000,SHORT,-0.7446052540674403,8377.0,8371.0
2023-02-22,pb000,SHORT,-0.8139613058031292,15405.0,15415.0
2023-02-22,y000,SHORT,-0.843763581242546,8908.0,8880.0
2023-02-22,m000,SHORT,-0.8825873562109707,3888.0,3853.0
2023-02-22,zn000,SHORT,-1.4650634180709683,23570.0,23615.0
2023-02-23,pb000,LONG,1.2987172090850336,15430.0,15430.0
2023-02-23,y000,LONG,1.2049956587747848,8912.0,8902.0
2023-02-23,jm000,LONG,1.081625010046822,2066.5,2070.0
2023-02-23,sc000,LONG,0.9930148401493487,540.9,542.5
2023-02-23,sn000,LONG,0.7631773728867319,217610.0,217050.0
2023-02-23,c000,SHORT,-0.7905128127717355,2874.0,2874.0
2023-02-23,bc000,SHORT,-1.0182349429680426,62680.0,62650.0
2023-02-23,rr000,SHORT,-1.0747215665795913,3359.0,3367.0
2023-02-23,cu000,SHORT,-1.2612007735975521,70250.0,70230.0
2023-02-23,hc000,SHORT,-1.5294807123380427,4325.0,4331.0
2023-02-24,CY000,LONG,2.2668428925581705,21390.0,21645.0
2023-02-24,pb000,LONG,2.2157913938546145,15315.0,15330.0
2023-02-24,zn000,LONG,1.7295587172041857,23425.0,23465.0
2023-02-24,m000,LONG,1.611626596489472,3836.0,3832.0
2023-02-24,c000,LONG,1.2585525036750667,2862.0,2871.0
2023-02-24,nr000,SHORT,-0.9569445763667459,10295.0,10275.0
2023-02-24,CJ000,SHORT,-1.0149229833967326,10575.0,10690.0
2023-02-24,hc000,SHORT,-1.4083678284613446,4299.0,4301.0
2023-02-24,FG000,SHORT,-1.5811754978789574,1538.0,1538.0
2023-02-24,ss000,SHORT,-1.7624509358746163,16790.0,16735.0
2023-02-27,rr000,LONG,7.096468024785247,3358.0,3353.0
2023-02-27,l000,LONG,4.371732965712593,8275.0,8278.0
2023-02-27,jd000,LONG,2.648879872759447,4430.0,4426.0
2023-02-27,sn000,LONG,1.2692540034775666,210500.0,210310.0
2023-02-27,j000,LONG,1.2175434587676757,2977.0,2930.5
2023-02-27,bc000,SHORT,-2.095754911434592,61040.0,60960.0
2023-02-27,zn000,SHORT,-2.2552253899964305,23110.0,23095.0
2023-02-27,a000,SHORT,-4.003609718056172,5614.0,5596.0
2023-02-27,m000,SHORT,-4.06259607322059,3834.0,3832.0
2023-02-27,cu000,SHORT,-4.239054916287321,68670.0,68600.0
2023-02-28,rr000,LONG,1.3520110400192882,3356.0,3358.0
2023-02-28,TA000,LONG,0.6207866795573602,5546.0,5528.0
2023-02-28,sc000,LONG,0.5448106150760489,543.1,545.2
2023-02-28,nr000,LONG,0.505980915213127,10185.0,10140.0
2023-02-28,sn000,LONG,0.47513001111254866,209920.0,209310.0
2023-02-28,l000,SHORT,-1.8438479166166826,8302.0,8302.0
2023-02-28,RM000,SHORT,-2.504705337135062,3126.0,3139.0
2023-02-28,pb000,SHORT,-3.0819409790708936,15365.0,15360.0
2023-02-28,CY000,SHORT,-3.439617752351868,21315.0,21320.0
2023-02-28,bc000,SHORT,-3.8878922497843407,61100.0,61050.0
2023-03-01,jd000,LONG,2.2356541474880935,4413.0,4408.0
2023-03-01,l000,LONG,1.7765888407787493,8345.0,8324.0
2023-03-01,rr000,LONG,1.3577991460347023,3367.0,3369.0
2023-03-01,c000,LONG,1.351108576440795,2848.0,2854.0
2023-03-01,fb000,LONG,1.094002981640148,1246.5,1248.5
2023-03-01,pb000,SHORT,-0.812847206614248,15335.0,15320.0
2023-03-01,zn000,SHORT,-1.0349521038525658,23185.0,23175.0
2023-03-01,cu000,SHORT,-1.1144696761758839,69820.0,69670.0
2023-03-01,bc000,SHORT,-1.1532199031244843,62390.0,62260.0
2023-03-01,CF000,SHORT,-1.7069547591233125,14380.0,14365.0
2023-03-02,pb000,LONG,5.539414429113373,15330.0,15330.0
2023-03-02,c000,LONG,4.7773113034377666,2846.0,2840.0
2023-03-02,a000,LONG,2.8568667803614143,5565.0,5576.0
2023-03-02,rr000,LONG,2.209015743590987,3381.0,3382.0
2023-03-02,zn000,LONG,1.9059917848678942,23620.0,23560.0
2023-03-02,PK000,SHORT,-0.5803444463825584,10976.0,11094.0
2023-03-02,ag000,SHORT,-0.5955464058001596,4917.0,4930.0
2023-03-02,jm000,SHORT,-0.6646616404567814,2035.0,2034.0
2023-03-02,SR000,SHORT,-0.9249036455857499,5979.0,5975.0
2023-03-02,al000,SHORT,-1.0493128476791953,18665.0,18670.0
2023-03-03,rr000,LONG,2.209897010954297,3342.0,3342.0
2023-03-03,l000,LONG,1.5650491087137934,8331.0,8330.0
2023-03-03,pb000,LONG,1.4464854642618774,15285.0,15280.0
2023-03-03,jd000,LONG,1.1890839348482838,4394.0,4412.0
2023-03-03,zn000,LONG,1.1836780689512818,23185.0,23185.0
2023-03-03,ss000,SHORT,-0.7956623119312431,16195.0,16185.0
2023-03-03,a000,SHORT,-0.9589351639068442,5505.0,5520.0
2023-03-03,nr000,SHORT,-1.010055192118766,10280.0,10240.0
2023-03-03,au000,SHORT,-1.1725351279023617,414.86,414.82
2023-03-03,ag000,SHORT,-1.2475326311129906,4901.0,4904.0
2023-03-06,CF000,LONG,1.953448908180189,14680.0,14705.0
2023-03-06,ss000,LONG,1.8018380239642933,16395.0,16390.0
2023-03-06,MA000,LONG,1.1039689390581706,2590.0,2601.0
2023-03-06,m000,LONG,1.0651240455901922,3783.0,3774.0
2023-03-06,zn000,LONG,0.7377305594372495,23510.0,23535.0
2023-03-06,jd000,SHORT,-2.8147774692562715,4368.0,4357.0
2023-03-06,l000,SHORT,-3.368929867341562,8329.0,8348.0
2023-03-06,SR000,SHORT,-4.113334772379669,6104.0,6083.0
2023-03-06,c000,SHORT,-4.127285655287668,2842.0,2852.0
2023-03-06,rr000,SHORT,-6.250902981374483,3339.0,3339.0
2023-03-07,rr000,LONG,2.2203296416282634,3362.0,3351.0
2023-03-07,cu000,LONG,1.9031298658807918,69670.0,69610.0
2023-03-07,bc000,LONG,1.7786010243763881,62210.0,62140.0
2023-03-07,a000,LONG,1.6333885552420575,5491.0,5494.0
2023-03-07,eg000,LONG,1.5256467075185853,4293.0,4271.0
2023-03-07,au000,SHORT,-0.4374734876413948,418.6,418.66
2023-03-07,ss000,SHORT,-0.5138080850381567,16300.0,16285.0
2023-03-07,zn000,SHORT,-0.9324453955081647,23445.0,23420.0
2023-03-07,hc000,SHORT,-1.2198742692038524,4325.0,4322.0
2023-03-07,pb000,SHORT,-1.5609118481204476,15270.0,15270.0
2023-03-08,bc000,LONG,3.1022859525633537,61240.0,61300.0
2023-03-08,cu000,LONG,2.2166790623489327,68730.0,68790.0
2023-03-08,ni000,LONG,1.770999807747999,187950.0,186630.0
2023-03-08,rr000,LONG,1.6569556566239927,3383.0,3388.0
2023-03-08,nr000,LONG,1.410835517820309,10100.0,10100.0
2023-03-08,jd000,SHORT,-0.541818026487746,4401.0,4408.0
2023-03-08,a000,SHORT,-0.7688911731032383,5439.0,5440.0
2023-03-08,CY000,SHORT,-1.001815333245827,21810.0,21890.0
2023-03-08,au000,SHORT,-1.4250401679969213,415.2,415.16
2023-03-08,RM000,SHORT,-1.9486231138749202,3073.0,3061.0
2023-03-09,ag000,LONG,3.2631075174186113,4799.0,4799.0
2023-03-09,bc000,LONG,2.191738476942461,62090.0,62020.0
2023-03-09,ni000,LONG,1.0891209691211468,187740.0,188160.0
2023-03-09,fu000,LONG,0.7746213812299652,3009.0,3012.0
2023-03-09,zn000,LONG,0.7596140904441772,23325.0,23315.0
2023-03-09,SM000,SHORT,-1.0878556562143207,7362.0,7408.0
2023-03-09,y000,SHORT,-1.1000376063177155,8774.0,8750.0
2023-03-09,sn000,SHORT,-1.1363623313400892,195240.0,195170.0
2023-03-09,pb000,SHORT,-1.2856401272851885,15180.0,15185.0
2023-03-09,a000,SHORT,-2.0700576392641987,5545.0,5502.0
2023-03-10,pp000,LONG,0.843546595179668,7753.0,7782.0
2023-03-10,TA000,LONG,0.7729963003932605,5790.0,5832.0
2023-03-10,SR000,LONG,0.7556683594173198,6329.0,6298.0
2023-03-10,m000,LONG,0.7332896062730792,3816.0,3816.0
2023-03-10,jd000,LONG,0.5573898283788138,4367.0,4387.0
2023-03-10,al000,SHORT,-1.4488203063490677,18505.0,18505.0
2023-03-10,pb000,SHORT,-1.7655136474981907,15175.0,15175.0
2023-03-10,ss000,SHORT,-1.8742802159526437,15845.0,15850.0
2023-03-10,sc000,SHORT,-2.093524463581578,563.0,562.2
2023-03-10,a000,SHORT,-2.5225914225743553,5591.0,5592.0
2023-03-13,SR000,LONG,1.5943090576657994,6302.0,6304.0
2023-03-13,MA000,LONG,1.4521139364445077,2557.0,2547.0
2023-03-13,SM000,LONG,0.8182892720621632,7392.0,7340.0
2023-03-13,rr000,LONG,0.8090532987756027,3340.0,3341.0
2023-03-13,OI000,LONG,0.47491237254569285,9179.0,9224.0
2023-03-13,al000,SHORT,-2.201327228479975,18245.0,18250.0
2023-03-13,c000,SHORT,-2.2814258335389512,2836.0,2843.0
2023-03-13,m000,SHORT,-2.377820912345039,3796.0,3792.0
2023-03-13,CF000,SHORT,-2.955434930684556,14220.0,14325.0
2023-03-13,pb000,SHORT,-4.003136718849741,15150.0,15155.0
2023-03-14,pb000,LONG,2.5620559692214413,15205.0,15220.0
2023-03-14,SR000,LONG,2.4496163842882424,6274.0,6296.0
2023-03-14,zn000,LONG,1.5390652692563258,22960.0,22950.0
2023-03-14,CY000,LONG,1.5119551968903793,21180.0,21150.0
2023-03-14,sn000,LONG,1.1748931965441476,187050.0,187850.0
2023-03-14,sp000,SHORT,-0.8011223974855344,6134.0,6152.0
2023-03-14,ss000,SHORT,-0.8277746814870628,15805.0,15825.0
2023-03-14,au000,SHORT,-0.9558918681921932,423.88,423.66
2023-03-14,jd000,SHORT,-1.1020591595517273,4443.0,4441.0
2023-03-14,pp000,SHORT,-2.1012723961138353,7693.0,7721.0
2023-03-15,cu000,LONG,4.051768946891014,68680.0,68690.0
2023-03-15,pb000,LONG,3.030010826855775,15240.0,15235.0
2023-03-15,fb000,LONG,2.3660728747906137,1229.5,1231.0
2023-03-15,CF000,LONG,2.3220010225928682,14320.0,14330.0
2023-03-15,ss000,LONG,1.8017445470908728,16090.0,16045.0
2023-03-15,SM000,SHORT,-0.2110484274717416,7346.0,7320.0
2023-03-15,y000,SHORT,-0.2110642692627533,8422.0,8418.0
2023-03-15,CJ000,SHORT,-0.23800120952048695,9885.0,9885.0
2023-03-15,bc000,SHORT,-0.45161645524129124,61010.0,61010.0
2023-03-15,SR000,SHORT,-0.47589325237664476,6259.0,6263.0
2023-03-16,pb000,LONG,0.774925827813727,15245.0,15250.0
2023-03-16,b000,LONG,0.6380575096852267,4383.0,4355.0
2023-03-16,bc000,LONG,0.48668161364123264,59260.0,59370.0
2023-03-16,al000,LONG,0.4437032136708487,18065.0,18115.0
2023-03-16,jm000,LONG,0.3039435102762939,1874.5,1896.5
2023-03-16,SR000,SHORT,-3.222271602388847,6111.0,6120.0
2023-03-16,hc000,SHORT,-3.3196662439831837,4362.0,4383.0
2023-03-16,sn000,SHORT,-3.4257061646232687,181120.0,183590.0
2023-03-16,rr000,SHORT,-4.627658907432854,3358.0,3359.0
2023-03-16,y000,SHORT,-4.817971941788699,8286.0,8226.0
2023-03-17,a000,LONG,5.906181375176184,5472.0,5459.0
2023-03-17,SR000,LONG,3.263693526947789,6145.0,6130.0
2023-03-17,sn000,LONG,3.0914044014667734,179830.0,179660.0
2023-03-17,pb000,LONG,3.0433457315090946,15260.0,15270.0
2023-03-17,PF000,LONG,1.7559577295406372,7014.0,6966.0
2023-03-17,v000,SHORT,-0.6165650096095379,6165.0,6151.0
2023-03-17,CF000,SHORT,-0.8533694078782882,13930.0,13830.0
2023-03-17,l000,SHORT,-0.8592505675353408,8043.0,7986.0
2023-03-17,ss000,SHORT,-1.2288669982614409,15735.0,15790.0
2023-03-17,SA000,SHORT,-1.3542409224061045,2826.0,2824.0
2023-03-20,pb000,LONG,4.686544969501474,15395.0,15380.0
2023-03-20,fb000,LONG,3.5380687192274687,1222.5,1214.5
2023-03-20,ss000,LONG,3.1609574655850907,15845.0,15830.0
2023-03-20,CF000,LONG,3.0303940712344004,14195.0,13885.0
2023-03-20,PK000,LONG,2.9105516472243025,10480.0,10298.0
2023-03-20,i000,SHORT,-0.36833434927522535,908.5,911.5
2023-03-20,al000,SHORT,-0.3727706339719445,18155.0,18145.0
2023-03-20,j000,SHORT,-0.38343309181244517,2791.5,2770.5
2023-03-20,a000,SHORT,-1.2188014023990483,5475.0,5481.0
2023-03-20,rr000,SHORT,-1.6432800005185617,3380.0,3363.0
2023-03-21,rr000,LONG,2.4213846983890637,3371.0,3372.0
2023-03-21,pb000,LONG,1.5941652658638237,15365.0,15350.0
2023-03-21,CF000,LONG,1.1154623908488523,14010.0,14050.0
2023-03-21,j000,LONG,0.9793545825895856,2749.5,2737.5
2023-03-21,RM000,LONG,0.8390101899623776,2910.0,2917.0
2023-03-21,m000,SHORT,-0.9623347514817469,3641.0,3636.0
2023-03-21,c000,SHORT,-1.3458319480148817,2804.0,2822.0
2023-03-21,cs000,SHORT,-1.49725689750083,3044.0,3068.0
2023-03-21,ag000,SHORT,-2.4342174183761105,5131.0,5126.0
2023-03-21,cu000,SHORT,-3.9451518823306966,67490.0,67380.0
2023-03-22,ss000,LONG,2.217080242534624,15875.0,15890.0
2023-03-22,CY000,LONG,1.4549202185808237,20770.0,20810.0
2023-03-22,CF000,LONG,1.0291241722661444,13990.0,14020.0
2023-03-22,nr000,LONG,0.6238298962078969,9500.0,9470.0
2023-03-22,pp000,LONG,0.5552205658379238,7547.0,7554.0
2023-03-22,ni000,SHORT,-2.359810670659812,174050.0,173430.0
2023-03-22,bc000,SHORT,-3.0971605644974294,60430.0,60400.0
2023-03-22,SR000,SHORT,-3.361394664655671,6176.0,6174.0
2023-03-22,cu000,SHORT,-5.367759630392982,68000.0,67950.0
2023-03-22,pb000,SHORT,-8.422493491125884,15335.0,15335.0
2023-03-23,y000,LONG,2.6305752054952,7894.0,7932.0
2023-03-23,l000,LONG,2.400486484125959,8071.0,8065.0
2023-03-23,a000,LONG,1.4567381775516741,5459.0,5468.0
2023-03-23,jd000,LONG,1.3988324382873167,4326.0,4270.0
2023-03-23,ss000,LONG,1.2837233603272693,15345.0,15345.0
2023-03-23,fb000,SHORT,-0.5794939774702095,1226.5,1215.5
2023-03-23,RS000,SHORT,-0.8308279506511508,5669.0,5667.0
2023-03-23,ni000,SHORT,-0.9962518579243204,175800.0,175870.0
2023-03-23,bc000,SHORT,-1.3951484682300495,61070.0,61060.0
2023-03-23,cu000,SHORT,-1.477746883177136,68660.0,68620.0
2023-03-24,al000,LONG,1.1431874616989963,18360.0,18370.0
2023-03-24,CF000,LONG,0.806768786638164,13850.0,13955.0
2023-03-24,eg000,LONG,0.781061977263936,4010.0,4027.0
2023-03-24,b000,LONG,0.7424702280451159,3958.0,4010.0
2023-03-24,ru000,LONG,0.6961897752492218,11670.0,11680.0
2023-03-24,c000,SHORT,-3.286292931200217,2735.0,2760.0
2023-03-24,hc000,SHORT,-3.5971477066217403,4194.0,4220.0
2023-03-24,rr000,SHORT,-4.166266491506917,3373.0,3364.0
2023-03-24,zn000,SHORT,-5.002191742745383,22440.0,22415.0
2023-03-24,pb000,SHORT,-7.897577906380506,15365.0,15370.0
2023-03-27,rr000,LONG,3.954979950644299,3381.0,3375.0
2023-03-27,sc000,LONG,3.3504449276526604,499.9,503.4
2023-03-27,j000,LONG,2.015493168019497,2742.0,2730.0
2023-03-27,sn000,LONG,2.013376947433455,200470.0,200250.0
2023-03-27,p000,LONG,1.737234606652799,7298.0,7298.0
2023-03-27,zn000,SHORT,-2.676595613568964,22510.0,22525.0
2023-03-27,cu000,SHORT,-3.025452294896659,69000.0,69070.0
2023-03-27,a000,SHORT,-3.7427389149845083,5413.0,5419.0
2023-03-27,bc000,SHORT,-4.136550984419291,61290.0,61370.0
2023-03-27,CF000,SHORT,-4.384784986730307,13865.0,13875.0
2023-03-28,pb000,LONG,5.12822490771378,15440.0,15435.0
2023-03-28,rr000,LONG,3.578540906599404,3380.0,3380.0
2023-03-28,zn000,LONG,3.0575782561962295,22670.0,22645.0
2023-03-28,l000,LONG,2.5945816573117293,8118.0,8093.0
2023-03-28,bc000,LONG,2.0022135261561878,61610.0,61480.0
2023-03-28,al000,SHORT,-0.10822394866397667,18580.0,18565.0
2023-03-28,CJ000,SHORT,-0.1546431773699986,9645.0,9610.0
2023-03-28,jm000,SHORT,-0.34290512608138896,1827.5,1805.0
2023-03-28,ag000,SHORT,-0.44527638559759514,5186.0,5186.0
2023-03-28,m000,SHORT,-0.9351286907752562,3515.0,3494.0
2023-03-29,sn000,LONG,2.9986916313536534,206430.0,206550.0
2023-03-29,ss000,LONG,0.555172145962058,15360.0,15380.0
2023-03-29,al000,LONG,0.5144339089783299,18715.0,18720.0
2023-03-29,c000,LONG,0.5116287166531746,2738.0,2749.0
2023-03-29,FG000,LONG,0.41669321351359023,1667.0,1677.0
2023-03-29,cu000,SHORT,-1.8237825199898627,69510.0,69520.0
2023-03-29,bc000,SHORT,-2.066723222734822,61650.0,61680.0
2023-03-29,pb000,SHORT,-2.2415554969415443,15290.0,15305.0
2023-03-29,rr000,SHORT,-2.626501738181092,3380.0,3378.0
2023-03-29,SR000,SHORT,-5.384249059595434,6264.0,6244.0
2023-03-30,m000,LONG,1.231952513076022,3551.0,3547.0
2023-03-30,hc000,LONG,1.056723363494091,4260.0,4278.0
2023-03-30,CF000,LONG,0.8966768433419661,14280.0,14360.0
2023-03-30,fu000,LONG,0.4721849659164801,2729.0,2732.0
2023-03-30,al000,LONG,0.42602567718514467,18735.0,18735.0
2023-03-30,zn000,SHORT,-1.5366087510805435,22820.0,22835.0
2023-03-30,pb000,SHORT,-1.583361697243412,15310.0,15320.0
2023-03-30,l000,SHORT,-1.7751876004752318,8065.0,8087.0
2023-03-30,cu000,SHORT,-2.1800600307618696,69560.0,69560.0
2023-03-30,rr000,SHORT,-3.5431812471148922,3372.0,3373.0
2023-03-31,l000,LONG,4.628619912059239,8182.0,8170.0
2023-03-31,jd000,LONG,4.607749385879428,4323.0,4336.0
2023-03-31,rr000,LONG,4.466430291480881,3371.0,3370.0
2023-03-31,a000,LONG,2.09583654450752,5395.0,5378.0
2023-03-31,sc000,LONG,2.0746118041128296,528.4,527.8
2023-03-31,cs000,SHORT,-0.2238060444846976,2935.0,2932.0
2023-03-31,fu000,SHORT,-0.3341885439273734,2774.0,2759.0
2023-03-31,pb000,SHORT,-0.38700778823028836,15305.0,15305.0
2023-03-31,PF000,SHORT,-0.4312199757682782,7596.0,7564.0
2023-03-31,nr000,SHORT,-0.5405593750812938,9655.0,9580.0
2023-04-03,pp000,LONG,7.5463500450296195,7785.0,7687.0
2023-04-03,bc000,LONG,7.481067103058178,61740.0,61650.0
2023-04-03,c000,LONG,6.335944664828895,2731.0,2724.0
2023-04-03,zn000,LONG,4.650902673182587,22715.0,22675.0
2023-04-03,pb000,LONG,4.220248986770276,15235.0,15225.0
2023-04-03,jd000,SHORT,-1.9230592574613794,4328.0,4324.0
2023-04-03,a000,SHORT,-1.9473275886420987,5380.0,5386.0
2023-04-03,l000,SHORT,-2.7279940393521986,8272.0,8199.0
2023-04-03,y000,SHORT,-4.142808300795263,8362.0,8192.0
2023-04-03,rr000,SHORT,-8.82449579701522,3392.0,3394.0
2023-04-04,pb000,LONG,2.2327877155589633,15225.0,15220.0
2023-04-04,CY000,LONG,1.1090188479741026,21660.0,21725.0
2023-04-04,UR000,LONG,0.9406416296673299,2370.0,2404.0
2023-04-04,zn000,LONG,0.5112756644373524,22545.0,22575.0
2023-04-04,ni000,LONG,0.34147402374780167,178390.0,179440.0
2023-04-04,ss000,SHORT,-1.8403965440052876,14735.0,14745.0
2023-04-04,sn000,SHORT,-1.904016982824335,205740.0,206070.0
2023-04-04,j000,SHORT,-2.0837675698838587,2588.0,2603.5
2023-04-04,a000,SHORT,-2.4389745724939833,5356.0,5358.0
2023-04-04,rr000,SHORT,-7.039778113252533,3388.0,3393.0
2023-04-06,ss000,LONG,5.486635994938696,14560.0,14430.0
2023-04-06,MA000,LONG,3.324595859999755,2451.0,2416.0
2023-04-06,sc000,LONG,3.182773588919216,580.5,584.2
2023-04-06,rr000,LONG,2.8001172863660115,3393.0,3400.0
2023-04-06,au000,LONG,2.344874981420673,447.02,447.18
2023-04-06,y000,SHORT,-1.0875151545448727,8324.0,8306.0
2023-04-06,OI000,SHORT,-1.5374871129058814,8669.0,8765.0
2023-04-06,sn000,SHORT,-1.6907127042048251,201180.0,194860.0
2023-04-06,SR000,SHORT,-3.42328985284642,6490.0,6546.0
2023-04-06,a000,SHORT,-5.837020564294321,5363.0,5299.0
2023-04-07,al000,LONG,1.9967188857528697,18600.0,18605.0
2023-04-07,a000,LONG,1.8910702941634552,5125.0,5151.0
2023-04-07,cu000,LONG,1.7885404048348428,68480.0,68370.0
2023-04-07,m000,LONG,1.6432041765750915,3546.0,3557.0
2023-04-07,PF000,LONG,1.6429815070546008,7478.0,7480.0
2023-04-07,ni000,SHORT,-0.6585638458130533,175820.0,175890.0
2023-04-07,pp000,SHORT,-0.8754785396967305,7555.0,7576.0
2023-04-07,bc000,SHORT,-1.2728628473583812,60740.0,60620.0
2023-04-07,ag000,SHORT,-1.974982235977116,5570.0,5545.0
2023-04-07,ss000,SHORT,-2.247768651995523,14640.0,14645.0
2023-04-10,a000,LONG,8.3574986954752,5140.0,5172.0
2023-04-10,cu000,LONG,2.247956131992458,68880.0,68870.0
2023-04-10,cs000,LONG,1.1035007301113793,3029.0,3015.0
2023-04-10,CF000,LONG,0.934997030384551,14775.0,14865.0
2023-04-10,jm000,LONG,0.7470991625537581,1703.0,1741.0
2023-04-10,pb000,SHORT,-3.8745665328687946,15295.0,15295.0
2023-04-10,sn000,SHORT,-4.473112198497244,195300.0,195210.0
2023-04-10,jd000,SHORT,-4.767393477623355,4330.0,4310.0
2023-04-10,l000,SHORT,-4.960104411913135,8111.0,8142.0
2023-04-10,rr000,SHORT,-8.997310889427702,3394.0,3399.0
2023-04-11,cu000,LONG,2.903662665134814,68450.0,68420.0
2023-04-11,pb000,LONG,2.565330605049259,15290.0,15285.0
2023-04-11,a000,LONG,2.078676358042904,5072.0,5113.0
2023-04-11,pp000,LONG,1.2131589748583491,7550.0,7557.0
2023-04-11,CF000,LONG,1.1313105475003684,14680.0,14725.0
2023-04-11,SR000,SHORT,-1.1951591205138379,6660.0,6700.0
2023-04-11,CY000,SHORT,-1.5819214036538638,21650.0,21725.0
2023-04-11,rr000,SHORT,-1.8247816784780317,3370.0,3369.0
2023-04-11,MA000,SHORT,-2.8580551744050595,2391.0,2388.0
2023-04-11,ag000,SHORT,-2.9996196065199485,5523.0,5525.0
2023-04-12,SR000,LONG,2.5122527359786977,6753.0,6709.0
2023-04-12,ss000,LONG,2.4282428765047213,15235.0,15200.0
2023-04-12,rr000,LONG,2.2401812873174616,3383.0,3382.0
2023-04-12,sn000,LONG,1.844391411045184,190740.0,190740.0
2023-04-12,pp000,LONG,1.6641727039694838,7588.0,7557.0
2023-04-12,CY000,SHORT,-0.9753905400452642,21800.0,21755.0
2023-04-12,ni000,SHORT,-1.1355367830741097,182280.0,182220.0
2023-04-12,bc000,SHORT,-1.3784791473985876,61010.0,60970.0
2023-04-12,RS000,SHORT,-1.4617364548369252,5777.0,5783.0
2023-04-12,a000,SHORT,-1.5880045996562002,5072.0,5069.0
2023-04-13,bc000,LONG,2.818183977047455,61490.0,61300.0
2023-04-13,CY000,LONG,1.2275032644269235,21840.0,21790.0
2023-04-13,l000,LONG,1.0461625774107037,8184.0,8171.0
2023-04-13,SR000,LONG,1.0308402833215518,6701.0,6688.0
2023-04-13,ni000,LONG,0.9638085447388702,182600.0,182530.0
2023-04-13,cu000,SHORT,-0.9658998899984761,69320.0,69130.0
2023-04-13,j000,SHORT,-1.1782120062596193,2349.5,2345.0
2023-04-13,rr000,SHORT,-1.4458144587212962,3409.0,3400.0
2023-04-13,y000,SHORT,-1.684289786393765,8152.0,8134.0
2023-04-13,pb000,SHORT,-4.520944945148805,15315.0,15310.0
2023-04-14,pb000,LONG,2.7479586660129303,15295.0,15305.0
2023-04-14,y000,LONG,2.737362291459828,8228.0,8260.0
2023-04-14,CF000,LONG,2.707239904528267,14985.0,14965.0
2023-04-14,CY000,LONG,2.5834627550041134,21885.0,21885.0
2023-04-14,l000,LONG,2.2644293705268224,8140.0,8117.0
2023-04-14,si000,SHORT,-0.3023783258442335,15175.0,15085.0
2023-04-14,sp000,SHORT,-0.4395159385167183,5440.0,5424.0
2023-04-14,lu000,SHORT,-0.5188700404247627,4150.0,4184.0
2023-04-14,TA000,SHORT,-0.5944376614004362,5986.0,5982.0
2023-04-14,SR000,SHORT,-3.489540620906566,6694.0,6768.0
2023-04-17,pb000,LONG,3.175872320232658,15400.0,15395.0
2023-04-17,sn000,LONG,3.0795116122738753,200430.0,200260.0
2023-04-17,a000,LONG,2.929037241547853,5093.0,5070.0
2023-04-17,bc000,LONG,2.8342670767612668,62140.0,62140.0
2023-04-17,MA000,LONG,2.821452939805051,2429.0,2410.0
2023-04-17,cu000,SHORT,-1.1363904567750325,69840.0,69860.0
2023-04-17,SM000,SHORT,-1.564132494343211,6960.0,6942.0
2023-04-17,l000,SHORT,-2.1153796401958647,8125.0,8120.0
2023-04-17,jd000,SHORT,-2.148327020032939,4327.0,4389.0
2023-04-17,SR000,SHORT,-2.3960656641059943,6715.0,6671.0
2023-04-18,a000,LONG,3.0417976444830934,5059.0,5060.0
2023-04-18,SR000,LONG,2.925542248381088,6790.0,6830.0
2023-04-18,rr000,LONG,2.5558136419725144,3442.0,3439.0
2023-04-18,pb000,LONG,2.4205815185674613,15295.0,15295.0
2023-04-18,l000,LONG,2.310663221781578,8175.0,8157.0
2023-04-18,sp000,SHORT,-0.1996550959417652,5428.0,5420.0
2023-04-18,CJ000,SHORT,-0.30054676914381767,10215.0,10200.0
2023-04-18,jm000,SHORT,-0.33253747154333435,1602.0,1587.0
2023-04-18,al000,SHORT,-0.4439477654907534,18750.0,18745.0
2023-04-18,TA000,SHORT,-0.7046147234896422,5926.0,5942.0
2023-04-19,ss000,LONG,2.666175579071055,15380.0,15365.0
2023-04-19,pp000,LONG,2.6287110612646507,7635.0,7617.0
2023-04-19,cu000,LONG,2.593507978104705,69860.0,69880.0
2023-04-19,l000,LONG,2.076657332321123,8226.0,8204.0
2023-04-19,y000,LONG,1.9489426492197324,8014.0,8006.0
2023-04-19,bc000,SHORT,-0.7131195906943382,62000.0,62000.0
2023-04-19,au000,SHORT,-0.745443466904581,445.9,446.5
2023-04-19,a000,SHORT,-0.7715108539020122,5082.0,5076.0
2023-04-19,sn000,SHORT,-0.826353694317703,223800.0,223370.0
2023-04-19,FG000,SHORT,-0.8890288564417571,1797.0,1792.0
2023-04-20,SA000,LONG,3.516482173909317,2234.0,2247.0
2023-04-20,sc000,LONG,0.6802049567781296,572.1,573.5
2023-04-20,al000,LONG,0.5612657582619233,19095.0,19120.0
2023-04-20,CF000,LONG,0.4557290461147578,15115.0,15170.0
2023-04-20,CY000,LONG,0.45314465167404844,22075.0,22080.0
2023-04-20,SM000,SHORT,-2.167974447516431,7128.0,7134.0
2023-04-20,bc000,SHORT,-2.512695891482744,61740.0,61740.0
2023-04-20,ag000,SHORT,-2.918510553727162,5655.0,5651.0
2023-04-20,cu000,SHORT,-3.050789284335411,69590.0,69620.0
2023-04-20,a000,SHORT,-4.034440637518427,4990.0,5027.0
2023-04-21,pb000,LONG,2.732820761554508,15370.0,15360.0
2023-04-21,bc000,LONG,2.6485769863929596,60970.0,61070.0
2023-04-21,zn000,LONG,2.02380632290344,22040.0,22015.0
2023-04-21,cu000,LONG,1.9480305482393674,68830.0,68900.0
2023-04-21,l000,LONG,1.7174300369840123,8210.0,8203.0
2023-04-21,RM000,SHORT,-1.8352867360030727,2833.0,2818.0
2023-04-21,rr000,SHORT,-2.0500292723226377,3432.0,3434.0
2023-04-21,MA000,SHORT,-2.7294261427260493,2461.0,2453.0
2023-04-21,a000,SHORT,-4.779209816458372,4890.0,4895.0
2023-04-21,SR000,SHORT,-8.280481190205146,6927.0,6844.0
2023-04-24,pb000,LONG,6.631602100498099,15310.0,15310.0
2023-04-24,CF000,LONG,3.3605749708968857,14870.0,14785.0
2023-04-24,au000,LONG,2.590737912947042,440.4,440.36
2023-04-24,zn000,LONG,2.0611021208199864,21820.0,21825.0
2023-04-24,bc000,LONG,1.6201376362782116,60610.0,60720.0
2023-04-24,OI000,SHORT,-2.2441940361617028,8310.0,8313.0
2023-04-24,cu000,SHORT,-2.3918415619929365,68320.0,68360.0
2023-04-24,jd000,SHORT,-2.5845978772517544,4283.0,4262.0
2023-04-24,a000,SHORT,-4.916301229989186,4930.0,4925.0
2023-04-24,y000,SHORT,-5.622826417231505,7544.0,7564.0
2023-04-25,sn000,LONG,3.601639168981012,213950.0,213780.0
2023-04-25,y000,LONG,3.508094321694012,7552.0,7600.0
2023-04-25,c000,LONG,3.3421921448867797,2660.0,2666.0
2023-04-25,l000,LONG,2.3064688530188415,8227.0,8207.0
2023-04-25,pb000,LONG,2.1801690190902705,15295.0,15295.0
2023-04-25,jm000,SHORT,-0.5908028874908319,1501.0,1485.5
2023-04-25,CJ000,SHORT,-0.8563992988059353,10275.0,10300.0
2023-04-25,cu000,SHORT,-1.5310887920716645,68140.0,68160.0
2023-04-25,bc000,SHORT,-1.7471162473809818,60410.0,60470.0
2023-04-25,lu000,SHORT,-2.1544809960235014,4018.0,3986.0
2023-04-26,pb000,LONG,6.889643439579221,15260.0,15260.0
2023-04-26,rr000,LONG,5.1937161144137605,3426.0,3427.0
2023-04-26,bc000,LONG,4.4931820343301085,59190.0,59170.0
2023-04-26,l000,LONG,3.7195944498018236,8204.0,8174.0
2023-04-26,zn000,LONG,3.563229986024319,20920.0,20920.0
2023-04-26,sn000,SHORT,-0.511268523199743,205400.0,205730.0
2023-04-26,SA000,SHORT,-0.8128856695077993,2154.0,2137.0
2023-04-26,fu000,SHORT,-0.825181858958779,3062.0,3053.0
2023-04-26,c000,SHORT,-0.997475441437663,2676.0,2675.0
2023-04-26,lu000,SHORT,-1.0296496590564719,3924.0,3907.0
2023-04-27,sn000,LONG,2.0169215586863656,208860.0,209110.0
2023-04-27,MA000,LONG,1.1169953765509533,2400.0,2398.0
2023-04-27,OI000,LONG,0.9789162932111356,8106.0,8153.0
2023-04-27,lu000,LONG,0.9575441339980973,3792.0,3889.0
2023-04-27,CY000,LONG,0.6919521654551978,22430.0,22465.0
2023-04-27,al000,SHORT,-1.485954913482968,18640.0,18640.0
2023-04-27,hc000,SHORT,-2.397107586035495,3786.0,3799.0
2023-04-27,c000,SHORT,-3.596228154937157,2675.0,2682.0
2023-04-27,zn000,SHORT,-3.803173374888879,21350.0,21370.0
2023-04-27,pb000,SHORT,-9.300821376625201,15280.0,15280.0
2023-04-28,bc000,LONG,3.6875968899802185,59270.0,59390.0
2023-04-28,a000,LONG,3.151845481360308,4777.0,4803.0
2023-04-28,SR000,LONG,2.30273307685422,6955.0,6937.0
2023-04-28,jd000,LONG,1.8210638445575154,4197.0,4187.0
2023-04-28,rr000,LONG,1.5308947055571507,3430.0,3432.0
2023-04-28,cu000,SHORT,-0.6532667683734333,66900.0,67010.0
2023-04-28,nr000,SHORT,-0.743596304201263,9590.0,9615.0
2023-04-28,c000,SHORT,-1.255609987168293,2635.0,2642.0
2023-04-28,pp000,SHORT,-1.9155486394415007,7427.0,7433.0
2023-04-28,ag000,SHORT,-2.1230555615851565,5589.0,5589.0
2023-05-04,au000,LONG,3.992588827847969,457.92,455.26
2023-05-04,fb000,LONG,3.7101160985172963,1269.0,1278.5
2023-05-04,CF000,LONG,3.572869828674258,15590.0,15715.0
2023-05-04,a000,LONG,2.7167294011019654,4818.0,4803.0
2023-05-04,sc000,LONG,2.6661717510349954,494.3,496.9
2023-05-04,zn000,SHORT,-4.296600352522283,21345.0,21100.0
2023-05-04,sp000,SHORT,-4.500650029971761,5040.0,5100.0
2023-05-04,bc000,SHORT,-5.368913639416901,59400.0,59240.0
2023-05-04,l000,SHORT,-9.145091039326319,7952.0,7949.0
2023-05-04,pb000,SHORT,-12.472631152431157,15380.0,15370.0
2023-05-05,pb000,LONG,5.815057295479459,15315.0,15315.0
2023-05-05,zn000,LONG,2.030523656599839,21085.0,21080.0
2023-05-05,bc000,LONG,1.79710492120259,58750.0,58660.0
2023-05-05,PF000,LONG,1.5678183404653103,7210.0,7184.0
2023-05-05,RM000,LONG,1.555684218224792,2918.0,2886.0
2023-05-05,hc000,SHORT,-2.1315613537682734,3609.0,3601.0
2023-05-05,pp000,SHORT,-2.356689437886164,7252.0,7277.0
2023-05-05,MA000,SHORT,-3.0297278198066455,2281.0,2289.0
2023-05-05,a000,SHORT,-3.241701429702587,4771.0,4777.0
2023-05-05,SR000,SHORT,-6.319960342699079,6889.0,6864.0
2023-05-08,ag000,LONG,7.677080561455416,5763.0,5766.0
2023-05-08,a000,LONG,1.7652075309460917,5025.0,4908.0
2023-05-08,CY000,LONG,1.22374777494719,22995.0,23125.0
2023-05-08,SM000,LONG,0.7184644945269352,7058.0,7074.0
2023-05-08,eg000,LONG,0.5792490419909397,4283.0,4279.0
2023-05-08,zn000,SHORT,-4.630244403558801,21505.0,21505.0
2023-05-08,MA000,SHORT,-5.344131046472933,2293.0,2300.0
2023-05-08,l000,SHORT,-5.8445128796821155,7918.0,7939.0
2023-05-08,jd000,SHORT,-6.218550093417546,4118.0,4152.0
2023-05-08,pb000,SHORT,-6.817947270479998,15310.0,15310.0
2023-05-09,ag000,LONG,1.721666312893522,5760.0,5759.0
2023-05-09,CF000,LONG,0.9218687733235322,15810.0,15815.0
2023-05-09,a000,LONG,0.8174955283047103,5057.0,5035.0
2023-05-09,RS000,LONG,0.3764112965318903,5463.0,5493.0
2023-05-09,ni000,LONG,0.28411377059198517,185380.0,185580.0
2023-05-09,ss000,SHORT,-1.8068728927412132,15525.0,15530.0
2023-05-09,cu000,SHORT,-2.3928101126945305,67600.0,67620.0
2023-05-09,jd000,SHORT,-2.464233658350135,4135.0,4131.0
2023-05-09,l000,SHORT,-4.145469067838456,7886.0,7923.0
2023-05-09,rr000,SHORT,-4.935743059385248,3397.0,3399.0
2023-05-10,pb000,LONG,6.561333280074698,15310.0,15310.0
2023-05-10,zn000,LONG,2.430984530072621,21430.0,21430.0
2023-05-10,hc000,LONG,1.8595821452064487,3788.0,3780.0
2023-05-10,PF000,LONG,1.4712173074398935,7128.0,7084.0
2023-05-10,MA000,LONG,1.3724488470287919,2281.0,2280.0
2023-05-10,RM000,SHORT,-0.9155045156064682,3027.0,3019.0
2023-05-10,cs000,SHORT,-1.302852947486615,2881.0,2899.0
2023-05-10,fu000,SHORT,-1.517727202775203,2978.0,2920.0
2023-05-10,cu000,SHORT,-3.3306477963685324,67180.0,67170.0
2023-05-10,ag000,SHORT,-3.5630940298734637,5755.0,5743.0
2023-05-11,hc000,LONG,2.5447553572835804,3689.0,3683.0
2023-05-11,RS000,LONG,1.3590613370153843,5548.0,5487.0
2023-05-11,pp000,LONG,1.1569145629095832,7219.0,7205.0
2023-05-11,ag000,LONG,0.9418714844130145,5729.0,5726.0
2023-05-11,au000,LONG,0.8242693575564771,454.26,454.06
2023-05-11,cu000,SHORT,-1.7380337396847747,66550.0,66400.0
2023-05-11,zn000,SHORT,-2.977114112186038,21155.0,21150.0
2023-05-11,y000,SHORT,-3.09973649572642,7458.0,7526.0
2023-05-11,a000,SHORT,-3.463326635062022,4931.0,4922.0
2023-05-11,pb000,SHORT,-5.023228877963882,15290.0,15290.0
2023-05-12,au000,LONG,1.918385994493089,453.46,452.76
2023-05-12,l000,LONG,1.373539892567856,7732.0,7740.0
2023-05-12,zn000,LONG,1.3282118520590769,20805.0,20715.0
2023-05-12,al000,LONG,0.9919445396827514,17895.0,17840.0
2023-05-12,ss000,LONG,0.8620532959177675,15370.0,15345.0
2023-05-12,MA000,SHORT,-1.3676808283448283,2258.0,2259.0
2023-05-12,m000,SHORT,-1.4644063087069097,3527.0,3520.0
2023-05-12,RM000,SHORT,-1.6556756405470976,3023.0,3025.0
2023-05-12,pp000,SHORT,-2.258094967589933,7178.0,7183.0
2023-05-12,bc000,SHORT,-2.8394616433463082,56980.0,56760.0
2023-05-15,y000,LONG,4.090342580456786,7240.0,7328.0
2023-05-15,pb000,LONG,3.3415397827391264,15215.0,15180.0
2023-05-15,SR000,LONG,1.4860399222595873,6873.0,6815.0
2023-05-15,TA000,LONG,1.276229987844227,5194.0,5216.0
2023-05-15,CY000,LONG,1.1490902948746344,22725.0,22605.0
2023-05-15,c000,SHORT,-3.4467337336107158,2516.0,2518.0
2023-05-15,rr000,SHORT,-3.6949056186158025,3376.0,3375.0
2023-05-15,MA000,SHORT,-3.901174628754441,2210.0,2229.0
2023-05-15,bc000,SHORT,-3.98817134164901,57430.0,57500.0
2023-05-15,ss000,SHORT,-4.039512258359,15460.0,15475.0
2023-05-16,ag000,LONG,4.0085852406696185,5452.0,5451.0
2023-05-16,rr000,LONG,3.340770784176006,3384.0,3381.0
2023-05-16,jd000,LONG,2.6826926501546557,4169.0,4175.0
2023-05-16,a000,LONG,2.0265400185952753,5081.0,5031.0
2023-05-16,pb000,LONG,1.5192369713999478,15200.0,15195.0
2023-05-16,CY000,SHORT,-0.5401368895169986,22940.0,22965.0
2023-05-16,fu000,SHORT,-0.8187108445710636,2958.0,2937.0
2023-05-16,CF000,SHORT,-1.0784334364107553,15785.0,15820.0
2023-05-16,SM000,SHORT,-1.340035655826514,6788.0,6748.0
2023-05-16,SR000,SHORT,-2.447891932031631,6867.0,6850.0
2023-05-17,rr000,LONG,6.593115229189178,3391.0,3386.0
2023-05-17,l000,LONG,4.323139128508849,7774.0,7760.0
2023-05-17,pb000,LONG,3.357539924565566,15180.0,15185.0
2023-05-17,jd000,LONG,2.8307740276459974,4191.0,4176.0
2023-05-17,MA000,LONG,2.4675915988115844,2262.0,2251.0
2023-05-17,RS000,SHORT,-1.1725286881673085,5554.0,5566.0
2023-05-17,sn000,SHORT,-1.4047200998739888,195790.0,196050.0
2023-05-17,CY000,SHORT,-1.6776396462067702,22910.0,22850.0
2023-05-17,ni000,SHORT,-2.1100178722683918,163760.0,164290.0
2023-05-17,bc000,SHORT,-4.236700790463659,56740.0,56790.0
2023-05-18,ag000,LONG,1.6993136927553643,5402.0,5398.0
2023-05-18,m000,LONG,1.3011256371774556,3448.0,3452.0
2023-05-18,SM000,LONG,1.1304348470457328,6824.0,6856.0
2023-05-18,ru000,LONG,1.038069671935759,12250.0,12260.0
2023-05-18,hc000,LONG,1.0170453140655107,3760.0,3773.0
2023-05-18,jd000,SHORT,-1.7073434308187123,4184.0,4162.0
2023-05-18,cu000,SHORT,-1.9276506348948186,65680.0,65610.0
2023-05-18,zn000,SHORT,-2.672874836005465,20905.0,20895.0
2023-05-18,pb000,SHORT,-3.622470467798257,15225.0,15225.0
2023-05-18,rr000,SHORT,-3.6807949218456013,3407.0,3392.0
2023-05-19,cu000,LONG,2.4008073224130184,64950.0,64970.0
2023-05-19,bc000,LONG,1.983790875357829,57540.0,57560.0
2023-05-19,c000,LONG,1.48958999781682,2543.0,2543.0
2023-05-19,hc000,LONG,0.8163160646056871,3723.0,3724.0
2023-05-19,ni000,LONG,0.735298696863932,161580.0,161880.0
2023-05-19,MA000,SHORT,-3.084343584308038,2172.0,2173.0
2023-05-19,sn000,SHORT,-3.2904949696513524,197190.0,197440.0
2023-05-19,SR000,SHORT,-3.3327601729378165,6970.0,6969.0
2023-05-19,pp000,SHORT,-4.193425455874617,7015.0,7024.0
2023-05-19,a000,SHORT,-6.552728099062227,5085.0,5093.0
2023-05-22,ag000,LONG,1.940812153043448,5466.0,5460.0
2023-05-22,l000,LONG,1.7603395205937606,7623.0,7715.0
2023-05-22,MA000,LONG,1.3150923676031645,2096.0,2123.0
2023-05-22,CY000,LONG,0.7768200795178564,23320.0,23285.0
2023-05-22,jd000,LONG,0.7582868661318236,4147.0,4092.0
2023-05-22,rr000,SHORT,-3.5131607989083338,3416.0,3414.0
2023-05-22,SR000,SHORT,-3.5387932502950514,6998.0,7000.0
2023-05-22,hc000,SHORT,-3.731319193895099,3682.0,3707.0
2023-05-22,a000,SHORT,-6.875664998700298,5079.0,5074.0
2023-05-22,pb000,SHORT,-8.50263096047206,15380.0,15370.0
2023-05-23,sn000,LONG,6.627718058601676,196460.0,196060.0
2023-05-23,pb000,LONG,6.539819668501529,15315.0,15320.0
2023-05-23,rr000,LONG,4.704874902715777,3426.0,3422.0
2023-05-23,a000,LONG,4.001598034905211,5068.0,5031.0
2023-05-23,MA000,LONG,3.9259914708954686,2113.0,2102.0
2023-05-23,AP000,SHORT,-0.03437515674212754,8606.0,8480.0
2023-05-23,bu000,SHORT,-0.0466876681702307,3748.0,3718.0
2023-05-23,CY000,SHORT,-0.23593833810237927,23255.0,23140.0
2023-05-23,si000,SHORT,-0.2413276336983977,13255.0,13150.0
2023-05-23,CF000,SHORT,-0.7682686653119838,16220.0,16100.0
2023-05-24,pb000,LONG,6.569323925550723,15280.0,15280.0
2023-05-24,cu000,LONG,2.7963459917187428,64370.0,64380.0
2023-05-24,pp000,LONG,2.5736554195132637,6914.0,6917.0
2023-05-24,zn000,LONG,2.5298904469406915,19645.0,19650.0
2023-05-24,m000,LONG,1.8845028782453064,3471.0,3464.0
2023-05-24,i000,SHORT,-1.0483484493334205,698.5,705.0
2023-05-24,j000,SHORT,-1.1671843859670523,2076.5,2079.0
2023-05-24,a000,SHORT,-1.1849852047750438,5075.0,5060.0
2023-05-24,CY000,SHORT,-1.9125679880357658,23150.0,23190.0
2023-05-24,rr000,SHORT,-6.017281377220264,3456.0,3455.0
2023-05-25,pb000,LONG,3.673344813237582,15220.0,15210.0
2023-05-25,a000,LONG,3.3037697752379507,5090.0,5101.0
2023-05-25,rr000,LONG,1.2884256329552741,3481.0,3474.0
2023-05-25,l000,LONG,1.1349840011180525,7625.0,7619.0
2023-05-25,zn000,LONG,1.0869555782375553,19185.0,19230.0
2023-05-25,bc000,SHORT,-1.9907960793743689,55770.0,55740.0
2023-05-25,al000,SHORT,-2.0206918709864317,17555.0,17545.0
2023-05-25,sn000,SHORT,-2.6289048906821972,195140.0,194780.0
2023-05-25,ss000,SHORT,-3.527081629584234,14475.0,14480.0
2023-05-25,c000,SHORT,-4.64567119423307,2563.0,2568.0
2023-05-26,rr000,LONG,2.419309312426607,3452.0,3459.0
2023-05-26,cu000,LONG,1.5074412214566646,63640.0,63550.0
2023-05-26,ag000,LONG,1.4736785361665428,5291.0,5294.0
2023-05-26,y000,LONG,1.39106267709682,7188.0,7200.0
2023-05-26,sn000,LONG,1.3815639174051484,200690.0,200230.0
2023-05-26,CJ000,SHORT,-0.8749112932957325,10065.0,10055.0
2023-05-26,pp000,SHORT,-1.2007955486852684,6924.0,6927.0
2023-05-26,au000,SHORT,-1.3741984282388726,445.6,446.04
2023-05-26,SR000,SHORT,-1.490302437552624,6872.0,6868.0
2023-05-26,a000,SHORT,-6.745271535420734,5022.0,5006.0
2023-05-29,au000,LONG,1.7016392162179932,445.16,444.88
2023-05-29,ag000,LONG,1.5749460783657308,5381.0,5367.0
2023-05-29,m000,LONG,1.435030413452586,3473.0,3468.0
2023-05-29,SR000,LONG,1.2802435236778857,6930.0,6901.0
2023-05-29,SF000,LONG,1.25574946868505,7264.0,7316.0
2023-05-29,l000,SHORT,-1.521163563408175,7684.0,7710.0
2023-05-29,jd000,SHORT,-1.7913068939355663,4143.0,4182.0
2023-05-29,MA000,SHORT,-2.0616025907261335,2030.0,2061.0
2023-05-29,OI000,SHORT,-2.147476517283889,7794.0,7814.0
2023-05-29,pb000,SHORT,-5.768883108365931,15245.0,15250.0
2023-05-30,a000,LONG,2.9464799511513973,5070.0,5073.0
2023-05-30,cu000,LONG,2.0683761834119503,65040.0,65030.0
2023-05-30,hc000,LONG,1.5852567760022374,3609.0,3608.0
2023-05-30,c000,LONG,1.2626591718463074,2619.0,2611.0
2023-05-30,bc000,LONG,0.9303992409257242,57540.0,57510.0
2023-05-30,ss000,SHORT,-0.8581075093929738,14855.0,14840.0
2023-05-30,MA000,SHORT,-0.8828784319015334,2042.0,2051.0
2023-05-30,pb000,SHORT,-0.9850641147594774,15215.0,15215.0
2023-05-30,lu000,SHORT,-1.1411527771319705,3972.0,3943.0
2023-05-30,rr000,SHORT,-2.295619783912273,3496.0,3485.0
2023-05-31,l000,LONG,0.8298500360555909,7569.0,7581.0
2023-05-31,c000,LONG,0.7881661759947407,2630.0,2629.0
2023-05-31,eg000,LONG,0.5981686855092472,3970.0,3989.0
2023-05-31,rr000,LONG,0.5958539009426556,3504.0,3500.0
2023-05-31,lu000,LONG,0.5884989320088309,3803.0,3818.0
2023-05-31,RM000,SHORT,-1.8178370546268816,2924.0,2925.0
2023-05-31,zn000,SHORT,-1.9970946027135557,19120.0,19120.0
2023-05-31,CF000,SHORT,-2.6571794677901717,15510.0,15550.0
2023-05-31,pb000,SHORT,-3.0599570054858725,15225.0,15230.0
2023-05-31,a000,SHORT,-3.4003100027779527,4979.0,4991.0
2023-06-01,bc000,LONG,2.4516637431991644,57310.0,57400.0
2023-06-01,sn000,LONG,1.6315413822742941,206480.0,206940.0
2023-06-01,ss000,LONG,1.3107020639899107,14805.0,14800.0
2023-06-01,ni000,LONG,1.177231030050849,156450.0,157090.0
2023-06-01,SR000,LONG,1.111478371208677,6827.0,6871.0
2023-06-01,pb000,SHORT,-1.2936336401736503,15105.0,15105.0
2023-06-01,l000,SHORT,-1.3451242847902416,7626.0,7644.0
2023-06-01,a000,SHORT,-1.462612019534991,5043.0,5044.0
2023-06-01,jd000,SHORT,-1.7202080705477718,4132.0,4170.0
2023-06-01,rr000,SHORT,-3.610918388417181,3460.0,3462.0
2023-06-02,m000,LONG,1.9033854856626933,3395.0,3443.0
2023-06-02,rr000,LONG,1.232734486936289,3454.0,3459.0
2023-06-02,ag000,LONG,1.1511718215986597,5549.0,5555.0
2023-06-02,c000,LONG,1.098725779373712,2645.0,2657.0
2023-06-02,jd000,LONG,0.9301902046327628,4153.0,4182.0
2023-06-02,RS000,SHORT,-2.3948224496865813,5642.0,5700.0
2023-06-02,au000,SHORT,-2.39837424132453,453.78,454.14
2023-06-02,ni000,SHORT,-2.8877229223027845,161520.0,161700.0
2023-06-02,bc000,SHORT,-3.863807974998041,58400.0,58430.0
2023-06-02,cu000,SHORT,-4.794564070529601,65870.0,65910.0
2023-06-05,y000,LONG,3.1397976217808106,7062.0,7040.0
2023-06-05,bc000,LONG,3.1163796244436925,58510.0,58570.0
2023-06-05,RS000,LONG,2.4958354457267884,5700.0,5699.0
2023-06-05,ni000,LONG,2.28026178865081,160610.0,160880.0
2023-06-05,ag000,LONG,2.0497725730006024,5513.0,5524.0
2023-06-05,sn000,SHORT,-2.9770242224880117,208110.0,209160.0
2023-06-05,pb000,SHORT,-3.236870542153899,15105.0,15095.0
2023-06-05,l000,SHORT,-4.809656355022421,7742.0,7794.0
2023-06-05,rr000,SHORT,-5.78493411552738,3447.0,3450.0
2023-06-05,MA000,SHORT,-6.02601847331136,2069.0,2088.0
2023-06-06,pb000,LONG,2.7752638687216593,15070.0,15070.0
2023-06-06,zn000,LONG,1.5702870266151059,19290.0,19275.0
2023-06-06,bc000,LONG,1.5131219554404571,59270.0,59220.0
2023-06-06,a000,LONG,1.3155706664265945,5010.0,4996.0
2023-06-06,pp000,LONG,0.9957178124487086,6981.0,6979.0
2023-06-06,RM000,SHORT,-0.5826680904893764,3036.0,3025.0
2023-06-06,SM000,SHORT,-0.598937173234237,6638.0,6628.0
2023-06-06,sc000,SHORT,-0.7298514106860382,530.5,529.9
2023-06-06,jd000,SHORT,-1.2580355394745553,4146.0,4111.0
2023-06-06,rr000,SHORT,-1.5812752270627473,3475.0,3472.0
2023-06-07,a000,LONG,2.769175397027654,5050.0,5058.0
2023-06-07,y000,LONG,1.3715230449909181,7080.0,7080.0
2023-06-07,MA000,LONG,1.2586162863152444,2047.0,2041.0
2023-06-07,pp000,LONG,1.2390125230867595,6942.0,6950.0
2023-06-07,eg000,LONG,0.651257483900734,4077.0,4067.0
2023-06-07,fu000,SHORT,-0.7615235573901935,3026.0,3023.0
2023-06-07,cu000,SHORT,-1.0216807389113443,66740.0,66760.0
2023-06-07,zn000,SHORT,-1.0368715172942728,19520.0,19545.0
2023-06-07,ni000,SHORT,-1.2359462173831155,159920.0,160060.0
2023-06-07,bc000,SHORT,-2.3108420527227858,59330.0,59360.0
2023-06-08,a000,LONG,3.9220616120106175,5033.0,5028.0
2023-06-08,rr000,LONG,2.6629298939596953,3461.0,3457.0
2023-06-08,y000,LONG,2.2024275630620265,7024.0,7018.0
2023-06-08,pb000,LONG,2.013052662587021,15190.0,15190.0
2023-06-08,OI000,LONG,1.769496315720314,7756.0,7738.0
2023-06-08,CY000,SHORT,-0.24400954816790554,23765.0,23705.0
2023-06-08,si000,SHORT,-0.38532029082727065,12715.0,12765.0
2023-06-08,ni000,SHORT,-0.386911146423622,161970.0,161680.0
2023-06-08,jd000,SHORT,-0.5124598880019202,4114.0,4114.0
2023-06-08,sn000,SHORT,-0.6584555869470443,208640.0,208720.0
2023-06-09,pb000,LONG,6.031645944878193,15155.0,15155.0
2023-06-09,SR000,LONG,2.9259800242589766,6997.0,6968.0
2023-06-09,y000,LONG,2.8268977227327805,7084.0,7058.0
2023-06-09,au000,LONG,2.771219678829683,451.9,451.84
2023-06-09,ss000,LONG,2.016451346978671,15080.0,15060.0
2023-06-09,lh000,SHORT,-0.5903616139170571,15835.0,15905.0
2023-06-09,sc000,SHORT,-0.7101557863859259,522.2,516.8
2023-06-09,lu000,SHORT,-0.7183355785092611,3935.0,3954.0
2023-06-09,l000,SHORT,-0.9900727412346243,7725.0,7763.0
2023-06-09,MA000,SHORT,-1.2473594703954924,2042.0,2043.0
2023-06-12,ss000,LONG,2.4737927279897245,15345.0,15345.0
2023-06-12,cu000,LONG,2.2036243028516904,67200.0,67160.0
2023-06-12,l000,LONG,1.547799652979414,7720.0,7778.0
2023-06-12,lu000,LONG,1.2491199183705854,3853.0,3979.0
2023-06-12,SR000,LONG,1.103284258435695,6967.0,6998.0
2023-06-12,rr000,SHORT,-3.2987183679719685,3471.0,3465.0
2023-06-12,CF000,SHORT,-3.392472932733823,16770.0,16685.0
2023-06-12,pb000,SHORT,-3.902391586974448,15245.0,15250.0
2023-06-12,hc000,SHORT,-4.050103805073168,3780.0,3807.0
2023-06-12,a000,SHORT,-5.330020932932358,5042.0,5058.0
2023-06-13,bc000,LONG,2.5540144809131196,59460.0,59450.0
2023-06-13,l000,LONG,1.6452707647197782,7628.0,7630.0
2023-06-13,pp000,LONG,1.5165072951244973,6856.0,6835.0
2023-06-13,y000,LONG,1.2051964147375598,7168.0,7172.0
2023-06-13,jd000,LONG,1.0502055426963264,4069.0,4047.0
2023-06-13,si000,SHORT,-0.6025849342629075,12425.0,12535.0
2023-06-13,ss000,SHORT,-0.9969557500983205,15095.0,15090.0
2023-06-13,pb000,SHORT,-1.0016022004306058,15310.0,15310.0
2023-06-13,sn000,SHORT,-1.5475879833595656,209250.0,209310.0
2023-06-13,ag000,SHORT,-1.5770487925514947,5632.0,5638.0
2023-06-14,nr000,LONG,0.8130136566401629,9770.0,9745.0
2023-06-14,SM000,LONG,0.7004247876412195,6562.0,6540.0
2023-06-14,v000,LONG,0.5269632937698758,5747.0,5725.0
2023-06-14,hc000,LONG,0.5254070402221532,3831.0,3842.0
2023-06-14,ag000,LONG,0.4963017637598087,5635.0,5633.0
2023-06-14,zn000,SHORT,-0.6817054363259947,19915.0,19885.0
2023-06-14,y000,SHORT,-1.223841533237513,7272.0,7270.0
2023-06-14,sn000,SHORT,-1.5411694981617081,211400.0,211160.0
2023-06-14,cu000,SHORT,-1.5482187095734015,68030.0,67910.0
2023-06-14,rr000,SHORT,-1.7902454697513486,3508.0,3513.0
2023-06-15,cu000,LONG,1.487428005018829,68170.0,68080.0
2023-06-15,ni000,LONG,1.0091227088304198,172850.0,172600.0
2023-06-15,SR000,LONG,0.9294616426718937,6988.0,6984.0
2023-06-15,au000,LONG,0.8584955831284429,451.64,451.74
2023-06-15,CF000,LONG,0.7989799261868045,16835.0,16880.0
2023-06-15,c000,SHORT,-1.8003828479072599,2627.0,2620.0
2023-06-15,jd000,SHORT,-1.8585175726008103,4057.0,4056.0
2023-06-15,l000,SHORT,-1.8768118235617377,7775.0,7783.0
2023-06-15,hc000,SHORT,-1.976392183180156,3839.0,3861.0
2023-06-15,rr000,SHORT,-3.876771837661052,3513.0,3517.0
2023-06-16,zn000,LONG,3.897085742835949,20425.0,20425.0
2023-06-16,ag000,LONG,3.600353969557647,5585.0,5578.0
2023-06-16,pb000,LONG,2.6982332806567686,15415.0,15415.0
2023-06-16,cu000,LONG,1.8324297711587174,68330.0,68340.0
2023-06-16,PF000,LONG,1.7009872557111532,7162.0,7130.0
2023-06-16,p000,SHORT,-0.13980559438939305,6972.0,6854.0
2023-06-16,a000,SHORT,-0.3867196352875083,4881.0,4836.0
2023-06-16,jd000,SHORT,-0.6946187117592793,4097.0,4087.0
2023-06-16,au000,SHORT,-1.8220915433108156,450.32,450.16
2023-06-16,l000,SHORT,-1.9382356807192116,7830.0,7797.0
2023-06-19,sn000,LONG,8.430600139651732,216640.0,217070.0
2023-06-19,a000,LONG,5.4660976929016885,4991.0,5013.0
2023-06-19,cu000,LONG,1.4604383843043571,68450.0,68510.0
2023-06-19,SA000,LONG,1.3270958914128865,1716.0,1698.0
2023-06-19,SR000,LONG,1.171328142596664,6972.0,6981.0
2023-06-19,MA000,SHORT,-3.1928900411151218,2083.0,2074.0
2023-06-19,bc000,SHORT,-4.133930940883498,60660.0,60710.0
2023-06-19,zn000,SHORT,-4.720462108466743,20370.0,20400.0
2023-06-19,au000,SHORT,-6.4746385836928635,449.88,450.24
2023-06-19,pb000,SHORT,-9.056681226651829,15525.0,15520.0
2023-06-20,rr000,LONG,4.100986501575035,3470.0,3485.0
2023-06-20,sn000,LONG,2.246802822641284,217280.0,217190.0
2023-06-20,a000,LONG,2.0895516384211277,4986.0,4978.0
2023-06-20,cu000,LONG,1.8173429629514055,68570.0,68570.0
2023-06-20,CF000,LONG,1.400272842144269,16650.0,16585.0
2023-06-20,si000,SHORT,-0.4283819175975175,13375.0,13760.0
2023-06-20,c000,SHORT,-0.6909737003118569,2693.0,2687.0
2023-06-20,ni000,SHORT,-0.7152368262502631,168000.0,168020.0
2023-06-20,ru000,SHORT,-0.9583315022179218,12055.0,12035.0
2023-06-20,bc000,SHORT,-3.5778837939768136,60650.0,60640.0
2023-06-21,rr000,LONG,3.2436072849630557,3454.0,3460.0
2023-06-21,hc000,LONG,2.189146925566307,3810.0,3792.0
2023-06-21,cu000,LONG,2.0010303195447228,68820.0,68830.0
2023-06-21,SR000,LONG,1.9893265659634756,6919.0,6928.0
2023-06-21,jd000,LONG,1.8926771861697946,4143.0,4142.0
2023-06-21,zn000,SHORT,-2.2213806614130998,20140.0,20150.0
2023-06-21,a000,SHORT,-2.392003776989749,5063.0,5069.0
2023-06-21,PF000,SHORT,-3.6031732271647705,7160.0,7076.0
2023-06-21,bc000,SHORT,-4.364852777082182,60820.0,60870.0
2023-06-21,pb000,SHORT,-9.763307973294804,15600.0,15585.0
2023-06-26,pb000,LONG,5.57708863520351,15640.0,15550.0
2023-06-26,bc000,LONG,4.361983924459979,60670.0,60680.0
2023-06-26,al000,LONG,3.8741533352475166,18170.0,18180.0
2023-06-26,rr000,LONG,3.501120573766825,3467.0,3456.0
2023-06-26,a000,LONG,3.1892049833430893,5041.0,5089.0
2023-06-26,sc000,SHORT,-2.219177441313835,541.5,543.3
2023-06-26,SM000,SHORT,-2.4122375746181155,6572.0,6580.0
2023-06-26,jd000,SHORT,-3.123015741005543,4152.0,4148.0
2023-06-26,RS000,SHORT,-3.156551555185674,6054.0,6047.0
2023-06-26,SR000,SHORT,-3.684447267384784,6837.0,6841.0
2023-06-27,ss000,LONG,1.7929110796892667,14715.0,14690.0
2023-06-27,a000,LONG,1.143955553305339,5074.0,5070.0
2023-06-27,rr000,LONG,1.1367548347558845,3525.0,3525.0
2023-06-27,CF000,LONG,0.9513114416115336,16140.0,16225.0
2023-06-27,SM000,LONG,0.8098731380852654,6594.0,6646.0
2023-06-27,RS000,SHORT,-1.8753568007061803,6071.0,6010.0
2023-06-27,zn000,SHORT,-2.1724570575522297,19820.0,19820.0
2023-06-27,hc000,SHORT,-2.461070931180343,3774.0,3767.0
2023-06-27,bc000,SHORT,-3.3888563705119408,60440.0,60450.0
2023-06-27,pb000,SHORT,-3.390970478257164,15485.0,15490.0
2023-06-28,a000,LONG,4.771373667121613,5075.0,5070.0
2023-06-28,pb000,LONG,1.3914025030459454,15475.0,15475.0
2023-06-28,sn000,LONG,1.226728848142196,214580.0,214310.0
2023-06-28,PF000,LONG,1.1604202586156152,7000.0,7016.0
2023-06-28,MA000,LONG,0.717683710885053,2086.0,2092.0
2023-06-28,CY000,SHORT,-0.5923955512360365,22985.0,23075.0
2023-06-28,c000,SHORT,-0.797448775177716,2696.0,2695.0
2023-06-28,lu000,SHORT,-0.8940391513640357,3916.0,3979.0
2023-06-28,rr000,SHORT,-0.9171809786623035,3540.0,3535.0
2023-06-28,m000,SHORT,-1.0786145092706458,3719.0,3721.0
2023-06-29,a000,LONG,6.645579352171274,5137.0,5136.0
2023-06-29,rr000,LONG,5.251290098103398,3553.0,3549.0
2023-06-29,l000,LONG,3.075197687632764,7854.0,7842.0
2023-06-29,bc000,LONG,2.4826286243027353,59640.0,59650.0
2023-06-29,ss000,LONG,2.461286492293917,14655.0,14655.0
2023-06-29,sp000,SHORT,-0.30443092790852877,5170.0,5128.0
2023-06-29,CJ000,SHORT,-0.37098338220204646,10110.0,10115.0
2023-06-29,FG000,SHORT,-0.37960834589675585,1510.0,1496.0
2023-06-29,au000,SHORT,-0.648989216007694,447.64,447.64
2023-06-29,jm000,SHORT,-0.6666388034049544,1334.0,1318.5
2023-06-30,bc000,LONG,3.6785190819488056,59270.0,59290.0
2023-06-30,RS000,LONG,2.1606532183396947,5905.0,5959.0
2023-06-30,ni000,LONG,2.0478763004671103,157570.0,157630.0
2023-06-30,ss000,LONG,2.03153054907797,14710.0,14695.0
2023-06-30,pb000,LONG,1.3599656476730175,15415.0,15425.0
2023-06-30,pp000,SHORT,-0.5035814430100062,7050.0,7053.0
2023-06-30,SA000,SHORT,-0.523337603816504,1685.0,1695.0
2023-06-30,jd000,SHORT,-0.6252767859826375,4123.0,4127.0
2023-06-30,c000,SHORT,-0.8015947318498008,2730.0,2720.0
2023-06-30,l000,SHORT,-1.577713395688653,7870.0,7874.0
2023-07-03,pb000,LONG,9.424405695769165,15580.0,15575.0
2023-07-03,RS000,LONG,9.29078903214497,5959.0,6045.0
2023-07-03,ag000,LONG,6.099704182268503,5485.0,5484.0
2023-07-03,zn000,LONG,5.728416375774293,20190.0,20190.0
2023-07-03,PF000,LONG,4.809391528854673,7116.0,7114.0
2023-07-03,sn000,SHORT,-1.3556163861864683,219750.0,219600.0
2023-07-03,cs000,SHORT,-1.4668259729339894,3120.0,3147.0
2023-07-03,rr000,SHORT,-1.7478596495903296,3526.0,3518.0
2023-07-03,c000,SHORT,-2.6344738134526775,2707.0,2739.0
2023-07-03,cu000,SHORT,-2.9946855672120076,67910.0,67900.0
2023-07-04,bc000,LONG,3.3668002400104147,60820.0,60810.0
2023-07-04,pp000,LONG,2.59606916241213,7074.0,7091.0
2023-07-04,pb000,LONG,2.4401096269961418,15560.0,15555.0
2023-07-04,ni000,LONG,2.059119204924645,159780.0,159510.0
2023-07-04,ag000,LONG,1.6201221654626274,5514.0,5518.0
2023-07-04,CY000,SHORT,-0.7652506163408144,23595.0,23660.0
2023-07-04,RM000,SHORT,-0.7889553638282126,3548.0,3529.0
2023-07-04,hc000,SHORT,-0.9205396750078276,3866.0,3862.0
2023-07-04,l000,SHORT,-1.1399529712750212,7878.0,7898.0
2023-07-04,m000,SHORT,-1.403529909718228,3961.0,3947.0
2023-07-05,cu000,LONG,2.085004223209039,67960.0,67940.0
2023-07-05,ni000,LONG,1.7162094671788752,157960.0,158020.0
2023-07-05,bc000,LONG,1.4958396600024384,60410.0,60430.0
2023-07-05,cs000,LONG,1.1147568800085417,3153.0,3140.0
2023-07-05,RS000,LONG,0.9930017147225922,5941.0,5947.0
2023-07-05,pb000,SHORT,-0.9464807430276747,15495.0,15495.0
2023-07-05,sn000,SHORT,-1.0636510869092868,224340.0,224480.0
2023-07-05,ss000,SHORT,-1.1672474427253894,14765.0,14755.0
2023-07-05,rr000,SHORT,-2.138681844831438,3512.0,3513.0
2023-07-05,a000,SHORT,-5.18803621939847,5275.0,5273.0
2023-07-06,a000,LONG,3.0640938811833736,5195.0,5189.0
2023-07-06,rr000,LONG,2.719451469040691,3511.0,3516.0
2023-07-06,bc000,LONG,1.9263464475143581,60510.0,60460.0
2023-07-06,CF000,LONG,1.9106448153377051,16510.0,16505.0
2023-07-06,jd000,LONG,1.7082360573860875,4250.0,4256.0
2023-07-06,cs000,SHORT,-0.504800056040858,3149.0,3153.0
2023-07-06,lu000,SHORT,-0.512884555229022,4019.0,3998.0
2023-07-06,cu000,SHORT,-0.7929420154354772,68030.0,67980.0
2023-07-06,zn000,SHORT,-1.2821534694741012,19990.0,19990.0
2023-07-06,pb000,SHORT,-1.6392848752490035,15510.0,15505.0
2023-07-07,ss000,LONG,1.590076576296908,14745.0,14745.0
2023-07-07,MA000,LONG,1.4555273228349646,2158.0,2150.0
2023-07-07,rr000,LONG,1.3118179304728552,3514.0,3514.0
2023-07-07,cu000,LONG,1.2253592084895681,67600.0,67620.0
2023-07-07,PK000,LONG,1.1856781689981921,10068.0,10168.0
2023-07-07,SA000,SHORT,-0.4241795215139693,1694.0,1686.0
2023-07-07,jm000,SHORT,-0.504723311003129,1342.5,1337.0
2023-07-07,sn000,SHORT,-1.3750755101296905,234900.0,234490.0
2023-07-07,CY000,SHORT,-1.5899549932822357,23510.0,23510.0
2023-07-07,PF000,SHORT,-2.407303620756763,7186.0,7124.0
2023-07-10,a000,LONG,7.622110191073599,5186.0,5181.0
2023-07-10,rr000,LONG,4.437739026036399,3515.0,3516.0
2023-07-10,CY000,LONG,3.305306415434987,23465.0,23495.0
2023-07-10,sn000,LONG,2.6681411783296944,232400.0,232070.0
2023-07-10,pp000,LONG,1.9140512738286866,7128.0,7142.0
2023-07-10,TA000,SHORT,-0.7828388017615057,5798.0,5798.0
2023-07-10,RM000,SHORT,-0.8325230326678412,3588.0,3584.0
2023-07-10,cu000,SHORT,-0.9671709885022266,67930.0,67920.0
2023-07-10,sc000,SHORT,-1.3709792792828817,564.2,564.0
2023-07-10,CF000,SHORT,-2.7187479548237956,16650.0,16655.0
2023-07-11,y000,LONG,3.588545859119644,8184.0,8180.0
2023-07-11,MA000,LONG,3.004333414394688,2223.0,2223.0
2023-07-11,sn000,LONG,1.4021681697986728,229240.0,229310.0
2023-07-11,SF000,LONG,1.154926785856067,6988.0,7028.0
2023-07-11,RM000,LONG,0.989355789962988,3676.0,3673.0
2023-07-11,j000,SHORT,-0.494265486702833,2120.0,2118.0
2023-07-11,au000,SHORT,-0.6464990244560718,451.7,451.52
2023-07-11,cu000,SHORT,-1.0015744174352106,68020.0,68010.0
2023-07-11,rr000,SHORT,-1.1429591731380535,3516.0,3519.0
2023-07-11,a000,SHORT,-2.043941170539476,5173.0,5173.0
2023-07-12,a000,LONG,7.271842866632768,5150.0,5133.0
2023-07-12,RS000,LONG,2.5177517263226545,5970.0,5976.0
2023-07-12,bc000,LONG,2.5145224121412366,59910.0,59920.0
2023-07-12,y000,LONG,2.4532350699826693,8084.0,8028.0
2023-07-12,ni000,LONG,2.1320853563324174,162680.0,162710.0
2023-07-12,sp000,SHORT,-0.6689539476698209,5384.0,5362.0
2023-07-12,MA000,SHORT,-0.6726103794151557,2255.0,2248.0
2023-07-12,cs000,SHORT,-0.7453162270831264,3109.0,3121.0
2023-07-12,al000,SHORT,-0.772610851583038,18065.0,18055.0
2023-07-12,cu000,SHORT,-2.2653270572078434,67640.0,67640.0
2023-07-13,sn000,LONG,6.183070856653244,239190.0,239030.0
2023-07-13,CY000,LONG,1.4249315484372325,24115.0,24210.0
2023-07-13,al000,LONG,1.3408091386230079,18295.0,18295.0
2023-07-13,c000,LONG,0.7541834779360472,2734.0,2749.0
2023-07-13,y000,LONG,0.6721268698301806,7918.0,8102.0
2023-07-13,RS000,SHORT,-4.006317197995551,6030.0,6030.0
2023-07-13,ss000,SHORT,-4.934481953800796,15000.0,15020.0
2023-07-13,zn000,SHORT,-5.739389989343661,20360.0,20365.0
2023-07-13,bc000,SHORT,-6.0716540720828975,60860.0,60830.0
2023-07-13,pb000,SHORT,-13.914900214012174,15630.0,15630.0
2023-07-14,pb000,LONG,9.65039184810472,15780.0,15790.0
2023-07-14,zn000,LONG,3.857727153156537,20600.0,20600.0
2023-07-14,sn000,LONG,2.600476564163975,233710.0,233840.0
2023-07-14,l000,LONG,1.6067496636089365,8149.0,8121.0
2023-07-14,y000,LONG,1.5525315540038052,8128.0,8036.0
2023-07-14,cu000,SHORT,-0.8630588483615482,69620.0,69570.0
2023-07-14,RS000,SHORT,-1.0219143019879942,5984.0,5983.0
2023-07-14,ni000,SHORT,-1.123842520898777,166560.0,166840.0
2023-07-14,ag000,SHORT,-1.393520918928343,5805.0,5791.0
2023-07-14,ss000,SHORT,-1.451627715994455,14990.0,14980.0
2023-07-17,CY000,LONG,3.6981569923896984,23695.0,23620.0
2023-07-17,MA000,LONG,2.7383075072519407,2258.0,2277.0
2023-07-17,pb000,LONG,2.5016674078032337,15695.0,15700.0
2023-07-17,cu000,LONG,1.9992606679355083,69330.0,69300.0
2023-07-17,zn000,LONG,1.5161711920768597,20300.0,20305.0
2023-07-17,rr000,SHORT,-1.549999202689636,3526.0,3513.0
2023-07-17,m000,SHORT,-1.6657950197575986,4074.0,4033.0
2023-07-17,SM000,SHORT,-3.5496532240089853,6618.0,6586.0
2023-07-17,SR000,SHORT,-4.284453168861085,6920.0,6921.0
2023-07-17,a000,SHORT,-9.301524676340584,5140.0,5115.0
2023-07-18,a000,LONG,6.855243487841624,5119.0,5113.0
2023-07-18,CY000,LONG,4.194878351782584,24070.0,23945.0
2023-07-18,pb000,LONG,2.0270079358792423,15735.0,15725.0
2023-07-18,SR000,LONG,1.6050215216019477,6854.0,6851.0
2023-07-18,cu000,LONG,1.114178229722692,68460.0,68450.0
2023-07-18,PF000,SHORT,-0.46005808894394773,7300.0,7314.0
2023-07-18,l000,SHORT,-0.46234126770290707,8046.0,8050.0
2023-07-18,cs000,SHORT,-0.6503795860313546,3072.0,3069.0
2023-07-18,MA000,SHORT,-0.7603838975034459,2244.0,2239.0
2023-07-18,sn000,SHORT,-1.1742595594961107,230800.0,231010.0
2023-07-19,pb000,LONG,10.737745461167043,15735.0,15730.0
2023-07-19,sn000,LONG,3.334435347560477,234190.0,233090.0
2023-07-19,zn000,LONG,2.5330936084738522,20235.0,20230.0
2023-07-19,CY000,LONG,2.3329944443914767,23695.0,23695.0
2023-07-19,l000,LONG,2.2936359018488552,8118.0,8110.0
2023-07-19,CJ000,SHORT,-0.16049318168585372,11430.0,11280.0
2023-07-19,a000,SHORT,-0.720505758083038,5151.0,5154.0
2023-07-19,ag000,SHORT,-0.750706160726473,5930.0,5925.0
2023-07-19,bc000,SHORT,-0.970151372193365,60820.0,60810.0
2023-07-19,lu000,SHORT,-1.0204015454752835,4047.0,4022.0
2023-07-20,a000,LONG,7.438776899697729,5086.0,5092.0
2023-07-20,y000,LONG,2.6800201508332027,8248.0,8234.0
2023-07-20,rr000,LONG,1.912881735456709,3571.0,3571.0
2023-07-20,sn000,LONG,1.5199293317961107,229450.0,229370.0
2023-07-20,l000,LONG,1.099109177283019,8092.0,8088.0
2023-07-20,bc000,SHORT,-0.9671662604594778,60800.0,60800.0
2023-07-20,cu000,SHORT,-1.2338892819470184,68540.0,68520.0
2023-07-20,hc000,SHORT,-1.30069799228204,3878.0,3871.0
2023-07-20,RS000,SHORT,-1.820698346002385,5970.0,5974.0
2023-07-20,au000,SHORT,-8.022007201092645,462.88,462.66
2023-07-21,cu000,LONG,1.4918146176973306,68490.0,68570.0
2023-07-21,m000,LONG,0.9547797392729906,4150.0,4148.0
2023-07-21,RS000,LONG,0.6851876582862733,5974.0,5942.0
2023-07-21,c000,LONG,0.6219657668151174,2704.0,2707.0
2023-07-21,ni000,LONG,0.5818677072863387,169500.0,169360.0
2023-07-21,SR000,SHORT,-1.8232592440543691,6868.0,6868.0
2023-07-21,ss000,SHORT,-2.15163316846907,15300.0,15290.0
2023-07-21,a000,SHORT,-3.597205415309267,5068.0,5085.0
2023-07-21,sn000,SHORT,-4.545481327408987,234280.0,233970.0
2023-07-21,lh000,SHORT,-7.282144621417998,15265.0,15150.0
2023-07-24,ss000,LONG,4.038498319614007,15395.0,15425.0
2023-07-24,CY000,LONG,1.8832806949403103,23640.0,23765.0
2023-07-24,CF000,LONG,1.8417369105709176,17090.0,17170.0
2023-07-24,lu000,LONG,1.422108985524156,4107.0,4106.0
2023-07-24,pp000,LONG,1.210649096660013,7248.0,7235.0
2023-07-24,zn000,SHORT,-3.172958457119527,20065.0,20070.0
2023-07-24,bc000,SHORT,-3.3395984127799134,60610.0,60580.0
2023-07-24,MA000,SHORT,-3.934107656864418,2212.0,2207.0
2023-07-24,a000,SHORT,-4.099974925718415,5020.0,5026.0
2023-07-24,pb000,SHORT,-10.076100984202942,15930.0,15940.0
2023-07-25,pb000,LONG,6.542179241780385,16150.0,16140.0
2023-07-25,lh000,LONG,4.555207779784071,15975.0,16040.0
2023-07-25,a000,LONG,3.83961145926865,4980.0,4961.0
2023-07-25,y000,LONG,2.8949341467586787,8168.0,8092.0
2023-07-25,zn000,LONG,2.6410304741409942,20290.0,20310.0
2023-07-25,SF000,SHORT,-0.27002641728037924,6888.0,6922.0
2023-07-25,al000,SHORT,-0.2713270370453643,18295.0,18280.0
2023-07-25,lu000,SHORT,-0.31178780649850835,4227.0,4216.0
2023-07-25,ru000,SHORT,-0.4102404485058543,12120.0,12085.0
2023-07-25,ss000,SHORT,-0.9250224468567668,15570.0,15570.0
2023-07-26,a000,LONG,12.223713244370488,4971.0,4977.0
2023-07-26,lh000,LONG,3.3912856640078624,16010.0,16035.0
2023-07-26,MA000,LONG,2.555000977809059,2265.0,2264.0
2023-07-26,sn000,LONG,2.340000039581192,234700.0,235380.0
2023-07-26,l000,LONG,2.331841121322029,8150.0,8146.0
2023-07-26,ni000,SHORT,-1.075031108415051,173710.0,173820.0
2023-07-26,rr000,SHORT,-1.111933197167814,3545.0,3550.0
2023-07-26,bc000,SHORT,-2.29306332987963,61640.0,61660.0
2023-07-26,RS000,SHORT,-2.743489436005246,5979.0,5959.0
2023-07-26,pb000,SHORT,-3.8737970621626916,16005.0,16020.0
2023-07-27,RS000,LONG,3.1400841974333367,5976.0,5941.0
2023-07-27,pp000,LONG,2.909427642303621,7339.0,7335.0
2023-07-27,bc000,LONG,2.8927183553274114,61470.0,61470.0
2023-07-27,pb000,LONG,2.4257361852591157,15905.0,15920.0
2023-07-27,zn000,LONG,1.9950756857749075,20655.0,20650.0
2023-07-27,FG000,SHORT,-0.30002387723184654,1708.0,1698.0
2023-07-27,au000,SHORT,-0.3047419044587965,458.86,459.06
2023-07-27,SF000,SHORT,-0.33103736221659635,7064.0,6968.0
2023-07-27,a000,SHORT,-1.3607073736947861,5000.0,4976.0
2023-07-27,lh000,SHORT,-2.394469827230991,15915.0,16355.0
2023-07-28,pp000,LONG,1.222668285428108,7387.0,7392.0
2023-07-28,lh000,LONG,1.0615680155016185,16290.0,16520.0
2023-07-28,l000,LONG,1.0511418409233828,8186.0,8199.0
2023-07-28,c000,LONG,0.9442476473981123,2711.0,2713.0
2023-07-28,jd000,LONG,0.6533649124060693,4315.0,4329.0
2023-07-28,SR000,SHORT,-2.0750599833903616,6824.0,6820.0
2023-07-28,bu000,SHORT,-2.208289405592275,3796.0,3795.0
2023-07-28,RS000,SHORT,-2.5265212079247537,5938.0,5857.0
2023-07-28,a000,SHORT,-2.8146575147258783,4985.0,4990.0
2023-07-28,pb000,SHORT,-3.1925475345180714,15970.0,15970.0
2023-07-31,CY000,LONG,9.575694553888802,23190.0,23295.0
2023-07-31,sn000,LONG,4.027697211705957,234480.0,234990.0
2023-07-31,l000,LONG,2.7132928012644038,8188.0,8205.0
2023-07-31,ru000,LONG,2.1956711113369662,12260.0,12240.0
2023-07-31,jd000,LONG,1.8855077881149938,4312.0,4323.0
2023-07-31,bc000,SHORT,-3.094111441175743,61820.0,61810.0
2023-07-31,pb000,SHORT,-3.6989801296665483,15970.0,15965.0
2023-07-31,c000,SHORT,-3.930574361373815,2721.0,2717.0
2023-07-31,zn000,SHORT,-4.379438981798601,20800.0,20805.0
2023-07-31,a000,SHORT,-7.195108179835842,4930.0,4933.0
2023-08-01,bc000,LONG,3.5190016618331277,62740.0,62760.0
2023-08-01,pb000,LONG,3.0084331003355342,15950.0,15945.0
2023-08-01,CY000,LONG,2.0287341533561363,23520.0,23415.0
2023-08-01,c000,LONG,1.9277522994927039,2718.0,2721.0
2023-08-01,pp000,LONG,1.7649773326207296,7445.0,7450.0
2023-08-01,lh000,SHORT,-0.49469639236212287,17020.0,16955.0
2023-08-01,sp000,SHORT,-0.6568183727194157,5446.0,5432.0
2023-08-01,a000,SHORT,-1.0235314144336236,4970.0,4974.0
2023-08-01,sn000,SHORT,-1.3689211432510873,232660.0,233360.0
2023-08-01,lu000,SHORT,-1.4621272388151758,4339.0,4301.0
2023-08-02,pb000,LONG,3.415852050285216,15945.0,15940.0
2023-08-02,sn000,LONG,2.4708714223662325,226920.0,226980.0
2023-08-02,ss000,LONG,2.1828294393121066,15390.0,15385.0
2023-08-02,c000,LONG,2.0261569344280828,2702.0,2703.0
2023-08-02,hc000,LONG,1.9010928119399155,4075.0,4072.0
2023-08-02,lu000,SHORT,-0.3484614711274002,4373.0,4294.0
2023-08-02,jd000,SHORT,-0.5934795496373012,4470.0,4437.0
2023-08-02,rr000,SHORT,-0.6823264400501835,3487.0,3488.0
2023-08-02,CY000,SHORT,-0.7349632037772567,23540.0,23505.0
2023-08-02,a000,SHORT,-4.235929039149515,4964.0,4955.0
2023-08-03,cu000,LONG,2.8963609738295992,68810.0,68850.0
2023-08-03,MA000,LONG,2.4455619346451423,2324.0,2324.0
2023-08-03,l000,LONG,2.1366780968096086,8187.0,8187.0
2023-08-03,bc000,LONG,1.6034352308325477,61160.0,61190.0
2023-08-03,rr000,LONG,1.1859478086747932,3475.0,3482.0
2023-08-03,SR000,SHORT,-3.1467881817318806,6661.0,6647.0
2023-08-03,sn000,SHORT,-3.672010237692426,225710.0,225670.0
2023-08-03,CY000,SHORT,-4.892031140473207,23220.0,23200.0
2023-08-03,au000,SHORT,-4.89974311253983,455.54,455.5
2023-08-03,a000,SHORT,-5.49678238893396,4907.0,4903.0
2023-08-04,pb000,LONG,11.191095684859421,15995.0,15995.0
2023-08-04,a000,LONG,7.507804769752147,4995.0,4987.0
2023-08-04,zn000,LONG,4.090668454575557,21010.0,20945.0
2023-08-04,y000,LONG,2.3967595700947406,8164.0,8058.0
2023-08-04,c000,LONG,2.2753418783320885,2755.0,2756.0
2023-08-04,ni000,SHORT,-0.45916062934948204,168650.0,168480.0
2023-08-04,jd000,SHORT,-0.5212258237754421,4435.0,4431.0
2023-08-04,lh000,SHORT,-0.625743083171283,17425.0,17490.0
2023-08-04,ss000,SHORT,-0.6525463391908731,15435.0,15430.0
2023-08-04,RS000,SHORT,-1.5611809969830335,5880.0,5870.0
2023-08-07,ru000,LONG,3.4308803563269143,12900.0,12880.0
2023-08-07,jd000,LONG,3.2035966601929142,4322.0,4325.0
2023-08-07,cu000,LONG,2.1069288847792484,69140.0,69150.0
2023-08-07,MA000,LONG,1.7404968411350283,2319.0,2315.0
2023-08-07,rr000,LONG,1.3821223906725928,3605.0,3553.0
2023-08-07,y000,SHORT,-1.69903441077542,8184.0,8266.0
2023-08-07,zn000,SHORT,-2.0164647860553546,21030.0,21025.0
2023-08-07,jm000,SHORT,-2.4089053328220267,1496.0,1488.5
2023-08-07,CY000,SHORT,-3.2439270650907526,23210.0,23170.0
2023-08-07,a000,SHORT,-8.99536323101386,4958.0,4952.0
2023-08-08,RS000,LONG,1.913234226291519,5878.0,5851.0
2023-08-08,SM000,LONG,1.6659807069159598,6878.0,6830.0
2023-08-08,cu000,LONG,1.3407892042635015,68770.0,68750.0
2023-08-08,SR000,LONG,1.3271585311649983,6749.0,6746.0
2023-08-08,lu000,LONG,1.0552473891298895,4408.0,4389.0
2023-08-08,fb000,SHORT,-0.72567776461366,1211.0,1206.0
2023-08-08,rr000,SHORT,-0.7895873638095486,3545.0,3544.0
2023-08-08,jm000,SHORT,-0.8030176933089563,1483.5,1481.5
2023-08-08,pp000,SHORT,-0.8239525456696823,7360.0,7369.0
2023-08-08,c000,SHORT,-0.8498657057979244,2771.0,2768.0
2023-08-09,RS000,LONG,3.0834095124000958,6004.0,6016.0
2023-08-09,ag000,LONG,2.5815569257446165,5570.0,5564.0
2023-08-09,bc000,LONG,2.3873684587487722,60540.0,60450.0
2023-08-09,CF000,LONG,2.017583017996346,17165.0,17140.0
2023-08-09,ni000,LONG,1.6719958983642285,165330.0,165250.0
2023-08-09,pb000,SHORT,-0.7255102849551655,15915.0,15920.0
2023-08-09,zn000,SHORT,-0.7319686239718923,20680.0,20670.0
2023-08-09,ru000,SHORT,-0.8686065006520696,12935.0,12925.0
2023-08-09,lh000,SHORT,-0.8970509242822594,17515.0,17500.0
2023-08-09,CY000,SHORT,-1.212455110239237,23170.0,23145.0
2023-08-10,sn000,LONG,1.3374075720051628,225300.0,225020.0
2023-08-10,pp000,LONG,1.0662616191506387,7438.0,7456.0
2023-08-10,CJ000,LONG,0.39543945263247493,13455.0,13460.0
2023-08-10,ni000,LONG,0.3777524214312467,164220.0,164160.0
2023-08-10,ru000,LONG,0.3246800130598804,12985.0,12990.0
2023-08-10,MA000,SHORT,-0.886375717109717,2347.0,2353.0
2023-08-10,CF000,SHORT,-0.9048938435998573,17240.0,17175.0
2023-08-10,jm000,SHORT,-1.1157733073929756,1499.5,1503.0
2023-08-10,fu000,SHORT,-2.18050374141876,3572.0,3570.0
2023-08-10,a000,SHORT,-3.8603265674338054,5099.0,5099.0
2023-08-11,a000,LONG,4.1041723802706755,5101.0,5100.0
2023-08-11,pp000,LONG,1.6441380674751396,7408.0,7398.0
2023-08-11,SM000,LONG,1.0570130710827956,6906.0,6920.0
2023-08-11,lu000,LONG,1.0066642204961793,4443.0,4463.0
2023-08-11,MA000,LONG,0.9907987475519655,2446.0,2446.0
2023-08-11,cs000,SHORT,-0.7717252018681965,3141.0,3154.0
2023-08-11,RM000,SHORT,-0.8207177973364261,3871.0,3884.0
2023-08-11,hc000,SHORT,-0.8634512214081458,3935.0,3932.0
2023-08-11,jd000,SHORT,-0.8655265635375591,4360.0,4326.0
2023-08-11,cu000,SHORT,-2.025720815461009,68370.0,68410.0
2023-08-14,bc000,LONG,3.073060454536452,60230.0,60220.0
2023-08-14,pp000,LONG,3.054913893315658,7397.0,7418.0
2023-08-14,RS000,LONG,2.8512879250839718,5870.0,6029.0
2023-08-14,ss000,LONG,2.5153706799957978,15520.0,15515.0
2023-08-14,ni000,LONG,1.4739626499944356,164660.0,164220.0
2023-08-14,SR000,SHORT,-1.8867942564256515,6901.0,6898.0
2023-08-14,lh000,SHORT,-2.9285370904502956,17345.0,17225.0
2023-08-14,c000,SHORT,-2.9294589671915827,2706.0,2709.0
2023-08-14,a000,SHORT,-3.7277304528707926,5072.0,5075.0
2023-08-14,CY000,SHORT,-5.645073996818765,23390.0,23350.0
2023-08-15,a000,LONG,4.842670602450957,5037.0,5033.0
2023-08-15,pb000,LONG,2.6140330933974676,15875.0,15865.0
2023-08-15,hc000,LONG,1.3768726602242307,3893.0,3898.0
2023-08-15,SR000,LONG,1.2810406397412388,6874.0,6873.0
2023-08-15,ag000,LONG,1.1624561052238838,5607.0,5603.0
2023-08-15,SF000,SHORT,-1.109950791330485,6936.0,6890.0
2023-08-15,RS000,SHORT,-1.2583986327725099,5965.0,6162.0
2023-08-15,SA000,SHORT,-1.4676832531024064,1550.0,1568.0
2023-08-15,MA000,SHORT,-1.6162764206915141,2420.0,2431.0
2023-08-15,CY000,SHORT,-1.6636995243454165,23090.0,23070.0
2023-08-16,bc000,LONG,1.5385956152998987,59970.0,59980.0
2023-08-16,lh000,LONG,1.230331612189509,17330.0,17080.0
2023-08-16,pp000,LONG,0.8924530018465765,7379.0,7389.0
2023-08-16,ag000,LONG,0.5641318360938827,5632.0,5633.0
2023-08-16,v000,LONG,0.49688137767392765,6085.0,6099.0
2023-08-16,a000,SHORT,-1.7656310675360993,5062.0,5061.0
2023-08-16,l000,SHORT,-1.861348974444974,8048.0,8068.0
2023-08-16,CY000,SHORT,-1.9471708221153998,22980.0,23030.0
2023-08-16,cu000,SHORT,-2.3437444803697205,67830.0,67830.0
2023-08-16,ss000,SHORT,-3.1000844509147814,15790.0,15760.0
2023-08-17,sn000,LONG,2.6372748229069276,212090.0,212000.0
2023-08-17,CY000,LONG,1.7663573102891181,22770.0,22840.0
2023-08-17,SA000,LONG,1.3526313428980106,1621.0,1619.0
2023-08-17,cu000,LONG,1.2399093781398738,67870.0,67840.0
2023-08-17,bc000,LONG,1.1925194671907484,59940.0,59910.0
2023-08-17,pp000,SHORT,-1.0665178659400418,7300.0,7350.0
2023-08-17,SR000,SHORT,-1.1349694357054838,6879.0,6888.0
2023-08-17,PK000,SHORT,-1.2394943286035425,10136.0,10356.0
2023-08-17,rr000,SHORT,-1.4435405070209288,3558.0,3552.0
2023-08-17,pb000,SHORT,-2.7895492345989257,16040.0,16040.0
2023-08-18,eg000,LONG,20.51372793310617,3973.0,3967.0
2023-08-18,l000,LONG,2.6305035857240595,8211.0,8209.0
2023-08-18,SR000,LONG,1.8673492368723734,6889.0,6894.0
2023-08-18,c000,LONG,1.218559034899919,2640.0,2639.0
2023-08-18,jd000,LONG,1.0718011141653625,4171.0,4230.0
2023-08-18,CY000,SHORT,-0.7265299777133504,22680.0,22710.0
2023-08-18,SF000,SHORT,-0.7590067966490072,6874.0,6874.0
2023-08-18,m000,SHORT,-0.8385622816621835,3984.0,3971.0
2023-08-18,ag000,SHORT,-2.38451094696352,5643.0,5641.0
2023-08-18,bc000,SHORT,-6.1795415517612335,60300.0,60240.0
2023-08-21,SF000,LONG,4.760518737600203,6842.0,6894.0
2023-08-21,hc000,LONG,4.335602150784802,3867.0,3871.0
2023-08-21,pb000,LONG,4.328575328090385,16100.0,16110.0
2023-08-21,sn000,LONG,3.4781158187287264,212880.0,212960.0
2023-08-21,a000,LONG,3.325297114379652,5218.0,5203.0
2023-08-21,CF000,SHORT,-1.2460451717080128,16890.0,16830.0
2023-08-21,SR000,SHORT,-1.3765848175452187,6921.0,6896.0
2023-08-21,c000,SHORT,-1.5019737369726425,2665.0,2650.0
2023-08-21,y000,SHORT,-2.407707816425315,8166.0,8060.0
2023-08-21,pp000,SHORT,-2.818856450574421,7563.0,7561.0
2023-08-22,CY000,LONG,5.206967675481783,22750.0,22645.0
2023-08-22,pb000,LONG,2.974821360998495,16220.0,16225.0
2023-08-22,ag000,LONG,2.03585696006188,5663.0,5657.0
2023-08-22,lh000,LONG,1.708020983671428,16980.0,16945.0
2023-08-22,zn000,LONG,1.53699823525808,20045.0,20065.0
2023-08-22,l000,SHORT,-0.9788799822753377,8330.0,8335.0
2023-08-22,jm000,SHORT,-1.0886764544490646,1429.0,1437.0
2023-08-22,MA000,SHORT,-2.112620261699252,2497.0,2508.0
2023-08-22,pp000,SHORT,-4.363286109012614,7617.0,7629.0
2023-08-22,a000,SHORT,-6.607430547022684,5237.0,5208.0
2023-08-23,a000,LONG,16.547221434185996,5160.0,5160.0
2023-08-23,eg000,LONG,4.805359016098748,4158.0,4154.0
2023-08-23,SF000,LONG,1.303669004813085,6946.0,6960.0
2023-08-23,j000,LONG,1.0418761702086465,2253.0,2253.5
2023-08-23,y000,LONG,0.7013498123095735,8072.0,8128.0
2023-08-23,zn000,SHORT,-0.829807549697656,20145.0,20150.0
2023-08-23,hc000,SHORT,-0.9390910858363453,3945.0,3937.0
2023-08-23,m000,SHORT,-2.3731151050838997,3988.0,3992.0
2023-08-23,cu000,SHORT,-2.5561836651052534,68830.0,68810.0
2023-08-23,pb000,SHORT,-4.1873026695061695,16265.0,16265.0
2023-08-24,pb000,LONG,3.165568897431529,16480.0,16480.0
2023-08-24,a000,LONG,2.537537529196051,5208.0,5205.0
2023-08-24,y000,LONG,2.258877640074043,8336.0,8272.0
2023-08-24,zn000,LONG,2.0064203208301046,20490.0,20375.0
2023-08-24,rr000,LONG,1.235071754124194,3608.0,3604.0
2023-08-24,CF000,SHORT,-0.5046872872896049,17205.0,17150.0
2023-08-24,hc000,SHORT,-0.972684884521567,3948.0,3938.0
2023-08-24,CY000,SHORT,-1.082262746398057,23020.0,22845.0
2023-08-24,ni000,SHORT,-1.2230159696386018,170370.0,170330.0
2023-08-24,m000,SHORT,-1.5479242795747952,4002.0,3994.0
2023-08-25,pb000,LONG,4.533258269375902,16430.0,16430.0
2023-08-25,zn000,LONG,2.6607928818211155,20545.0,20535.0
2023-08-25,bc000,LONG,1.8305915102812638,61150.0,61100.0
2023-08-25,eg000,LONG,1.2433638545275518,4166.0,4161.0
2023-08-25,a000,LONG,1.2218765030139678,5226.0,5204.0
2023-08-25,MA000,SHORT,-0.3004530496204146,2527.0,2524.0
2023-08-25,sc000,SHORT,-0.3171679054332413,628.1,626.7
2023-08-25,lh000,SHORT,-0.42485316245151444,17410.0,17360.0
2023-08-25,fu000,SHORT,-0.43294495267393507,3541.0,3529.0
2023-08-25,y000,SHORT,-1.024855653249253,8434.0,8378.0
2023-08-28,rr000,LONG,4.241733829614692,3623.0,3628.0
2023-08-28,cu000,LONG,3.197786624929405,68800.0,68730.0
2023-08-28,CY000,LONG,2.7575577086670915,22980.0,23010.0
2023-08-28,bu000,LONG,2.6930915575185552,3743.0,3753.0
2023-08-28,RS000,LONG,2.474830575520286,6213.0,6226.0
2023-08-28,c000,SHORT,-1.5300989811579933,2713.0,2688.0
2023-08-28,a000,SHORT,-1.5727147134820412,5281.0,5266.0
2023-08-28,lu000,SHORT,-2.2224373353395253,4384.0,4380.0
2023-08-28,zn000,SHORT,-2.8057564440800817,20665.0,20630.0
2023-08-28,pb000,SHORT,-6.663779412541265,16370.0,16380.0
2023-08-29,sn000,LONG,1.2582900550350522,212510.0,212420.0
2023-08-29,CF000,LONG,0.9937917719996864,17510.0,17515.0
2023-08-29,pb000,LONG,0.8915675021590956,16245.0,16250.0
2023-08-29,cu000,LONG,0.6114347557236846,68940.0,68940.0
2023-08-29,bc000,LONG,0.3251714446604344,61220.0,61250.0
2023-08-29,eg000,SHORT,-2.2908870500770786,4118.0,4124.0
2023-08-29,CY000,SHORT,-2.5919084348901795,23840.0,23815.0
2023-08-29,lh000,SHORT,-2.685253860311291,16955.0,16780.0
2023-08-29,SF000,SHORT,-2.701388797026729,6898.0,6882.0
2023-08-29,a000,SHORT,-6.840026079273829,5292.0,5312.0
2023-08-30,a000,LONG,7.7214119880338545,5263.0,5252.0
2023-08-30,y000,LONG,2.5111688392287803,8524.0,8542.0
2023-08-30,eg000,LONG,2.269201727435559,4139.0,4124.0
2023-08-30,CF000,LONG,1.54254988668709,17550.0,17580.0
2023-08-30,SR000,LONG,1.450682958845004,6912.0,6914.0
2023-08-30,ni000,SHORT,-0.9314869652277515,165680.0,165620.0
2023-08-30,sn000,SHORT,-0.9827086924483044,213920.0,213960.0
2023-08-30,bc000,SHORT,-1.088105570410235,61760.0,61700.0
2023-08-30,zn000,SHORT,-1.1842032327845597,20940.0,20960.0
2023-08-30,RS000,SHORT,-1.9744701826685824,6263.0,6262.0
2023-08-31,SR000,LONG,3.1972586431954833,6910.0,6962.0
2023-08-31,l000,LONG,2.3058917321816597,8331.0,8325.0
2023-08-31,bc000,LONG,2.241668219224542,61910.0,61910.0
2023-08-31,jd000,LONG,1.5496787039511308,4334.0,4343.0
2023-08-31,a000,LONG,1.3308605553058646,5272.0,5269.0
2023-08-31,pb000,SHORT,-0.8921699408184554,16325.0,16330.0
2023-08-31,CF000,SHORT,-0.9296004154846988,17575.0,17570.0
2023-08-31,TA000,SHORT,-1.0439803708349196,6132.0,6136.0
2023-08-31,SA000,SHORT,-1.1554393315087255,1875.0,1887.0
2023-08-31,eg000,SHORT,-1.1927734595720023,4154.0,4146.0
2023-09-01,a000,LONG,11.984207812857269,5302.0,5307.0
2023-09-01,y000,LONG,2.9114043207562523,8438.0,8466.0
2023-09-01,l000,LONG,2.6949801500585604,8409.0,8383.0
2023-09-01,MA000,LONG,2.3061861329938975,2627.0,2620.0
2023-09-01,SF000,LONG,2.257654227591916,7270.0,7280.0
2023-09-01,sp000,SHORT,-0.4940426490593424,5670.0,5646.0
2023-09-01,cs000,SHORT,-0.7746564590789242,3047.0,3061.0
2023-09-01,p000,SHORT,-0.8751121250733119,7872.0,7908.0
2023-09-01,eg000,SHORT,-1.2608273030799553,4203.0,4179.0
2023-09-01,cu000,SHORT,-1.910816297941874,69220.0,69230.0
2023-09-04,sn000,LONG,2.767771407114244,219450.0,219970.0
2023-09-04,fu000,LONG,2.5709521720659865,3626.0,3646.0
2023-09-04,CY000,LONG,2.335986757932236,23575.0,23700.0
2023-09-04,y000,LONG,1.6418734109187694,8444.0,8486.0
2023-09-04,lh000,LONG,1.4333333591930346,16570.0,16830.0
2023-09-04,zn000,SHORT,-2.942934072522127,21375.0,21380.0
2023-09-04,bu000,SHORT,-4.178945841340362,3804.0,3782.0
2023-09-04,ag000,SHORT,-4.88680097632833,5899.0,5893.0
2023-09-04,pb000,SHORT,-7.062294621840949,17000.0,17025.0
2023-09-04,a000,SHORT,-9.020009584900835,5257.0,5313.0
2023-09-05,sn000,LONG,3.194417188261822,221350.0,221590.0
2023-09-05,a000,LONG,2.586831954741912,5216.0,5211.0
2023-09-05,pb000,LONG,2.4788721692664346,16655.0,16645.0
2023-09-05,RS000,LONG,1.40416045410526,6181.0,6171.0
2023-09-05,CY000,LONG,1.0601953180826984,23420.0,23340.0
2023-09-05,MA000,SHORT,-0.7941396661614756,2584.0,2579.0
2023-09-05,CF000,SHORT,-0.8600400213041292,17530.0,17470.0
2023-09-05,jm000,SHORT,-0.876949311150305,1702.5,1701.0
2023-09-05,fb000,SHORT,-0.9298806412955252,1306.0,1316.5
2023-09-05,pp000,SHORT,-1.6468515882583634,7859.0,7857.0
2023-09-06,CF000,LONG,3.7067346270772292,17760.0,17720.0
2023-09-06,pb000,LONG,2.2501098886981574,16760.0,16740.0
2023-09-06,bc000,LONG,1.8823277639252014,61940.0,61970.0
2023-09-06,sn000,LONG,1.8216006781089809,222580.0,222640.0
2023-09-06,ni000,LONG,1.351442175417727,172470.0,172460.0
2023-09-06,SF000,SHORT,-0.9383018689070444,7312.0,7330.0
2023-09-06,rr000,SHORT,-0.9471203685305654,3640.0,3645.0
2023-09-06,fu000,SHORT,-1.3014947440529663,3743.0,3738.0
2023-09-06,au000,SHORT,-2.9299716590246314,463.7,463.8
2023-09-06,eg000,SHORT,-3.337049076353656,4254.0,4250.0
2023-09-07,eg000,LONG,3.6751142966425916,4278.0,4273.0
2023-09-07,CF000,LONG,3.1134078174610544,17615.0,17615.0
2023-09-07,ss000,LONG,1.8483916427955225,15840.0,15840.0
2023-09-07,l000,LONG,1.3827209928836475,8441.0,8436.0
2023-09-07,CY000,LONG,1.1473116583558862,23240.0,23300.0
2023-09-07,pb000,SHORT,-0.6830734560977061,16885.0,16870.0
2023-09-07,cu000,SHORT,-0.9604188066972457,69010.0,69070.0
2023-09-07,lh000,SHORT,-1.2592343927153808,16765.0,16770.0
2023-09-07,RM000,SHORT,-1.408081326869154,3366.0,3368.0
2023-09-07,a000,SHORT,-6.753249583270505,5247.0,5253.0
2023-09-08,a000,LONG,4.557854141269129,5170.0,5180.0
2023-09-08,fu000,LONG,2.9175050417732176,3750.0,3788.0
2023-09-08,pb000,LONG,1.8488700442890738,17065.0,17070.0
2023-09-08,MA000,LONG,1.6010404462099501,2521.0,2506.0
2023-09-08,l000,LONG,1.4898972273905091,8343.0,8335.0
2023-09-08,ni000,SHORT,-1.068559720464843,167460.0,167570.0
2023-09-08,pp000,SHORT,-1.5566154062351747,7835.0,7823.0
2023-09-08,RS000,SHORT,-1.5885876905388696,6115.0,6188.0
2023-09-08,y000,SHORT,-3.880519550676162,8220.0,8214.0
2023-09-08,bc000,SHORT,-4.369337448725562,60980.0,61000.0
2023-09-11,bc000,LONG,3.750458436526288,60600.0,60610.0
2023-09-11,SR000,LONG,3.18622167289006,7054.0,7072.0
2023-09-11,a000,LONG,2.5996934375911733,5146.0,5149.0
2023-09-11,SM000,LONG,2.5052045797732605,7168.0,7160.0
2023-09-11,ss000,LONG,2.108355049409265,15655.0,15640.0
2023-09-11,CF000,SHORT,-1.1476815428747693,17135.0,17135.0
2023-09-11,pp000,SHORT,-1.2345638164404127,7875.0,7890.0
2023-09-11,cu000,SHORT,-1.3617706195128396,68540.0,68540.0
2023-09-11,lh000,SHORT,-1.7141192734847697,16560.0,16700.0
2023-09-11,y000,SHORT,-2.2785456179457895,8368.0,8346.0
2023-09-12,lu000,LONG,1.3787162355567573,4635.0,4630.0
2023-09-12,RS000,LONG,1.1385120772787973,6177.0,6178.0
2023-09-12,zn000,LONG,0.900689799943411,21825.0,21790.0
2023-09-12,FG000,LONG,0.6989567764820678,1750.0,1764.0
2023-09-12,pb000,LONG,0.6953612731049063,17115.0,17115.0
2023-09-12,SF000,SHORT,-1.35310164306555,7300.0,7336.0
2023-09-12,MA000,SHORT,-1.4517049268257047,2553.0,2561.0
2023-09-12,sn000,SHORT,-1.503755349925387,218260.0,218130.0
2023-09-12,c000,SHORT,-1.537336058475689,2662.0,2659.0
2023-09-12,l000,SHORT,-1.766468319546955,8362.0,8366.0
2023-09-13,pb000,LONG,3.9729220767360394,16860.0,16865.0
2023-09-13,zn000,LONG,2.4060060388214235,21650.0,21650.0
2023-09-13,c000,LONG,1.901008052203711,2649.0,2655.0
2023-09-13,al000,LONG,1.5265525768997084,19250.0,19240.0
2023-09-13,sn000,LONG,1.4934101922443772,215940.0,215810.0
2023-09-13,CJ000,SHORT,-1.0902236625651591,13135.0,13125.0
2023-09-13,cu000,SHORT,-1.387393798460039,69240.0,69210.0
2023-09-13,SR000,SHORT,-2.5333336593579796,6975.0,6981.0
2023-09-13,a000,SHORT,-2.672468617979577,5172.0,5176.0
2023-09-13,CY000,SHORT,-2.82558874632203,22825.0,23005.0
2023-09-14,pb000,LONG,1.8723652509301296,16870.0,16865.0
2023-09-14,eg000,LONG,1.6552832649078595,4298.0,4293.0
2023-09-14,zn000,LONG,1.6175254808321895,21790.0,21790.0
2023-09-14,PF000,LONG,1.1159158166354992,7858.0,7862.0
2023-09-14,lu000,LONG,1.0826338500421246,4715.0,4737.0
2023-09-14,jd000,SHORT,-0.9713647544909553,4384.0,4385.0
2023-09-14,rb000,SHORT,-1.042621030348783,3772.0,3783.0
2023-09-14,cu000,SHORT,-1.3873457088378212,69210.0,69240.0
2023-09-14,rr000,SHORT,-1.8922414319001768,3586.0,3586.0
2023-09-14,a000,SHORT,-2.37466923003473,5110.0,5100.0
2023-09-15,CF000,LONG,3.8173673992943935,17160.0,17160.0
2023-09-15,jm000,LONG,2.973849970827696,1821.5,1815.0
2023-09-15,a000,LONG,2.962266873692184,5137.0,5149.0
2023-09-15,SM000,LONG,2.689464449577256,7126.0,7158.0
2023-09-15,c000,LONG,2.244904451389523,2673.0,2672.0
2023-09-15,bu000,SHORT,-0.49269861308647306,3924.0,3892.0
2023-09-15,zn000,SHORT,-0.6094472459953596,21960.0,21970.0
2023-09-15,ag000,SHORT,-1.1198017459798408,5976.0,5968.0
2023-09-15,au000,SHORT,-1.316863876595774,476.24,475.06
2023-09-15,sn000,SHORT,-1.390870547365355,218720.0,218460.0
2023-09-18,eg000,LONG,4.652506442483976,4389.0,4360.0
2023-09-18,ss000,LONG,3.7394108472147978,15380.0,15395.0
2023-09-18,a000,LONG,2.5588468496814074,5089.0,5087.0
2023-09-18,rr000,LONG,1.5503476539845797,3584.0,3584.0
2023-09-18,c000,LONG,1.5164880771279436,2653.0,2685.0
2023-09-18,MA000,SHORT,-1.8517079568838004,2543.0,2525.0
2023-09-18,y000,SHORT,-2.0356077871168603,8224.0,8208.0
2023-09-18,cs000,SHORT,-2.2706697408076764,2941.0,2990.0
2023-09-18,CF000,SHORT,-4.575213947164588,17095.0,17125.0
2023-09-18,cu000,SHORT,-7.565896980685275,69260.0,69250.0
2023-09-19,l000,LONG,1.9001842389918513,8469.0,8439.0
2023-09-19,SM000,LONG,1.68547497162261,7204.0,7152.0
2023-09-19,SR000,LONG,1.4218565848300766,6899.0,6906.0
2023-09-19,SF000,LONG,1.3718670379809197,7682.0,7576.0
2023-09-19,MA000,LONG,0.9278603722283139,2636.0,2633.0
2023-09-19,PF000,SHORT,-0.7646562345786557,7886.0,7870.0
2023-09-19,m000,SHORT,-0.7853977625060246,3973.0,3981.0
2023-09-19,cu000,SHORT,-0.7912279071223457,69060.0,69040.0
2023-09-19,RS000,SHORT,-1.261401013396785,6181.0,6137.0
2023-09-19,sn000,SHORT,-2.1251847772692747,221940.0,221780.0
2023-09-20,cu000,LONG,2.454726795431138,68620.0,68640.0
2023-09-20,m000,LONG,1.8655023883725148,3981.0,3963.0
2023-09-20,a000,LONG,1.5722626033114455,5090.0,5084.0
2023-09-20,eg000,LONG,1.4139740441189304,4404.0,4418.0
2023-09-20,bc000,LONG,1.1988978098066982,60800.0,60800.0
2023-09-20,PK000,SHORT,-1.2840930145124778,10150.0,10164.0
2023-09-20,lh000,SHORT,-1.3192583391926949,16755.0,17015.0
2023-09-20,y000,SHORT,-1.5126216420512024,8098.0,8094.0
2023-09-20,sn000,SHORT,-1.688013655062706,221960.0,222200.0
2023-09-20,pp000,SHORT,-1.9903994614307314,8049.0,8083.0
2023-09-21,cu000,LONG,2.0468972727884562,68960.0,68900.0
2023-09-21,lh000,LONG,1.9734166546786653,17000.0,16750.0
2023-09-21,pb000,LONG,1.9026543291002092,17160.0,17185.0
2023-09-21,bc000,LONG,1.1040009003101154,61120.0,61060.0
2023-09-21,bu000,LONG,1.0149423506596393,3881.0,3927.0
2023-09-21,a000,SHORT,-1.6368068702813197,5111.0,5130.0
2023-09-21,sn000,SHORT,-2.2615521265449283,221430.0,221240.0
2023-09-21,pp000,SHORT,-2.3133470001400585,7944.0,7965.0
2023-09-21,c000,SHORT,-2.3409824122804963,2653.0,2649.0
2023-09-21,y000,SHORT,-2.6683978537616904,8004.0,8024.0
2023-09-22,fu000,LONG,1.6220848835808401,3752.0,3758.0
2023-09-22,CF000,LONG,1.2287782810632544,17170.0,17140.0
2023-09-22,lh000,LONG,0.975270301566426,16765.0,16765.0
2023-09-22,pp000,LONG,0.9648347444688365,7855.0,7848.0
2023-09-22,pb000,LONG,0.954953874342542,16780.0,16770.0
2023-09-22,eg000,SHORT,-1.302959642740167,4297.0,4290.0
2023-09-22,sn000,SHORT,-2.0247498855830828,217390.0,217120.0
2023-09-22,y000,SHORT,-2.0724977518083767,7858.0,7876.0
2023-09-22,cu000,SHORT,-2.6366978498057594,67750.0,67780.0
2023-09-22,a000,SHORT,-2.890570552006967,5071.0,5079.0
2023-09-25,CY000,LONG,3.983888648221017,23310.0,23265.0
2023-09-25,lh000,LONG,2.4604357945880215,16940.0,16775.0
2023-09-25,c000,LONG,1.34740066756409,2620.0,2646.0
2023-09-25,hc000,LONG,0.902130323637379,3850.0,3858.0
2023-09-25,jd000,LONG,0.893366860960932,4566.0,4545.0
2023-09-25,l000,SHORT,-2.6658697919278107,8261.0,8263.0
2023-09-25,au000,SHORT,-3.0183999877196492,470.86,470.8
2023-09-25,cu000,SHORT,-3.6649534966826423,67820.0,67880.0
2023-09-25,bc000,SHORT,-5.856393903315685,60220.0,60280.0
2023-09-25,a000,SHORT,-7.257952413110019,5057.0,5077.0
2023-09-26,pb000,LONG,4.661673146859816,16765.0,16730.0
2023-09-26,bc000,LONG,3.4883672404360015,59920.0,59920.0
2023-09-26,RS000,LONG,3.4634048653606726,6146.0,6161.0
2023-09-26,ni000,LONG,2.2383082980693465,156850.0,156180.0
2023-09-26,zn000,LONG,2.126479761872699,21740.0,21720.0
2023-09-26,a000,SHORT,-0.807540028797353,5041.0,5011.0
2023-09-26,c000,SHORT,-0.953439172984863,2621.0,2624.0
2023-09-26,lh000,SHORT,-1.4158848741657635,16770.0,16615.0
2023-09-26,cu000,SHORT,-1.6251945176212037,67520.0,67500.0
2023-09-26,eg000,SHORT,-2.4819461421703233,4232.0,4229.0
2023-09-27,pb000,LONG,2.892875134603762,16755.0,16760.0
2023-09-27,y000,LONG,2.237641204154629,7982.0,7962.0
2023-09-27,hc000,LONG,1.0978963047577983,3763.0,3767.0
2023-09-27,zn000,LONG,0.7360875752306743,21550.0,21535.0
2023-09-27,au000,LONG,0.7008414209841721,469.18,469.42
2023-09-27,l000,SHORT,-2.13905495086838,8238.0,8231.0
2023-09-27,lh000,SHORT,-2.2807692235092794,16495.0,16610.0
2023-09-27,sn000,SHORT,-2.466692029079553,221720.0,221490.0
2023-09-27,CY000,SHORT,-3.034143195906956,23170.0,23130.0
2023-09-27,eg000,SHORT,-6.8857996260476275,4193.0,4178.0
2023-09-28,pp000,LONG,5.24958386131474,7791.0,7758.0
2023-09-28,a000,LONG,3.203142428423319,5076.0,5089.0
2023-09-28,PK000,LONG,2.0808432136674937,9810.0,9778.0
2023-09-28,CY000,LONG,1.640358340893883,23325.0,23350.0
2023-09-28,MA000,LONG,1.39741700470676,2502.0,2489.0
2023-09-28,CF000,SHORT,-1.0095937958351902,17460.0,17495.0
2023-09-28,eg000,SHORT,-1.149186995993747,4180.0,4167.0
2023-09-28,pb000,SHORT,-1.1950668048559696,16550.0,16550.0
2023-09-28,sn000,SHORT,-1.581334394403037,217380.0,217440.0
2023-09-28,RS000,SHORT,-1.7852126175370242,6152.0,6175.0
2023-10-09,MA000,LONG,7.719962558314454,2470.0,2488.0
2023-10-09,sc000,LONG,4.250186466938846,669.3,656.8
2023-10-09,p000,LONG,2.819648120307492,7200.0,7172.0
2023-10-09,bu000,LONG,1.8746063335756884,3810.0,3752.0
2023-10-09,CF000,LONG,1.6576224469694372,17680.0,17600.0
2023-10-09,a000,SHORT,-5.960506955326814,5036.0,5078.0
2023-10-09,au000,SHORT,-6.076393719854997,454.54,454.8
2023-10-09,RS000,SHORT,-6.51861251080613,6250.0,6369.0
2023-10-09,bc000,SHORT,-11.151491872481985,59620.0,59670.0
2023-10-09,pb000,SHORT,-13.216674179960354,16710.0,16655.0
2023-10-10,sn000,LONG,3.1714621766083524,213730.0,214130.0
2023-10-10,ag000,LONG,1.060145480182279,5666.0,5672.0
2023-10-10,lh000,LONG,0.9359031039645207,15905.0,15555.0
2023-10-10,AP000,LONG,0.9231377974071304,9390.0,9373.0
2023-10-10,RM000,LONG,0.5949567969337224,2940.0,2958.0
2023-10-10,SM000,SHORT,-1.9503217677726796,6856.0,6784.0
2023-10-10,ss000,SHORT,-2.042246556779963,14700.0,14690.0
2023-10-10,eg000,SHORT,-5.233877349707361,4098.0,4132.0
2023-10-10,MA000,SHORT,-5.416928167818316,2459.0,2491.0
2023-10-10,a000,SHORT,-7.662711827054046,5133.0,5125.0
2023-10-11,a000,LONG,3.784087328688528,5105.0,5107.0
2023-10-11,pb000,LONG,3.320512402100873,16345.0,16340.0
2023-10-11,l000,LONG,3.003063547985524,8038.0,8015.0
2023-10-11,pp000,LONG,2.0625114847804555,7470.0,7456.0
2023-10-11,CY000,LONG,1.857505605749514,23370.0,23305.0
2023-10-11,al000,SHORT,-0.276330956143556,19030.0,19020.0
2023-10-11,CF000,SHORT,-0.4239037435320065,17145.0,17150.0
2023-10-11,ag000,SHORT,-0.5704796219534062,5636.0,5641.0
2023-10-11,cu000,SHORT,-1.017114889557862,66710.0,66590.0
2023-10-11,sn000,SHORT,-1.9983325205749836,210130.0,210080.0
2023-10-12,CY000,LONG,3.102783089353949,23175.0,23200.0
2023-10-12,pb000,LONG,1.9144626778157452,16345.0,16350.0
2023-10-12,RS000,LONG,1.4047453370586915,6398.0,6250.0
2023-10-12,SR000,LONG,1.2285091951137443,6753.0,6766.0
2023-10-12,zn000,LONG,0.9424727351280473,21305.0,21310.0
2023-10-12,l000,SHORT,-1.002034456762224,8009.0,8022.0
2023-10-12,ag000,SHORT,-1.0158300858418798,5652.0,5649.0
2023-10-12,fu000,SHORT,-1.1019952567655429,3266.0,3279.0
2023-10-12,a000,SHORT,-1.5429965344520784,5026.0,5039.0
2023-10-12,rr000,SHORT,-2.3405663408080475,3539.0,3539.0
2023-10-13,RS000,LONG,2.053880066044908,6317.0,6417.0
2023-10-13,SA000,LONG,1.3478678184506827,1702.0,1705.0
2023-10-13,PF000,LONG,0.820192777640183,7332.0,7316.0
2023-10-13,eg000,LONG,0.8092682574691235,4094.0,4093.0
2023-10-13,PK000,LONG,0.5935277077181282,9770.0,9690.0
2023-10-13,bc000,SHORT,-1.3094012112544282,58720.0,58740.0
2023-10-13,sn000,SHORT,-1.6125428709499214,212880.0,213110.0
2023-10-13,cu000,SHORT,-1.811799701653177,66390.0,66410.0
2023-10-13,pb000,SHORT,-2.105835373452502,16225.0,16205.0
2023-10-13,a000,SHORT,-2.7438303189030213,5061.0,5046.0
2023-10-16,eg000,LONG,6.8425629464480835,4111.0,4094.0
2023-10-16,c000,LONG,2.2590197393649523,2524.0,2541.0
2023-10-16,RS000,LONG,2.2079758360353923,6388.0,6371.0
2023-10-16,CY000,LONG,2.0163914394537765,23100.0,23090.0
2023-10-16,SR000,LONG,1.8087752332127007,6843.0,6831.0
2023-10-16,bc000,SHORT,-1.536975665014396,58480.0,58520.0
2023-10-16,pb000,SHORT,-1.8253048413157507,16115.0,16090.0
2023-10-16,sn000,SHORT,-1.8379503887846884,215900.0,216100.0
2023-10-16,sc000,SHORT,-2.307268902449129,672.5,673.0
2023-10-16,cu000,SHORT,-2.6247194698403913,66090.0,66130.0
2023-10-17,pp000,LONG,1.3197584154201303,7468.0,7480.0
2023-10-17,pb000,LONG,1.147247458448205,16190.0,16190.0
2023-10-17,m000,LONG,0.5364413341273272,3898.0,3888.0
2023-10-17,c000,LONG,0.5285627463718547,2512.0,2515.0
2023-10-17,OI000,LONG,0.5072699215960232,8995.0,8982.0
2023-10-17,au000,SHORT,-1.9927575756056746,463.24,463.2
2023-10-17,ag000,SHORT,-3.360232766821243,5827.0,5823.0
2023-10-17,a000,SHORT,-4.331417358037879,5006.0,5046.0
2023-10-17,cu000,SHORT,-4.875158751540007,66310.0,66250.0
2023-10-17,eg000,SHORT,-7.007168973413219,4091.0,4082.0
2023-10-18,sn000,LONG,2.2531008128189507,218070.0,217690.0
2023-10-18,eg000,LONG,1.5247431353193683,4106.0,4104.0
2023-10-18,a000,LONG,0.9644490486986788,4909.0,4908.0
2023-10-18,SR000,LONG,0.9107550953315646,6827.0,6824.0
2023-10-18,ni000,LONG,0.756209733885533,150500.0,150460.0
2023-10-18,CJ000,SHORT,-0.876206775873344,13555.0,13660.0
2023-10-18,pb000,SHORT,-1.3658855942508525,16365.0,16360.0
2023-10-18,CF000,SHORT,-1.4060967387513423,16465.0,16565.0
2023-10-18,bc000,SHORT,-1.7033018465236334,58770.0,58760.0
2023-10-18,CY000,SHORT,-3.1290445856624105,22370.0,22540.0
2023-10-19,pb000,LONG,5.5051163278072925,16420.0,16420.0
2023-10-19,eg000,LONG,2.960379074799163,4059.0,4057.0
2023-10-19,cu000,LONG,2.307258775278028,66440.0,66480.0
2023-10-19,zn000,LONG,2.239893070018914,21125.0,21145.0
2023-10-19,a000,LONG,1.8574240099080386,4909.0,4904.0
2023-10-19,lh000,SHORT,-1.0322113941786746,16515.0,16560.0
2023-10-19,CY000,SHORT,-1.0813494539508937,22325.0,22275.0
2023-10-19,CF000,SHORT,-1.1563832996614842,16510.0,16455.0
2023-10-19,l000,SHORT,-1.8290395513674647,7921.0,7913.0
2023-10-19,sn000,SHORT,-2.1243487464079873,218580.0,218510.0
2023-10-20,bc000,LONG,3.4533470364192236,59100.0,59040.0
2023-10-20,l000,LONG,2.341543911241919,8000.0,7963.0
2023-10-20,au000,LONG,2.0121133211664315,472.9,473.12
2023-10-20,RS000,LONG,1.9853961731430536,6329.0,6304.0
2023-10-20,ss000,LONG,1.545450131815066,14685.0,14690.0
2023-10-20,AP000,SHORT,-0.16029030659119275,9215.0,9250.0
2023-10-20,al000,SHORT,-0.9097298289669437,19005.0,18995.0
2023-10-20,sn000,SHORT,-0.9514074276750141,216690.0,216770.0
2023-10-20,CF000,SHORT,-1.200783876495778,16440.0,16405.0
2023-10-20,fu000,SHORT,-1.2058362824345905,3520.0,3453.0
2023-10-23,cu000,LONG,4.468546708451501,66120.0,66180.0
2023-10-23,eg000,LONG,4.161789887952757,4058.0,4059.0
2023-10-23,cs000,LONG,1.2326382839796843,2852.0,2830.0
2023-10-23,sn000,LONG,1.1818630641218917,215270.0,215290.0
2023-10-23,lu000,LONG,1.1044940976090074,4642.0,4740.0
2023-10-23,l000,SHORT,-5.070918842555557,7923.0,7957.0
2023-10-23,a000,SHORT,-5.2176762521911115,4916.0,4909.0
2023-10-23,bc000,SHORT,-5.751124996234201,58640.0,58690.0
2023-10-23,rr000,SHORT,-6.145982790629042,3555.0,3551.0
2023-10-23,CY000,SHORT,-8.65967277996251,21645.0,21645.0
2023-10-24,lh000,LONG,2.3571981238909583,16345.0,16200.0
2023-10-24,RM000,LONG,1.0746030461187992,2908.0,2936.0
2023-10-24,sn000,LONG,0.9951044185955501,213830.0,213510.0
2023-10-24,PK000,LONG,0.799246036120598,9160.0,9052.0
2023-10-24,SR000,LONG,0.716814976169133,6758.0,6753.0
2023-10-24,ss000,SHORT,-1.1144690611158632,14575.0,14570.0
2023-10-24,CY000,SHORT,-1.1209166327407531,21705.0,21775.0
2023-10-24,m000,SHORT,-1.4585415635633632,3853.0,3877.0
2023-10-24,RS000,SHORT,-1.8274924836169681,6288.0,6324.0
2023-10-24,CF000,SHORT,-2.321835127063213,15965.0,16050.0
2023-10-25,bc000,LONG,4.905262728577984,59310.0,59340.0
2023-10-25,a000,LONG,4.128495580026669,4865.0,4847.0
2023-10-25,RS000,LONG,3.5785436444214462,6324.0,6337.0
2023-10-25,CY000,LONG,3.5395648890743017,21920.0,21955.0
2023-10-25,SR000,LONG,2.4937373946544263,6834.0,6827.0
2023-10-25,m000,SHORT,-0.6112031029505306,3930.0,3879.0
2023-10-25,zn000,SHORT,-0.617051045971122,21005.0,21010.0
2023-10-25,cu000,SHORT,-0.6305576144067138,66800.0,66850.0
2023-10-25,au000,SHORT,-0.7753720703501862,474.28,473.9
2023-10-25,eg000,SHORT,-1.404892338895202,4127.0,4117.0
2023-10-26,eg000,LONG,2.3334622058905445,4124.0,4123.0
2023-10-26,pb000,LONG,1.4541431977199828,16230.0,16235.0
2023-10-26,zn000,LONG,1.29234584510673,21160.0,21170.0
2023-10-26,bc000,LONG,1.1807850034272365,59300.0,59310.0
2023-10-26,fu000,LONG,1.1581234630608812,3372.0,3311.0
2023-10-26,SR000,SHORT,-0.6304853006379877,6817.0,6790.0
2023-10-26,CF000,SHORT,-0.7528978633805666,16120.0,16075.0
2023-10-26,a000,SHORT,-1.71497611383352,4861.0,4853.0
2023-10-26,CY000,SHORT,-2.2797109521719428,21770.0,21770.0
2023-10-26,sn000,SHORT,-5.986747059412897,215950.0,215840.0
2023-10-27,pp000,LONG,1.3127000941610731,7447.0,7461.0
2023-10-27,bc000,LONG,1.1849938482159268,58950.0,58990.0
2023-10-27,al000,LONG,0.8958394447654863,18905.0,18900.0
2023-10-27,b000,LONG,0.7028970016907852,4405.0,4421.0
2023-10-27,CY000,LONG,0.7019195811360708,21880.0,21940.0
2023-10-27,MA000,SHORT,-1.3354554804254664,2388.0,2391.0
2023-10-27,ss000,SHORT,-1.5875088533495965,14580.0,14590.0
2023-10-27,lh000,SHORT,-1.6193042493694476,16000.0,16070.0
2023-10-27,pb000,SHORT,-1.729841103871628,16205.0,16205.0
2023-10-27,a000,SHORT,-2.395519917368886,4900.0,4897.0
2023-10-30,cu000,LONG,4.949031921767861,67230.0,67260.0
2023-10-30,a000,LONG,3.888237880987947,4912.0,4938.0
2023-10-30,bc000,LONG,3.2339999554344327,59700.0,59720.0
2023-10-30,eg000,LONG,3.233507272326609,4162.0,4156.0
2023-10-30,ss000,LONG,1.7475037949156762,14665.0,14670.0
2023-10-30,CY000,SHORT,-0.8931595603103148,21770.0,21775.0
2023-10-30,SR000,SHORT,-1.026306570414771,6811.0,6783.0
2023-10-30,sn000,SHORT,-1.5379826951127165,213930.0,213830.0
2023-10-30,ag000,SHORT,-2.2742734566541705,5828.0,5826.0
2023-10-30,CF000,SHORT,-4.174293643963707,16095.0,16120.0
2023-10-31,sn000,LONG,2.3025074773593053,213680.0,214320.0
2023-10-31,hc000,LONG,1.662659525575574,3840.0,3839.0
2023-10-31,pb000,LONG,1.4457441235052142,16270.0,16265.0
2023-10-31,pp000,LONG,1.249732345077058,7592.0,7586.0
2023-10-31,l000,LONG,1.1441986393062114,8136.0,8128.0
2023-10-31,RS000,SHORT,-1.5707599648265704,6074.0,6450.0
2023-10-31,bu000,SHORT,-1.6141206357958657,3722.0,3722.0
2023-10-31,lh000,SHORT,-1.6726894497278886,16285.0,16280.0
2023-10-31,SR000,SHORT,-3.9817084614436484,6788.0,6807.0
2023-10-31,SA000,SHORT,-4.384357419572271,1724.0,1718.0
2023-11-01,y000,LONG,2.1283757707815933,7996.0,8024.0
2023-11-01,a000,LONG,1.9958897079798483,4883.0,4895.0
2023-11-01,eg000,LONG,1.9571158528962065,4126.0,4128.0
2023-11-01,pb000,LONG,1.9400650021443913,16245.0,16250.0
2023-11-01,pp000,LONG,1.6386245981054088,7603.0,7611.0
2023-11-01,PF000,SHORT,-0.8851947005690566,7464.0,7478.0
2023-11-01,ag000,SHORT,-0.9184422549583533,5839.0,5861.0
2023-11-01,CY000,SHORT,-1.200033232202419,21430.0,21535.0
2023-11-01,al000,SHORT,-2.475834259038803,19170.0,19170.0
2023-11-01,sn000,SHORT,-3.503260016605537,206080.0,206040.0
2023-11-02,pb000,LONG,3.9223138216653495,16330.0,16325.0
2023-11-02,ss000,LONG,2.4697212401540902,14345.0,14360.0
2023-11-02,zn000,LONG,2.421048378576337,21490.0,21540.0
2023-11-02,sn000,LONG,1.55802457013148,205660.0,205880.0
2023-11-02,jd000,LONG,1.3467661316765511,4318.0,4325.0
2023-11-02,eg000,SHORT,-1.071150732670316,4107.0,4106.0
2023-11-02,CF000,SHORT,-1.380575816160045,15620.0,15655.0
2023-11-02,al000,SHORT,-1.4450139753969053,19195.0,19215.0
2023-11-02,a000,SHORT,-1.889470361511191,4856.0,4847.0
2023-11-02,SR000,SHORT,-2.4352138136258312,6833.0,6825.0
2023-11-03,a000,LONG,8.72648012985954,4914.0,4904.0
2023-11-03,CY000,LONG,5.273100122074541,21735.0,21635.0
2023-11-03,ss000,LONG,5.030993638951651,14505.0,14515.0
2023-11-03,SR000,LONG,1.8008639576728798,6870.0,6843.0
2023-11-03,bc000,LONG,1.3847901685892705,59960.0,60060.0
2023-11-03,SF000,SHORT,-0.6471423313904596,7124.0,7090.0
2023-11-03,cs000,SHORT,-0.6622594066402931,2891.0,2898.0
2023-11-03,ao000,SHORT,-0.8141122731805416,3042.0,3043.0
2023-11-03,pb000,SHORT,-1.4571403131010576,16520.0,16535.0
2023-11-03,cu000,SHORT,-1.4629773103633104,67450.0,67530.0
2023-11-06,CY000,LONG,5.520713102975105,21520.0,21700.0
2023-11-06,sn000,LONG,1.1391843128213943,208050.0,208220.0
2023-11-06,zn000,LONG,1.1378037339375366,21440.0,21475.0
2023-11-06,RS000,LONG,1.1013852411867935,6106.0,5965.0
2023-11-06,ag000,LONG,0.9174378327091629,5882.0,5880.0
2023-11-06,bu000,SHORT,-2.335677090971211,3732.0,3742.0
2023-11-06,eg000,SHORT,-2.7110290071724377,4132.0,4143.0
2023-11-06,SR000,SHORT,-3.019694665036346,6892.0,6907.0
2023-11-06,l000,SHORT,-3.2713367221133436,8196.0,8230.0
2023-11-06,rr000,SHORT,-4.322797502144661,3592.0,3583.0
2023-11-07,bc000,LONG,2.7865896045336935,60260.0,60260.0
2023-11-07,SA000,LONG,2.5805961088958753,1844.0,1854.0
2023-11-07,ni000,LONG,1.5013184785602227,143520.0,143420.0
2023-11-07,RS000,LONG,1.4875908194214715,6087.0,6100.0
2023-11-07,lu000,LONG,1.0310832381851902,4405.0,4493.0
2023-11-07,hc000,SHORT,-2.1388680716402093,3892.0,3896.0
2023-11-07,c000,SHORT,-2.1703230820649857,2563.0,2564.0
2023-11-07,m000,SHORT,-2.2808276946097314,4129.0,4105.0
2023-11-07,pb000,SHORT,-3.335138216388047,16535.0,16515.0
2023-11-07,eg000,SHORT,-8.973614392383643,4203.0,4209.0
2023-11-08,eg000,LONG,1.6124034012509527,4169.0,4178.0
2023-11-08,CY000,LONG,1.4279053857568345,21560.0,21565.0
2023-11-08,bc000,LONG,1.233650035991244,59930.0,59920.0
2023-11-08,nr000,LONG,1.1338936269190272,10550.0,10600.0
2023-11-08,ni000,LONG,0.9314901595759312,138430.0,137730.0
2023-11-08,lh000,SHORT,-1.4752812662620356,15620.0,15710.0
2023-11-08,a000,SHORT,-1.7090236122528828,4944.0,4965.0
2023-11-08,hc000,SHORT,-1.7350640823841492,3882.0,3878.0
2023-11-08,c000,SHORT,-1.8680984812786479,2544.0,2544.0
2023-11-08,sn000,SHORT,-4.6217873450359095,208680.0,207960.0
2023-11-09,fu000,LONG,1.3063534306259694,3095.0,3114.0
2023-11-09,al000,LONG,1.2202643834883895,19220.0,19225.0
2023-11-09,l000,LONG,1.1515856751029714,8185.0,8201.0
2023-11-09,pp000,LONG,1.000885258286559,7716.0,7728.0
2023-11-09,ss000,LONG,0.9991764002019767,14540.0,14530.0
2023-11-09,au000,SHORT,-0.7837588293369014,470.54,470.8
2023-11-09,pb000,SHORT,-0.9815788376382217,16535.0,16540.0
2023-11-09,bc000,SHORT,-1.839095901923807,59580.0,59600.0
2023-11-09,a000,SHORT,-1.848794090407117,4958.0,4963.0
2023-11-09,cu000,SHORT,-2.4867082105694736,67140.0,67150.0
2023-11-10,eg000,LONG,4.309506288501213,4212.0,4202.0
2023-11-10,a000,LONG,3.2804632068124993,4936.0,4944.0
2023-11-10,l000,LONG,2.2466796242639333,8220.0,8207.0
2023-11-10,cu000,LONG,2.1227461580748863,67390.0,67420.0
2023-11-10,SR000,LONG,1.3519373848501384,6991.0,6995.0
2023-11-10,bc000,SHORT,-0.7519314357949768,59750.0,59770.0
2023-11-10,CF000,SHORT,-1.0055732157333097,15895.0,15850.0
2023-11-10,ni000,SHORT,-1.0066486599293543,142360.0,142250.0
2023-11-10,CY000,SHORT,-2.1660096708685477,21880.0,21830.0
2023-11-10,RS000,SHORT,-2.548672023874883,6128.0,6129.0
2023-11-13,a000,LONG,5.264863850243707,4927.0,4925.0
2023-11-13,CY000,LONG,3.0224990176956945,21695.0,21665.0
2023-11-13,bc000,LONG,2.5065938714353124,59070.0,59000.0
2023-11-13,cu000,LONG,1.6987868449216912,66820.0,66770.0
2023-11-13,SF000,LONG,1.6292064073971024,7172.0,7140.0
2023-11-13,rb000,SHORT,-2.1015236707073783,3896.0,3904.0
2023-11-13,eg000,SHORT,-2.67456019784136,4171.0,4195.0
2023-11-13,ss000,SHORT,-2.712534875630021,14325.0,14345.0
2023-11-13,pb000,SHORT,-2.826345479973897,16475.0,16460.0
2023-11-13,l000,SHORT,-3.4134778689908942,8111.0,8193.0
2023-11-14,eg000,LONG,9.686952038549975,4163.0,4151.0
2023-11-14,pb000,LONG,5.35444648046229,16465.0,16460.0
2023-11-14,a000,LONG,3.2307783321854795,4949.0,4933.0
2023-11-14,CF000,LONG,2.1819287846960016,15715.0,15665.0
2023-11-14,zn000,LONG,1.977923314813916,21515.0,21515.0
2023-11-14,hc000,SHORT,-0.25396951196632783,3956.0,3947.0
2023-11-14,sc000,SHORT,-0.4088362058478246,604.1,602.4
2023-11-14,p000,SHORT,-0.5168494011218746,7426.0,7336.0
2023-11-14,bc000,SHORT,-1.0734793374784304,59750.0,59720.0
2023-11-14,SR000,SHORT,-1.2698033789402154,6937.0,6906.0
2023-11-15,a000,LONG,5.277745823987521,4965.0,4963.0
2023-11-15,SR000,LONG,4.329330974788683,6908.0,6926.0
2023-11-15,pb000,LONG,2.4762885346801946,16515.0,16435.0
2023-11-15,y000,LONG,1.7609153016533463,8448.0,8436.0
2023-11-15,eg000,LONG,1.6761307452435932,4199.0,4202.0
2023-11-15,MA000,SHORT,-0.6585071704952662,2482.0,2481.0
2023-11-15,cu000,SHORT,-0.8174743800117691,67790.0,67790.0
2023-11-15,lh000,SHORT,-1.049915517963833,15900.0,15815.0
2023-11-15,rr000,SHORT,-1.1256842820606332,3576.0,3578.0
2023-11-15,au000,SHORT,-1.9079650374290442,472.98,473.16
2023-11-16,eg000,LONG,2.7809550629217044,4239.0,4233.0
2023-11-16,y000,LONG,2.532927971845108,8472.0,8486.0
2023-11-16,l000,LONG,2.4747757121982126,8160.0,8167.0
2023-11-16,ss000,LONG,2.0572932592472535,14100.0,14110.0
2023-11-16,jd000,LONG,1.6535846685328381,4349.0,4389.0
2023-11-16,lu000,SHORT,-1.1120944203422698,4297.0,4345.0
2023-11-16,CY000,SHORT,-1.2416590506030782,21775.0,21765.0
2023-11-16,hc000,SHORT,-1.6273975680310944,4003.0,3990.0
2023-11-16,pb000,SHORT,-2.26266032706028,16780.0,16770.0
2023-11-16,a000,SHORT,-4.710523204922567,4995.0,4993.0
2023-11-17,sn000,LONG,3.459806921445212,212520.0,212600.0
2023-11-17,cu000,LONG,0.8394576737694924,67590.0,67670.0
2023-11-17,jm000,LONG,0.4991179921490605,2063.0,2095.0
2023-11-17,pp000,LONG,0.49786396275587425,7685.0,7721.0
2023-11-17,v000,LONG,0.4216235446917214,6061.0,6077.0
2023-11-17,bc000,SHORT,-3.2020176777165683,59890.0,59950.0
2023-11-17,a000,SHORT,-4.447654252530533,5037.0,5033.0
2023-11-17,pb000,SHORT,-4.5608911414974935,16980.0,16975.0
2023-11-17,l000,SHORT,-5.1302377861959405,8141.0,8163.0
2023-11-17,eg000,SHORT,-6.159098305756308,4226.0,4233.0
2023-11-20,CY000,LONG,16.536969572900936,21555.0,21625.0
2023-11-20,cu000,LONG,2.7060395058334725,67800.0,67850.0
2023-11-20,lh000,LONG,2.087352629909641,15925.0,15895.0
2023-11-20,SF000,LONG,1.727045236437433,7086.0,6954.0
2023-11-20,sn000,LONG,1.6396113133594623,209000.0,209300.0
2023-11-20,c000,SHORT,-1.2834581608747169,2576.0,2555.0
2023-11-20,jd000,SHORT,-1.5836585210633365,4382.0,4380.0
2023-11-20,pb000,SHORT,-1.6373108745342397,17135.0,17150.0
2023-11-20,a000,SHORT,-2.191319019278925,5059.0,5060.0
2023-11-20,ss000,SHORT,-2.999281241184608,13910.0,13920.0
2023-11-21,eg000,LONG,2.5632814696658914,4193.0,4182.0
2023-11-21,bc000,LONG,1.742495080095184,60530.0,60430.0
2023-11-21,y000,LONG,1.590050090185125,8412.0,8374.0
2023-11-21,SR000,LONG,1.3113715454588493,6905.0,6863.0
2023-11-21,RS000,LONG,1.0656428789314412,6135.0,6093.0
2023-11-21,hc000,SHORT,-1.206491040261158,4062.0,4069.0
2023-11-21,CY000,SHORT,-1.322309980479197,20805.0,20795.0
2023-11-21,cu000,SHORT,-2.633284864960008,68150.0,68050.0
2023-11-21,a000,SHORT,-3.219240150143485,5067.0,5072.0
2023-11-21,au000,SHORT,-8.106226631807322,464.76,464.58
2023-11-22,au000,LONG,4.420517917276405,468.74,469.42
2023-11-22,a000,LONG,3.5852123222908188,5069.0,5056.0
2023-11-22,pb000,LONG,2.702953586654829,16785.0,16785.0
2023-11-22,hc000,LONG,2.1707667154696986,4025.0,4030.0
2023-11-22,ag000,LONG,1.7228886502127303,5895.0,5908.0
2023-11-22,y000,SHORT,-1.7286172652142422,8370.0,8346.0
2023-11-22,CY000,SHORT,-2.2250283531658637,20815.0,20550.0
2023-11-22,bu000,SHORT,-2.294524976999987,3568.0,3557.0
2023-11-22,lh000,SHORT,-2.408574080003211,15725.0,15555.0
2023-11-22,cu000,SHORT,-3.6886088177750187,68140.0,68140.0
2023-11-23,sn000,LONG,2.4049100446943252,205630.0,205180.0
2023-11-23,au000,LONG,1.0997556428853623,466.78,466.98
2023-11-23,rr000,LONG,1.0458598858050587,3518.0,3518.0
2023-11-23,MA000,LONG,0.733728898064637,2355.0,2347.0
2023-11-23,fu000,LONG,0.5513220198192943,3070.0,3001.0
2023-11-23,m000,SHORT,-1.7796864990930932,3970.0,3992.0
2023-11-23,ss000,SHORT,-1.9260426030041464,13600.0,13580.0
2023-11-23,eg000,SHORT,-2.2164463665581735,4078.0,4078.0
2023-11-23,CY000,SHORT,-2.710005294840589,20575.0,20580.0
2023-11-23,pb000,SHORT,-3.915408028854737,16550.0,16575.0
2023-11-24,l000,LONG,2.9567839851857327,7894.0,7876.0
2023-11-24,hc000,LONG,2.600509386010274,4009.0,4000.0
2023-11-24,jd000,LONG,2.06999272048513,4351.0,4315.0
2023-11-24,m000,LONG,1.7360072368585744,3964.0,3966.0
2023-11-24,eg000,LONG,1.4195216915356283,4084.0,4076.0
2023-11-24,cu000,SHORT,-0.5938947730223185,68090.0,68090.0
2023-11-24,jm000,SHORT,-0.5999460722291428,2019.5,2003.5
2023-11-24,lh000,SHORT,-1.5348848761377207,15520.0,15430.0
2023-11-24,CY000,SHORT,-2.5785008675370404,20215.0,20255.0
2023-11-24,a000,SHORT,-3.971536950970201,5057.0,5054.0
2023-11-27,l000,LONG,8.576521163963669,7931.0,7917.0
2023-11-27,pb000,LONG,5.856080100248249,16340.0,16335.0
2023-11-27,pp000,LONG,3.026440762328011,7466.0,7444.0
2023-11-27,SF000,LONG,2.4544177331342905,6926.0,6880.0
2023-11-27,au000,LONG,2.213697036911763,467.08,466.9
2023-11-27,CY000,SHORT,-2.124832637352148,20355.0,20295.0
2023-11-27,hc000,SHORT,-2.1691999712929215,4041.0,4028.0
2023-11-27,cu000,SHORT,-3.1251764554507613,68040.0,68010.0
2023-11-27,ag000,SHORT,-3.7200866916469617,5984.0,5974.0
2023-11-27,CF000,SHORT,-4.1327603124667185,15170.0,15145.0
2023-11-28,CY000,LONG,6.126539697982996,20160.0,20120.0
2023-11-28,CF000,LONG,4.624195788087208,14940.0,14915.0
2023-11-28,a000,LONG,3.850933954569246,5037.0,5033.0
2023-11-28,pb000,LONG,2.9710963659081426,16150.0,16145.0
2023-11-28,bc000,LONG,2.207213913876016,60200.0,60170.0
2023-11-28,jm000,SHORT,-1.2311331927086613,2160.5,2161.5
2023-11-28,sp000,SHORT,-1.3115473236783217,5840.0,5838.0
2023-11-28,lh000,SHORT,-1.3448336117400796,14610.0,14840.0
2023-11-28,cu000,SHORT,-1.7042131859950527,67800.0,67770.0
2023-11-28,MA000,SHORT,-2.8591192861558734,2422.0,2425.0
2023-11-29,lh000,LONG,2.9564645594269767,14850.0,14810.0
2023-11-29,rr000,LONG,2.3413741802422128,3518.0,3519.0
2023-11-29,a000,LONG,2.0217669588525835,5057.0,5064.0
2023-11-29,pb000,LONG,1.6066061380317602,16060.0,16050.0
2023-11-29,j000,LONG,1.5708734503493138,2725.5,2722.0
2023-11-29,ag000,SHORT,-0.9264546752865533,6180.0,6168.0
2023-11-29,pp000,SHORT,-1.16619297531117,7434.0,7435.0
2023-11-29,CF000,SHORT,-1.3191075923871955,15060.0,15055.0
2023-11-29,jm000,SHORT,-2.8843986457046817,2139.0,2134.0
2023-11-29,eg000,SHORT,-3.6808175681414834,4077.0,4066.0
2023-11-30,OI000,LONG,1.8580181769523325,8570.0,8551.0
2023-11-30,ag000,LONG,1.5507176329175736,6132.0,6159.0
2023-11-30,ru000,LONG,0.7010607113336343,13645.0,13645.0
2023-11-30,cu000,LONG,0.6744766785843489,67940.0,68110.0
2023-11-30,ni000,LONG,0.6112614830335282,134260.0,133910.0
2023-11-30,eg000,SHORT,-1.4755924654916834,4100.0,4096.0
2023-11-30,hc000,SHORT,-1.8422338688063484,3975.0,3976.0
2023-11-30,au000,SHORT,-1.9290359551016276,475.52,475.86
2023-11-30,al000,SHORT,-2.777088580500769,18585.0,18610.0
2023-11-30,CY000,SHORT,-3.5880116587760624,20985.0,20955.0
2023-12-01,CY000,LONG,1.711097002323169,20735.0,20800.0
2023-12-01,eg000,LONG,1.2523112767615605,4120.0,4135.0
2023-12-01,MA000,LONG,1.0252870982772633,2483.0,2486.0
2023-12-01,al000,LONG,0.948196276487703,18545.0,18535.0
2023-12-01,ao000,LONG,0.718246144950103,2953.0,2956.0
2023-12-01,bc000,SHORT,-3.1756168671441403,60740.0,60750.0
2023-12-01,m000,SHORT,-3.404176186785791,3870.0,3887.0
2023-12-01,pp000,SHORT,-4.810793597098562,7417.0,7459.0
2023-12-01,l000,SHORT,-5.529930321187514,7906.0,7925.0
2023-12-01,pb000,SHORT,-8.728631561262588,15765.0,15775.0
2023-12-04,au000,LONG,1.8144810007996055,478.26,477.2
2023-12-04,cu000,LONG,1.580505066367481,69070.0,68940.0
2023-12-04,al000,LONG,1.3507694965698347,18690.0,18665.0
2023-12-04,eg000,LONG,1.2544180179760378,4094.0,4107.0
2023-12-04,SF000,LONG,1.1798606576767154,6762.0,6752.0
2023-12-04,lh000,SHORT,-2.2849983178694684,14265.0,13910.0
2023-12-04,PF000,SHORT,-2.4187281288644176,7218.0,7220.0
2023-12-04,a000,SHORT,-3.0195506548938074,4992.0,5022.0
2023-12-04,CF000,SHORT,-3.9010414853429394,14940.0,14935.0
2023-12-04,MA000,SHORT,-5.3489032973566015,2468.0,2483.0
2023-12-05,a000,LONG,6.961464542301479,4975.0,4983.0
2023-12-05,eg000,LONG,4.346495124703602,4036.0,4030.0
2023-12-05,y000,LONG,2.775595390381512,8114.0,8114.0
2023-12-05,pb000,LONG,2.128161867842778,15625.0,15655.0
2023-12-05,hc000,LONG,1.9259587572305639,3982.0,3987.0
2023-12-05,RS000,SHORT,-1.472332772952016,6093.0,6073.0
2023-12-05,CF000,SHORT,-2.0402268433057,14900.0,14960.0
2023-12-05,SR000,SHORT,-3.0164313983048467,6498.0,6484.0
2023-12-05,ss000,SHORT,-3.35081218267109,13600.0,13605.0
2023-12-05,sn000,SHORT,-4.221023328474871,201840.0,202150.0
2023-12-06,pp000,LONG,1.650304435738593,7381.0,7406.0
2023-12-06,CF000,LONG,1.483006284912345,14950.0,14945.0
2023-12-06,bu000,LONG,1.3436720016791206,3619.0,3652.0
2023-12-06,bc000,LONG,0.6564196520596361,60030.0,60040.0
2023-12-06,FG000,LONG,0.5774332697902868,1834.0,1843.0
2023-12-06,cu000,SHORT,-1.5680416943763889,67630.0,67620.0
2023-12-06,CY000,SHORT,-2.1263003204606155,20850.0,20740.0
2023-12-06,SF000,SHORT,-2.2622238178702925,6646.0,6656.0
2023-12-06,pb000,SHORT,-4.691058331800521,15500.0,15485.0
2023-12-06,lh000,SHORT,-6.163144777265832,13290.0,13720.0
2023-12-07,eg000,LONG,5.210855884984076,4048.0,4072.0
2023-12-07,CY000,LONG,2.6327358823804925,20620.0,20695.0
2023-12-07,au000,LONG,2.1824782765889688,474.86,475.4
2023-12-07,CF000,LONG,1.3045163189611484,14980.0,15075.0
2023-12-07,c000,LONG,0.7494465424672136,2493.0,2496.0
2023-12-07,lh000,SHORT,-3.2682178510584747,13735.0,13710.0
2023-12-07,zn000,SHORT,-3.74012153114832,20530.0,20525.0
2023-12-07,a000,SHORT,-3.937969704224212,4889.0,4902.0
2023-12-07,ss000,SHORT,-4.031659230815998,13235.0,13275.0
2023-12-07,pb000,SHORT,-6.130705403020121,15515.0,15525.0
2023-12-08,a000,LONG,6.035364634126771,4909.0,4906.0
2023-12-08,cu000,LONG,4.496309515574706,67560.0,67500.0
2023-12-08,SR000,LONG,3.4768717982508965,6288.0,6275.0
2023-12-08,lu000,LONG,2.11403202232184,3888.0,3966.0
2023-12-08,y000,LONG,1.8085157699260994,8024.0,8016.0
2023-12-08,ss000,SHORT,-1.3736360068115758,13385.0,13370.0
2023-12-08,zn000,SHORT,-1.6342430402007198,20515.0,20530.0
2023-12-08,l000,SHORT,-3.2724048629465665,7948.0,7948.0
2023-12-08,hc000,SHORT,-3.9081624666604884,4152.0,4150.0
2023-12-08,m000,SHORT,-4.864909003686461,3404.0,3386.0
2023-12-11,pb000,LONG,4.63483969680437,15565.0,15580.0
2023-12-11,a000,LONG,3.4339460746650876,4923.0,4921.0
2023-12-11,ss000,LONG,3.106733504723223,13450.0,13455.0
2023-12-11,zn000,LONG,2.9863323754528794,20555.0,20570.0
2023-12-11,SF000,LONG,1.8573353190069486,6886.0,6848.0
2023-12-11,ao000,SHORT,-1.7078291804111942,2888.0,2893.0
2023-12-11,au000,SHORT,-1.91716321203943,471.4,471.72
2023-12-11,al000,SHORT,-3.087908303492588,18385.0,18435.0
2023-12-11,CF000,SHORT,-3.7102521927646945,15325.0,15350.0
2023-12-11,lh000,SHORT,-11.393660063462624,14300.0,14215.0
2023-12-12,pb000,LONG,4.74015559514861,15620.0,15610.0
2023-12-12,fb000,LONG,1.8591156760895642,1335.5,1336.0
2023-12-12,a000,LONG,1.8436070144197583,4945.0,4942.0
2023-12-12,RS000,LONG,1.6118384737603013,6069.0,6037.0
2023-12-12,CF000,LONG,1.413378594511613,15375.0,15345.0
2023-12-12,bu000,SHORT,-1.1114994911712377,3688.0,3690.0
2023-12-12,y000,SHORT,-1.2044579783606262,7774.0,7728.0
2023-12-12,cu000,SHORT,-2.002891723752124,67940.0,67990.0
2023-12-12,eg000,SHORT,-2.638282303525194,4130.0,4114.0
2023-12-12,lh000,SHORT,-6.233649906356839,14270.0,14640.0
2023-12-13,lh000,LONG,3.060123518068374,14600.0,14520.0
2023-12-13,pb000,LONG,1.6631746939271344,15535.0,15525.0
2023-12-13,zn000,LONG,1.641055422997352,20815.0,20800.0
2023-12-13,bc000,LONG,1.6303578541503547,60320.0,60290.0
2023-12-13,l000,LONG,1.3607163400877678,8071.0,8068.0
2023-12-13,CY000,SHORT,-2.058744856332311,20755.0,20735.0
2023-12-13,hc000,SHORT,-2.4718382140857384,4113.0,4119.0
2023-12-13,a000,SHORT,-2.7363525299831455,4905.0,4897.0
2023-12-13,y000,SHORT,-2.8095106300245045,7666.0,7660.0
2023-12-13,eg000,SHORT,-6.041853467116685,4111.0,4116.0
2023-12-14,eg000,LONG,4.444595190606627,4138.0,4133.0
2023-12-14,a000,LONG,3.4223977143206037,4836.0,4840.0
2023-12-14,au000,LONG,2.5728987142241935,469.54,469.5
2023-12-14,cu000,LONG,1.7922438521591217,67820.0,67790.0
2023-12-14,ss000,LONG,1.1097614030872924,13515.0,13540.0
2023-12-14,hc000,SHORT,-1.074997937035394,4082.0,4074.0
2023-12-14,m000,SHORT,-1.1340331649097486,3435.0,3433.0
2023-12-14,zn000,SHORT,-1.191890034054206,20725.0,20720.0
2023-12-14,pb000,SHORT,-1.976176043787553,15495.0,15475.0
2023-12-14,lh000,SHORT,-7.750393462973144,14540.0,14335.0
2023-12-15,pb000,LONG,6.263357831248626,15570.0,15560.0
2023-12-15,cu000,LONG,3.4005678474900134,68730.0,68700.0
2023-12-15,lh000,LONG,3.05473726340313,14505.0,14325.0
2023-12-15,zn000,LONG,2.0589135008007964,20800.0,20785.0
2023-12-15,lu000,LONG,1.759089803491071,4011.0,4003.0
2023-12-15,fu000,SHORT,-0.520414752533186,2989.0,2986.0
2023-12-15,l000,SHORT,-0.9299983026710776,8089.0,8065.0
2023-12-15,SF000,SHORT,-0.9578999637607979,6820.0,6890.0
2023-12-15,MA000,SHORT,-1.1181348421813349,2384.0,2378.0
2023-12-15,CF000,SHORT,-2.540626662239146,15315.0,15300.0
2023-12-18,ss000,LONG,5.57372670989195,13655.0,13650.0
2023-12-18,sn000,LONG,3.2539115600242035,207480.0,207550.0
2023-12-18,lh000,LONG,2.9704255881948654,14180.0,14210.0
2023-12-18,pb000,LONG,2.3997451830021843,15625.0,15640.0
2023-12-18,PF000,LONG,1.5289730775451225,7128.0,7120.0
2023-12-18,lu000,SHORT,-3.2354411011971522,4060.0,4011.0
2023-12-18,pp000,SHORT,-3.6020508569647256,7466.0,7470.0
2023-12-18,l000,SHORT,-3.847101573803367,8094.0,8115.0
2023-12-18,eg000,SHORT,-5.040843439492695,4311.0,4269.0
2023-12-18,a000,SHORT,-5.302542897004021,4844.0,4865.0
2023-12-19,sn000,LONG,1.8288106479658557,206920.0,206730.0
2023-12-19,MA000,LONG,1.2163002476043072,2379.0,2387.0
2023-12-19,au000,LONG,1.071480802271794,475.36,475.26
2023-12-19,l000,LONG,0.9975956692710763,8138.0,8145.0
2023-12-19,c000,LONG,0.9800488129909197,2381.0,2378.0
2023-12-19,pb000,SHORT,-1.7257206559027667,15620.0,15625.0
2023-12-19,ss000,SHORT,-2.78749179901667,13755.0,13735.0
2023-12-19,bc000,SHORT,-2.9257050479057605,60890.0,60830.0
2023-12-19,a000,SHORT,-3.9710457493544498,4817.0,4814.0
2023-12-19,eg000,SHORT,-5.669186927141435,4318.0,4325.0
2023-12-20,pb000,LONG,3.8641906752613346,15635.0,15675.0
2023-12-20,ss000,LONG,2.799618491942328,13820.0,13840.0
2023-12-20,l000,LONG,2.1280262599514197,8173.0,8154.0
2023-12-20,lh000,LONG,1.5988954588075157,13945.0,14015.0
2023-12-20,rb000,LONG,1.4104768967224375,3935.0,3930.0
2023-12-20,sp000,SHORT,-0.7533424931471656,5672.0,5642.0
2023-12-20,nr000,SHORT,-0.8063798440322166,10275.0,10270.0
2023-12-20,pp000,SHORT,-0.9186972535855819,7538.0,7496.0
2023-12-20,bc000,SHORT,-2.0887374985184977,61370.0,61490.0
2023-12-20,eg000,SHORT,-4.7804846366632585,4440.0,4430.0
2023-12-21,eg000,LONG,8.181687600377908,4492.0,4515.0
2023-12-21,l000,LONG,3.538302781088206,8193.0,8208.0
2023-12-21,jd000,LONG,1.6580202841373732,3585.0,3622.0
2023-12-21,fu000,LONG,1.1969079502665472,3061.0,3096.0
2023-12-21,m000,LONG,0.9796672707450157,3346.0,3353.0
2023-12-21,lh000,SHORT,-1.8850806179035842,14065.0,14110.0
2023-12-21,bc000,SHORT,-2.178406016342006,61550.0,61400.0
2023-12-21,a000,SHORT,-2.3578446603467795,4852.0,4847.0
2023-12-21,pb000,SHORT,-2.657890345866748,15670.0,15660.0
2023-12-21,sn000,SHORT,-3.089536257029503,208880.0,208520.0
2023-12-22,eg000,LONG,17.55770846497653,4528.0,4528.0
2023-12-22,hc000,LONG,3.408961646491665,4114.0,4110.0
2023-12-22,lh000,LONG,2.0437459612642317,13945.0,13985.0
2023-12-22,c000,LONG,1.4380894636805397,2406.0,2411.0
2023-12-22,CF000,LONG,1.0269397859237734,15235.0,15165.0
2023-12-22,lu000,SHORT,-1.8862246000912286,4200.0,4178.0
2023-12-22,PF000,SHORT,-2.276746450803338,7368.0,7354.0
2023-12-22,cu000,SHORT,-2.5594904179756526,68990.0,68910.0
2023-12-22,zn000,SHORT,-3.8156036136388782,21115.0,21120.0
2023-12-22,pb000,SHORT,-9.359923094139056,15610.0,15620.0
2023-12-25,bu000,LONG,5.081062442263852,3719.0,3751.0
2023-12-25,lh000,LONG,2.3224169214956176,14050.0,14110.0
2023-12-25,au000,LONG,2.3093046817253113,481.14,481.5
2023-12-25,SM000,LONG,1.5608698799667848,6532.0,6546.0
2023-12-25,ao000,LONG,1.32098925408257,3237.0,3227.0
2023-12-25,a000,SHORT,-5.46861952774377,4891.0,4893.0
2023-12-25,zn000,SHORT,-5.850325737722875,21375.0,21375.0
2023-12-25,hc000,SHORT,-6.106989910267811,4120.0,4117.0
2023-12-25,eg000,SHORT,-12.97741221272223,4520.0,4560.0
2023-12-25,pb000,SHORT,-14.386702911318652,15700.0,15675.0
2023-12-26,eg000,LONG,20.56833507055405,4519.0,4521.0
2023-12-26,l000,LONG,2.6627719316255996,8264.0,8267.0
2023-12-26,pb000,LONG,1.9151544865264778,15705.0,15705.0
2023-12-26,lh000,LONG,1.890094017163051,14160.0,14120.0
2023-12-26,sn000,LONG,1.4717677818703252,207770.0,207770.0
2023-12-26,ss000,SHORT,-0.8200270060404619,14025.0,14025.0
2023-12-26,hc000,SHORT,-0.9676275152918739,4143.0,4143.0
2023-12-26,pp000,SHORT,-1.1833604976301728,7613.0,7612.0
2023-12-26,fu000,SHORT,-1.2218289379058596,3083.0,3100.0
2023-12-26,CY000,SHORT,-2.477018052717298,20680.0,20665.0
2023-12-27,eg000,LONG,25.256011955829027,4490.0,4484.0
2023-12-27,au000,LONG,3.7611186726957535,480.7,480.22
2023-12-27,SA000,LONG,2.395813869743336,2098.0,2092.0
2023-12-27,lh000,LONG,2.0825284639794264,14010.0,13930.0
2023-12-27,SR000,LONG,1.660880179699876,6275.0,6272.0
2023-12-27,hc000,SHORT,-0.28113121109366485,4124.0,4114.0
2023-12-27,fu000,SHORT,-0.47013692206671304,3111.0,3117.0
2023-12-27,lu000,SHORT,-0.9743664837228921,4276.0,4274.0
2023-12-27,sn000,SHORT,-1.2118719149088952,210380.0,210100.0
2023-12-27,CY000,SHORT,-6.046785883818205,20420.0,20445.0
2023-12-28,eg000,LONG,23.875223371580383,4492.0,4493.0
2023-12-28,ni000,LONG,2.125134305912965,130430.0,130540.0
2023-12-28,ss000,LONG,2.0137120856365276,14015.0,14020.0
2023-12-28,sn000,LONG,2.005166582665528,215460.0,215680.0
2023-12-28,pp000,LONG,1.4690604267212957,7634.0,7623.0
2023-12-28,c000,SHORT,-0.7326164614361131,2415.0,2416.0
2023-12-28,CY000,SHORT,-0.8774432199954925,20470.0,20455.0
2023-12-28,ao000,SHORT,-1.1735710711628047,3255.0,3256.0
2023-12-28,CF000,SHORT,-1.6388820719550827,15550.0,15575.0
2023-12-28,SR000,SHORT,-2.4424694613719162,6309.0,6316.0
2023-12-29,y000,LONG,3.028658526313373,7588.0,7660.0
2023-12-29,CF000,LONG,2.2926395791835605,15620.0,15580.0
2023-12-29,TA000,LONG,1.8033989415492735,5910.0,5956.0
2023-12-29,hc000,LONG,1.4642485041780053,4118.0,4121.0
2023-12-29,pp000,LONG,1.2169704218278674,7602.0,7611.0
2023-12-29,zn000,SHORT,-1.8739135088905865,21510.0,21515.0
2023-12-29,RS000,SHORT,-2.002045291288477,6082.0,6033.0
2023-12-29,bc000,SHORT,-2.771521190876484,61640.0,61650.0
2023-12-29,pb000,SHORT,-4.343187746444857,15855.0,15865.0
2023-12-29,eg000,SHORT,-5.462123519249933,4476.0,4479.0
2024-01-02,pp000,LONG,11.946157067716076,7539.0,7492.0
2024-01-02,eg000,LONG,10.483441030993129,4504.0,4579.0
2024-01-02,au000,LONG,10.225479198423194,482.84,484.1
2024-01-02,m000,LONG,5.1295496908075915,3260.0,3248.0
2024-01-02,rr000,LONG,4.62126836013448,3521.0,3530.0
2024-01-02,MA000,SHORT,-1.942025706359579,2414.0,2395.0
2024-01-02,ag000,SHORT,-2.194889805595123,5996.0,6036.0
2024-01-02,ni000,SHORT,-3.610395541746133,126510.0,127510.0
2024-01-02,RS000,SHORT,-4.766878319765461,6056.0,6059.0
2024-01-02,bc000,SHORT,-6.83999109578037,61480.0,61530.0
2024-01-03,a000,LONG,3.307517838170538,4871.0,4871.0
2024-01-03,bc000,LONG,2.9933652501607204,61310.0,61250.0
2024-01-03,au000,LONG,2.3700045653330952,483.38,482.66
2024-01-03,SF000,LONG,1.6795497110205821,6774.0,6830.0
2024-01-03,j000,LONG,1.3921030084999075,2567.5,2560.0
2024-01-03,SH000,SHORT,-0.8478924701658085,2862.0,2842.0
2024-01-03,c000,SHORT,-1.0186541680428078,2425.0,2429.0
2024-01-03,lh000,SHORT,-1.4785840483285206,13770.0,13765.0
2024-01-03,si000,SHORT,-1.664149789815728,14365.0,14290.0
2024-01-03,pb000,SHORT,-1.7260650078302222,15910.0,15870.0
2024-01-04,a000,LONG,3.3705539838029988,4885.0,4887.0
2024-01-04,PX000,LONG,2.8401245823932646,8574.0,8540.0
2024-01-04,c000,LONG,2.1151310618404096,2435.0,2438.0
2024-01-04,zn000,LONG,1.4163531444021473,21480.0,21450.0
2024-01-04,ao000,LONG,1.3635977489600628,3585.0,3595.0
2024-01-04,l000,SHORT,-1.2128600845219457,8202.0,8184.0
2024-01-04,cu000,SHORT,-1.4225769240135318,68640.0,68440.0
2024-01-04,CY000,SHORT,-2.4615486310559693,21790.0,21805.0
2024-01-04,au000,SHORT,-2.5386070030598273,479.58,479.52
2024-01-04,eg000,SHORT,-15.787995571914283,4589.0,4588.0
2024-01-05,fu000,LONG,2.131003785494731,3071.0,3076.0
2024-01-05,pp000,LONG,1.3398801450199105,7400.0,7407.0
2024-01-05,hc000,LONG,1.300846434239152,4126.0,4130.0
2024-01-05,c000,LONG,1.0189260578806332,2404.0,2406.0
2024-01-05,bu000,LONG,0.9121835077409468,3682.0,3679.0
2024-01-05,lh000,SHORT,-2.314738177550482,13710.0,13580.0
2024-01-05,bc000,SHORT,-2.3188730985557537,60820.0,60850.0
2024-01-05,l000,SHORT,-4.426264996981705,8116.0,8128.0
2024-01-05,au000,SHORT,-5.617833807367435,482.4,482.36
2024-01-05,eg000,SHORT,-15.450520107839814,4551.0,4538.0
2024-01-08,lh000,LONG,1.840078800382788,13595.0,13530.0
2024-01-08,CF000,LONG,1.2237131308758102,15650.0,15675.0
2024-01-08,p000,LONG,1.1503911576006707,7014.0,7056.0
2024-01-08,SF000,LONG,1.0508877205733465,6774.0,6712.0
2024-01-08,au000,LONG,0.8872614948783694,482.98,483.5
2024-01-08,ss000,SHORT,-3.632292188320485,13685.0,13685.0
2024-01-08,fu000,SHORT,-3.8428558005146556,3038.0,3070.0
2024-01-08,CY000,SHORT,-4.637267704963072,21895.0,21880.0
2024-01-08,a000,SHORT,-6.797479405587559,4814.0,4812.0
2024-01-08,eg000,SHORT,-6.972262301718336,4715.0,4737.0
2024-01-09,zn000,LONG,4.500770780245769,21090.0,21100.0
2024-01-09,pb000,LONG,3.69623355425275,16120.0,16120.0
2024-01-09,fu000,LONG,2.9891889402257026,2930.0,2913.0
2024-01-09,y000,LONG,1.9995535982177222,7382.0,7296.0
2024-01-09,PF000,LONG,1.3396669843452125,7282.0,7286.0
2024-01-09,cu000,SHORT,-2.1734886546637764,68120.0,68210.0
2024-01-09,CF000,SHORT,-2.242280739731251,15370.0,15330.0
2024-01-09,CY000,SHORT,-2.9361413737533275,21560.0,21445.0
2024-01-09,au000,SHORT,-4.029031026102927,480.88,480.92
2024-01-09,eg000,SHORT,-17.05365320554545,4582.0,4598.0
2024-01-10,eg000,LONG,30.49873411106789,4567.0,4569.0
2024-01-10,fu000,LONG,4.136650009515761,2970.0,2959.0
2024-01-10,sn000,LONG,1.4099501480073071,204310.0,204100.0
2024-01-10,si000,LONG,1.3232444049332373,13950.0,13930.0
2024-01-10,pb000,LONG,0.9493759401729852,16205.0,16190.0
2024-01-10,a000,SHORT,-1.090658103196983,4802.0,4804.0
2024-01-10,ss000,SHORT,-1.2172276512758713,13660.0,13650.0
2024-01-10,MA000,SHORT,-1.4418798191755942,2359.0,2366.0
2024-01-10,l000,SHORT,-1.8132232310933691,8015.0,8025.0
2024-01-10,y000,SHORT,-3.386777669241332,7484.0,7464.0
2024-01-11,fu000,LONG,4.709288765184875,2944.0,3000.0
2024-01-11,y000,LONG,2.890346212481864,7520.0,7542.0
2024-01-11,CF000,LONG,1.9662549430354066,15435.0,15450.0
2024-01-11,a000,LONG,1.3356728758406184,4771.0,4783.0
2024-01-11,SH000,LONG,1.283165311866376,2671.0,2677.0
2024-01-11,pp000,SHORT,-1.1491171748299667,7232.0,7238.0
2024-01-11,CY000,SHORT,-1.2286495172172456,21545.0,21510.0
2024-01-11,RS000,SHORT,-1.3190000220323843,6069.0,6036.0
2024-01-11,bu000,SHORT,-1.3310716175034765,3621.0,3641.0
2024-01-11,eg000,SHORT,-3.1528962822552713,4514.0,4525.0
2024-01-12,ss000,LONG,5.134309465828038,13905.0,13905.0
2024-01-12,fu000,LONG,1.9666762803884983,2968.0,2959.0
2024-01-12,p000,LONG,1.6611283074392673,7256.0,7250.0
2024-01-12,rr000,LONG,1.4557843839799964,3549.0,3549.0
2024-01-12,l000,LONG,1.1772902102930902,8029.0,8014.0
2024-01-12,a000,SHORT,-1.0925069975825088,4771.0,4776.0
2024-01-12,CY000,SHORT,-1.1309117381298592,21805.0,21815.0
2024-01-12,lh000,SHORT,-1.5403480950363022,13505.0,13545.0
2024-01-12,al000,SHORT,-2.5497900555056785,18960.0,18960.0
2024-01-12,eg000,SHORT,-11.3730350964756,4545.0,4530.0
2024-01-15,CY000,LONG,5.168249232730245,21635.0,21760.0
2024-01-15,sn000,LONG,3.601409529793743,206900.0,206930.0
2024-01-15,a000,LONG,3.5379085238423205,4754.0,4785.0
2024-01-15,ni000,LONG,2.859241752763782,127960.0,127860.0
2024-01-15,fu000,LONG,2.2750191812120546,2920.0,2973.0
2024-01-15,PK000,SHORT,-1.179419068767081,8926.0,8892.0
2024-01-15,m000,SHORT,-1.4943300250837361,3059.0,3056.0
2024-01-15,ag000,SHORT,-2.377834742107507,5980.0,5978.0
2024-01-15,CF000,SHORT,-2.5745682518806805,15465.0,15560.0
2024-01-15,eg000,SHORT,-5.064985498555019,4585.0,4616.0
2024-01-16,a000,LONG,3.4515913391390534,4779.0,4776.0
2024-01-16,ss000,LONG,2.721612601703533,13895.0,13890.0
2024-01-16,CF000,LONG,2.594041589865835,15530.0,15470.0
2024-01-16,sn000,LONG,1.3212947208824573,208730.0,208840.0
2024-01-16,fu000,LONG,1.2455487951138144,2953.0,2941.0
2024-01-16,m000,SHORT,-1.5990724783580634,3060.0,3056.0
2024-01-16,pb000,SHORT,-1.9168298792819438,16260.0,16260.0
2024-01-16,l000,SHORT,-1.9990635989642227,8123.0,8126.0
2024-01-16,zn000,SHORT,-2.0239976401218644,21345.0,21350.0
2024-01-16,eg000,SHORT,-20.063587243385502,4643.0,4646.0
2024-01-17,eg000,LONG,13.896139429121186,4645.0,4665.0
2024-01-17,pb000,LONG,2.478756981917433,16235.0,16240.0
2024-01-17,SR000,LONG,1.5797244569774525,6332.0,6313.0
2024-01-17,al000,LONG,1.3866543871265402,18920.0,18920.0
2024-01-17,SH000,LONG,1.2403542727386128,2729.0,2739.0
2024-01-17,l000,SHORT,-1.7873667347259894,8175.0,8185.0
2024-01-17,a000,SHORT,-1.830301257082555,4828.0,4821.0
2024-01-17,MA000,SHORT,-2.104595167285665,2341.0,2347.0
2024-01-17,SF000,SHORT,-2.2637410471093675,6752.0,6646.0
2024-01-17,sn000,SHORT,-3.574084842262239,213690.0,213360.0
2024-01-18,pb000,LONG,1.9720953561850016,16215.0,16210.0
2024-01-18,ni000,LONG,1.906955214106135,128270.0,127310.0
2024-01-18,nr000,LONG,1.9035600598356819,11330.0,11290.0
2024-01-18,l000,LONG,1.7379738043034465,8158.0,8131.0
2024-01-18,c000,LONG,0.9573850483397912,2346.0,2348.0
2024-01-18,cu000,SHORT,-1.2006523216272333,67620.0,67610.0
2024-01-18,sn000,SHORT,-2.090976022405808,213880.0,213620.0
2024-01-18,hc000,SHORT,-2.176124550516992,4011.0,4012.0
2024-01-18,fu000,SHORT,-2.3079584739146655,2984.0,2963.0
2024-01-18,eg000,SHORT,-3.9389920084285586,4731.0,4730.0
2024-01-19,bc000,LONG,3.821421905095572,60060.0,59880.0
2024-01-19,sn000,LONG,2.8415591102202233,213600.0,212900.0
2024-01-19,a000,LONG,2.1177540063350064,4775.0,4770.0
2024-01-19,m000,LONG,1.3581528252700723,3036.0,3020.0
2024-01-19,au000,LONG,1.2854084201293323,479.48,479.22
2024-01-19,MA000,SHORT,-1.1756266985332593,2367.0,2364.0
2024-01-19,CY000,SHORT,-1.4358848128975858,21955.0,21895.0
2024-01-19,cu000,SHORT,-1.7526922832122975,67750.0,67580.0
2024-01-19,pb000,SHORT,-2.287492440789355,16275.0,16270.0
2024-01-19,eg000,SHORT,-2.6714608153250676,4669.0,4677.0
2024-01-22,l000,LONG,9.16399128338918,8256.0,8239.0
2024-01-22,jd000,LONG,3.788926285000851,3274.0,3221.0
2024-01-22,pp000,LONG,2.42476504242265,7430.0,7416.0
2024-01-22,MA000,LONG,2.262982603897098,2381.0,2360.0
2024-01-22,SF000,LONG,2.0393349868343065,6622.0,6634.0
2024-01-22,CY000,SHORT,-3.4491140796788735,22070.0,22025.0
2024-01-22,CF000,SHORT,-3.657638906300937,15985.0,16020.0
2024-01-22,ss000,SHORT,-3.8661921424625167,14100.0,14135.0
2024-01-22,a000,SHORT,-4.106886364046917,4774.0,4777.0
2024-01-22,cu000,SHORT,-6.0177988989308195,67880.0,67900.0
2024-01-23,pb000,LONG,3.936720583744074,16495.0,16490.0
2024-01-23,SF000,LONG,3.187747315151131,6676.0,6622.0
2024-01-23,PF000,LONG,2.791701475868711,7500.0,7482.0
2024-01-23,hc000,LONG,2.641127272738056,4046.0,4036.0
2024-01-23,zn000,LONG,2.466329700002663,20775.0,20780.0
2024-01-23,bc000,SHORT,-0.8855432524821074,60080.0,60080.0
2024-01-23,sn000,SHORT,-1.0116254061088674,216090.0,215960.0
2024-01-23,ni000,SHORT,-1.0606582934926574,127310.0,127340.0
2024-01-23,bu000,SHORT,-1.130768799167438,3739.0,3722.0
2024-01-23,eg000,SHORT,-9.605429307956319,4630.0,4629.0
2024-01-24,eg000,LONG,8.103385866114966,4656.0,4659.0
2024-01-24,ss000,LONG,5.16000235052525,14305.0,14310.0
2024-01-24,bc000,LONG,3.5476668024707037,60390.0,60320.0
2024-01-24,cu000,LONG,2.21239516527062,68160.0,68120.0
2024-01-24,au000,LONG,1.6210633564635175,478.22,478.44
2024-01-24,al000,SHORT,-0.3012266956554983,18910.0,18900.0
2024-01-24,nr000,SHORT,-0.37543840617666996,11140.0,11150.0
2024-01-24,lh000,SHORT,-0.9100459385501478,13895.0,13920.0
2024-01-24,CF000,SHORT,-1.3714281233334724,15955.0,15905.0
2024-01-24,a000,SHORT,-1.8847891913622448,4796.0,4794.0
2024-01-25,eg000,LONG,4.215205228158628,4718.0,4704.0
2024-01-25,TA000,LONG,1.9045654384303576,6036.0,6022.0
2024-01-25,sn000,LONG,1.2609393912250744,220710.0,220580.0
2024-01-25,y000,LONG,1.1542429645084553,7634.0,7654.0
2024-01-25,CF000,LONG,1.0420386194483928,16010.0,15980.0
2024-01-25,PF000,SHORT,-1.329800452350436,7574.0,7554.0
2024-01-25,l000,SHORT,-1.6589765744590559,8300.0,8292.0
2024-01-25,bc000,SHORT,-1.9387904852854065,61250.0,61190.0
2024-01-25,cu000,SHORT,-2.3522527582496697,68960.0,68910.0
2024-01-25,pb000,SHORT,-2.628633069833797,16465.0,16475.0
2024-01-26,eg000,LONG,6.546729674290308,4783.0,4787.0
2024-01-26,cu000,LONG,4.307902843580836,69090.0,68980.0
2024-01-26,ss000,LONG,1.5397982068483,14320.0,14315.0
2024-01-26,ni000,LONG,1.378018572706791,131500.0,131330.0
2024-01-26,hc000,LONG,1.1877382064410758,4092.0,4094.0
2024-01-26,y000,SHORT,-1.586581317146563,7556.0,7598.0
2024-01-26,pb000,SHORT,-1.606370617687644,16300.0,16280.0
2024-01-26,a000,SHORT,-1.6607668401755473,4705.0,4705.0
2024-01-26,lu000,SHORT,-1.664382790595282,4397.0,4363.0
2024-01-26,sn000,SHORT,-2.2090129946137798,222130.0,221950.0
2024-01-29,a000,LONG,10.233320891850346,4666.0,4660.0
2024-01-29,bc000,LONG,3.6425927133634106,61380.0,61510.0
2024-01-29,cu000,LONG,3.3820018381919077,69030.0,69150.0
2024-01-29,MA000,LONG,2.356144894330852,2468.0,2446.0
2024-01-29,l000,LONG,2.340842374660419,8314.0,8277.0
2024-01-29,sc000,SHORT,-1.5639688256286077,587.2,592.0
2024-01-29,au000,SHORT,-2.1555380676249607,478.16,478.16
2024-01-29,m000,SHORT,-2.8674273735990514,2945.0,2940.0
2024-01-29,sn000,SHORT,-2.9634181334375356,221140.0,221300.0
2024-01-29,eg000,SHORT,-7.993452861735063,4756.0,4681.0
2024-01-30,cu000,LONG,2.238676579933417,69100.0,69090.0
2024-01-30,pp000,LONG,2.025359509931381,7505.0,7499.0
2024-01-30,sn000,LONG,1.7632892978335732,220060.0,220370.0
2024-01-30,a000,LONG,1.7628063420306317,4695.0,4699.0
2024-01-30,al000,LONG,1.4166219924943237,19060.0,19040.0
2024-01-30,fu000,SHORT,-1.512490695232135,3109.0,3100.0
2024-01-30,SA000,SHORT,-1.5285933084570873,2026.0,2024.0
2024-01-30,SR000,SHORT,-1.6946352007376602,6445.0,6453.0
2024-01-30,zn000,SHORT,-2.8980665957323453,21335.0,21350.0
2024-01-30,ss000,SHORT,-3.18443018056847,14155.0,14160.0
2024-01-31,bc000,LONG,3.5875322778570182,61690.0,61620.0
2024-01-31,RS000,LONG,1.4404258592228252,6014.0,6010.0
2024-01-31,jm000,LONG,1.3525489611232588,1707.5,1714.5
2024-01-31,PX000,LONG,1.2439098150956007,8584.0,8600.0
2024-01-31,PF000,LONG,1.007026369467742,7536.0,7536.0
2024-01-31,ss000,SHORT,-1.8232099544201867,13965.0,13970.0
2024-01-31,l000,SHORT,-1.840416279590782,8265.0,8272.0
2024-01-31,c000,SHORT,-2.96869578520841,2392.0,2382.0
2024-01-31,a000,SHORT,-3.8804239296410126,4743.0,4737.0
2024-01-31,eg000,SHORT,-4.953368790326956,4728.0,4738.0
2024-02-01,ss000,LONG,2.0401526978841154,13845.0,13870.0
2024-02-01,jm000,LONG,1.3471269965117547,1710.0,1717.5
2024-02-01,eg000,LONG,1.2757667036770937,4749.0,4760.0
2024-02-01,cu000,LONG,0.8277529346940576,69540.0,69750.0
2024-02-01,lu000,LONG,0.7930677709051542,4329.0,4370.0
2024-02-01,au000,SHORT,-2.1975217012604773,482.98,482.98
2024-02-01,bc000,SHORT,-2.286075743872408,61880.0,62100.0
2024-02-01,hc000,SHORT,-2.4551406047039626,4007.0,4018.0
2024-02-01,pp000,SHORT,-2.4602219461719095,7393.0,7417.0
2024-02-01,pb000,SHORT,-2.568522440185962,16180.0,16210.0
2024-02-02,eg000,LONG,6.466220337830179,4674.0,4682.0
2024-02-02,al000,LONG,1.7620994908301315,18870.0,18880.0
2024-02-02,CY000,LONG,1.447377994049924,22145.0,22165.0
2024-02-02,lh000,LONG,1.3258231088821775,13790.0,13585.0
2024-02-02,sn000,LONG,1.2977716786669946,215130.0,215070.0
2024-02-02,SA000,SHORT,-0.647966446651506,1938.0,1927.0
2024-02-02,lu000,SHORT,-0.6814884122279524,4209.0,4283.0
2024-02-02,fu000,SHORT,-0.7482534102955897,3018.0,3076.0
2024-02-02,c000,SHORT,-0.8532811197772909,2403.0,2399.0
2024-02-02,TA000,SHORT,-1.0399747111162325,5868.0,5892.0
2024-02-05,pb000,LONG,7.2979945677868105,16230.0,16240.0
2024-02-05,a000,LONG,3.4893002568564553,4729.0,4714.0
2024-02-05,zn000,LONG,2.995715796483138,20640.0,20635.0
2024-02-05,bc000,LONG,2.5687777217359278,61080.0,61030.0
2024-02-05,ag000,LONG,2.555091137191194,5874.0,5874.0
2024-02-05,RS000,SHORT,-1.4299933778260872,5946.0,5990.0
2024-02-05,l000,SHORT,-1.7050407378904247,8094.0,8098.0
2024-02-05,pp000,SHORT,-2.0723188495742018,7320.0,7324.0
2024-02-05,cu000,SHORT,-2.5117455059398304,68760.0,68730.0
2024-02-05,CY000,SHORT,-3.4884406718134837,22130.0,22140.0
2024-02-06,l000,LONG,5.899243512833183,8065.0,8068.0
2024-02-06,jd000,LONG,1.8680744496448778,3274.0,3272.0
2024-02-06,RS000,LONG,1.3896684337677563,5990.0,6000.0
2024-02-06,ag000,LONG,1.0972147075831609,5830.0,5832.0
2024-02-06,pp000,LONG,1.0734485652280492,7291.0,7302.0
2024-02-06,lh000,SHORT,-1.2509899975941918,13640.0,13625.0
2024-02-06,SH000,SHORT,-1.390688686016282,2695.0,2696.0
2024-02-06,cu000,SHORT,-1.6383014686524073,68060.0,68050.0
2024-02-06,CY000,SHORT,-2.2785677671366282,22195.0,22105.0
2024-02-06,sn000,SHORT,-2.834810741480511,207470.0,207450.0
2024-02-07,sn000,LONG,5.401340602075113,209620.0,209710.0
2024-02-07,a000,LONG,3.2732852511303725,4786.0,4779.0
2024-02-07,lh000,LONG,1.8495749160820079,13550.0,13490.0
2024-02-07,CF000,LONG,1.6542410475397895,16025.0,16080.0
2024-02-07,au000,LONG,0.9938989827066504,482.44,482.4
2024-02-07,MA000,SHORT,-1.0620299398484538,2507.0,2517.0
2024-02-07,zn000,SHORT,-1.7267813952654818,20585.0,20570.0
2024-02-07,l000,SHORT,-2.222078173271894,8185.0,8181.0
2024-02-07,pb000,SHORT,-3.3837693073601516,16160.0,16160.0
2024-02-07,bc000,SHORT,-4.2584964754926355,60370.0,60410.0
2024-02-08,CY000,LONG,16.566848675002937,22205.0,22100.0
2024-02-08,eg000,LONG,5.604159934028612,4629.0,4633.0
2024-02-08,bc000,LONG,3.279990113361343,60140.0,60240.0
2024-02-08,pb000,LONG,1.6176296148900993,16230.0,16210.0
2024-02-08,y000,LONG,1.4660704799394468,7120.0,7074.0
2024-02-08,a000,SHORT,-0.44233496791438454,4790.0,4775.0
2024-02-08,bu000,SHORT,-0.566964902076703,3695.0,3699.0
2024-02-08,MA000,SHORT,-0.6851476015288424,2504.0,2506.0
2024-02-08,pp000,SHORT,-2.2383186108887494,7436.0,7437.0
2024-02-08,au000,SHORT,-4.008092444882985,483.68,483.46
2024-02-19,ss000,LONG,9.427073718385504,13750.0,13680.0
2024-02-19,a000,LONG,7.563523500284626,4673.0,4707.0
2024-02-19,au000,LONG,6.041330161225488,481.08,480.7
2024-02-19,pb000,LONG,5.237829999617476,16060.0,15910.0
2024-02-19,CF000,LONG,5.077029353619427,16350.0,16270.0
2024-02-19,MA000,SHORT,-4.935955837008234,2525.0,2506.0
2024-02-19,CY000,SHORT,-5.253668515137433,22460.0,22320.0
2024-02-19,SF000,SHORT,-5.752175408260056,6548.0,6548.0
2024-02-19,ag000,SHORT,-9.416669176441706,5959.0,5951.0
2024-02-19,cu000,SHORT,-10.260517768960792,68570.0,68340.0
2024-02-20,au000,LONG,2.098803012811879,480.34,480.38
2024-02-20,lu000,LONG,1.1969442611731878,4384.0,4374.0
2024-02-20,SR000,LONG,1.1600505485228154,6424.0,6430.0
2024-02-20,sn000,LONG,1.1217087868650855,217570.0,217360.0
2024-02-20,SM000,LONG,0.9028071422586476,6324.0,6310.0
2024-02-20,cu000,SHORT,-1.344166244414364,68470.0,68450.0
2024-02-20,a000,SHORT,-1.3860366762705896,4710.0,4713.0
2024-02-20,fu000,SHORT,-2.9732668069981414,3113.0,3110.0
2024-02-20,bc000,SHORT,-3.903660394194274,60870.0,60850.0
2024-02-20,eg000,SHORT,-6.350888043661146,4709.0,4721.0
2024-02-21,pp000,LONG,3.98329188616742,7361.0,7362.0
2024-02-21,lh000,LONG,2.033165421498134,14375.0,14365.0
2024-02-21,au000,LONG,1.7430963686566114,481.34,481.24
2024-02-21,CF000,LONG,1.059546458927339,16175.0,16180.0
2024-02-21,ao000,LONG,0.9498676637927537,3132.0,3126.0
2024-02-21,c000,SHORT,-1.8410743727461178,2413.0,2414.0
2024-02-21,eg000,SHORT,-2.388758581007121,4606.0,4594.0
2024-02-21,RS000,SHORT,-2.478188572677919,5956.0,6069.0
2024-02-21,ni000,SHORT,-3.309457504234589,126400.0,126240.0
2024-02-21,bc000,SHORT,-8.071435579500932,61090.0,61080.0
2024-02-22,lh000,LONG,2.4582910039702526,14390.0,14660.0
2024-02-22,c000,LONG,1.0914840558236427,2430.0,2435.0
2024-02-22,lu000,LONG,1.0459670212945993,4371.0,4363.0
2024-02-22,CY000,LONG,0.9770296326046054,22300.0,22295.0
2024-02-22,SF000,LONG,0.9709123591123033,6628.0,6660.0
2024-02-22,ao000,SHORT,-0.97631186610739,3206.0,3204.0
2024-02-22,m000,SHORT,-1.1768208671317388,2979.0,2990.0
2024-02-22,pp000,SHORT,-1.3215304429803125,7388.0,7390.0
2024-02-22,sn000,SHORT,-1.6337678637318243,216790.0,217110.0
2024-02-22,ss000,SHORT,-3.429001905753556,13840.0,13820.0
2024-02-23,eg000,LONG,3.9055618667022944,4705.0,4711.0
2024-02-23,pp000,LONG,1.9591901478210303,7421.0,7409.0
2024-02-23,lh000,LONG,1.7543783762418186,14620.0,14705.0
2024-02-23,cu000,LONG,0.93249505952164,69470.0,69390.0
2024-02-23,hc000,LONG,0.7952366728306745,3916.0,3919.0
2024-02-23,CY000,SHORT,-1.1672068711302253,22400.0,22415.0
2024-02-23,al000,SHORT,-1.1696184840237176,18735.0,18725.0
2024-02-23,a000,SHORT,-1.2452862816327304,4611.0,4614.0
2024-02-23,l000,SHORT,-1.321186363892749,8213.0,8194.0
2024-02-23,pb000,SHORT,-2.1115304660723324,15860.0,15865.0
2024-02-26,bc000,LONG,9.42605419009766,61550.0,61480.0
2024-02-26,au000,LONG,3.776431358228309,481.0,480.68
2024-02-26,ni000,LONG,3.538179721606501,135490.0,135130.0
2024-02-26,lh000,LONG,2.4997729562442115,14690.0,14635.0
2024-02-26,pb000,LONG,2.267638037201054,15890.0,15890.0
2024-02-26,sn000,SHORT,-3.0875478299900587,217320.0,217120.0
2024-02-26,SF000,SHORT,-3.348252160977651,6618.0,6628.0
2024-02-26,eg000,SHORT,-3.36257741000206,4655.0,4668.0
2024-02-26,CY000,SHORT,-4.459416063770126,22400.0,22385.0
2024-02-26,a000,SHORT,-7.010976554596798,4563.0,4560.0
2024-02-27,pb000,LONG,3.6261004086087847,15935.0,15940.0
2024-02-27,a000,LONG,3.5721109051626967,4552.0,4544.0
2024-02-27,zn000,LONG,3.2122551535625683,20580.0,20585.0
2024-02-27,CY000,LONG,2.28552393388357,22325.0,22285.0
2024-02-27,j000,LONG,1.7165922170544474,2336.5,2326.5
2024-02-27,hc000,SHORT,-0.990857533137931,3884.0,3869.0
2024-02-27,PX000,SHORT,-1.3728220064286751,8514.0,8494.0
2024-02-27,au000,SHORT,-1.5276090809636151,480.58,480.78
2024-02-27,pp000,SHORT,-4.4015839014516205,7417.0,7391.0
2024-02-27,eg000,SHORT,-5.929647355346565,4658.0,4649.0
2024-02-28,eg000,LONG,3.6057515799895903,4645.0,4681.0
2024-02-28,fu000,LONG,0.8974086794587246,3113.0,3110.0
2024-02-28,au000,LONG,0.5985365163271913,481.5,481.52
2024-02-28,lu000,LONG,0.5931665969152821,4363.0,4360.0
2024-02-28,CJ000,LONG,0.4798132156524563,12410.0,12485.0
2024-02-28,ss000,SHORT,-2.0222835124846235,14135.0,14140.0
2024-02-28,pb000,SHORT,-2.1141099824541776,15940.0,15945.0
2024-02-28,l000,SHORT,-2.391574042953841,8284.0,8279.0
2024-02-28,ag000,SHORT,-2.5362395798267197,5870.0,5871.0
2024-02-28,MA000,SHORT,-2.5967040507818924,2565.0,2576.0
2024-02-29,lh000,LONG,3.8171407936479183,14720.0,14740.0
2024-02-29,bc000,LONG,2.259839148167349,60910.0,60950.0
2024-02-29,ao000,LONG,1.3810612488558918,3188.0,3184.0
2024-02-29,CF000,LONG,1.250339022977184,16200.0,16190.0
2024-02-29,au000,LONG,0.9848695556537167,481.84,481.58
2024-02-29,SM000,SHORT,-1.091050531919151,6360.0,6368.0
2024-02-29,si000,SHORT,-1.1535058488457357,13220.0,13160.0
2024-02-29,sn000,SHORT,-1.542267882055851,218690.0,218310.0
2024-02-29,a000,SHORT,-1.582246222427194,4522.0,4517.0
2024-02-29,eg000,SHORT,-4.04049367162433,4599.0,4599.0
2024-03-01,CY000,LONG,4.7087378967700815,22100.0,22085.0
2024-03-01,eg000,LONG,3.3394635886656974,4596.0,4592.0
2024-03-01,sn000,LONG,2.8967360367654393,217130.0,216890.0
2024-03-01,CF000,LONG,2.6965978580586607,16070.0,16065.0
2024-03-01,fu000,LONG,1.9909756659090407,3111.0,3097.0
2024-03-01,al000,SHORT,-1.3161319763048454,19005.0,18995.0
2024-03-01,lh000,SHORT,-1.346831216119085,14665.0,14745.0
2024-03-01,cu000,SHORT,-1.4700480558792601,68980.0,69020.0
2024-03-01,ag000,SHORT,-1.683954957634606,5894.0,5903.0
2024-03-01,bc000,SHORT,-2.368527304569187,61230.0,61280.0
2024-03-04,al000,LONG,5.211041558550053,19040.0,19030.0
2024-03-04,pb000,LONG,4.3033954011929945,15980.0,15970.0
2024-03-04,au000,LONG,4.2347880002933085,489.16,487.78
2024-03-04,zn000,LONG,3.7854894716901457,20590.0,20575.0
2024-03-04,bc000,LONG,3.563154710036643,61470.0,61390.0
2024-03-04,SH000,SHORT,-1.8767451166490499,2662.0,2668.0
2024-03-04,cs000,SHORT,-1.9043191374760045,2886.0,2910.0
2024-03-04,MA000,SHORT,-3.3807833062926678,2509.0,2525.0
2024-03-04,cu000,SHORT,-7.349424452028029,69160.0,69080.0
2024-03-04,eg000,SHORT,-7.830774158983734,4594.0,4575.0
2024-03-05,a000,LONG,6.0085321011865975,4546.0,4549.0
2024-03-05,SF000,LONG,3.667748238608411,6622.0,6612.0
2024-03-05,MA000,LONG,2.307538347308075,2510.0,2509.0
2024-03-05,al000,LONG,2.259826966343759,19075.0,19060.0
2024-03-05,SM000,LONG,1.7727113434612827,6310.0,6294.0
2024-03-05,lh000,SHORT,-1.0776806997324537,14720.0,14765.0
2024-03-05,zn000,SHORT,-1.0983291586035842,20715.0,20720.0
2024-03-05,CY000,SHORT,-1.1404727564566457,21775.0,21735.0
2024-03-05,bu000,SHORT,-1.3515801650054136,3668.0,3669.0
2024-03-05,eg000,SHORT,-4.438225713733274,4565.0,4556.0
2024-03-06,eg000,LONG,6.627350644420808,4560.0,4569.0
2024-03-06,pb000,LONG,2.5135468270408343,15985.0,15985.0
2024-03-06,CY000,LONG,2.4038677596834486,21675.0,21675.0
2024-03-06,cu000,LONG,2.327009835312989,69020.0,69190.0
2024-03-06,zn000,LONG,2.2918428147706447,20775.0,20805.0
2024-03-06,m000,SHORT,-1.4037107297957598,3139.0,3149.0
2024-03-06,y000,SHORT,-1.7157393775361498,7476.0,7476.0
2024-03-06,pp000,SHORT,-1.8598705565963478,7429.0,7440.0
2024-03-06,sn000,SHORT,-2.8458152099386,218590.0,218690.0
2024-03-06,l000,SHORT,-3.409101999842187,8159.0,8169.0
2024-03-07,eg000,LONG,4.137041589750084,4577.0,4565.0
2024-03-07,al000,LONG,2.9336647454987275,19075.0,19095.0
2024-03-07,sn000,LONG,2.0587549146593807,221360.0,221470.0
2024-03-07,rr000,LONG,1.58675111901418,3448.0,3447.0
2024-03-07,y000,LONG,1.559248247038734,7484.0,7498.0
2024-03-07,MA000,SHORT,-0.6369167504829536,2515.0,2510.0
2024-03-07,au000,SHORT,-0.8433131704728678,502.64,501.68
2024-03-07,pb000,SHORT,-1.7885519968092265,16020.0,16015.0
2024-03-07,CY000,SHORT,-1.8098944796903709,21720.0,21720.0
2024-03-07,zn000,SHORT,-1.9097367643155851,20910.0,20905.0
2024-03-08,l000,LONG,2.7060442467384314,8179.0,8163.0
2024-03-08,pb000,LONG,1.473491685560476,16080.0,16085.0
2024-03-08,eg000,LONG,1.1138079882393341,4594.0,4572.0
2024-03-08,c000,LONG,1.1026932931314977,2450.0,2454.0
2024-03-08,pp000,LONG,0.795539070420518,7437.0,7419.0
2024-03-08,SH000,SHORT,-0.9610901501859328,2741.0,2735.0
2024-03-08,al000,SHORT,-1.1181970129544485,19190.0,19210.0
2024-03-08,ni000,SHORT,-1.1891432781394384,137510.0,137390.0
2024-03-08,a000,SHORT,-1.3999421162653944,4659.0,4655.0
2024-03-08,cu000,SHORT,-2.1451299927950296,69940.0,69920.0
2024-03-11,ss000,LONG,6.700107291227566,13745.0,13795.0
2024-03-11,eg000,LONG,6.376533986200068,4593.0,4598.0
2024-03-11,sn000,LONG,3.704598460340116,220760.0,221030.0
2024-03-11,lh000,LONG,3.2518215258858327,15220.0,15155.0
2024-03-11,RS000,LONG,2.0479201874738955,6263.0,6084.0
2024-03-11,zn000,SHORT,-4.565362680838385,21160.0,21165.0
2024-03-11,CY000,SHORT,-4.839663827172797,21590.0,21655.0
2024-03-11,pb000,SHORT,-5.242635460868049,16155.0,16185.0
2024-03-11,bc000,SHORT,-5.378100779899326,61790.0,61870.0
2024-03-11,au000,SHORT,-5.431337215663454,507.84,508.24
2024-03-12,l000,LONG,7.1795099775540185,8207.0,8187.0
2024-03-12,eg000,LONG,6.138241829585699,4618.0,4603.0
2024-03-12,pp000,LONG,2.5412900442090156,7480.0,7467.0
2024-03-12,CY000,LONG,2.507657734523703,21415.0,21450.0
2024-03-12,MA000,LONG,2.269392981394984,2557.0,2548.0
2024-03-12,hc000,SHORT,-0.6409711102913357,3793.0,3776.0
2024-03-12,sp000,SHORT,-0.6690137480791859,6020.0,6018.0
2024-03-12,al000,SHORT,-1.1147908487231162,19230.0,19240.0
2024-03-12,cu000,SHORT,-1.1301060862058008,69810.0,69780.0
2024-03-12,CF000,SHORT,-2.4023705121958643,15980.0,16035.0
2024-03-13,eg000,LONG,5.094782972329984,4630.0,4624.0
2024-03-13,CY000,LONG,4.999234574899262,21315.0,21270.0
2024-03-13,j000,LONG,1.2466011716881857,2226.0,2224.0
2024-03-13,sn000,LONG,1.1397779707935016,218810.0,218880.0
2024-03-13,jm000,LONG,1.0509099338603074,1689.5,1691.5
2024-03-13,CF000,SHORT,-1.338191028664552,15965.0,15955.0
2024-03-13,fu000,SHORT,-1.6874520254469472,3189.0,3193.0
2024-03-13,cu000,SHORT,-1.8289008582161894,69890.0,69970.0
2024-03-13,ni000,SHORT,-2.0242418648833254,141780.0,141510.0
2024-03-13,bc000,SHORT,-2.8490925911617673,62300.0,62350.0
2024-03-14,pb000,LONG,4.081046450778029,16345.0,16345.0
2024-03-14,a000,LONG,2.183859265779497,4737.0,4732.0
2024-03-14,hc000,LONG,1.8749411913382545,3763.0,3756.0
2024-03-14,ss000,LONG,1.7016111226713198,13595.0,13600.0
2024-03-14,pp000,LONG,1.4268220346381586,7429.0,7420.0
2024-03-14,eg000,SHORT,-1.3347375777331585,4572.0,4561.0
2024-03-14,jm000,SHORT,-1.5340386840329558,1620.5,1613.0
2024-03-14,bc000,SHORT,-1.561949737963594,64330.0,64250.0
2024-03-14,CF000,SHORT,-2.33997050780993,16070.0,15935.0
2024-03-14,au000,SHORT,-3.9830214118147107,508.26,508.18
2024-03-15,a000,LONG,3.495745104957722,4763.0,4759.0
2024-03-15,rr000,LONG,1.7012949696085322,3425.0,3432.0
2024-03-15,MA000,LONG,1.560903358217536,2564.0,2545.0
2024-03-15,l000,LONG,1.47455904979577,8252.0,8223.0
2024-03-15,sc000,LONG,1.4065801129234021,647.2,646.3
2024-03-15,pb000,SHORT,-1.9042109219220602,16285.0,16285.0
2024-03-15,ss000,SHORT,-1.9479803160157592,13575.0,13575.0
2024-03-15,bc000,SHORT,-1.9842925335126658,63930.0,63960.0
2024-03-15,eg000,SHORT,-3.6327658135889944,4629.0,4607.0
2024-03-15,sn000,SHORT,-8.028618511695354,223660.0,223360.0
2024-03-18,eg000,LONG,8.47093886957695,4511.0,4526.0
2024-03-18,sc000,LONG,3.397344968067881,635.9,636.6
2024-03-18,bu000,LONG,2.809114453993302,3668.0,3668.0
2024-03-18,lh000,LONG,2.6054638940757324,15200.0,15495.0
2024-03-18,p000,LONG,1.7318618372397305,8212.0,8296.0
2024-03-18,ss000,SHORT,-3.6653957905231,13730.0,13710.0
2024-03-18,cu000,SHORT,-4.309150613265613,73420.0,73380.0
2024-03-18,zn000,SHORT,-5.23519305666357,21420.0,21400.0
2024-03-18,a000,SHORT,-8.10617985219243,4780.0,4786.0
2024-03-18,pb000,SHORT,-12.748830207858841,16270.0,16270.0
2024-03-19,bc000,LONG,3.596761480053703,65560.0,65660.0
2024-03-19,lh000,LONG,2.418823501026366,15475.0,15550.0
2024-03-19,zn000,LONG,1.7938555130730618,21295.0,21340.0
2024-03-19,a000,LONG,1.663679473481459,4754.0,4744.0
2024-03-19,pb000,LONG,1.6285440540561091,16235.0,16245.0
2024-03-19,sp000,SHORT,-0.7863283591461662,6120.0,6132.0
2024-03-19,lu000,SHORT,-0.9782330146195277,4551.0,4511.0
2024-03-19,ss000,SHORT,-1.291298478766489,13790.0,13795.0
2024-03-19,eg000,SHORT,-4.897928978927006,4538.0,4521.0
2024-03-19,au000,SHORT,-7.662501419105775,505.76,505.84
2024-03-20,CY000,LONG,4.499198495202006,21335.0,21225.0
2024-03-20,bc000,LONG,2.2976201071225733,64700.0,64670.0
2024-03-20,zn000,LONG,1.5995737548138131,21170.0,21170.0
2024-03-20,jm000,LONG,1.5551872315135578,1639.5,1642.0
2024-03-20,lh000,LONG,1.1864521363064076,15565.0,15610.0
2024-03-20,SR000,SHORT,-0.7967119679176655,6499.0,6510.0
2024-03-20,SH000,SHORT,-0.7997407408973652,2703.0,2720.0
2024-03-20,hc000,SHORT,-0.9358851975951172,3786.0,3784.0
2024-03-20,SF000,SHORT,-0.9535585064899589,6530.0,6528.0
2024-03-20,SM000,SHORT,-1.068471609961974,6156.0,6154.0
2024-03-21,RS000,LONG,2.7439697917743233,6145.0,5971.0
2024-03-21,CY000,LONG,2.644822768981588,21235.0,21240.0
2024-03-21,PX000,LONG,2.291473639912099,8350.0,8312.0
2024-03-21,a000,LONG,1.5282843893259643,4735.0,4719.0
2024-03-21,pp000,LONG,1.3365224247935195,7591.0,7575.0
2024-03-21,au000,SHORT,-2.881957025074056,506.14,506.08
2024-03-21,bc000,SHORT,-2.953658661029045,64510.0,64460.0
2024-03-21,zn000,SHORT,-5.362377429009049,21160.0,21215.0
2024-03-21,ss000,SHORT,-6.291447070210696,13605.0,13610.0
2024-03-21,pb000,SHORT,-9.401154620583723,16185.0,16195.0
2024-03-22,eg000,LONG,5.921291569854581,4484.0,4489.0
2024-03-22,lu000,LONG,1.3057635443592233,4445.0,4443.0
2024-03-22,CF000,LONG,0.6703014002217703,15925.0,15950.0
2024-03-22,ao000,LONG,0.6310806161104452,3359.0,3359.0
2024-03-22,SR000,LONG,0.6098560907800411,6514.0,6527.0
2024-03-22,l000,SHORT,-1.4163939063552593,8307.0,8324.0
2024-03-22,SM000,SHORT,-1.4794852485090904,6192.0,6188.0
2024-03-22,cu000,SHORT,-1.8739421961854892,72550.0,72450.0
2024-03-22,lh000,SHORT,-2.0449407222560523,15605.0,15565.0
2024-03-22,sn000,SHORT,-3.4708556588243824,228310.0,228260.0
2024-03-25,eg000,LONG,13.470498022325739,4494.0,4502.0
2024-03-25,pb000,LONG,6.7642188569347335,16240.0,16245.0
2024-03-25,zn000,LONG,2.5866585842613032,21240.0,21255.0
2024-03-25,CF000,LONG,1.7927022004676432,15910.0,15915.0
2024-03-25,ni000,LONG,1.584560151499406,134680.0,135070.0
2024-03-25,rr000,SHORT,-2.4355910490996333,3519.0,3516.0
2024-03-25,SF000,SHORT,-2.947813567732734,6518.0,6520.0
2024-03-25,a000,SHORT,-3.2879463073691477,4718.0,4714.0
2024-03-25,MA000,SHORT,-3.6509369818012023,2552.0,2549.0
2024-03-25,SM000,SHORT,-4.779743455432326,6192.0,6194.0
2024-03-26,a000,LONG,4.824049515195449,4757.0,4790.0
2024-03-26,y000,LONG,1.4842914731371857,7866.0,7910.0
2024-03-26,SM000,LONG,1.0021469297419683,6186.0,6108.0
2024-03-26,rr000,LONG,0.8772071977100285,3594.0,3596.0
2024-03-26,jd000,LONG,0.8137804926173281,3352.0,3352.0
2024-03-26,bc000,SHORT,-3.673010078904752,64470.0,64430.0
2024-03-26,ag000,SHORT,-4.665027693471077,6376.0,6373.0
2024-03-26,zn000,SHORT,-5.940571223189998,21250.0,21240.0
2024-03-26,pb000,SHORT,-5.987868206077378,16210.0,16210.0
2024-03-26,eg000,SHORT,-6.42704843842022,4498.0,4494.0
2024-03-27,SR000,LONG,1.469895626589008,6513.0,6500.0
2024-03-27,PX000,LONG,1.3579489998604213,8448.0,8438.0
2024-03-27,l000,LONG,1.1496857151059705,8225.0,8239.0
2024-03-27,a000,LONG,0.7744588377669474,4732.0,4739.0
2024-03-27,SH000,LONG,0.748515096985222,2565.0,2564.0
2024-03-27,cu000,SHORT,-2.237128749536583,72220.0,72180.0
2024-03-27,SF000,SHORT,-2.365898054395378,6428.0,6372.0
2024-03-27,pb000,SHORT,-3.057621701636681,16165.0,16165.0
2024-03-27,ss000,SHORT,-3.1706324713137453,13395.0,13395.0
2024-03-27,eg000,SHORT,-8.4368618549212,4497.0,4495.0
2024-03-28,CF000,LONG,2.314751916679423,15890.0,15830.0
2024-03-28,au000,LONG,1.2379130964618006,517.3,517.28
2024-03-28,CY000,LONG,1.2377443118714788,21320.0,21265.0
2024-03-28,ao000,LONG,1.0576335973867232,3278.0,3275.0
2024-03-28,al000,LONG,0.9238097429306109,19440.0,19405.0
2024-03-28,l000,SHORT,-2.2107691400150142,8188.0,8208.0
2024-03-28,RS000,SHORT,-2.252329520040459,5560.0,5630.0
2024-03-28,rr000,SHORT,-2.8503758538758093,3596.0,3596.0
2024-03-28,ni000,SHORT,-3.691633438472243,129580.0,129390.0
2024-03-28,bc000,SHORT,-5.053348269447189,64160.0,64010.0
2024-03-29,pb000,LONG,7.180774429753659,16800.0,16785.0
2024-03-29,bc000,LONG,6.434573675415184,64360.0,64340.0
2024-03-29,zn000,LONG,3.2364941920822523,20890.0,20885.0
2024-03-29,sn000,LONG,2.607408110395078,223360.0,223650.0
2024-03-29,ni000,LONG,2.535665982730165,130020.0,130340.0
2024-03-29,ss000,SHORT,-1.3117835763742678,13480.0,13480.0
2024-03-29,pp000,SHORT,-1.4673538684022194,7490.0,7485.0
2024-03-29,lh000,SHORT,-1.503211073699565,15205.0,15030.0
2024-03-29,SM000,SHORT,-2.199344206013198,6094.0,6094.0
2024-03-29,fu000,SHORT,-2.8055945969101286,3439.0,3427.0
2024-04-01,eg000,LONG,7.763365068185964,4504.0,4488.0
2024-04-01,SM000,LONG,2.688936854732194,6034.0,6090.0
2024-04-01,MA000,LONG,1.544499428000617,2511.0,2497.0
2024-04-01,lh000,LONG,0.8863080151996973,15140.0,15130.0
2024-04-01,OI000,LONG,0.8789971507339264,7997.0,7987.0
2024-04-01,bc000,SHORT,-3.3263685068633837,64590.0,64580.0
2024-04-01,ss000,SHORT,-3.4767561669875167,13210.0,13195.0
2024-04-01,cu000,SHORT,-3.6545269388182087,72590.0,72560.0
2024-04-01,CF000,SHORT,-5.67295534761412,16160.0,16170.0
2024-04-01,a000,SHORT,-6.414164552725863,4741.0,4742.0
2024-04-02,eg000,LONG,8.289002719410211,4522.0,4518.0
2024-04-02,sn000,LONG,4.097714712531942,227990.0,228060.0
2024-04-02,y000,LONG,3.925747965434833,7808.0,7832.0
2024-04-02,al000,LONG,1.3066767643580808,19710.0,19720.0
2024-04-02,SR000,LONG,0.6264782946473308,6613.0,6636.0
2024-04-02,ag000,SHORT,-2.193324564515135,6455.0,6448.0
2024-04-02,l000,SHORT,-2.364820869252999,8292.0,8287.0
2024-04-02,ss000,SHORT,-2.822052409439114,13460.0,13465.0
2024-04-02,bc000,SHORT,-2.8946537800639014,65140.0,65090.0
2024-04-02,pb000,SHORT,-4.686317701748181,16405.0,16410.0
2024-04-03,a000,LONG,5.840295551317064,4772.0,4792.0
2024-04-03,eg000,LONG,2.544799704742686,4465.0,4457.0
2024-04-03,l000,LONG,2.176817741558549,8332.0,8313.0
2024-04-03,y000,LONG,2.047585288229962,7808.0,7860.0
2024-04-03,lh000,LONG,1.7935581235239912,17800.0,18260.0
2024-04-03,bc000,SHORT,-1.6354666679952312,65230.0,65280.0
2024-04-03,RS000,SHORT,-2.559717333422433,5719.0,5661.0
2024-04-03,ni000,SHORT,-3.0639916947732138,133690.0,133550.0
2024-04-03,bu000,SHORT,-3.273370845705576,3781.0,3779.0
2024-04-03,ss000,SHORT,-4.486128265450105,13385.0,13390.0
2024-04-08,l000,LONG,11.641958474614775,8316.0,8339.0
2024-04-08,ss000,LONG,7.932872176523282,13600.0,13685.0
2024-04-08,MA000,LONG,5.467779991445408,2509.0,2493.0
2024-04-08,a000,LONG,5.458621702207974,4795.0,4806.0
2024-04-08,rr000,LONG,5.451492243924027,3611.0,3605.0
2024-04-08,CF000,SHORT,-4.095936761723813,16140.0,16185.0
2024-04-08,zn000,SHORT,-4.621593042168949,21620.0,21725.0
2024-04-08,cu000,SHORT,-9.460673858065645,74840.0,75630.0
2024-04-08,pb000,SHORT,-14.34769818835375,16595.0,16470.0
2024-04-08,au000,SHORT,-17.947197217152038,545.7,554.74
2024-04-09,sn000,LONG,3.3141986457759063,238280.0,239050.0
2024-04-09,SA000,LONG,1.6566193531793154,1881.0,1881.0
2024-04-09,hc000,LONG,1.4494729714330035,3736.0,3738.0
2024-04-09,cu000,LONG,1.3197333054057925,76270.0,76150.0
2024-04-09,eg000,LONG,0.9454563605099693,4450.0,4454.0
2024-04-09,l000,SHORT,-1.8073977418483713,8391.0,8383.0
2024-04-09,CF000,SHORT,-1.8658750300793638,16185.0,16180.0
2024-04-09,MA000,SHORT,-2.0589294947485817,2480.0,2485.0
2024-04-09,bc000,SHORT,-2.9356834912428944,68010.0,67890.0
2024-04-09,a000,SHORT,-6.663970596803091,4797.0,4806.0
2024-04-10,al000,LONG,3.9387095137351396,20295.0,20270.0
2024-04-10,a000,LONG,3.3186048741279155,4790.0,4787.0
2024-04-10,bc000,LONG,3.033627357224772,68050.0,67940.0
2024-04-10,lh000,LONG,2.556175095979518,18620.0,18445.0
2024-04-10,pb000,LONG,2.1796606441097324,16670.0,16655.0
2024-04-10,eg000,SHORT,-0.9364577119626838,4439.0,4424.0
2024-04-10,SR000,SHORT,-1.7850493388964603,6502.0,6499.0
2024-04-10,ss000,SHORT,-2.3920875858796906,13800.0,13785.0
2024-04-10,sn000,SHORT,-2.608716681399078,246910.0,246520.0
2024-04-10,l000,SHORT,-2.973395571581555,8349.0,8341.0
2024-04-11,l000,LONG,1.4782508612261045,8351.0,8350.0
2024-04-11,CY000,LONG,1.4487718600234114,21415.0,21440.0
2024-04-11,SR000,LONG,0.8795140595077514,6430.0,6426.0
2024-04-11,ss000,LONG,0.8263748030186405,13770.0,13775.0
2024-04-11,pp000,LONG,0.7338948407017168,7574.0,7575.0
2024-04-11,cu000,SHORT,-1.878569580824581,76100.0,76160.0
2024-04-11,bc000,SHORT,-1.9390517722038192,67830.0,67890.0
2024-04-11,zn000,SHORT,-2.4699484903779916,22555.0,22550.0
2024-04-11,MA000,SHORT,-2.7891306946217425,2505.0,2507.0
2024-04-11,lh000,SHORT,-3.897997512003826,18280.0,18120.0
2024-04-12,a000,LONG,2.958051171978141,4783.0,4802.0
2024-04-12,hc000,LONG,2.30897788978998,3759.0,3757.0
2024-04-12,lh000,LONG,1.4741960653236723,17945.0,17885.0
2024-04-12,c000,LONG,0.9765360822202199,2393.0,2394.0
2024-04-12,fb000,LONG,0.9626821593179036,1264.5,1259.0
2024-04-12,PF000,SHORT,-2.592938820099388,7382.0,7386.0
2024-04-12,bc000,SHORT,-4.668987292793814,67690.0,67790.0
2024-04-12,zn000,SHORT,-6.347919838454206,22745.0,22750.0
2024-04-12,eg000,SHORT,-6.925892956340637,4454.0,4413.0
2024-04-12,pb000,SHORT,-7.614666617224739,16635.0,16635.0
2024-04-15,sn000,LONG,4.756740262806496,250730.0,252240.0
2024-04-15,lu000,LONG,1.9522744674809944,4618.0,4717.0
2024-04-15,jm000,LONG,1.9414889503438868,1713.0,1714.0
2024-04-15,a000,LONG,1.2447769598436662,4741.0,4755.0
2024-04-15,SA000,LONG,0.5999794277770389,1917.0,1927.0
2024-04-15,zn000,SHORT,-8.138929272212813,22950.0,23055.0
2024-04-15,eg000,SHORT,-8.309487409600122,4442.0,4452.0
2024-04-15,au000,SHORT,-9.442779014178871,570.1799999,575.96
2024-04-15,pb000,SHORT,-10.737571009213065,16780.0,16820.0
2024-04-15,al000,SHORT,-14.216720198060361,20655.0,20685.0
2024-04-16,pb000,LONG,3.9621938129294074,16775.0,16805.0
2024-04-16,pp000,LONG,2.862060651199629,7610.0,7568.0
2024-04-16,rb000,LONG,1.4077027382020517,3612.0,3619.0
2024-04-16,zn000,LONG,0.9587553967135635,22525.0,22565.0
2024-04-16,cu000,LONG,0.9194521355324828,77460.0,77510.0
2024-04-16,lh000,SHORT,-1.9872549321598665,18005.0,17665.0
2024-04-16,ss000,SHORT,-2.284884702435342,13845.0,13845.0
2024-04-16,l000,SHORT,-2.495644107877328,8414.0,8375.0
2024-04-16,sn000,SHORT,-3.054683152877045,256100.0,257040.0
2024-04-16,a000,SHORT,-3.415356062776081,4710.0,4717.0
2024-04-17,pb000,LONG,2.22239099183797,16915.0,16925.0
2024-04-17,lh000,LONG,1.3407076688409327,17745.0,17840.0
2024-04-17,rb000,LONG,0.9653313365090932,3613.0,3615.0
2024-04-17,al000,LONG,0.8793440837038003,20330.0,20345.0
2024-04-17,fb000,LONG,0.83053273801401,1243.0,1255.5
2024-04-17,ss000,SHORT,-2.7334898661323526,13900.0,13895.0
2024-04-17,ag000,SHORT,-2.762383364201552,7370.0,7362.0
2024-04-17,CF000,SHORT,-2.885659091540438,16185.0,16185.0
2024-04-17,eg000,SHORT,-4.160990913136018,4416.0,4390.0
2024-04-17,sn000,SHORT,-4.600025829976432,252820.0,253400.0
2024-04-18,a000,LONG,9.287479574167095,4682.0,4671.0
2024-04-18,eg000,LONG,4.035854456619662,4522.0,4534.0
2024-04-18,fu000,LONG,3.057339827341288,3497.0,3576.0
2024-04-18,CY000,LONG,2.847761366169521,20905.0,20960.0
2024-04-18,SH000,LONG,2.496434311866636,2427.0,2410.0
2024-04-18,zn000,SHORT,-1.7002342745924688,22765.0,22925.0
2024-04-18,hc000,SHORT,-1.942039251174295,3844.0,3843.0
2024-04-18,pp000,SHORT,-2.9886670660522645,7596.0,7625.0
2024-04-18,au000,SHORT,-3.7760594568125274,565.76,567.8
2024-04-18,al000,SHORT,-3.8959418176585707,20400.0,20445.0
2024-04-19,a000,LONG,5.4497769849249345,4639.0,4660.0
2024-04-19,eg000,LONG,4.750098042567704,4526.0,4518.0
2024-04-19,hc000,LONG,3.3092388633350542,3844.0,3841.0
2024-04-19,l000,LONG,3.095156824591397,8428.0,8402.0
2024-04-19,m000,LONG,2.838393812664292,3313.0,3327.0
2024-04-19,au000,SHORT,-0.8985572199359368,565.02,564.92
2024-04-19,bc000,SHORT,-0.9968928671423736,70460.0,70540.0
2024-04-19,sp000,SHORT,-1.0847968504005214,6246.0,6254.0
2024-04-19,SH000,SHORT,-1.139085002277319,2428.0,2419.0
2024-04-19,ag000,SHORT,-1.5119230341242766,7379.0,7378.0
2024-04-22,CY000,LONG,4.643376972240517,20875.0,20700.0
2024-04-22,ss000,LONG,4.639004776744994,14570.0,14555.0
2024-04-22,pb000,LONG,4.078987113300706,17450.0,17435.0
2024-04-22,l000,LONG,1.9656336133953456,8481.0,8489.0
2024-04-22,rr000,LONG,1.6734839813418343,3594.0,3597.0
2024-04-22,ni000,SHORT,-1.9127981508880192,144010.0,144150.0
2024-04-22,hc000,SHORT,-2.562134907429835,3832.0,3825.0
2024-04-22,cu000,SHORT,-3.33557847314617,79720.0,79900.0
2024-04-22,bc000,SHORT,-3.5406797271626504,71150.0,71350.0
2024-04-22,eg000,SHORT,-5.9599178548646154,4540.0,4547.0
2024-04-23,CY000,LONG,3.4495087727050775,20920.0,20880.0
2024-04-23,fu000,LONG,3.376549409713612,3490.0,3464.0
2024-04-23,SA000,LONG,1.915048775129477,2130.0,2132.0
2024-04-23,l000,LONG,1.606991707522324,8445.0,8435.0
2024-04-23,PX000,LONG,1.5695167395086633,8618.0,8622.0
2024-04-23,al000,SHORT,-1.1095400222634753,20530.0,20525.0
2024-04-23,SH000,SHORT,-1.510254046228446,2431.0,2436.0
2024-04-23,eg000,SHORT,-1.7284754992711067,4553.0,4549.0
2024-04-23,cu000,SHORT,-1.990833566902961,79270.0,79310.0
2024-04-23,a000,SHORT,-4.194071672792257,4633.0,4621.0
2024-04-24,SR000,LONG,7.6949768707979835,6209.0,6186.0
2024-04-24,a000,LONG,5.822665062661023,4604.0,4611.0
2024-04-24,sn000,LONG,4.767986184124155,253090.0,253230.0
2024-04-24,pb000,LONG,3.5555188106722686,16955.0,16960.0
2024-04-24,eg000,LONG,3.2917909871089535,4451.0,4446.0
2024-04-24,rb000,SHORT,-0.5949382038464641,3662.0,3651.0
2024-04-24,c000,SHORT,-0.7428455007658435,2415.0,2413.0
2024-04-24,ss000,SHORT,-0.9448882828975191,14220.0,14220.0
2024-04-24,ag000,SHORT,-0.9527315387266208,7063.0,7058.0
2024-04-24,m000,SHORT,-1.3207105125544594,3382.0,3368.0
2024-04-25,SR000,LONG,7.061727059212588,6201.0,6201.0
2024-04-25,a000,LONG,3.3219143033751135,4643.0,4655.0
2024-04-25,fu000,LONG,2.827514483172202,3495.0,3495.0
2024-04-25,lh000,LONG,2.1174661186046944,17785.0,17515.0
2024-04-25,zn000,LONG,2.0283068993940745,22495.0,22505.0
2024-04-25,pb000,SHORT,-1.2696062576390252,17065.0,17060.0
2024-04-25,ag000,SHORT,-1.291868132866481,7081.0,7077.0
2024-04-25,bu000,SHORT,-1.4010718855713387,3759.0,3758.0
2024-04-25,CF000,SHORT,-1.766587990821535,15775.0,15780.0
2024-04-25,eg000,SHORT,-3.392973337618778,4451.0,4448.0
2024-04-26,pb000,LONG,8.876724099383432,17085.0,17090.0
2024-04-26,eg000,LONG,3.0167826093612367,4434.0,4428.0
2024-04-26,ss000,LONG,2.7161138021609643,14335.0,14345.0
2024-04-26,bu000,LONG,2.1835719316247864,3785.0,3761.0
2024-04-26,jm000,LONG,1.9312427286838698,1796.0,1793.5
2024-04-26,SF000,SHORT,-1.7621642458821472,6876.0,6880.0
2024-04-26,CY000,SHORT,-1.7962920422163626,20440.0,20360.0
2024-04-26,pp000,SHORT,-1.9232263143596928,7583.0,7564.0
2024-04-26,sn000,SHORT,-2.7254676306608214,261530.0,261510.0
2024-04-26,y000,SHORT,-4.864576975401635,7600.0,7540.0
2024-04-29,SR000,LONG,10.692700208135859,6154.0,6165.0
2024-04-29,CF000,LONG,4.45429506866873,15770.0,15760.0
2024-04-29,CY000,LONG,2.729677865680624,20660.0,20645.0
2024-04-29,sn000,LONG,2.1224292413417762,257940.0,258130.0
2024-04-29,lh000,LONG,1.8920252572179468,17390.0,17335.0
2024-04-29,eg000,SHORT,-3.18631920975635,4450.0,4445.0
2024-04-29,y000,SHORT,-3.5133688965495757,7618.0,7622.0
2024-04-29,pp000,SHORT,-3.949621887684529,7615.0,7626.0
2024-04-29,l000,SHORT,-8.37504248639903,8444.0,8451.0
2024-04-29,cu000,SHORT,-8.93129522271773,80500.0,80570.0
2024-04-30,SH000,LONG,8.039804818854932,2679.0,2674.0
2024-04-30,sn000,LONG,3.321601861694184,260770.0,260370.0
2024-04-30,CY000,LONG,2.143536668769042,21295.0,21325.0
2024-04-30,y000,LONG,1.8066806547995409,7606.0,7654.0
2024-04-30,fu000,LONG,1.568861857387253,3503.0,3518.0
2024-04-30,pp000,SHORT,-1.5489276473314153,7630.0,7636.0
2024-04-30,bc000,SHORT,-1.6610033352122586,73030.0,73000.0
2024-04-30,l000,SHORT,-1.8651149335309727,8492.0,8502.0
2024-04-30,au000,SHORT,-1.8769477436143573,554.48,553.98
2024-04-30,pb000,SHORT,-4.117783657503072,17375.0,17375.0
2024-05-06,bc000,LONG,70.29303477820734,71940.0,72550.0
2024-05-06,a000,LONG,7.168191326047497,4671.0,4660.0
2024-05-06,au000,LONG,6.954416370321371,543.9,548.32
2024-05-06,pb000,LONG,6.466858706139131,17350.0,17740.0
2024-05-06,zn000,LONG,5.453450889004915,23165.0,23305.0
2024-05-06,c000,SHORT,-1.764253033090634,2392.0,2409.0
2024-05-06,rb000,SHORT,-2.0963813011700934,3691.0,3735.0
2024-05-06,hc000,SHORT,-2.2914294257312933,3837.0,3877.0
2024-05-06,l000,SHORT,-2.7670338289238936,8412.0,8405.0
2024-05-06,CF000,SHORT,-2.994674547206432,15610.0,15555.0
2024-05-07,bc000,LONG,40.17240423876996,72570.0,72550.0
2024-05-07,a000,LONG,5.577640818871843,4684.0,4675.0
2024-05-07,CY000,LONG,3.329154825986604,21175.0,21100.0
2024-05-07,sn000,LONG,2.5430049872301423,264270.0,264630.0
2024-05-07,SR000,LONG,2.4872220787535633,6258.0,6245.0
2024-05-07,PK000,SHORT,-0.497272544781987,9118.0,9178.0
2024-05-07,pp000,SHORT,-0.5763586193938773,7545.0,7533.0
2024-05-07,rr000,SHORT,-0.9771671827244037,3530.0,3528.0
2024-05-07,ss000,SHORT,-1.6420907990211184,14430.0,14450.0
2024-05-07,ni000,SHORT,-2.6061556523555907,145980.0,146160.0
2024-05-08,pp000,LONG,1.520831588105889,7576.0,7577.0
2024-05-08,lu000,LONG,1.3769034753863674,4300.0,4300.0
2024-05-08,cu000,LONG,1.2274609731103099,80800.0,80760.0
2024-05-08,al000,LONG,0.6830220675268036,20585.0,20580.0
2024-05-08,CF000,LONG,0.669814982832777,15640.0,15665.0
2024-05-08,a000,SHORT,-2.5120640334841355,4700.0,4719.0
2024-05-08,sn000,SHORT,-2.5209383850334497,263230.0,263400.0
2024-05-08,eg000,SHORT,-2.8287597602047465,4467.0,4461.0
2024-05-08,l000,SHORT,-3.3576430830299118,8500.0,8512.0
2024-05-08,bc000,SHORT,-45.41939899513738,72070.0,72020.0
2024-05-09,eg000,LONG,6.941873068843023,4447.0,4442.0
2024-05-09,sn000,LONG,5.373796016959032,259130.0,259240.0
2024-05-09,SH000,LONG,3.4172818417439164,2782.0,2790.0
2024-05-09,l000,LONG,2.0670062734855135,8483.0,8472.0
2024-05-09,SR000,LONG,1.6305833436117516,6305.0,6309.0
2024-05-09,PX000,SHORT,-1.2170846269227429,8360.0,8354.0
2024-05-09,hc000,SHORT,-1.6860531262118956,3812.0,3810.0
2024-05-09,lh000,SHORT,-1.8981954428154484,17610.0,17770.0
2024-05-09,lu000,SHORT,-1.9067564364051939,4327.0,4298.0
2024-05-09,bc000,SHORT,-69.65960890243478,71050.0,71070.0
2024-05-10,SR000,LONG,4.810865726506509,6301.0,6279.0
2024-05-10,y000,LONG,4.215348185623947,7592.0,7628.0
2024-05-10,al000,LONG,1.8674658056948306,20670.0,20635.0
2024-05-10,ss000,LONG,1.7905028139843595,14245.0,14210.0
2024-05-10,m000,LONG,1.336087946011617,3528.0,3528.0
2024-05-10,CF000,SHORT,-1.273494019176251,15170.0,15195.0
2024-05-10,pb000,SHORT,-1.4358835897723818,17980.0,17980.0
2024-05-10,PF000,SHORT,-2.2069153596097926,7306.0,7306.0
2024-05-10,zn000,SHORT,-2.833389860622247,23365.0,23355.0
2024-05-10,bc000,SHORT,-36.881315251198906,71270.0,71220.0
2024-05-13,eg000,LONG,10.117393587352518,4382.0,4377.0
2024-05-13,a000,LONG,3.942488664152131,4594.0,4592.0
2024-05-13,p000,LONG,3.302952220495575,7346.0,7306.0
2024-05-13,zn000,LONG,2.952301662021884,23395.0,23375.0
2024-05-13,CY000,LONG,2.8549389421452904,20935.0,20960.0
2024-05-13,m000,SHORT,-1.5957017011493686,3534.0,3539.0
2024-05-13,jm000,SHORT,-1.8079144265899902,1733.5,1753.5
2024-05-13,hc000,SHORT,-2.0709097217640178,3797.0,3795.0
2024-05-13,l000,SHORT,-2.876152993337056,8418.0,8429.0
2024-05-13,bc000,SHORT,-46.194049656620734,71900.0,71810.0
2024-05-14,eg000,LONG,3.5492741842938345,4442.0,4441.0
2024-05-14,lh000,LONG,2.265724996792739,18055.0,18120.0
2024-05-14,au000,LONG,1.9805047267279459,555.24,555.34
2024-05-14,fu000,LONG,1.1777172043329232,3387.0,3382.0
2024-05-14,a000,LONG,0.8852991249316866,4629.0,4632.0
2024-05-14,CF000,SHORT,-2.24453831379897,15190.0,15230.0
2024-05-14,MA000,SHORT,-2.7659617914541124,2594.0,2594.0
2024-05-14,CY000,SHORT,-2.7684663138863415,21030.0,21070.0
2024-05-14,ss000,SHORT,-3.485487944459291,14230.0,14225.0
2024-05-14,l000,SHORT,-3.919599596857988,8459.0,8458.0
2024-05-15,SR000,LONG,4.402405851664334,6194.0,6189.0
2024-05-15,SH000,LONG,2.6432758333897626,2815.0,2795.0
2024-05-15,l000,LONG,1.3754888663108578,8449.0,8436.0
2024-05-15,pp000,LONG,1.2479592689822359,7575.0,7568.0
2024-05-15,zn000,LONG,0.9421158436546512,23610.0,23610.0
2024-05-15,sn000,SHORT,-1.3078102531412277,272500.0,272480.0
2024-05-15,CY000,SHORT,-2.091603240284014,20720.0,20955.0
2024-05-15,ss000,SHORT,-2.2848812975367867,14125.0,14105.0
2024-05-15,eg000,SHORT,-3.5230575540911118,4470.0,4465.0
2024-05-15,bc000,SHORT,-59.423245309023784,72430.0,72250.0
2024-05-16,l000,LONG,6.024183088377919,8480.0,8468.0
2024-05-16,pb000,LONG,3.9236553892635064,18700.0,18675.0
2024-05-16,al000,LONG,2.542783674941672,20585.0,20575.0
2024-05-16,rr000,LONG,2.5020512539361435,3548.0,3548.0
2024-05-16,j000,LONG,2.418473585764165,2185.0,2160.5
2024-05-16,sn000,SHORT,-0.6924690707184448,271880.0,272170.0
2024-05-16,RS000,SHORT,-0.9644890920486875,5808.0,5779.0
2024-05-16,pp000,SHORT,-1.182603695342506,7598.0,7588.0
2024-05-16,eg000,SHORT,-4.399403074865318,4456.0,4463.0
2024-05-16,bc000,SHORT,-73.60489823498737,72950.0,72840.0
2024-05-17,pb000,LONG,10.132533705617007,18820.0,18850.0
2024-05-17,a000,LONG,7.787025875211248,4642.0,4635.0
2024-05-17,SR000,LONG,5.884264177188711,6152.0,6147.0
2024-05-17,zn000,LONG,5.126077556485157,23785.0,23740.0
2024-05-17,l000,LONG,2.940367833051644,8591.0,8564.0
2024-05-17,pp000,SHORT,-0.1743170086905148,7704.0,7674.0
2024-05-17,AP000,SHORT,-0.19347938321662192,7530.0,7536.0
2024-05-17,si000,SHORT,-0.2117798172684981,11825.0,11875.0
2024-05-17,eg000,SHORT,-3.7664444897880114,4484.0,4471.0
2024-05-17,bc000,SHORT,-3.9268430796741502,74520.0,74620.0
2024-05-20,bc000,LONG,25.546949311408717,76560.0,76410.0
2024-05-20,au000,LONG,5.819840466441912,570.44,569.94
2024-05-20,SR000,LONG,4.781878755158253,6165.0,6150.0
2024-05-20,y000,LONG,4.606673643316978,7970.0,7962.0
2024-05-20,l000,LONG,3.4478666277031405,8640.0,8629.0
2024-05-20,zn000,SHORT,-1.1562829030288229,24140.0,24080.0
2024-05-20,a000,SHORT,-1.6568898491471062,4672.0,4662.0
2024-05-20,ss000,SHORT,-2.0588912831054307,14455.0,14445.0
2024-05-20,pb000,SHORT,-2.720910841206245,18740.0,18690.0
2024-05-20,eg000,SHORT,-5.272159634213547,4583.0,4552.0
2024-05-21,bc000,LONG,22.92825145596182,78570.0,78390.0
2024-05-21,y000,LONG,6.5363871214607,8054.0,8040.0
2024-05-21,SR000,LONG,4.7450371019311275,6227.0,6225.0
2024-05-21,SH000,LONG,3.311722292368363,2947.0,2891.0
2024-05-21,SM000,LONG,2.9039927539981316,9068.0,8728.0
2024-05-21,jd000,SHORT,-0.5933608551295756,3991.0,3970.0
2024-05-21,CF000,SHORT,-0.9551562963040454,15315.0,15320.0
2024-05-21,MA000,SHORT,-1.1099172779511743,2667.0,2670.0
2024-05-21,a000,SHORT,-3.857296977416259,4668.0,4662.0
2024-05-21,CY000,SHORT,-4.952168411526236,21170.0,21190.0
2024-05-22,a000,LONG,5.382028755164864,4651.0,4642.0
2024-05-22,pb000,LONG,4.896306747131834,18560.0,18540.0
2024-05-22,zn000,LONG,4.892712185641721,24735.0,24710.0
2024-05-22,sn000,LONG,2.4496546318205885,277850.0,277950.0
2024-05-22,al000,LONG,2.327665779679325,21305.0,21255.0
2024-05-22,MA000,SHORT,-0.8239168444779449,2637.0,2644.0
2024-05-22,SR000,SHORT,-0.9596259643083147,6215.0,6206.0
2024-05-22,j000,SHORT,-1.1926139603420605,2320.0,2323.5
2024-05-22,eg000,SHORT,-5.427094033650409,4530.0,4538.0
2024-05-22,bc000,SHORT,-21.433755191653002,77730.0,77790.0
2024-05-23,pb000,LONG,2.18756571692539,18525.0,18485.0
2024-05-23,fu000,LONG,1.9602485347881824,3377.0,3445.0
2024-05-23,pp000,LONG,1.7033647682845428,7734.0,7768.0
2024-05-23,ni000,LONG,1.559704324556879,153430.0,153430.0
2024-05-23,zn000,LONG,1.29080258129886,24540.0,24520.0
2024-05-23,sn000,SHORT,-3.6123309936179875,273810.0,273220.0
2024-05-23,hc000,SHORT,-3.695330841315568,3899.0,3902.0
2024-05-23,SA000,SHORT,-3.9884609766324703,2369.0,2389.0
2024-05-23,SR000,SHORT,-4.770780182475568,6145.0,6152.0
2024-05-23,bc000,SHORT,-33.0628213728182,75270.0,75130.0
2024-05-24,sn000,LONG,5.24303463052521,272620.0,272820.0
2024-05-24,a000,LONG,2.877698322133148,4686.0,4680.0
2024-05-24,ag000,LONG,1.0690562650199362,7928.0,7947.0
2024-05-24,OI000,LONG,0.8883568548380325,8879.0,8889.0
2024-05-24,au000,LONG,0.8384883611103745,554.0,554.92
2024-05-24,ss000,SHORT,-1.8749907363404035,14560.0,14555.0
2024-05-24,al000,SHORT,-2.1188125989945013,20920.0,20920.0
2024-05-24,pb000,SHORT,-2.1948635529926417,18440.0,18435.0
2024-05-24,eg000,SHORT,-2.5510034036800326,4520.0,4515.0
2024-05-24,bc000,SHORT,-24.230830885771468,74760.0,74780.0
2024-05-27,SR000,LONG,6.001085805577294,6190.0,6159.0
2024-05-27,SF000,LONG,2.558080665590338,7390.0,7384.0
2024-05-27,eg000,LONG,2.5077626095096,4560.0,4544.0
2024-05-27,CY000,LONG,2.3245571791540054,21180.0,21205.0
2024-05-27,p000,LONG,1.9594269117556529,7616.0,7622.0
2024-05-27,hc000,SHORT,-1.1614082234429965,3880.0,3897.0
2024-05-27,rr000,SHORT,-1.5875945193842493,3533.0,3536.0
2024-05-27,pb000,SHORT,-1.7004617996461526,18535.0,18530.0
2024-05-27,au000,SHORT,-1.9558260119850215,554.16,553.98
2024-05-27,bc000,SHORT,-9.33897807536715,74690.0,74710.0
2024-05-28,bc000,LONG,47.64329219658567,75900.0,75880.0
2024-05-28,sn000,LONG,5.047283760383541,278860.0,277700.0
2024-05-28,al000,LONG,3.704373263993372,21165.0,21150.0
2024-05-28,hc000,LONG,2.405404536101099,3904.0,3901.0
2024-05-28,pb000,LONG,2.3696614529620166,18745.0,18715.0
2024-05-28,SF000,SHORT,-0.5274894575790585,7364.0,7262.0
2024-05-28,SH000,SHORT,-0.5614424118686068,2826.0,2824.0
2024-05-28,rb000,SHORT,-0.5712201827860022,3787.0,3786.0
2024-05-28,ag000,SHORT,-1.6456787303771987,8411.0,8375.0
2024-05-28,au000,SHORT,-3.113514933472862,559.62,559.0599999
2024-05-29,bc000,LONG,70.90116582596501,75790.0,75750.0
2024-05-29,c000,LONG,2.550016231423699,2440.0,2439.0
2024-05-29,CF000,LONG,1.1670911852694632,15550.0,15580.0
2024-05-29,pp000,LONG,0.9678002389735078,7820.0,7805.0
2024-05-29,CY000,LONG,0.8147099817679913,21275.0,21300.0
2024-05-29,l000,SHORT,-1.7936151922716046,8643.0,8624.0
2024-05-29,al000,SHORT,-2.7638068213900286,21250.0,21235.0
2024-05-29,pb000,SHORT,-3.0612234686872926,18915.0,18925.0
2024-05-29,SR000,SHORT,-3.46143944841518,6207.0,6213.0
2024-05-29,eg000,SHORT,-3.574361588898345,4562.0,4548.0
2024-05-30,bc000,LONG,11.201490218193356,75670.0,75620.0
2024-05-30,pp000,LONG,3.637502315002571,7864.0,7859.0
2024-05-30,SH000,LONG,3.6143170195962955,2802.0,2806.0
2024-05-30,sn000,LONG,3.6132942930317187,281690.0,281650.0
2024-05-30,CY000,LONG,2.0848833268110063,21225.0,21260.0
2024-05-30,bu000,SHORT,-1.1827557942852787,3684.0,3681.0
2024-05-30,SF000,SHORT,-1.3776965575252862,7444.0,7824.0
2024-05-30,sc000,SHORT,-1.6108830191220291,616.1,616.1
2024-05-30,al000,SHORT,-1.7136682042318543,21945.0,21915.0
2024-05-30,p000,SHORT,-2.262123043856733,7848.0,7864.0
2024-05-31,SH000,LONG,5.807933414813881,2829.0,2833.0
2024-05-31,l000,LONG,1.751444377216898,8682.0,8704.0
2024-05-31,lh000,LONG,1.1191913970273921,17905.0,17965.0
2024-05-31,sn000,LONG,0.7499623009659887,273770.0,273850.0
2024-05-31,nr000,LONG,0.5488139822968504,13010.0,13065.0
2024-05-31,eg000,SHORT,-2.7215179765303037,4585.0,4602.0
2024-05-31,m000,SHORT,-2.912914530300141,3479.0,3484.0
2024-05-31,hc000,SHORT,-4.4880190578397094,3840.0,3840.0
2024-05-31,SR000,SHORT,-4.550533071257716,6189.0,6202.0
2024-05-31,bc000,SHORT,-17.972526716125277,73220.0,73270.0
2024-06-03,cu000,LONG,3.184812494579555,81380.0,81360.0
2024-06-03,hc000,LONG,2.7728295913053804,3820.0,3814.0
2024-06-03,sn000,LONG,2.553266290308883,268740.0,269000.0
2024-06-03,MA000,LONG,2.179694612436436,2594.0,2611.0
2024-06-03,fu000,LONG,1.9379399220798175,3467.0,3453.0
2024-06-03,a000,SHORT,-7.002691740924079,4658.0,4651.0
2024-06-03,bc000,SHORT,-7.27800360930647,72640.0,72640.0
2024-06-03,zn000,SHORT,-8.204226020652552,24330.0,24335.0
2024-06-03,pb000,SHORT,-9.060881702622538,18725.0,18690.0
2024-06-03,SR000,SHORT,-10.587938701258098,6190.0,6142.0
2024-06-04,l000,LONG,2.20810320766378,8504.0,8532.0
2024-06-04,a000,LONG,1.9199308285378673,4655.0,4646.0
2024-06-04,jd000,LONG,1.007298884341164,4014.0,4002.0
2024-06-04,j000,LONG,0.9883111596286881,2274.5,2259.0
2024-06-04,ag000,LONG,0.9547764682721045,7991.0,8000.0
2024-06-04,pb000,SHORT,-1.949540889415103,18960.0,18970.0
2024-06-04,MA000,SHORT,-1.9765335493936655,2564.0,2567.0
2024-06-04,SR000,SHORT,-2.0770159754677278,6206.0,6230.0
2024-06-04,eg000,SHORT,-3.85605012941565,4598.0,4611.0
2024-06-04,bc000,SHORT,-58.65458130346508,73030.0,73150.0
2024-06-05,bc000,LONG,32.9072383278303,71680.0,71640.0
2024-06-05,pb000,LONG,2.397281037862481,18825.0,18805.0
2024-06-05,a000,LONG,2.0359181613298554,4679.0,4671.0
2024-06-05,l000,LONG,1.3567623453241653,8494.0,8501.0
2024-06-05,zn000,LONG,1.3330230370248095,24170.0,24160.0
2024-06-05,au000,SHORT,-2.3242632526039535,550.66,551.4
2024-06-05,lh000,SHORT,-2.3569831261727283,18195.0,18060.0
2024-06-05,sn000,SHORT,-3.0245393440680233,263300.0,263180.0
2024-06-05,eg000,SHORT,-3.335468792420949,4542.0,4558.0
2024-06-05,SR000,SHORT,-7.810083668468814,6226.0,6220.0
2024-06-06,bc000,LONG,65.57838690533399,72010.0,71900.0
2024-06-06,sn000,LONG,4.61888741997036,260730.0,260190.0
2024-06-06,SR000,LONG,3.7859945808458564,6282.0,6283.0
2024-06-06,au000,LONG,3.7095371872774843,558.34,558.66
2024-06-06,eg000,LONG,3.3220219881495128,4560.0,4549.0
2024-06-06,ag000,SHORT,-0.48491252631000636,7889.0,7880.0
2024-06-06,ru000,SHORT,-0.5873057264247614,15100.0,15005.0
2024-06-06,hc000,SHORT,-1.3748110972410743,3791.0,3779.0
2024-06-06,lu000,SHORT,-1.6374228941671147,3961.0,3927.0
2024-06-06,a000,SHORT,-5.171831062123765,4627.0,4628.0
2024-06-07,SR000,LONG,5.2561859581683965,6286.0,6294.0
2024-06-07,a000,LONG,3.83350641701166,4657.0,4650.0
2024-06-07,bu000,LONG,3.060757818325788,3537.0,3522.0
2024-06-07,eg000,LONG,2.5605870939263937,4567.0,4555.0
2024-06-07,CF000,LONG,1.7910092874974257,15200.0,15135.0
2024-06-07,m000,SHORT,-1.1065583332693019,3525.0,3516.0
2024-06-07,lh000,SHORT,-1.2745236053186153,18245.0,17960.0
2024-06-07,sc000,SHORT,-1.4120045523146703,585.0,585.9
2024-06-07,p000,SHORT,-2.081143319548399,7838.0,7828.0
2024-06-07,rr000,SHORT,-2.0925106002925844,3510.0,3507.0
2024-06-11,bc000,LONG,10.732693625630517,71680.0,71070.0
2024-06-11,bu000,LONG,4.649758861516137,3586.0,3536.0
2024-06-11,hc000,LONG,4.202987928199594,3792.0,3766.0
2024-06-11,pb000,LONG,3.5347201658392673,18735.0,18690.0
2024-06-11,c000,LONG,2.9841276792056513,2491.0,2485.0
2024-06-11,ss000,SHORT,-3.221486479741756,14160.0,14100.0
2024-06-11,sn000,SHORT,-3.2314923442194585,266820.0,264050.0
2024-06-11,TA000,SHORT,-3.4796482264154105,5920.0,5946.0
2024-06-11,al000,SHORT,-4.884292224284045,20905.0,20905.0
2024-06-11,a000,SHORT,-5.55879764192404,4645.0,4645.0
2024-06-12,l000,LONG,2.2268995097473896,8552.0,8547.0
2024-06-12,bu000,LONG,2.0755979837290175,3551.0,3545.0
2024-06-12,sn000,LONG,1.9077285668438064,264510.0,263940.0
2024-06-12,rr000,LONG,1.618492791985654,3507.0,3510.0
2024-06-12,cu000,LONG,1.5406865028286354,79300.0,79260.0
2024-06-12,RS000,SHORT,-1.3175861895115426,5575.0,5570.0
2024-06-12,pp000,SHORT,-1.4268096180886167,7689.0,7677.0
2024-06-12,eg000,SHORT,-1.8402844101151403,4521.0,4519.0
2024-06-12,lh000,SHORT,-2.0880087344138207,18465.0,18330.0
2024-06-12,bc000,SHORT,-5.47696017385621,70550.0,70500.0
2024-06-13,SM000,LONG,0.27095631478776677,7846.0,8078.0
2024-06-13,AP000,LONG,0.14864950378113584,7068.0,7085.0
2024-06-13,pg000,LONG,0.14513973371500938,4487.0,4514.0
2024-06-13,b000,LONG,0.10958501612720462,3997.0,4009.0
2024-06-13,si000,LONG,0.09309144972392346,11930.0,12160.0
2024-06-13,sn000,SHORT,-7.343743347476278,276510.0,277360.0
2024-06-13,SH000,SHORT,-8.06958867908006,2731.0,2723.0
2024-06-13,eg000,SHORT,-11.963550219660924,4545.0,4558.0
2024-06-13,SR000,SHORT,-25.441841141753432,6191.0,6209.0
2024-06-13,bc000,SHORT,-28.996315463317455,71560.0,71660.0
2024-06-14,au000,LONG,3.105981572942699,544.7,544.7
2024-06-14,al000,LONG,2.9397225015763344,20625.0,20630.0
2024-06-14,a000,LONG,2.6172639536816704,4631.0,4636.0
2024-06-14,cu000,LONG,1.867548962070761,79370.0,79250.0
2024-06-14,TA000,LONG,1.73773565956817,5936.0,5952.0
2024-06-14,eg000,SHORT,-1.0592480183704476,4521.0,4528.0
2024-06-14,PX000,SHORT,-1.1408093131604944,8558.0,8582.0
2024-06-14,sn000,SHORT,-1.2241672056211959,269900.0,269210.0
2024-06-14,lh000,SHORT,-1.3215307203104467,17900.0,17880.0
2024-06-14,SR000,SHORT,-5.519344763425986,6238.0,6183.0
2024-06-17,al000,LONG,5.994252037575866,20480.0,20485.0
2024-06-17,bc000,LONG,5.795128608779417,70690.0,70650.0
2024-06-17,cu000,LONG,2.50146203078566,79270.0,79240.0
2024-06-17,SR000,LONG,1.8768969332456997,6208.0,6202.0
2024-06-17,p000,LONG,1.6786686968089835,7640.0,7676.0
2024-06-17,ni000,SHORT,-3.3554980553503295,136720.0,136430.0
2024-06-17,l000,SHORT,-3.41775255905352,8526.0,8538.0
2024-06-17,sn000,SHORT,-4.009091548823503,268410.0,266890.0
2024-06-17,CF000,SHORT,-4.831509312335448,14710.0,14805.0
2024-06-17,eg000,SHORT,-6.6605587829222825,4501.0,4491.0
2024-06-18,bc000,LONG,7.91789555664542,69990.0,69900.0
2024-06-18,SR000,LONG,2.6452100030155266,6140.0,6148.0
2024-06-18,al000,LONG,1.6975887702120778,20375.0,20350.0
2024-06-18,zn000,LONG,1.622174864894576,23410.0,23385.0
2024-06-18,pb000,LONG,1.303913590139721,18875.0,18860.0
2024-06-18,lh000,SHORT,-1.9187983873800738,17610.0,17545.0
2024-06-18,eg000,SHORT,-2.4406725839304473,4475.0,4477.0
2024-06-18,sn000,SHORT,-2.4805641906067133,267190.0,266720.0
2024-06-18,l000,SHORT,-2.799140613958667,8522.0,8509.0
2024-06-18,bu000,SHORT,-2.8138630509431426,3585.0,3572.0
2024-06-19,a000,LONG,3.491512624570548,4517.0,4520.0
2024-06-19,CF000,LONG,2.2835233409108238,14560.0,14525.0
2024-06-19,pp000,LONG,1.583795552079956,7738.0,7736.0
2024-06-19,al000,LONG,1.58002325949772,20455.0,20460.0
2024-06-19,l000,LONG,0.9959150719997237,8567.0,8565.0
2024-06-19,SH000,SHORT,-1.6824006769990592,2691.0,2703.0
2024-06-19,bu000,SHORT,-1.735935281490658,3606.0,3595.0
2024-06-19,SR000,SHORT,-2.020039695995485,6026.0,6037.0
2024-06-19,eg000,SHORT,-2.975456812909546,4484.0,4484.0
2024-06-19,bc000,SHORT,-6.550029672629124,70060.0,69980.0
2024-06-20,bc000,LONG,20.20144673716881,70830.0,70820.0
2024-06-20,eg000,LONG,8.788231806758484,4502.0,4497.0
2024-06-20,ss000,LONG,6.984420898572746,13980.0,13990.0
2024-06-20,l000,LONG,5.120474821545509,8586.0,8580.0
2024-06-20,a000,LONG,2.7909491114350717,4528.0,4525.0
2024-06-20,SH000,SHORT,-0.3734931532649546,2688.0,2679.0
2024-06-20,v000,SHORT,-0.39469814609151543,6172.0,6150.0
2024-06-20,sn000,SHORT,-0.5115097874839413,270270.0,269940.0
2024-06-20,m000,SHORT,-0.6633108015008535,3380.0,3378.0
2024-06-20,CF000,SHORT,-1.8530278302015852,14625.0,14520.0
2024-06-21,CY000,LONG,3.6760924725998985,20230.0,20280.0
2024-06-21,al000,LONG,2.0873680682024123,20615.0,20615.0
2024-06-21,CF000,LONG,2.01365944918934,14545.0,14575.0
2024-06-21,a000,LONG,1.7029034508805638,4532.0,4534.0
2024-06-21,au000,LONG,1.1365815589290569,560.02,559.6
2024-06-21,pb000,SHORT,-2.3885247245431733,18815.0,18835.0
2024-06-21,l000,SHORT,-2.8526203699095207,8596.0,8607.0
2024-06-21,SR000,SHORT,-3.3829956091680797,6076.0,6122.0
2024-06-21,eg000,SHORT,-4.6757030442730265,4523.0,4523.0
2024-06-21,bc000,SHORT,-22.124082729202577,71510.0,71510.0
2024-06-24,eg000,LONG,13.8005509095334,4522.0,4516.0
2024-06-24,cu000,LONG,9.03524305255015,78960.0,79140.0
2024-06-24,ag000,LONG,3.3603310786677074,7878.0,7881.0
2024-06-24,cs000,LONG,2.621531850840294,2944.0,2914.0
2024-06-24,CY000,LONG,2.373613295715393,20310.0,20220.0
2024-06-24,SF000,SHORT,-2.900486500661426,7020.0,6914.0
2024-06-24,l000,SHORT,-3.1066374668762458,8493.0,8523.0
2024-06-24,SR000,SHORT,-5.257794992031613,6097.0,6093.0
2024-06-24,bc000,SHORT,-6.826014116026897,70230.0,70380.0
2024-06-24,MA000,SHORT,-9.00725492637797,2484.0,2497.0
2024-06-25,SR000,LONG,4.262489209936894,6109.0,6121.0
2024-06-25,a000,LONG,3.293272082916171,4651.0,4652.0
2024-06-25,CY000,LONG,1.7046189161148209,20185.0,20240.0
2024-06-25,SH000,LONG,1.385810187384937,2694.0,2706.0
2024-06-25,cu000,LONG,1.1614121375254716,78640.0,78750.0
2024-06-25,sn000,SHORT,-3.8803216859424725,271910.0,272890.0
2024-06-25,zn000,SHORT,-4.180178590829871,23560.0,23620.0
2024-06-25,bu000,SHORT,-4.227662488591859,3605.0,3594.0
2024-06-25,bc000,SHORT,-4.244008733140901,69850.0,69950.0
2024-06-25,pb000,SHORT,-6.877261738938158,18845.0,18865.0
2024-06-26,CF000,LONG,2.373833197660178,14745.0,14730.0
2024-06-26,pp000,LONG,1.3993506863828427,7710.0,7718.0
2024-06-26,bu000,LONG,1.3025136801071717,3611.0,3612.0
2024-06-26,CY000,LONG,1.293751368953591,20550.0,20520.0
2024-06-26,hc000,LONG,1.1189820693328936,3727.0,3727.0
2024-06-26,a000,SHORT,-2.89435340965945,4627.0,4628.0
2024-06-26,al000,SHORT,-4.351890984273554,20270.0,20285.0
2024-06-26,bc000,SHORT,-5.158008200168066,69280.0,69400.0
2024-06-26,SR000,SHORT,-5.273761071723364,6112.0,6087.0
2024-06-26,eg000,SHORT,-6.032364590959353,4574.0,4583.0
2024-06-27,al000,LONG,1.6378629013067656,20295.0,20290.0
2024-06-27,sn000,LONG,1.2183495861708882,266420.0,266220.0
2024-06-27,c000,LONG,0.8468595202760739,2514.0,2513.0
2024-06-27,ni000,LONG,0.7653541634452645,135320.0,135320.0
2024-06-27,jm000,LONG,0.7103274329470791,1566.5,1572.5
2024-06-27,CF000,SHORT,-1.4892261411168701,14695.0,14710.0
2024-06-27,l000,SHORT,-1.5943029267293214,8506.0,8522.0
2024-06-27,eg000,SHORT,-2.092809333335966,4581.0,4574.0
2024-06-27,bu000,SHORT,-2.208473658607483,3625.0,3622.0
2024-06-27,bc000,SHORT,-4.600318185785556,69280.0,69260.0
2024-06-28,eg000,LONG,2.2691193974949493,4636.0,4635.0
2024-06-28,TA000,LONG,1.7638578775924636,5992.0,5972.0
2024-06-28,SR000,LONG,1.6579371146893795,6185.0,6132.0
2024-06-28,pp000,LONG,1.2771711685681975,7757.0,7736.0
2024-06-28,hc000,LONG,1.2300585939583972,3729.0,3730.0
2024-06-28,lh000,SHORT,-1.0940299994528928,17590.0,17620.0
2024-06-28,SA000,SHORT,-1.1860057097767718,2026.0,2034.0
2024-06-28,y000,SHORT,-1.2981537617154733,7796.0,7812.0
2024-06-28,al000,SHORT,-2.1355943177692542,20190.0,20185.0
2024-06-28,MA000,SHORT,-2.2693302449494532,2529.0,2524.0
2024-07-01,bc000,LONG,3.7966810371652318,69640.0,69590.0
2024-07-01,pb000,LONG,3.1948327263586456,19520.0,19505.0
2024-07-01,eg000,LONG,2.955863884050966,4645.0,4648.0
2024-07-01,l000,LONG,2.0735190692550036,8553.0,8557.0
2024-07-01,zn000,LONG,1.651675056034023,24485.0,24475.0
2024-07-01,lh000,SHORT,-3.1986397721239985,17660.0,17695.0
2024-07-01,ss000,SHORT,-4.363173979379286,14025.0,14025.0
2024-07-01,cu000,SHORT,-4.453482020977389,78460.0,78380.0
2024-07-01,SR000,SHORT,-4.483911111700561,6199.0,6192.0
2024-07-01,a000,SHORT,-8.190212615758337,4673.0,4700.0
2024-07-02,CY000,LONG,3.1192768056612175,20770.0,20750.0
2024-07-02,SR000,LONG,2.5541634649423255,6189.0,6192.0
2024-07-02,pp000,LONG,2.145427135068224,7814.0,7797.0
2024-07-02,ni000,LONG,1.677048924225718,137490.0,137530.0
2024-07-02,zn000,LONG,1.6444225434246564,24365.0,24335.0
2024-07-02,jm000,SHORT,-1.0358353474124813,1605.0,1607.0
2024-07-02,bu000,SHORT,-1.0632861219953746,3683.0,3672.0
2024-07-02,l000,SHORT,-1.5791812648911407,8613.0,8592.0
2024-07-02,eg000,SHORT,-1.7261282191190048,4682.0,4695.0
2024-07-02,bc000,SHORT,-4.227877750301165,69920.0,69870.0
2024-07-03,eg000,LONG,7.666690870791358,4706.0,4705.0
2024-07-03,a000,LONG,2.356342461729888,4689.0,4689.0
2024-07-03,CY000,LONG,1.6039566263800442,20685.0,20665.0
2024-07-03,TA000,LONG,1.110986802318332,6030.0,6018.0
2024-07-03,c000,LONG,1.0552898543352094,2486.0,2487.0
2024-07-03,fu000,SHORT,-1.0825206339035829,3597.0,3611.0
2024-07-03,au000,SHORT,-1.2542829648491074,551.4,551.48
2024-07-03,PX000,SHORT,-1.9148240147182722,8690.0,8672.0
2024-07-03,sn000,SHORT,-2.3032205973194784,273490.0,273240.0
2024-07-03,bc000,SHORT,-7.854496106206178,70120.0,70160.0
2024-07-04,eg000,LONG,6.378885232023306,4725.0,4714.0
2024-07-04,sn000,LONG,4.705825079598469,276400.0,276490.0
2024-07-04,SR000,LONG,2.3217233319614006,6255.0,6258.0
2024-07-04,CY000,LONG,1.8860514221515374,20685.0,20660.0
2024-07-04,lh000,LONG,1.4854530563142962,17910.0,17855.0
2024-07-04,ag000,SHORT,-1.286225185780886,8084.0,8092.0
2024-07-04,bc000,SHORT,-1.2966281074975878,71490.0,71520.0
2024-07-04,zn000,SHORT,-1.3937712250764094,24710.0,24740.0
2024-07-04,a000,SHORT,-2.04387428733489,4701.0,4713.0
2024-07-04,pb000,SHORT,-2.09016775484537,19500.0,19490.0
2024-07-05,eg000,LONG,10.692727175695724,4690.0,4695.0
2024-07-05,l000,LONG,1.884671111572999,8566.0,8572.0
2024-07-05,cu000,LONG,1.5271558859234495,80020.0,80020.0
2024-07-05,pb000,LONG,1.4035944557286337,19675.0,19680.0
2024-07-05,au000,LONG,1.3812400360960886,558.04,558.16
2024-07-05,CF000,SHORT,-1.2417521842830337,14730.0,14670.0
2024-07-05,CY000,SHORT,-1.414130620410254,20570.0,20500.0
2024-07-05,SH000,SHORT,-1.7186173333640455,2726.0,2716.0
2024-07-05,a000,SHORT,-2.0777560080742785,4712.0,4706.0
2024-07-05,bc000,SHORT,-14.70120693097274,71410.0,71420.0
2024-07-08,CY000,LONG,4.072936882529719,20365.0,20385.0
2024-07-08,SR000,LONG,3.193858507372772,6232.0,6274.0
2024-07-08,bu000,LONG,2.306688968461219,3682.0,3707.0
2024-07-08,CF000,LONG,2.27150315782655,14615.0,14580.0
2024-07-08,pp000,LONG,1.9771815396463002,7744.0,7764.0
2024-07-08,cu000,SHORT,-2.579719212003303,80510.0,80490.0
2024-07-08,pb000,SHORT,-2.6602902709234706,19685.0,19665.0
2024-07-08,bc000,SHORT,-3.3190901037070413,71770.0,71780.0
2024-07-08,a000,SHORT,-5.300704215661828,4714.0,4726.0
2024-07-08,eg000,SHORT,-9.496149831388905,4762.0,4759.0
2024-07-09,eg000,LONG,9.56414653549825,4708.0,4716.0
2024-07-09,bc000,LONG,3.3925154982376355,71450.0,71390.0
2024-07-09,lh000,LONG,1.5060160417208561,17870.0,18075.0
2024-07-09,MA000,LONG,0.8965800812357946,2536.0,2542.0
2024-07-09,pp000,LONG,0.8806598845888329,7736.0,7744.0
2024-07-09,au000,SHORT,-1.2555788828702088,556.24,556.58
2024-07-09,cu000,SHORT,-1.3241494122042086,80130.0,80050.0
2024-07-09,CY000,SHORT,-1.584655225613153,20245.0,20330.0
2024-07-09,al000,SHORT,-1.857148451767191,20355.0,20360.0
2024-07-09,a000,SHORT,-2.6777338581489016,4675.0,4675.0
2024-07-10,eg000,LONG,3.359878703244609,4718.0,4728.0
2024-07-10,MA000,LONG,1.083684259369974,2549.0,2548.0
2024-07-10,al000,LONG,0.6912125220798879,20305.0,20295.0
2024-07-10,CF000,LONG,0.6025601292402788,14455.0,14500.0
2024-07-10,j000,LONG,0.5271397031549181,2232.0,2229.0
2024-07-10,zn000,SHORT,-3.0156253635900376,24280.0,24270.0
2024-07-10,CY000,SHORT,-3.3116166439369894,20100.0,20150.0
2024-07-10,pb000,SHORT,-3.5459296411263597,19470.0,19460.0
2024-07-10,cu000,SHORT,-6.763189692921782,79950.0,79930.0
2024-07-10,bc000,SHORT,-7.644032522470685,71250.0,71240.0
2024-07-11,l000,LONG,4.031927339043072,8413.0,8403.0
2024-07-11,SR000,LONG,3.685685940343935,6182.0,6194.0
2024-07-11,a000,LONG,3.583325261071844,4623.0,4617.0
2024-07-11,hc000,LONG,3.4132073786913555,3691.0,3686.0
2024-07-11,pb000,LONG,2.0583968958356174,19395.0,19405.0
2024-07-11,PF000,SHORT,-0.4480167273196974,7602.0,7590.0
2024-07-11,p000,SHORT,-0.46426573878360006,7648.0,7644.0
2024-07-11,jm000,SHORT,-0.5246379579172321,1553.5,1542.0
2024-07-11,sn000,SHORT,-0.8097008904445838,282340.0,281960.0
2024-07-11,eg000,SHORT,-7.807160371571808,4742.0,4743.0
2024-07-12,l000,LONG,1.6019120159160454,8393.0,8392.0
2024-07-12,zn000,LONG,1.5172302697765656,24320.0,24345.0
2024-07-12,ni000,LONG,1.500143847634322,133760.0,133780.0
2024-07-12,rr000,LONG,1.2090427378246142,3492.0,3493.0
2024-07-12,a000,LONG,0.9877380596778081,4620.0,4621.0
2024-07-12,SR000,SHORT,-0.8765937011548568,6144.0,6174.0
2024-07-12,lh000,SHORT,-0.9125356643816249,17875.0,17835.0
2024-07-12,ss000,SHORT,-0.9713364396196296,13855.0,13865.0
2024-07-12,TA000,SHORT,-0.9718106896948913,5916.0,5914.0
2024-07-12,eg000,SHORT,-14.94412429634366,4821.0,4822.0
2024-07-15,a000,LONG,4.151816263098641,4558.0,4575.0
2024-07-15,lu000,LONG,3.072687131404715,4281.0,4322.0
2024-07-15,au000,LONG,2.176073362097946,570.5599999,569.78
2024-07-15,al000,LONG,1.826073384838998,20105.0,20105.0
2024-07-15,zn000,LONG,1.3381468374467569,24315.0,24305.0
2024-07-15,ni000,SHORT,-3.590132454245232,134580.0,134600.0
2024-07-15,bu000,SHORT,-3.8116990022237256,3632.0,3660.0
2024-07-15,sn000,SHORT,-4.712978326927231,274500.0,274720.0
2024-07-15,CY000,SHORT,-4.727884309402951,20150.0,20125.0
2024-07-15,eg000,SHORT,-7.852040781150665,4748.0,4775.0
2024-07-16,CY000,LONG,2.3046150232495837,20340.0,20355.0
2024-07-16,pb000,LONG,2.219052665309517,19710.0,19695.0
2024-07-16,ss000,LONG,1.373757958083681,13925.0,13925.0
2024-07-16,SR000,LONG,0.8855987043998635,6152.0,6150.0
2024-07-16,lh000,LONG,0.7384376924059254,18270.0,18225.0
2024-07-16,rb000,SHORT,-1.1992195904879328,3533.0,3537.0
2024-07-16,a000,SHORT,-1.5851504929913416,4549.0,4551.0
2024-07-16,bu000,SHORT,-2.5945755701434714,3621.0,3623.0
2024-07-16,l000,SHORT,-3.138756145489471,8361.0,8378.0
2024-07-16,eg000,SHORT,-12.29439019715905,4708.0,4716.0
2024-07-17,bc000,LONG,9.848592506972773,69760.0,69850.0
2024-07-17,a000,LONG,2.283085445406714,4524.0,4540.0
2024-07-17,SR000,LONG,2.0419051536440707,6137.0,6145.0
2024-07-17,CY000,LONG,1.5891579972794572,20145.0,20150.0
2024-07-17,ss000,LONG,1.3720526587049677,13920.0,13920.0
2024-07-17,al000,SHORT,-2.1685425730459986,19825.0,19815.0
2024-07-17,ni000,SHORT,-2.4623225237313484,133060.0,133150.0
2024-07-17,zn000,SHORT,-2.822921444999978,24115.0,24110.0
2024-07-17,sn000,SHORT,-3.2431680784143357,273080.0,273110.0
2024-07-17,eg000,SHORT,-22.16323497777912,4705.0,4700.0
2024-07-18,pb000,LONG,2.9505562618712715,19835.0,19855.0
2024-07-18,zn000,LONG,2.854010778987279,23640.0,23655.0
2024-07-18,pp000,LONG,2.5182705385257895,7680.0,7675.0
2024-07-18,lh000,LONG,2.2542645621524433,18240.0,18335.0
2024-07-18,m000,LONG,2.1100706577567907,3117.0,3109.0
2024-07-18,y000,SHORT,-1.9580370012575044,7598.0,7592.0
2024-07-18,sn000,SHORT,-4.54235522511309,267680.0,267790.0
2024-07-18,al000,SHORT,-5.188594467541921,19725.0,19735.0
2024-07-18,eg000,SHORT,-9.20501567134421,4652.0,4642.0
2024-07-18,bc000,SHORT,-17.992570892649034,69470.0,69520.0
2024-07-19,bc000,LONG,3.248571135909538,67860.0,67920.0
2024-07-19,sn000,LONG,2.002465812432656,261980.0,261770.0
2024-07-19,pb000,LONG,1.4398921566501253,19465.0,19455.0
2024-07-19,m000,LONG,1.4386666319714125,3120.0,3126.0
2024-07-19,zn000,LONG,1.3149229407508007,23445.0,23450.0
2024-07-19,MA000,SHORT,-0.7461938473339907,2515.0,2516.0
2024-07-19,lu000,SHORT,-0.914038127723726,4207.0,4198.0
2024-07-19,CY000,SHORT,-1.3001525439901076,20300.0,20315.0
2024-07-19,SR000,SHORT,-1.8283026400159899,6120.0,6123.0
2024-07-19,eg000,SHORT,-8.81037676582501,4661.0,4670.0
2024-07-22,PX000,LONG,3.5296380345882596,8372.0,8400.0
2024-07-22,pb000,LONG,2.7810490463293673,19345.0,19355.0
2024-07-22,SH000,LONG,2.4720381938526503,2421.0,2448.0
2024-07-22,CF000,LONG,1.7162407734952156,14625.0,14665.0
2024-07-22,ag000,LONG,0.9407143654861925,7648.0,7658.0
2024-07-22,MA000,SHORT,-3.366321047660159,2498.0,2491.0
2024-07-22,a000,SHORT,-4.837885915006402,4521.0,4504.0
2024-07-22,rr000,SHORT,-5.295706968358565,3486.0,3484.0
2024-07-22,l000,SHORT,-5.497892378511239,8330.0,8354.0
2024-07-22,eg000,SHORT,-14.7510105425326,4661.0,4645.0
2024-07-23,bc000,LONG,5.355682436677767,66960.0,66880.0
2024-07-23,CY000,LONG,3.852362036950267,20120.0,20045.0
2024-07-23,cu000,LONG,3.2254904748205413,75430.0,75340.0
2024-07-23,SH000,LONG,2.7276793065505767,2403.0,2392.0
2024-07-23,pb000,LONG,2.154489802771691,19000.0,18985.0
2024-07-23,ru000,SHORT,-0.14381505417272367,14475.0,14425.0
2024-07-23,c000,SHORT,-0.48023165505191234,2409.0,2403.0
2024-07-23,SA000,SHORT,-0.5113191573127527,1885.0,1873.0
2024-07-23,a000,SHORT,-0.6801261153178176,4546.0,4540.0
2024-07-23,fu000,SHORT,-0.8413529147904549,3411.0,3406.0
2024-07-24,sn000,LONG,2.0437487761160864,247660.0,247840.0
2024-07-24,au000,LONG,1.6736441457734532,565.42,565.7
2024-07-24,eg000,LONG,1.046694745903839,4603.0,4612.0
2024-07-24,SR000,LONG,0.9841815783008129,6070.0,6072.0
2024-07-24,ss000,LONG,0.9403532731365389,14075.0,14085.0
2024-07-24,lh000,SHORT,-1.48630758702844,18645.0,18680.0
2024-07-24,j000,SHORT,-1.5888931743008026,2108.0,2104.5
2024-07-24,m000,SHORT,-1.6073494247560647,3163.0,3181.0
2024-07-24,cu000,SHORT,-1.677465246365803,74970.0,74990.0
2024-07-24,pb000,SHORT,-4.5088436064227855,18955.0,18955.0
2024-07-25,m000,LONG,1.2396013291448114,3141.0,3173.0
2024-07-25,v000,LONG,0.42549854599965414,5726.0,5742.0
2024-07-25,fu000,LONG,0.3141054419094419,3377.0,3383.0
2024-07-25,jd000,LONG,0.30317066294906536,3884.0,3928.0
2024-07-25,sn000,LONG,0.2537680689532172,249540.0,249760.0
2024-07-25,rr000,SHORT,-3.47010349026712,3507.0,3506.0
2024-07-25,y000,SHORT,-4.086750467626551,7706.0,7754.0
2024-07-25,ss000,SHORT,-5.237853507108041,13995.0,13975.0
2024-07-25,SR000,SHORT,-6.768332336402214,6110.0,6116.0
2024-07-25,eg000,SHORT,-8.553707672012528,4598.0,4614.0
2024-07-26,y000,LONG,3.7618783513545035,7764.0,7758.0
2024-07-26,ss000,LONG,3.5792993240059428,13835.0,13835.0
2024-07-26,sn000,LONG,2.9556553735386717,246950.0,246870.0
2024-07-26,CY000,LONG,2.181196343028854,19600.0,19570.0
2024-07-26,pp000,LONG,1.8547073145529307,7593.0,7590.0
2024-07-26,l000,SHORT,-0.9984640888610018,8292.0,8292.0
2024-07-26,cu000,SHORT,-1.3563611622740313,74260.0,74260.0
2024-07-26,rr000,SHORT,-1.4520514890500942,3485.0,3483.0
2024-07-26,MA000,SHORT,-1.6919716498741457,2504.0,2502.0
2024-07-26,lu000,SHORT,-2.3639101398294735,4203.0,4160.0
2024-07-29,rr000,LONG,2.006672535633623,3481.0,3480.0
2024-07-29,al000,LONG,1.8278196025721176,19360.0,19345.0
2024-07-29,ss000,LONG,1.4005111153026304,13870.0,13875.0
2024-07-29,j000,LONG,1.1190224983215256,2080.5,2077.0
2024-07-29,l000,LONG,0.9809324969795026,8264.0,8251.0
2024-07-29,PX000,SHORT,-4.544582625724543,8284.0,8250.0
2024-07-29,PF000,SHORT,-4.848033111028308,7466.0,7436.0
2024-07-29,zn000,SHORT,-5.649416620217678,22705.0,22675.0
2024-07-29,ni000,SHORT,-6.2870708379987,126980.0,126840.0
2024-07-29,pb000,SHORT,-7.664501819332277,18695.0,18690.0
2024-07-30,a000,LONG,6.223324198622577,4553.0,4548.0
2024-07-30,cu000,LONG,1.934024827401034,73610.0,73720.0
2024-07-30,PF000,LONG,1.5481702006775917,7408.0,7422.0
2024-07-30,CY000,LONG,1.390266174488083,19740.0,19820.0
2024-07-30,cs000,LONG,1.007245790986405,2804.0,2797.0
2024-07-30,CF000,SHORT,-2.0546332247846504,14140.0,14135.0
2024-07-30,hc000,SHORT,-3.0035382071161956,3498.0,3501.0
2024-07-30,sn000,SHORT,-3.121288731142665,244770.0,244970.0
2024-07-30,eg000,SHORT,-4.003425831710589,4643.0,4648.0
2024-07-30,y000,SHORT,-4.1385094792994375,7660.0,7596.0
2024-07-31,sn000,LONG,6.190712956205438,244440.0,242450.0
2024-07-31,a000,LONG,2.329707411362296,4541.0,4540.0
2024-07-31,au000,LONG,1.723019607846666,560.5,559.94
2024-07-31,lh000,LONG,1.4699805878290624,18570.0,18675.0
2024-07-31,sp000,LONG,1.3865758489742586,5634.0,5626.0
2024-07-31,zn000,SHORT,-0.9422837649561047,22625.0,22565.0
2024-07-31,cu000,SHORT,-1.0197595008822251,73510.0,73290.0
2024-07-31,rr000,SHORT,-1.8479535262632167,3465.0,3467.0
2024-07-31,PF000,SHORT,-1.8937010333459556,7428.0,7426.0
2024-07-31,eg000,SHORT,-5.617946582490403,4599.0,4601.0
2024-08-01,y000,LONG,3.773390438737518,7646.0,7634.0
2024-08-01,SR000,LONG,3.706045465113885,6187.0,6171.0
2024-08-01,SH000,LONG,3.4585128727106635,2438.0,2455.0
2024-08-01,a000,LONG,2.5079267823029787,4558.0,4541.0
2024-08-01,ag000,LONG,1.4701982090584627,7522.0,7509.0
2024-08-01,l000,SHORT,-1.9432601870139559,8313.0,8311.0
2024-08-01,zn000,SHORT,-2.0585043430374586,22815.0,22785.0
2024-08-01,pb000,SHORT,-2.1220773435384293,18940.0,18915.0
2024-08-01,ss000,SHORT,-2.1327621423928886,14115.0,14110.0
2024-08-01,eg000,SHORT,-2.4021048386485506,4716.0,4679.0
2024-08-02,SH000,LONG,1.4460231327064836,2435.0,2434.0
2024-08-02,MA000,LONG,1.0303548823715296,2500.0,2496.0
2024-08-02,lh000,LONG,0.5818467887117049,18620.0,18965.0
2024-08-02,al000,LONG,0.5379675326677283,19245.0,19245.0
2024-08-02,SF000,LONG,0.5235836888469304,6760.0,6922.0
2024-08-02,pb000,SHORT,-2.3136591233937076,18315.0,18310.0
2024-08-02,ss000,SHORT,-2.627439956147418,14005.0,14055.0
2024-08-02,cu000,SHORT,-2.6888107278715943,73860.0,73910.0
2024-08-02,a000,SHORT,-2.8403286418665075,4598.0,4599.0
2024-08-02,y000,SHORT,-3.0457460744156966,7562.0,7582.0
2024-08-05,al000,LONG,3.060814451499776,19000.0,18995.0
2024-08-05,hc000,LONG,2.536578237691668,3505.0,3499.0
2024-08-05,lh000,LONG,2.322259815998793,19185.0,19175.0
2024-08-05,y000,LONG,2.2305016208542194,7562.0,7588.0
2024-08-05,pb000,LONG,1.9988799927686143,17995.0,18010.0
2024-08-05,c000,SHORT,-2.175355841559497,2307.0,2312.0
2024-08-05,SR000,SHORT,-2.4490599800348947,6125.0,6128.0
2024-08-05,eg000,SHORT,-5.68401194472666,4608.0,4622.0
2024-08-05,a000,SHORT,-5.913807953176182,4609.0,4618.0
2024-08-05,bc000,SHORT,-12.094939320688503,65040.0,64980.0
2024-08-06,pb000,LONG,3.5129268322052853,17280.0,17275.0
2024-08-06,zn000,LONG,3.1571513960947604,22335.0,22265.0
2024-08-06,al000,LONG,2.5850426628436516,18910.0,18875.0
2024-08-06,cu000,LONG,1.9560003387999723,71560.0,71420.0
2024-08-06,ss000,LONG,1.86647981351402,13940.0,13910.0
2024-08-06,eg000,SHORT,-2.1671289954726425,4597.0,4587.0
2024-08-06,MA000,SHORT,-2.1996881255418663,2476.0,2470.0
2024-08-06,lh000,SHORT,-2.267395722088197,18200.0,17850.0
2024-08-06,l000,SHORT,-2.9534978837629504,8240.0,8228.0
2024-08-06,a000,SHORT,-3.050613307001291,4582.0,4572.0
2024-08-07,CF000,LONG,8.063709237786572,13640.0,13670.0
2024-08-07,CY000,LONG,2.9480542146809707,19210.0,19260.0
2024-08-07,l000,LONG,1.0625438986293407,8212.0,8235.0
2024-08-07,MA000,LONG,1.0451286183532245,2467.0,2469.0
2024-08-07,lu000,LONG,0.9712159263610736,4024.0,4051.0
2024-08-07,sn000,SHORT,-2.2312178026057548,244970.0,245060.0
2024-08-07,lh000,SHORT,-2.401715364734563,17900.0,18190.0
2024-08-07,a000,SHORT,-2.51768649786899,4576.0,4586.0
2024-08-07,SH000,SHORT,-3.6916400596201724,2455.0,2461.0
2024-08-07,eg000,SHORT,-9.76708040431111,4568.0,4575.0
2024-08-08,a000,LONG,1.3200770652528868,4590.0,4584.0
2024-08-08,ag000,LONG,0.4902852428855847,6953.0,6965.0
2024-08-08,fu000,LONG,0.33872123928085346,3214.0,3223.0
2024-08-08,au000,LONG,0.21027519640546177,555.7,555.76
2024-08-08,SF000,LONG,0.17414585498515742,6720.0,6506.0
2024-08-08,cu000,SHORT,-2.705488019701223,70940.0,71040.0
2024-08-08,lh000,SHORT,-2.908091725987501,18145.0,18250.0
2024-08-08,SH000,SHORT,-4.1668222131226225,2466.0,2472.0
2024-08-08,l000,SHORT,-6.053539313095734,8176.0,8198.0
2024-08-08,eg000,SHORT,-10.826889988832646,4554.0,4570.0
2024-08-09,au000,LONG,9.230550922179953,561.5,560.52
2024-08-09,pb000,LONG,5.095689768246889,17745.0,17555.0
2024-08-09,al000,LONG,4.201501178930458,19050.0,19005.0
2024-08-09,ss000,LONG,2.842156031925796,13860.0,13825.0
2024-08-09,CF000,LONG,2.8060459863715366,13415.0,13390.0
2024-08-09,bu000,SHORT,-1.1246011166115022,3449.0,3460.0
2024-08-09,c000,SHORT,-1.5368917492283483,2300.0,2302.0
2024-08-09,sn000,SHORT,-1.5968470187198247,255430.0,253510.0
2024-08-09,y000,SHORT,-3.003246821220044,7512.0,7478.0
2024-08-09,bc000,SHORT,-8.029709437982376,63310.0,63200.0
2024-08-12,MA000,LONG,6.407111074019703,2402.0,2411.0
2024-08-12,eg000,LONG,2.532859887716067,4526.0,4529.0
2024-08-12,rr000,LONG,2.0919159894168664,3499.0,3496.0
2024-08-12,sn000,LONG,2.0759182216092906,255810.0,256170.0
2024-08-12,ss000,LONG,1.61221371084767,13810.0,13800.0
2024-08-12,lh000,SHORT,-1.6772948988383674,18390.0,18595.0
2024-08-12,TA000,SHORT,-1.7933580214424003,5514.0,5544.0
2024-08-12,pp000,SHORT,-2.5426912305832845,7506.0,7511.0
2024-08-12,y000,SHORT,-3.3893372077773827,7532.0,7556.0
2024-08-12,CY000,SHORT,-6.638136448128388,19170.0,19155.0
2024-08-13,eg000,LONG,8.545030047715478,4560.0,4547.0
2024-08-13,SR000,LONG,4.891066297288045,6013.0,6013.0
2024-08-13,hc000,LONG,3.6003393099607677,3381.0,3377.0
2024-08-13,a000,LONG,2.1244283485114757,4549.0,4561.0
2024-08-13,OI000,LONG,2.0240644476810052,8163.0,8170.0
2024-08-13,zn000,SHORT,-1.1426754452176395,23140.0,23145.0
2024-08-13,lh000,SHORT,-1.3420784755212918,18540.0,18525.0
2024-08-13,CY000,SHORT,-1.477899211057667,19080.0,19080.0
2024-08-13,ss000,SHORT,-2.1349678611081635,13750.0,13760.0
2024-08-13,bc000,SHORT,-8.000559372975516,64730.0,64790.0
2024-08-14,sn000,LONG,3.0504095826990203,255280.0,255150.0
2024-08-14,MA000,LONG,1.5436477092264165,2436.0,2441.0
2024-08-14,pp000,LONG,0.9420786065653647,7553.0,7556.0
2024-08-14,al000,LONG,0.9008579086536262,19095.0,19085.0
2024-08-14,c000,LONG,0.7278468468744943,2284.0,2294.0
2024-08-14,PX000,SHORT,-3.3189243772715913,8012.0,8032.0
2024-08-14,ni000,SHORT,-3.320979768394107,128140.0,127970.0
2024-08-14,rr000,SHORT,-4.996015400108479,3535.0,3529.0
2024-08-14,y000,SHORT,-7.918665704218006,7232.0,7292.0
2024-08-14,a000,SHORT,-10.460820116734816,4504.0,4518.0
2024-08-15,hc000,LONG,2.077315199249348,3212.0,3230.0
2024-08-15,cs000,LONG,1.8390439053486392,2744.0,2735.0
2024-08-15,cu000,LONG,1.563525941461881,71980.0,72100.0
2024-08-15,CF000,LONG,1.4090798214390778,13325.0,13355.0
2024-08-15,SA000,LONG,1.220700098322912,1571.0,1579.0
2024-08-15,lh000,SHORT,-2.937233732445161,18940.0,18730.0
2024-08-15,rr000,SHORT,-3.8252503042778443,3516.0,3515.0
2024-08-15,sn000,SHORT,-3.8950797284815826,254750.0,254580.0
2024-08-15,al000,SHORT,-4.441096970090649,19045.0,19060.0
2024-08-15,SR000,SHORT,-5.430095417444709,5653.0,5659.0
2024-08-16,eg000,LONG,10.76599790739304,4595.0,4610.0
2024-08-16,SR000,LONG,3.033712289092549,5644.0,5661.0
2024-08-16,zn000,LONG,2.0400321002115755,23280.0,23295.0
2024-08-16,CY000,LONG,1.8163104315795955,18740.0,18770.0
2024-08-16,y000,LONG,1.7933435065744858,7388.0,7416.0
2024-08-16,p000,SHORT,-0.9466822584351083,7544.0,7576.0
2024-08-16,cu000,SHORT,-1.0035829517023502,73800.0,73830.0
2024-08-16,jm000,SHORT,-1.0069725162726235,1377.0,1379.0
2024-08-16,PF000,SHORT,-1.1654899819710474,7286.0,7308.0
2024-08-16,au000,SHORT,-4.170479909754713,568.5599999,568.62
2024-08-19,al000,LONG,8.44976938259328,19460.0,19440.0
2024-08-19,au000,LONG,7.742753517173527,574.24,573.32
2024-08-19,y000,LONG,4.044253844770729,7342.0,7294.0
2024-08-19,fu000,LONG,3.056932193958697,3082.0,3091.0
2024-08-19,cu000,LONG,2.290922924610958,73840.0,73700.0
2024-08-19,pb000,SHORT,-3.5952141390683816,17750.0,17715.0
2024-08-19,lh000,SHORT,-3.6049501267801896,18440.0,18505.0
2024-08-19,l000,SHORT,-3.900212577098273,8041.0,8034.0
2024-08-19,sn000,SHORT,-8.497229832328124,264380.0,263730.0
2024-08-19,bc000,SHORT,-10.610311204980821,65510.0,65380.0
2024-08-20,l000,LONG,2.9664613262142074,8040.0,8082.0
2024-08-20,fu000,LONG,2.3661947001031463,3020.0,3072.0
2024-08-20,a000,LONG,2.3372631214065254,4238.0,4242.0
2024-08-20,cu000,LONG,2.2428429440177085,74000.0,74110.0
2024-08-20,zn000,LONG,2.241473302736276,23260.0,23280.0
2024-08-20,rb000,SHORT,-1.045652838842248,3153.0,3153.0
2024-08-20,ag000,SHORT,-1.1942870969392214,7501.0,7509.0
2024-08-20,ni000,SHORT,-1.3211592929911966,130630.0,130780.0
2024-08-20,si000,SHORT,-1.3442160966117482,9505.0,9680.0
2024-08-20,eg000,SHORT,-8.567946313707864,4623.0,4640.0
2024-08-21,SR000,LONG,3.646596174243401,5569.0,5594.0
2024-08-21,y000,LONG,2.7596587752708275,7420.0,7412.0
2024-08-21,a000,LONG,1.6587236223417625,4220.0,4218.0
2024-08-21,cu000,LONG,0.9399089494975587,73460.0,73580.0
2024-08-21,SA000,LONG,0.6607169836978393,1614.0,1626.0
2024-08-21,ni000,SHORT,-2.5121571132137155,130170.0,130430.0
2024-08-21,eg000,SHORT,-2.8344594378879493,4657.0,4665.0
2024-08-21,rr000,SHORT,-3.2550563700205615,3491.0,3492.0
2024-08-21,sn000,SHORT,-3.2726536899927345,262560.0,262230.0
2024-08-21,au000,SHORT,-5.9645442490061145,572.86,573.78
2024-08-22,au000,LONG,1.5136352492988747,574.1799999,574.44
2024-08-22,SH000,LONG,0.778521207970893,2451.0,2451.0
2024-08-22,lu000,LONG,0.6693373622393822,3944.0,4016.0
2024-08-22,v000,LONG,0.6230662369710668,5690.0,5719.0
2024-08-22,zn000,LONG,0.5441955803560807,23550.0,23565.0
2024-08-22,MA000,SHORT,-2.801697474868335,2515.0,2519.0
2024-08-22,sn000,SHORT,-3.2388022749647214,265690.0,265380.0
2024-08-22,l000,SHORT,-3.4219345314034553,8069.0,8082.0
2024-08-22,y000,SHORT,-3.4380624712650474,7442.0,7448.0
2024-08-22,bc000,SHORT,-11.68128566258352,65550.0,65640.0
2024-08-23,cu000,LONG,2.8816672767468203,73540.0,73450.0
2024-08-23,al000,LONG,2.2935644211909,19815.0,19805.0
2024-08-23,ss000,LONG,1.3237751499588504,13715.0,13690.0
2024-08-23,pb000,LONG,1.272791235478729,17350.0,17325.0
2024-08-23,ni000,LONG,1.2132354032508534,128990.0,128940.0
2024-08-23,au000,SHORT,-1.3504200207014134,571.1,570.5
2024-08-23,hc000,SHORT,-1.6920923388405071,3238.0,3241.0
2024-08-23,a000,SHORT,-2.944445271639786,4220.0,4225.0
2024-08-23,sn000,SHORT,-3.50148591021502,265680.0,265510.0
2024-08-23,eg000,SHORT,-4.960668108429898,4664.0,4659.0
2024-08-26,eg000,LONG,13.591218122651652,4671.0,4659.0
2024-08-26,CY000,LONG,7.90060585661463,19370.0,19245.0
2024-08-26,y000,LONG,6.6780511693892155,7522.0,7524.0
2024-08-26,SH000,LONG,3.0386578835178693,2450.0,2389.0
2024-08-26,SR000,LONG,2.618101997351988,5583.0,5566.0
2024-08-26,RS000,SHORT,-0.7423842792144939,4999.0,4938.0
2024-08-26,zn000,SHORT,-0.7593097193185901,23990.0,24020.0
2024-08-26,MA000,SHORT,-1.4496472811906458,2517.0,2508.0
2024-08-26,au000,SHORT,-3.5736393535796265,573.6,574.0
2024-08-26,bc000,SHORT,-13.229654841935913,65820.0,65940.0
2024-08-27,au000,LONG,2.6311729695107458,575.5,575.64
2024-08-27,sn000,LONG,2.6048983187803794,264390.0,264700.0
2024-08-27,PX000,LONG,1.9553174190609703,7826.0,7836.0
2024-08-27,cu000,LONG,1.8638929490881455,74750.0,74730.0
2024-08-27,PF000,LONG,1.5984522747158048,7296.0,7314.0
2024-08-27,sc000,SHORT,-1.688658408236017,567.0,567.5
2024-08-27,p000,SHORT,-1.8037193327716083,8034.0,8038.0
2024-08-27,hc000,SHORT,-2.5846518263277285,3311.0,3319.0
2024-08-27,a000,SHORT,-2.7201183176235713,4279.0,4268.0
2024-08-27,eg000,SHORT,-12.424019763904155,4742.0,4751.0
2024-08-28,y000,LONG,2.7875823791592893,7658.0,7650.0
2024-08-28,zn000,LONG,2.328138382399542,24205.0,24195.0
2024-08-28,pb000,LONG,2.1982776409101303,17625.0,17630.0
2024-08-28,rr000,LONG,2.0551589010284017,3491.0,3494.0
2024-08-28,fu000,LONG,1.600631421095665,3070.0,3066.0
2024-08-28,RS000,SHORT,-0.8626755396850948,4977.0,4941.0
2024-08-28,ni000,SHORT,-1.2830197656057085,132410.0,132560.0
2024-08-28,sn000,SHORT,-1.383824975297728,269090.0,268550.0
2024-08-28,bc000,SHORT,-1.5897984236920295,67060.0,67060.0
2024-08-28,eg000,SHORT,-5.246944557576404,4748.0,4739.0
2024-08-29,eg000,LONG,5.748572506101419,4763.0,4765.0
2024-08-29,l000,LONG,1.8600083924821655,8137.0,8137.0
2024-08-29,a000,LONG,1.4749450367065007,4299.0,4306.0
2024-08-29,hc000,LONG,1.120526446953034,3342.0,3346.0
2024-08-29,fu000,LONG,0.9750843362996756,3028.0,3031.0
2024-08-29,sn000,SHORT,-1.8590377999838852,263500.0,264150.0
2024-08-29,pb000,SHORT,-2.0485507443087716,17380.0,17420.0
2024-08-29,lh000,SHORT,-2.6288836384308865,18130.0,18155.0
2024-08-29,y000,SHORT,-5.753498908245438,7670.0,7668.0
2024-08-29,al000,SHORT,-6.634262750799024,19860.0,19860.0
2024-08-30,eg000,LONG,6.018923001038606,4778.0,4775.0
2024-08-30,zn000,LONG,2.8333203738774198,24055.0,23990.0
2024-08-30,SR000,LONG,2.5116298630318616,5675.0,5654.0
2024-08-30,lh000,LONG,2.4041668926306317,18235.0,18255.0
2024-08-30,pb000,LONG,2.3535492945401404,17270.0,17245.0
2024-08-30,CY000,SHORT,-0.7034657589039305,19435.0,19420.0
2024-08-30,sn000,SHORT,-1.1332293753364648,262960.0,262420.0
2024-08-30,fu000,SHORT,-2.3105946544264353,3032.0,3046.0
2024-08-30,y000,SHORT,-2.6274203433818935,7746.0,7692.0
2024-08-30,PX000,SHORT,-7.688820530452571,7744.0,7764.0
2024-09-02,l000,LONG,2.31601454621211,8078.0,8094.0
2024-09-02,jm000,LONG,1.9008623470768498,1354.5,1353.0
2024-09-02,m000,LONG,1.7046128534121134,3018.0,3004.0
2024-09-02,bu000,LONG,1.4864614007254215,3435.0,3451.0
2024-09-02,p000,LONG,1.0719707095610078,7948.0,7958.0
2024-09-02,SR000,SHORT,-4.009569609868671,5632.0,5642.0
2024-09-02,sn000,SHORT,-4.071354239770858,261460.0,260910.0
2024-09-02,SH000,SHORT,-4.439984752710128,2514.0,2517.0
2024-09-02,CY000,SHORT,-4.465119098035056,19420.0,19515.0
2024-09-02,y000,SHORT,-12.40366948266879,7712.0,7716.0
2024-09-03,y000,LONG,2.4676551265143423,7648.0,7688.0
2024-09-03,ru000,LONG,0.8952802077944934,16330.0,16330.0
2024-09-03,sp000,LONG,0.8096322526246115,5994.0,6024.0
2024-09-03,SR000,LONG,0.781196366673292,5612.0,5619.0
2024-09-03,lu000,LONG,0.7125167598861849,4019.0,4017.0
2024-09-03,zn000,SHORT,-3.5928522683554442,23715.0,23705.0
2024-09-03,pb000,SHORT,-4.019565946621394,17255.0,17250.0
2024-09-03,eg000,SHORT,-4.148466887460793,4707.0,4718.0
2024-09-03,l000,SHORT,-4.830406316309328,8028.0,8047.0
2024-09-03,rr000,SHORT,-5.83104893286865,3447.0,3437.0
2024-09-04,sn000,LONG,3.240975315412858,252450.0,252600.0
2024-09-04,cu000,LONG,1.558793030418955,72100.0,72090.0
2024-09-04,SA000,LONG,1.1275859248265854,1505.0,1506.0
2024-09-04,lh000,LONG,1.065677564530859,18430.0,18360.0
2024-09-04,cs000,LONG,0.9259146635897001,2676.0,2671.0
2024-09-04,hc000,SHORT,-3.1470286814020167,3203.0,3205.0
2024-09-04,SR000,SHORT,-3.3074124603896604,5605.0,5606.0
2024-09-04,a000,SHORT,-3.5210750368012227,4301.0,4290.0
2024-09-04,pp000,SHORT,-4.682934628210365,7416.0,7461.0
2024-09-04,eg000,SHORT,-10.457015854679085,4627.0,4678.0
2024-09-05,y000,LONG,6.828661056612567,7728.0,7740.0
2024-09-05,bc000,LONG,4.6044991394942,63770.0,63700.0
2024-09-05,ag000,LONG,2.1705581164793126,7130.0,7125.0
2024-09-05,ni000,LONG,1.591522143722111,124900.0,124910.0
2024-09-05,CF000,LONG,1.5674092266520492,13680.0,13675.0
2024-09-05,j000,SHORT,-2.2680996096684485,1821.5,1850.0
2024-09-05,jd000,SHORT,-2.6879994127110267,3679.0,3668.0
2024-09-05,eg000,SHORT,-3.2100071983820455,4557.0,4570.0
2024-09-05,rr000,SHORT,-3.2127434182375043,3505.0,3503.0
2024-09-05,l000,SHORT,-3.70811073625754,7925.0,7957.0
2024-09-06,y000,LONG,2.371493911285234,7744.0,7762.0
2024-09-06,lu000,LONG,1.0476865034307954,3992.0,4059.0
2024-09-06,au000,LONG,0.8462021984016865,572.2,571.8
2024-09-06,hc000,LONG,0.7797692310613511,3119.0,3148.0
2024-09-06,SR000,LONG,0.7085358201428615,5615.0,5635.0
2024-09-06,l000,SHORT,-4.362629107696332,7938.0,7972.0
2024-09-06,ss000,SHORT,-6.937240185724314,13480.0,13480.0
2024-09-06,rr000,SHORT,-7.141325616227374,3487.0,3485.0
2024-09-06,eg000,SHORT,-10.46742482348231,4537.0,4553.0
2024-09-06,bc000,SHORT,-18.753346745498362,64480.0,64380.0
2024-09-09,l000,LONG,6.812254853060069,7920.0,7916.0
2024-09-09,hc000,LONG,5.12678838963582,3065.0,3055.0
2024-09-09,sc000,LONG,4.120695027533803,504.0,505.7
2024-09-09,p000,LONG,3.9230207689665924,7826.0,7834.0
2024-09-09,rr000,LONG,3.786479726590261,3484.0,3485.0
2024-09-09,a000,SHORT,-5.641926067159189,4295.0,4322.0
2024-09-09,cs000,SHORT,-5.770468701292238,2633.0,2670.0
2024-09-09,al000,SHORT,-9.012571088359573,19120.0,19120.0
2024-09-09,eg000,SHORT,-9.1137010084902,4501.0,4482.0
2024-09-09,cu000,SHORT,-11.216413385744959,71870.0,71940.0
2024-09-10,eg000,LONG,21.172543137681494,4467.0,4454.0
2024-09-10,c000,LONG,4.6472267078039025,2209.0,2217.0
2024-09-10,bc000,LONG,3.749413721131073,64750.0,64700.0
2024-09-10,pb000,LONG,3.20196828233959,16385.0,16335.0
2024-09-10,m000,LONG,2.706683676926709,3094.0,3095.0
2024-09-10,j000,SHORT,-0.9698918180639894,1778.5,1785.0
2024-09-10,cu000,SHORT,-1.3420085725806983,72890.0,72850.0
2024-09-10,rr000,SHORT,-1.6013872196436199,3484.0,3480.0
2024-09-10,CF000,SHORT,-2.0608380338283347,13335.0,13315.0
2024-09-10,y000,SHORT,-4.931849406107753,7720.0,7682.0
2024-09-11,sn000,LONG,7.013729122316442,250920.0,250790.0
2024-09-11,lh000,LONG,2.293203962717142,17825.0,17755.0
2024-09-11,pp000,LONG,2.1549355329119595,7227.0,7222.0
2024-09-11,al000,LONG,1.7030779157659566,19325.0,19320.0
2024-09-11,jd000,LONG,0.9836181189342784,3485.0,3517.0
2024-09-11,lu000,SHORT,-2.0718848280198894,3777.0,3811.0
2024-09-11,y000,SHORT,-2.1097047669945583,7610.0,7634.0
2024-09-11,m000,SHORT,-2.636193496581806,3025.0,3029.0
2024-09-11,ss000,SHORT,-6.201258560023699,13145.0,13135.0
2024-09-11,eg000,SHORT,-11.143442130204845,4315.0,4315.0
2024-09-12,CY000,LONG,2.5725792289005507,19290.0,19245.0
2024-09-12,c000,LONG,2.0755470158242684,2195.0,2196.0
2024-09-12,v000,LONG,1.8086772462874636,5367.0,5342.0
2024-09-12,RM000,LONG,1.3865370657620717,2517.0,2514.0
2024-09-12,l000,LONG,1.3795388476990291,7955.0,7933.0
2024-09-12,CF000,SHORT,-1.7786087499189194,13505.0,13485.0
2024-09-12,lh000,SHORT,-1.7994058130609667,17740.0,17655.0
2024-09-12,sn000,SHORT,-2.7366648521732553,252910.0,253000.0
2024-09-12,a000,SHORT,-2.906520221565319,4300.0,4298.0
2024-09-12,eg000,SHORT,-14.703300640689633,4411.0,4389.0
2024-09-13,bc000,LONG,6.904355826582971,65610.0,65710.0
2024-09-13,pb000,LONG,4.810138254012431,16780.0,16790.0
2024-09-13,zn000,LONG,4.5236066728504225,23770.0,23770.0
2024-09-13,ni000,LONG,3.858053783969208,124210.0,124280.0
2024-09-13,PF000,LONG,3.478892465033861,6978.0,7026.0
2024-09-13,c000,SHORT,-1.4254795394652537,2198.0,2197.0
2024-09-13,pp000,SHORT,-1.6974505685851826,7299.0,7297.0
2024-09-13,hc000,SHORT,-1.8331871719303143,3246.0,3248.0
2024-09-13,l000,SHORT,-2.8046952440119703,7952.0,7951.0
2024-09-13,eg000,SHORT,-3.474468299579249,4442.0,4455.0
2024-09-18,zn000,LONG,5.280024012490358,23865.0,23915.0
2024-09-18,ni000,LONG,4.7993128969116325,123780.0,124370.0
2024-09-18,pb000,LONG,2.7181844837738147,16375.0,16440.0
2024-09-18,TA000,LONG,2.29168725686076,4834.0,4766.0
2024-09-18,PF000,LONG,2.1343834574733274,6950.0,6866.0
2024-09-18,sn000,SHORT,-6.482659396144202,256130.0,254630.0
2024-09-18,al000,SHORT,-7.566291084841145,19915.0,19925.0
2024-09-18,l000,SHORT,-8.036621349658628,7933.0,7870.0
2024-09-18,CY000,SHORT,-8.542840172836208,19355.0,19445.0
2024-09-18,cu000,SHORT,-9.48869226640431,74540.0,74510.0
2024-09-19,CF000,LONG,1.8250014521427032,13665.0,13645.0
2024-09-19,y000,LONG,1.3711194038476977,7802.0,7852.0
2024-09-19,al000,LONG,1.126906252649545,19990.0,19990.0
2024-09-19,fu000,LONG,1.0929868994610454,2813.0,2835.0
2024-09-19,lu000,LONG,0.9295528201959191,3793.0,3800.0
2024-09-19,PF000,SHORT,-3.035260303317462,6846.0,6842.0
2024-09-19,j000,SHORT,-3.141846450235333,1848.5,1872.5
2024-09-19,eg000,SHORT,-4.676065492480456,4390.0,4402.0
2024-09-19,rr000,SHORT,-5.025183244876421,3489.0,3488.0
2024-09-19,l000,SHORT,-8.476035763671627,7860.0,7864.0
2024-09-20,eg000,LONG,4.713685558403692,4414.0,4435.0
2024-09-20,zn000,LONG,1.525381822693981,24130.0,24130.0
2024-09-20,fu000,LONG,1.0926375707609395,2905.0,2900.0
2024-09-20,RS000,LONG,0.9976960571752799,5064.0,5047.0
2024-09-20,m000,LONG,0.8317300771351709,3054.0,3040.0
2024-09-20,j000,SHORT,-3.425500201622195,1894.5,1912.5
2024-09-20,lh000,SHORT,-3.5326267765742236,17730.0,17775.0
2024-09-20,sn000,SHORT,-4.490784685109147,259380.0,259480.0
2024-09-20,l000,SHORT,-4.532786220478818,7923.0,7952.0
2024-09-20,rr000,SHORT,-9.671883937040297,3484.0,3485.0
2024-09-23,eg000,LONG,20.178750834377528,4390.0,4368.0
2024-09-23,MA000,LONG,10.065127609470034,2368.0,2349.0
2024-09-23,l000,LONG,5.884308845861853,7915.0,7857.0
2024-09-23,cu000,LONG,3.6426831873224335,75400.0,75360.0
2024-09-23,SF000,LONG,3.4521883201557024,6156.0,6060.0
2024-09-23,lh000,SHORT,-1.6571418785671943,17220.0,17295.0
2024-09-23,y000,SHORT,-2.424980238968589,7890.0,7846.0
2024-09-23,ss000,SHORT,-2.558193268980783,13190.0,13210.0
2024-09-23,a000,SHORT,-2.7526504667178022,4132.0,4131.0
2024-09-23,CY000,SHORT,-3.2965186185669113,19690.0,19620.0
2024-09-24,rr000,LONG,17.32268608390072,3491.0,3491.0
2024-09-24,eg000,LONG,14.325919884465582,4398.0,4368.0
2024-09-24,l000,LONG,9.119790058812335,7889.0,7854.0
2024-09-24,CY000,LONG,5.2018319002291395,19735.0,19700.0
2024-09-24,y000,LONG,4.683308466593275,7998.0,7992.0
2024-09-24,al000,SHORT,-0.3209606975929554,19840.0,19850.0
2024-09-24,v000,SHORT,-0.38782305018554397,5253.0,5246.0
2024-09-24,si000,SHORT,-0.6335265962091825,9460.0,9575.0
2024-09-24,cu000,SHORT,-0.7015707831185347,75580.0,75650.0
2024-09-24,c000,SHORT,-1.2818724883671964,2130.0,2132.0
2024-09-25,eg000,LONG,18.049391448325828,4532.0,4496.0
2024-09-25,a000,LONG,13.19934446322521,4168.0,4159.0
2024-09-25,sn000,LONG,10.178907808762355,262030.0,261950.0
2024-09-25,MA000,LONG,9.285588758359234,2425.0,2400.0
2024-09-25,SR000,LONG,8.90804881810649,5961.0,5931.0
2024-09-25,i000,SHORT,-0.11378383576904154,724.0,715.5
2024-09-25,pg000,SHORT,-0.17530481795352487,4725.0,4702.0
2024-09-25,br000,SHORT,-0.18013746854997847,16420.0,16240.0
2024-09-25,si000,SHORT,-0.2296565928874198,9860.0,9580.0
2024-09-25,ao000,SHORT,-0.4207648751783623,4188.0,4171.0
2024-09-26,a000,LONG,5.574372180947891,4148.0,4142.0
2024-09-26,eg000,LONG,5.342468959132714,4500.0,4502.0
2024-09-26,CY000,LONG,1.914383317665711,19900.0,19965.0
2024-09-26,SR000,LONG,1.497573713602562,5931.0,5923.0
2024-09-26,rr000,LONG,1.3922219019223496,3483.0,3483.0
2024-09-26,PX000,SHORT,-1.0577565479265192,7010.0,7048.0
2024-09-26,MA000,SHORT,-1.0994443088283932,2405.0,2415.0
2024-09-26,pb000,SHORT,-1.2882045663068473,16710.0,16700.0
2024-09-26,cu000,SHORT,-1.3858386528931879,77440.0,77460.0
2024-09-26,c000,SHORT,-1.7696251604780489,2131.0,2135.0
2024-09-27,a000,LONG,9.263863148934165,4196.0,4224.0
2024-09-27,CY000,LONG,5.78843349405091,20180.0,20120.0
2024-09-27,pp000,LONG,5.352388476121811,7422.0,7406.0
2024-09-27,SR000,LONG,4.094311763377789,5931.0,5940.0
2024-09-27,hc000,LONG,3.8045959021501137,3403.0,3405.0
2024-09-27,ag000,SHORT,-1.6961290203914072,7869.0,7898.0
2024-09-27,al000,SHORT,-1.753633658916613,20325.0,20335.0
2024-09-27,PF000,SHORT,-2.0380176528824725,6928.0,6956.0
2024-09-27,sn000,SHORT,-2.2388205093116076,256940.0,257180.0
2024-09-27,RS000,SHORT,-2.9051106365573083,5141.0,5157.0
2024-09-30,bc000,LONG,18.31350888398253,69700.0,69670.0
2024-09-30,y000,LONG,16.819095146264786,8130.0,8128.0
2024-09-30,SR000,LONG,10.870923346604487,5941.0,5925.0
2024-09-30,c000,LONG,9.381838816011541,2218.0,2186.0
2024-09-30,cu000,LONG,7.919936379821816,78370.0,78360.0
2024-09-30,pb000,SHORT,-3.178627380819051,16865.0,16915.0
2024-09-30,j000,SHORT,-3.29749026354104,2210.5,2118.0
2024-09-30,jd000,SHORT,-3.729445361682477,3551.0,3542.0
2024-09-30,eg000,SHORT,-8.464122016395683,4625.0,4584.0
2024-09-30,l000,SHORT,-10.556134974473553,8180.0,8089.0
2024-10-08,au000,LONG,12.57653086967814,597.1799999,596.22
2024-10-08,PF000,LONG,6.187315720765062,7294.0,7248.0
2024-10-08,SR000,LONG,5.787553546542329,5898.0,5929.0
2024-10-08,a000,LONG,5.730072251014814,4074.0,4016.0
2024-10-08,RM000,LONG,5.577997743998641,2536.0,2489.0
2024-10-08,c000,SHORT,-6.173757315521453,2203.0,2184.0
2024-10-08,sc000,SHORT,-7.420265767279116,562.5,562.5
2024-10-08,p000,SHORT,-8.395202795982588,8946.0,8746.0
2024-10-08,l000,SHORT,-9.911600175477766,8325.0,8293.0
2024-10-08,eg000,SHORT,-23.53150547968703,4763.0,4793.0
2024-10-09,l000,LONG,7.147796035322399,8262.0,8229.0
2024-10-09,rr000,LONG,5.9181033230887445,3488.0,3486.0
2024-10-09,sn000,LONG,4.966615240255724,264860.0,265060.0
2024-10-09,zn000,LONG,4.901474016397019,25065.0,25150.0
2024-10-09,pb000,LONG,4.178797238995087,16815.0,16810.0
2024-10-09,fu000,SHORT,-1.1531573037824911,3129.0,3110.0
2024-10-09,cs000,SHORT,-1.1607614642716808,2591.0,2608.0
2024-10-09,CY000,SHORT,-2.107355857735309,20060.0,20050.0
2024-10-09,al000,SHORT,-2.1375089328053756,20545.0,20555.0
2024-10-09,cu000,SHORT,-5.058943399359231,77480.0,77510.0
2024-10-10,eg000,LONG,19.675073111453447,4782.0,4768.0
2024-10-10,zn000,LONG,6.303406999394402,24875.0,24890.0
2024-10-10,pb000,LONG,4.807206185464939,16625.0,16630.0
2024-10-10,cu000,LONG,4.457474411867818,77050.0,77100.0
2024-10-10,MA000,LONG,3.4650359832860165,2514.0,2513.0
2024-10-10,sc000,SHORT,-0.7309876002491711,554.2,555.3
2024-10-10,j000,SHORT,-0.8126428783072909,2130.5,2114.0
2024-10-10,bu000,SHORT,-1.1694095342497377,3325.0,3313.0
2024-10-10,al000,SHORT,-1.8233201791962124,20460.0,20465.0
2024-10-10,p000,SHORT,-1.835770933374629,8774.0,8672.0
2024-10-11,au000,LONG,10.920534990310777,595.04,594.28
2024-10-11,bc000,LONG,9.576554701963845,68840.0,68820.0
2024-10-11,al000,LONG,3.0691689012408596,20745.0,20725.0
2024-10-11,cu000,LONG,2.225411945969758,77360.0,77340.0
2024-10-11,y000,LONG,2.07149102847332,8306.0,8270.0
2024-10-11,pp000,SHORT,-1.7369352151407182,7653.0,7660.0
2024-10-11,hc000,SHORT,-2.7520797420020084,3601.0,3602.0
2024-10-11,sn000,SHORT,-3.390762860057319,267710.0,267970.0
2024-10-11,l000,SHORT,-4.5706645647814135,8289.0,8294.0
2024-10-11,eg000,SHORT,-10.853684701206197,4765.0,4767.0
2024-10-14,eg000,LONG,8.22627899149623,4788.0,4829.0
2024-10-14,CY000,LONG,3.737471103445104,19945.0,20050.0
2024-10-14,cu000,LONG,2.5198372839464382,77950.0,77860.0
2024-10-14,l000,LONG,2.085201940303197,8304.0,8337.0
2024-10-14,c000,LONG,1.424790168915431,2234.0,2225.0
2024-10-14,sc000,SHORT,-4.446875758186008,579.5,580.8
2024-10-14,p000,SHORT,-4.560922278921329,8864.0,8984.0
2024-10-14,SF000,SHORT,-4.712580041152434,6646.0,6618.0
2024-10-14,MA000,SHORT,-5.753459785574463,2501.0,2531.0
2024-10-14,bc000,SHORT,-8.468104505824957,69350.0,69280.0
2024-10-15,au000,LONG,3.101927432651029,600.62,600.22
2024-10-15,sn000,LONG,2.7268097849138946,263630.0,263790.0
2024-10-15,a000,LONG,1.9861145784728214,4005.0,4006.0
2024-10-15,bc000,LONG,1.927608408176679,68440.0,68480.0
2024-10-15,p000,LONG,1.136445741295331,8732.0,8810.0
2024-10-15,pb000,SHORT,-1.7151403309529538,16520.0,16530.0
2024-10-15,l000,SHORT,-1.9996374903146188,8255.0,8271.0
2024-10-15,RM000,SHORT,-2.426180592153233,2449.0,2491.0
2024-10-15,PX000,SHORT,-2.4819889165083193,7166.0,7302.0
2024-10-15,eg000,SHORT,-7.114785322988442,4717.0,4750.0
2024-10-16,eg000,LONG,11.45802799553473,4696.0,4692.0
2024-10-16,a000,LONG,4.434100202904232,3966.0,3938.0
2024-10-16,cu000,LONG,2.5392988397599394,76600.0,76490.0
2024-10-16,ag000,LONG,2.2547278949456686,7857.0,7836.0
2024-10-16,RS000,LONG,2.0977373500276837,5027.0,5036.0
2024-10-16,pb000,SHORT,-1.4370719765692803,16750.0,16735.0
2024-10-16,SH000,SHORT,-1.8452693573223853,2589.0,2597.0
2024-10-16,lh000,SHORT,-2.368484041953392,15360.0,15280.0
2024-10-16,SR000,SHORT,-2.46343446453467,5959.0,5916.0
2024-10-16,bc000,SHORT,-9.213643335021649,68050.0,67920.0
2024-10-17,au000,LONG,4.977535889614847,610.8,610.96
2024-10-17,CF000,LONG,3.8163189756961646,14130.0,14135.0
2024-10-17,pb000,LONG,3.798824917931128,16670.0,16665.0
2024-10-17,zn000,LONG,2.700105131964603,25070.0,25025.0
2024-10-17,CY000,LONG,2.572796702142972,19840.0,19840.0
2024-10-17,TA000,SHORT,-0.6064801987803519,4996.0,4992.0
2024-10-17,RS000,SHORT,-1.0111810750417638,5025.0,4983.0
2024-10-17,cs000,SHORT,-1.36357428579147,2593.0,2617.0
2024-10-17,rr000,SHORT,-1.382250012273239,3501.0,3503.0
2024-10-17,cu000,SHORT,-7.203140255318204,76790.0,76700.0
2024-10-18,au000,LONG,5.791101020856887,616.34,617.6
2024-10-18,pb000,LONG,5.534092147524906,16575.0,16575.0
2024-10-18,rr000,LONG,4.4551893413462915,3507.0,3503.0
2024-10-18,zn000,LONG,4.2578821339600825,24960.0,24980.0
2024-10-18,MA000,LONG,4.160878107785676,2434.0,2433.0
2024-10-18,lu000,SHORT,-0.6383725865003466,4048.0,4019.0
2024-10-18,hc000,SHORT,-0.8456031431578023,3478.0,3453.0
2024-10-18,a000,SHORT,-1.0217656820039684,3960.0,3952.0
2024-10-18,al000,SHORT,-4.269931582832856,20575.0,20570.0
2024-10-18,sn000,SHORT,-4.962044426682587,256340.0,256290.0
2024-10-21,eg000,LONG,12.07220649047917,4607.0,4610.0
2024-10-21,bc000,LONG,11.131687948449354,68460.0,68340.0
2024-10-21,rr000,LONG,2.1067339953980064,3534.0,3515.0
2024-10-21,bu000,LONG,1.8144563946202021,3219.0,3228.0
2024-10-21,y000,LONG,1.4920240487154774,8216.0,8234.0
2024-10-21,l000,SHORT,-3.138545274119703,8102.0,8115.0
2024-10-21,PF000,SHORT,-4.202702977687841,6816.0,6822.0
2024-10-21,RS000,SHORT,-5.792745029246971,4934.0,5015.0
2024-10-21,cu000,SHORT,-6.301420204051983,77040.0,76940.0
2024-10-21,a000,SHORT,-7.324100866164883,3974.0,3978.0
2024-10-22,bc000,LONG,10.430378492066708,68030.0,68100.0
2024-10-22,lh000,LONG,1.8130905518272418,15230.0,15320.0
2024-10-22,au000,LONG,0.9930344045379529,622.66,622.78
2024-10-22,bu000,LONG,0.8921659096206367,3222.0,3236.0
2024-10-22,pb000,LONG,0.8651241730280761,16640.0,16650.0
2024-10-22,hc000,SHORT,-2.7634895704255062,3479.0,3482.0
2024-10-22,pp000,SHORT,-2.7738717800590944,7443.0,7459.0
2024-10-22,sn000,SHORT,-3.3155905660858696,253250.0,254580.0
2024-10-22,eg000,SHORT,-4.172457575485013,4598.0,4599.0
2024-10-22,y000,SHORT,-5.74003040330022,8270.0,8266.0
2024-10-23,bc000,LONG,39.28432042974706,68290.0,68240.0
2024-10-23,eg000,LONG,3.8585816925045107,4613.0,4601.0
2024-10-23,al000,LONG,2.7117641772372085,20905.0,20900.0
2024-10-23,a000,LONG,1.9426491233050203,3989.0,3994.0
2024-10-23,pp000,LONG,1.9410036492385012,7493.0,7484.0
2024-10-23,fu000,SHORT,-0.5953953165964,3124.0,3115.0
2024-10-23,ag000,SHORT,-0.742073909031449,8420.0,8387.0
2024-10-23,l000,SHORT,-1.257482566379323,8133.0,8122.0
2024-10-23,MA000,SHORT,-1.8133922377319598,2433.0,2427.0
2024-10-23,rr000,SHORT,-2.131568913348881,3454.0,3454.0
2024-10-24,a000,LONG,2.8649488414454347,4017.0,4016.0
2024-10-24,zn000,LONG,1.3589458184991197,25120.0,25120.0
2024-10-24,PF000,LONG,1.3177410758637735,6874.0,6850.0
2024-10-24,sc000,LONG,1.2985360010204887,539.6,540.8
2024-10-24,bu000,LONG,0.9927279356226217,3304.0,3292.0
2024-10-24,m000,SHORT,-2.0039317139769217,2990.0,2980.0
2024-10-24,l000,SHORT,-2.049662424797627,8118.0,8121.0
2024-10-24,eg000,SHORT,-2.0963701701474644,4579.0,4569.0
2024-10-24,lh000,SHORT,-3.117989314606845,15350.0,15435.0
2024-10-24,rr000,SHORT,-3.1315353441876943,3496.0,3496.0
2024-10-25,SR000,LONG,2.605651907474882,5924.0,5919.0
2024-10-25,zn000,LONG,2.3159187142189777,25155.0,25195.0
2024-10-25,cu000,LONG,2.1449407925411985,76320.0,76240.0
2024-10-25,cs000,LONG,1.4713042427985485,2664.0,2657.0
2024-10-25,y000,LONG,1.3169421493684224,8564.0,8536.0
2024-10-25,fu000,SHORT,-2.209715072204235,3102.0,3082.0
2024-10-25,rr000,SHORT,-2.3141300601820327,3553.0,3557.0
2024-10-25,al000,SHORT,-2.5744110087732652,20760.0,20840.0
2024-10-25,au000,SHORT,-3.8687499557160656,622.74,623.36
2024-10-25,CY000,SHORT,-4.041768145736982,19800.0,19790.0
2024-10-28,bc000,LONG,8.021919085854314,68180.0,68260.0
2024-10-28,l000,LONG,4.4825018230457125,8140.0,8165.0
2024-10-28,y000,LONG,4.39222415728525,8486.0,8558.0
2024-10-28,CF000,LONG,3.4003177734617727,14125.0,14125.0
2024-10-28,sn000,LONG,3.179179583282474,256550.0,256600.0
2024-10-28,rr000,SHORT,-2.5129243616392842,3557.0,3555.0
2024-10-28,RM000,SHORT,-2.5615254669322365,2380.0,2380.0
2024-10-28,al000,SHORT,-2.5977205887908217,20980.0,20985.0
2024-10-28,a000,SHORT,-2.6104362073000416,3932.0,3936.0
2024-10-28,c000,SHORT,-3.551963989138657,2218.0,2222.0
2024-10-29,bc000,LONG,17.022812457979192,67960.0,67870.0
2024-10-29,eg000,LONG,8.618539485961927,4589.0,4593.0
2024-10-29,al000,LONG,2.850796539052168,20780.0,20755.0
2024-10-29,CF000,LONG,0.7282720625733268,14030.0,14045.0
2024-10-29,au000,LONG,0.4895642622162411,627.5599999,626.82
2024-10-29,cu000,SHORT,-1.553671672054677,76560.0,76460.0
2024-10-29,c000,SHORT,-1.5614706228367319,2226.0,2230.0
2024-10-29,l000,SHORT,-2.111272939851246,8142.0,8158.0
2024-10-29,ss000,SHORT,-3.528361744050242,13705.0,13705.0
2024-10-29,CY000,SHORT,-3.898980332918267,19600.0,19575.0
2024-10-30,eg000,LONG,4.7362171220881475,4543.0,4555.0
2024-10-30,ss000,LONG,3.9917647937084655,13580.0,13595.0
2024-10-30,a000,LONG,3.326830687067499,3949.0,3954.0
2024-10-30,y000,LONG,3.166667455293027,8420.0,8424.0
2024-10-30,CF000,LONG,2.897965513915172,14020.0,14045.0
2024-10-30,p000,SHORT,-1.2976990110327948,9366.0,9358.0
2024-10-30,hc000,SHORT,-1.3162673894191972,3594.0,3602.0
2024-10-30,l000,SHORT,-1.4173429673363904,8074.0,8086.0
2024-10-30,rr000,SHORT,-1.498745501625791,3554.0,3552.0
2024-10-30,ni000,SHORT,-2.675133105293571,123910.0,124140.0
2024-10-31,eg000,LONG,6.154369762626454,4558.0,4560.0
2024-10-31,CF000,LONG,3.456717466360543,14000.0,14015.0
2024-10-31,zn000,LONG,1.5042268486723747,24965.0,24990.0
2024-10-31,au000,LONG,1.3504235327678544,636.88,636.72
2024-10-31,sc000,LONG,1.2380350952600958,520.8,521.8
2024-10-31,rr000,SHORT,-1.2498740099104053,3483.0,3484.0
2024-10-31,sn000,SHORT,-1.3326142178979834,252760.0,253280.0
2024-10-31,MA000,SHORT,-2.0910652226070474,2460.0,2459.0
2024-10-31,l000,SHORT,-2.204995168899307,8081.0,8076.0
2024-10-31,CY000,SHORT,-4.760545726220364,19470.0,19475.0
2024-11-01,zn000,LONG,4.566159963593423,24865.0,24865.0
2024-11-01,hc000,LONG,3.468837180724898,3563.0,3550.0
2024-11-01,rr000,LONG,3.393316836163359,3469.0,3470.0
2024-11-01,PF000,LONG,2.57219550373506,6908.0,6904.0
2024-11-01,pb000,LONG,2.1500472214959836,16580.0,16570.0
2024-11-01,a000,SHORT,-1.3048671088878834,4001.0,3997.0
2024-11-01,y000,SHORT,-1.8247398287994905,8586.0,8500.0
2024-11-01,SH000,SHORT,-2.581933143459725,2701.0,2694.0
2024-11-01,CF000,SHORT,-3.968104562048708,13985.0,13940.0
2024-11-01,SR000,SHORT,-5.184383147532873,5917.0,5923.0
2024-11-04,eg000,LONG,11.385622991925407,4574.0,4558.0
2024-11-04,l000,LONG,7.408341162045892,8130.0,8124.0
2024-11-04,sn000,LONG,3.0901364784110785,260560.0,260730.0
2024-11-04,jm000,LONG,2.949048200957117,1334.5,1314.0
2024-11-04,lh000,LONG,2.9195499845113373,15390.0,15465.0
2024-11-04,SR000,SHORT,-2.253598615102005,5847.0,5879.0
2024-11-04,zn000,SHORT,-2.359212553220167,24995.0,24970.0
2024-11-04,a000,SHORT,-2.46343430324308,3982.0,3988.0
2024-11-04,pb000,SHORT,-3.2716746897714164,16760.0,16765.0
2024-11-04,bc000,SHORT,-26.024048487955454,68060.0,67980.0
2024-11-05,eg000,LONG,11.31765713653468,4613.0,4603.0
2024-11-05,hc000,LONG,1.981318989341097,3586.0,3591.0
2024-11-05,c000,LONG,1.881527340352905,2215.0,2214.0
2024-11-05,pp000,LONG,1.4961863813410665,7448.0,7442.0
2024-11-05,lh000,LONG,1.206033271325614,15460.0,15345.0
2024-11-05,SR000,SHORT,-1.2051825564400789,5805.0,5806.0
2024-11-05,CF000,SHORT,-3.2531499745531627,14010.0,14055.0
2024-11-05,CY000,SHORT,-3.3659713771796045,20180.0,20240.0
2024-11-05,sn000,SHORT,-4.866335310884693,262350.0,262580.0
2024-11-05,bc000,SHORT,-12.078417976823175,68830.0,68860.0
2024-11-06,zn000,LONG,3.880782933686848,25235.0,25245.0
2024-11-06,ni000,LONG,3.3734274158116637,126350.0,127390.0
2024-11-06,pb000,LONG,2.8638365237085663,16685.0,16715.0
2024-11-06,c000,LONG,2.499421650923247,2223.0,2222.0
2024-11-06,sn000,LONG,1.4017018575613946,263370.0,263650.0
2024-11-06,eg000,SHORT,-1.7876997480836019,4662.0,4667.0
2024-11-06,pp000,SHORT,-2.1361903105707984,7477.0,7490.0
2024-11-06,rr000,SHORT,-3.2995838724389412,3539.0,3542.0
2024-11-06,lh000,SHORT,-3.318082485857308,15270.0,15295.0
2024-11-06,l000,SHORT,-4.295258944613946,8220.0,8226.0
2024-11-07,eg000,LONG,18.11531209508783,4620.0,4599.0
2024-11-07,rr000,LONG,5.746966476580747,3548.0,3547.0
2024-11-07,l000,LONG,3.7313288599552976,8223.0,8188.0
2024-11-07,sc000,LONG,2.575372731081024,543.9,545.1
2024-11-07,pb000,LONG,2.5567831623926214,16750.0,16765.0
2024-11-07,PF000,SHORT,-0.410155826916072,6872.0,6792.0
2024-11-07,b000,SHORT,-0.6934920436742618,3910.0,3885.0
2024-11-07,sn000,SHORT,-1.0187151152006286,258750.0,258800.0
2024-11-07,al000,SHORT,-2.3232061933340593,20980.0,20975.0
2024-11-07,bc000,SHORT,-16.358681610113496,67140.0,67130.0
2024-11-08,eg000,LONG,6.17286184138066,4673.0,4654.0
2024-11-08,lh000,LONG,3.936571411946667,15480.0,15400.0
2024-11-08,a000,LONG,3.5750318609516287,4087.0,4069.0
2024-11-08,PF000,LONG,3.507979516827548,6968.0,6930.0
2024-11-08,l000,LONG,3.05865519469002,8287.0,8266.0
2024-11-08,au000,SHORT,-1.0760189867414387,615.86,617.0
2024-11-08,CF000,SHORT,-1.9095304002879772,14235.0,14205.0
2024-11-08,ni000,SHORT,-1.9481424819145057,129810.0,129690.0
2024-11-08,al000,SHORT,-1.9792519320405273,21695.0,21750.0
2024-11-08,zn000,SHORT,-3.0485467529843504,25230.0,25300.0
2024-11-11,ni000,LONG,4.821403258231771,128540.0,128730.0
2024-11-11,eg000,LONG,3.878986534698011,4592.0,4628.0
2024-11-11,RS000,LONG,2.4034260131292275,5988.0,5997.0
2024-11-11,MA000,LONG,2.3742134206698298,2472.0,2485.0
2024-11-11,ag000,LONG,1.8795092972347074,7803.0,7813.0
2024-11-11,jd000,SHORT,-3.7240604571570066,3618.0,3644.0
2024-11-11,l000,SHORT,-3.833386538212276,8191.0,8200.0
2024-11-11,au000,SHORT,-3.8859729217281886,619.3,619.26
2024-11-11,a000,SHORT,-4.541722442960317,4055.0,4028.0
2024-11-11,ss000,SHORT,-9.681593033452051,13575.0,13570.0
2024-11-12,CY000,LONG,2.8927512698896636,19845.0,19840.0
2024-11-12,sn000,LONG,2.668415967300473,258330.0,258650.0
2024-11-12,ni000,LONG,2.059726577923574,128110.0,128130.0
2024-11-12,m000,LONG,1.765515481736382,3082.0,3090.0
2024-11-12,SR000,LONG,1.5146573195042048,5919.0,5923.0
2024-11-12,bu000,SHORT,-0.7513384627759565,3332.0,3329.0
2024-11-12,PF000,SHORT,-1.0152299754132967,6932.0,6928.0
2024-11-12,RS000,SHORT,-1.2999440536495634,5976.0,5960.0
2024-11-12,a000,SHORT,-2.0284222061659745,4047.0,4046.0
2024-11-12,eg000,SHORT,-9.779464078122095,4585.0,4581.0
2024-11-13,bc000,LONG,13.350612697038116,66070.0,66150.0
2024-11-13,sn000,LONG,3.7249116650026273,252110.0,251900.0
2024-11-13,a000,LONG,3.635592409685202,3977.0,3974.0
2024-11-13,lh000,LONG,3.6140309915971813,15665.0,15650.0
2024-11-13,SH000,LONG,1.3720319712533537,2611.0,2604.0
2024-11-13,c000,SHORT,-1.7388437385235824,2196.0,2202.0
2024-11-13,PF000,SHORT,-2.166355824759912,6964.0,6996.0
2024-11-13,pb000,SHORT,-2.993059962274479,17155.0,17150.0
2024-11-13,eg000,SHORT,-5.843506005479998,4576.0,4591.0
2024-11-13,zn000,SHORT,-6.191359838006262,24760.0,24780.0
2024-11-14,zn000,LONG,2.845516360530315,24985.0,24840.0
2024-11-14,cu000,LONG,2.1956077175489375,74030.0,73910.0
2024-11-14,au000,LONG,2.089217599600464,603.1,604.6799999
2024-11-14,lh000,LONG,2.0557311993724134,15665.0,15290.0
2024-11-14,hc000,LONG,1.798094844321342,3514.0,3515.0
2024-11-14,a000,SHORT,-1.3371728831889749,3957.0,3951.0
2024-11-14,jm000,SHORT,-1.3500587702522462,1282.0,1284.5
2024-11-14,al000,SHORT,-1.454256734865974,20755.0,20730.0
2024-11-14,CY000,SHORT,-1.6722139810132042,19850.0,19805.0
2024-11-14,eg000,SHORT,-9.509651673386154,4569.0,4558.0
2024-11-15,ss000,LONG,2.18944426531038,13320.0,13310.0
2024-11-15,au000,LONG,2.0880807549907807,596.76,595.82
2024-11-15,sn000,LONG,1.7817862076026172,241750.0,241720.0
2024-11-15,pp000,LONG,1.3786849248095936,7451.0,7454.0
2024-11-15,zn000,LONG,1.1392413209537924,24665.0,24665.0
2024-11-15,RS000,SHORT,-3.24357509567014,5947.0,5900.0
2024-11-15,bc000,SHORT,-3.4810038804118806,65070.0,65010.0
2024-11-15,ni000,SHORT,-3.6374824412075326,123350.0,123260.0
2024-11-15,eg000,SHORT,-4.824070149363753,4575.0,4580.0
2024-11-15,hc000,SHORT,-6.215665795639879,3465.0,3466.0
2024-11-18,l000,LONG,4.841484901944318,8284.0,8285.0
2024-11-18,rr000,LONG,4.6602479636211065,3521.0,3526.0
2024-11-18,lh000,LONG,3.4426422086954402,15175.0,15280.0
2024-11-18,ss000,LONG,3.1810694591059945,13215.0,13245.0
2024-11-18,jd000,LONG,2.2158393932510148,3519.0,3523.0
2024-11-18,CY000,SHORT,-2.385219695233833,19705.0,19685.0
2024-11-18,zn000,SHORT,-2.550030516097674,24460.0,24485.0
2024-11-18,al000,SHORT,-2.615053977010818,20400.0,20510.0
2024-11-18,MA000,SHORT,-4.679653401835001,2507.0,2493.0
2024-11-18,pb000,SHORT,-7.835418581914893,16730.0,16745.0
2024-11-19,a000,LONG,1.509438277168577,3897.0,3894.0
2024-11-19,pb000,LONG,1.377928718717086,16755.0,16765.0
2024-11-19,PF000,LONG,1.1555574988581758,6898.0,6906.0
2024-11-19,hc000,LONG,1.1541223183274385,3462.0,3475.0
2024-11-19,CF000,LONG,0.885883717567932,13895.0,13900.0
2024-11-19,ni000,SHORT,-1.0159077464348694,124560.0,124700.0
2024-11-19,p000,SHORT,-1.1883081725095426,9882.0,9820.0
2024-11-19,sn000,SHORT,-1.733667023267452,242150.0,242570.0
2024-11-19,l000,SHORT,-3.1098986899461356,8285.0,8282.0
2024-11-19,rr000,SHORT,-3.9488730756418184,3509.0,3510.0
2024-11-20,au000,LONG,3.384509901470518,609.1799999,608.96
2024-11-20,zn000,LONG,1.9430729325474554,24885.0,24840.0
2024-11-20,bu000,LONG,1.5580175886327383,3350.0,3349.0
2024-11-20,sn000,LONG,1.4327468049429186,241710.0,241680.0
2024-11-20,MA000,LONG,1.3782581632811637,2560.0,2560.0
2024-11-20,ss000,SHORT,-1.0056642870292034,13295.0,13300.0
2024-11-20,rr000,SHORT,-1.266145335835574,3476.0,3472.0
2024-11-20,pb000,SHORT,-1.304487439599837,16850.0,16845.0
2024-11-20,eg000,SHORT,-2.909197949904833,4576.0,4560.0
2024-11-20,cu000,SHORT,-3.458229248590413,74280.0,74110.0
2024-11-21,au000,LONG,1.8356100003978821,617.44,617.14
2024-11-21,a000,LONG,1.730139236586607,3883.0,3882.0
2024-11-21,al000,LONG,1.3955249376702537,20690.0,20675.0
2024-11-21,MA000,LONG,1.1646067520632768,2577.0,2579.0
2024-11-21,AP000,LONG,0.29824157997553735,7785.0,7810.0
2024-11-21,PF000,SHORT,-2.8864575417073244,6936.0,6964.0
2024-11-21,CY000,SHORT,-2.9097599029597987,19705.0,19750.0
2024-11-21,l000,SHORT,-4.738029056432059,8466.0,8478.0
2024-11-21,eg000,SHORT,-5.239527294945807,4588.0,4607.0
2024-11-21,pb000,SHORT,-5.471605106679663,17015.0,16995.0
2024-11-22,hc000,LONG,1.8803443922099217,3492.0,3500.0
2024-11-22,pb000,LONG,1.5503133838326564,16900.0,16895.0
2024-11-22,c000,LONG,1.5265857512286054,2203.0,2209.0
2024-11-22,m000,LONG,1.3569949853616279,2796.0,2802.0
2024-11-22,PK000,LONG,0.9628850169834032,7852.0,7788.0
2024-11-22,rr000,SHORT,-1.5439306987127501,3505.0,3504.0
2024-11-22,cu000,SHORT,-1.5825179348642964,73910.0,73980.0
2024-11-22,lh000,SHORT,-2.1959460471190377,15570.0,15545.0
2024-11-22,sn000,SHORT,-3.487026063436537,240780.0,241240.0
2024-11-22,eg000,SHORT,-6.970891617359022,4604.0,4585.0
2024-11-25,SR000,LONG,3.7451713238873565,5916.0,5928.0
2024-11-25,pb000,LONG,2.886755416988334,17040.0,17020.0
2024-11-25,cu000,LONG,1.864402624101656,73690.0,73820.0
2024-11-25,PF000,LONG,1.7154253690835073,6974.0,6960.0
2024-11-25,ag000,LONG,1.662801073678658,7816.0,7825.0
2024-11-25,pp000,SHORT,-2.0779696447698157,7519.0,7507.0
2024-11-25,MA000,SHORT,-2.154119816940627,2589.0,2592.0
2024-11-25,rr000,SHORT,-2.8894115450408435,3505.0,3505.0
2024-11-25,lh000,SHORT,-3.3748331290592057,15630.0,15510.0
2024-11-25,eg000,SHORT,-13.845978913059588,4610.0,4609.0
2024-11-26,rr000,LONG,3.0279281456139313,3501.0,3503.0
2024-11-26,zn000,LONG,2.934536691794814,25055.0,25050.0
2024-11-26,y000,LONG,2.9186100048809474,8060.0,8014.0
2024-11-26,CY000,LONG,2.391163735598933,19770.0,19805.0
2024-11-26,lh000,LONG,2.264504353361866,15475.0,15250.0
2024-11-26,PX000,SHORT,-0.7975211953312791,6736.0,6770.0
2024-11-26,SA000,SHORT,-0.8418510072151592,1500.0,1497.0
2024-11-26,eg000,SHORT,-0.9680941999015898,4569.0,4563.0
2024-11-26,lu000,SHORT,-1.26173784407169,3905.0,3950.0
2024-11-26,PF000,SHORT,-2.8391538944845456,6864.0,6878.0
2024-11-27,sn000,LONG,4.198142015460405,241360.0,241660.0
2024-11-27,bu000,LONG,1.5876992695407215,3404.0,3430.0
2024-11-27,CY000,LONG,1.4096179624105374,19735.0,19710.0
2024-11-27,MA000,LONG,1.1821676616505403,2573.0,2585.0
2024-11-27,ni000,LONG,0.6978968875789296,126540.0,126610.0
2024-11-27,ag000,SHORT,-1.5077026300026148,7615.0,7623.0
2024-11-27,CF000,SHORT,-1.5602468333146062,13950.0,13945.0
2024-11-27,c000,SHORT,-1.685195894348776,2188.0,2192.0
2024-11-27,zn000,SHORT,-2.271354242750727,25505.0,25555.0
2024-11-27,eg000,SHORT,-16.993519281818628,4603.0,4601.0
2024-11-28,MA000,LONG,1.9798099257540693,2567.0,2572.0
2024-11-28,hc000,LONG,1.33563130232183,3468.0,3475.0
2024-11-28,au000,LONG,0.9426444652461533,614.26,614.66
2024-11-28,lh000,LONG,0.848392670890148,15290.0,15180.0
2024-11-28,al000,LONG,0.6062865849188909,20415.0,20390.0
2024-11-28,a000,SHORT,-1.5099655818229523,3908.0,3906.0
2024-11-28,rr000,SHORT,-1.5536040523378534,3455.0,3458.0
2024-11-28,eg000,SHORT,-1.6599054295913915,4600.0,4617.0
2024-11-28,CY000,SHORT,-1.9666209850813752,19790.0,19780.0
2024-11-28,sn000,SHORT,-2.6558750181753172,233950.0,234210.0
2024-11-29,CY000,LONG,4.768054278452761,19825.0,19780.0
2024-11-29,al000,LONG,2.0232909563963677,20285.0,20290.0
2024-11-29,pb000,LONG,1.4823280228060636,17400.0,17395.0
2024-11-29,sp000,LONG,1.1295374309658663,5838.0,5832.0
2024-11-29,PF000,LONG,1.1267429028103175,6814.0,6810.0
2024-11-29,SR000,SHORT,-1.1664582945110091,6076.0,6079.0
2024-11-29,sn000,SHORT,-1.4268010510734923,236240.0,235410.0
2024-11-29,cu000,SHORT,-1.8984640993001487,73680.0,73640.0
2024-11-29,a000,SHORT,-3.108216688830431,3905.0,3906.0
2024-11-29,eg000,SHORT,-3.3646774254832064,4581.0,4571.0
2024-12-02,eg000,LONG,14.004382301508365,4645.0,4632.0
2024-12-02,rr000,LONG,7.693384233765582,3479.0,3476.0
2024-12-02,MA000,LONG,6.623808574184105,2547.0,2552.0
2024-12-02,CF000,LONG,5.943665275547549,14045.0,14060.0
2024-12-02,l000,LONG,5.046464019638301,8368.0,8374.0
2024-12-02,sc000,SHORT,-1.5304474373298582,531.8,532.7
2024-12-02,cs000,SHORT,-1.7420818498714432,2534.0,2549.0
2024-12-02,cu000,SHORT,-3.4810741532222127,73730.0,73840.0
2024-12-02,bu000,SHORT,-3.9461426322841096,3583.0,3591.0
2024-12-02,sn000,SHORT,-9.127158059115615,242710.0,242260.0
2024-12-03,zn000,LONG,2.3245796455233294,25470.0,25430.0
2024-12-03,sn000,LONG,2.1626883845531673,241370.0,241400.0
2024-12-03,pb000,LONG,2.056829240089777,17730.0,17715.0
2024-12-03,sc000,LONG,1.9209683039827485,528.0,531.4
2024-12-03,eg000,LONG,1.683764966238544,4674.0,4672.0
2024-12-03,si000,SHORT,-0.9643654809819132,12295.0,12270.0
2024-12-03,FG000,SHORT,-0.9972925832281347,1280.0,1286.0
2024-12-03,c000,SHORT,-1.0899759911554412,2127.0,2119.0
2024-12-03,MA000,SHORT,-1.14305879431957,2541.0,2543.0
2024-12-03,y000,SHORT,-4.593636943149392,7920.0,7890.0
2024-12-04,lh000,LONG,2.2686419472132493,14805.0,14725.0
2024-12-04,c000,LONG,1.758569130377503,2096.0,2119.0
2024-12-04,lu000,LONG,1.729379377749668,3959.0,3903.0
2024-12-04,m000,LONG,1.6981498328088638,2739.0,2753.0
2024-12-04,SR000,LONG,1.5855021911039282,6071.0,6097.0
2024-12-04,MA000,SHORT,-2.6993654629135007,2539.0,2549.0
2024-12-04,cs000,SHORT,-3.5396951718078657,2505.0,2523.0
2024-12-04,eg000,SHORT,-4.641900548876433,4666.0,4663.0
2024-12-04,sn000,SHORT,-5.667576825062693,243200.0,243230.0
2024-12-04,cu000,SHORT,-5.717615357923384,75000.0,74920.0
2024-12-05,p000,LONG,1.1036464007362996,10350.0,10386.0
2024-12-05,sn000,LONG,0.941710837362429,244330.0,244210.0
2024-12-05,lh000,LONG,0.8372709453712052,14605.0,14735.0
2024-12-05,bu000,LONG,0.6849491259707504,3553.0,3582.0
2024-12-05,ss000,LONG,0.48616894481232614,12990.0,13010.0
2024-12-05,zn000,SHORT,-2.650486961341945,25410.0,25430.0
2024-12-05,m000,SHORT,-3.1912487172784685,2657.0,2666.0
2024-12-05,hc000,SHORT,-3.9902468143995606,3519.0,3523.0
2024-12-05,cu000,SHORT,-4.222416404449483,74670.0,74630.0
2024-12-05,eg000,SHORT,-5.715531227158342,4640.0,4645.0
2024-12-06,SH000,LONG,3.061250402097597,2536.0,2534.0
2024-12-06,SA000,LONG,2.208478180719466,1420.0,1419.0
2024-12-06,SR000,LONG,2.1564180777967423,5963.0,5961.0
2024-12-06,eg000,LONG,1.865946737982573,4651.0,4663.0
2024-12-06,j000,LONG,1.2146226396064188,1806.0,1800.0
2024-12-06,c000,SHORT,-1.649612993963645,2092.0,2099.0
2024-12-06,zn000,SHORT,-2.4567099046773033,25640.0,25665.0
2024-12-06,y000,SHORT,-2.984745090980845,7896.0,7912.0
2024-12-06,pb000,SHORT,-3.0852377400126527,17720.0,17725.0
2024-12-06,cu000,SHORT,-3.840414994961141,74370.0,74350.0
2024-12-09,rr000,LONG,8.293420662004621,3418.0,3417.0
2024-12-09,eg000,LONG,5.929774148158298,4655.0,4645.0
2024-12-09,pp000,LONG,2.642995580144643,7410.0,7404.0
2024-12-09,CY000,LONG,2.4029606479763834,19710.0,19760.0
2024-12-09,jd000,LONG,2.1055751990886606,3614.0,3713.0
2024-12-09,cu000,SHORT,-3.537399744890686,74770.0,74670.0
2024-12-09,sn000,SHORT,-4.021369121733686,243790.0,243530.0
2024-12-09,CF000,SHORT,-5.278738273171253,13745.0,13840.0
2024-12-09,pb000,SHORT,-5.673487006759551,17680.0,17660.0
2024-12-09,a000,SHORT,-5.691464899055701,3867.0,3866.0
2024-12-10,a000,LONG,8.404285727540827,3861.0,3871.0
2024-12-10,y000,LONG,7.925519671498719,7940.0,7974.0
2024-12-10,bc000,LONG,5.532763949425639,66870.0,66920.0
2024-12-10,SR000,LONG,5.531156732504224,6016.0,6006.0
2024-12-10,rr000,LONG,3.7527900102644502,3424.0,3421.0
2024-12-10,zn000,SHORT,-1.6256438845538792,25825.0,25870.0
2024-12-10,eg000,SHORT,-1.6392973347392887,4698.0,4697.0
2024-12-10,p000,SHORT,-2.113909946045429,10268.0,10280.0
2024-12-10,cu000,SHORT,-3.521481046709788,75510.0,75550.0
2024-12-10,sn000,SHORT,-3.8014793038204977,249200.0,249140.0
2024-12-11,zn000,LONG,5.213599759486047,25840.0,25830.0
2024-12-11,pb000,LONG,3.1576692154471773,17620.0,17625.0
2024-12-11,PF000,LONG,2.735181741215457,6870.0,6858.0
2024-12-11,a000,LONG,2.0300655636092824,3855.0,3845.0
2024-12-11,y000,LONG,2.008933950476425,7998.0,7938.0
2024-12-11,fu000,SHORT,-0.7481522091021969,3065.0,3062.0
2024-12-11,MA000,SHORT,-0.8000160179602376,2584.0,2583.0
2024-12-11,l000,SHORT,-1.3797485818473143,8320.0,8314.0
2024-12-11,eg000,SHORT,-6.878477739064035,4676.0,4668.0
2024-12-11,bc000,SHORT,-8.81403969227731,66740.0,66770.0
2024-12-12,CY000,LONG,1.584550111682188,19665.0,19655.0
2024-12-12,ni000,LONG,1.5782127046456398,126000.0,125740.0
2024-12-12,TA000,LONG,1.2530900589647977,4776.0,4794.0
2024-12-12,y000,LONG,1.2352048637801765,8030.0,8032.0
2024-12-12,c000,LONG,0.9833719851653179,2120.0,2123.0
2024-12-12,rr000,SHORT,-1.6105189027999247,3436.0,3436.0
2024-12-12,SR000,SHORT,-1.7876773926930551,6105.0,6064.0
2024-12-12,pb000,SHORT,-2.0349335834962594,17595.0,17600.0
2024-12-12,SH000,SHORT,-2.5772304563994957,2502.0,2508.0
2024-12-12,ss000,SHORT,-2.7546034406762776,13115.0,13115.0
2024-12-13,eg000,LONG,5.314109802884541,4711.0,4709.0
2024-12-13,pp000,LONG,1.5790028713309563,7475.0,7475.0
2024-12-13,au000,LONG,0.6843227989949093,623.36,623.28
2024-12-13,pb000,LONG,0.6171837038890449,17465.0,17460.0
2024-12-13,v000,LONG,0.5070685777177708,5047.0,5045.0
2024-12-13,ag000,SHORT,-2.606440939048572,7804.0,7801.0
2024-12-13,ss000,SHORT,-2.8306298943064863,13115.0,13095.0
2024-12-13,a000,SHORT,-3.0047587663400455,3833.0,3860.0
2024-12-13,y000,SHORT,-3.2636728946844498,7948.0,7942.0
2024-12-13,CY000,SHORT,-3.420517151831237,19700.0,19750.0
2024-12-16,au000,LONG,4.681030468035018,620.62,620.54
2024-12-16,RM000,LONG,2.4284671388277457,2257.0,2248.0
2024-12-16,MA000,LONG,1.8309285636246668,2607.0,2619.0
2024-12-16,PX000,LONG,1.5346615517274311,6846.0,6738.0
2024-12-16,SH000,LONG,1.2935327152627505,2374.0,2407.0
2024-12-16,CF000,SHORT,-3.7252505013879813,13590.0,13610.0
2024-12-16,a000,SHORT,-5.413375979581855,3799.0,3810.0
2024-12-16,pb000,SHORT,-6.502701475820911,17310.0,17320.0
2024-12-16,eg000,SHORT,-6.766702946100634,4801.0,4786.0
2024-12-16,bc000,SHORT,-19.39231530121471,65730.0,65690.0
2024-12-17,ss000,LONG,2.7797047660360037,12985.0,12990.0
2024-12-17,a000,LONG,1.7977873081782538,3788.0,3791.0
2024-12-17,m000,LONG,1.259087645714815,2623.0,2643.0
2024-12-17,CF000,LONG,1.0063223264113927,13555.0,13585.0
2024-12-17,l000,LONG,0.9143426022351994,8184.0,8190.0
2024-12-17,CY000,SHORT,-1.3227624354558332,19475.0,19500.0
2024-12-17,pb000,SHORT,-1.660313942888533,17420.0,17425.0
2024-12-17,SH000,SHORT,-1.889356139273801,2658.0,2648.0
2024-12-17,ni000,SHORT,-1.9161853763674086,126250.0,126560.0
2024-12-17,eg000,SHORT,-7.062731958592878,4812.0,4815.0
2024-12-18,bu000,LONG,1.29165727118809,3493.0,3479.0
2024-12-18,m000,LONG,1.178149918691322,2588.0,2592.0
2024-12-18,au000,LONG,0.8850625260370746,616.88,616.82
2024-12-18,lh000,LONG,0.8197157218827303,12770.0,12785.0
2024-12-18,sn000,LONG,0.7886550072132054,245450.0,245380.0
2024-12-18,cu000,SHORT,-2.33367352315066,74020.0,74030.0
2024-12-18,a000,SHORT,-4.035462727308759,3772.0,3778.0
2024-12-18,zn000,SHORT,-5.158574503661626,25540.0,25565.0
2024-12-18,CF000,SHORT,-6.334890491336374,13385.0,13390.0
2024-12-18,eg000,SHORT,-7.025638791054307,4775.0,4779.0
2024-12-19,eg000,LONG,7.5047741686276215,4759.0,4779.0
2024-12-19,a000,LONG,6.309515935117771,3729.0,3723.0
2024-12-19,CF000,LONG,3.9271882594346548,13340.0,13390.0
2024-12-19,ni000,LONG,2.1557448913694865,124250.0,124040.0
2024-12-19,jd000,LONG,1.3937143134857588,3435.0,3420.0
2024-12-19,bu000,SHORT,-1.1029850345778667,3518.0,3537.0
2024-12-19,sn000,SHORT,-1.1312842017889175,246590.0,246610.0
2024-12-19,sc000,SHORT,-1.1469470070984167,548.3,546.7
2024-12-19,MA000,SHORT,-2.127849833239146,2608.0,2615.0
2024-12-19,CY000,SHORT,-3.288131867280317,19300.0,19345.0
2024-12-20,cu000,LONG,2.96986134037138,73680.0,73690.0
2024-12-20,ni000,LONG,2.1315491944626173,122000.0,122090.0
2024-12-20,al000,LONG,1.5266200075005614,19845.0,19850.0
2024-12-20,cs000,LONG,1.4367459427923213,2441.0,2430.0
2024-12-20,RS000,LONG,1.3190945135341983,5636.0,5674.0
2024-12-20,m000,SHORT,-2.0896704839206204,2594.0,2569.0
2024-12-20,SR000,SHORT,-2.5252912477974596,5870.0,5881.0
2024-12-20,a000,SHORT,-2.791537799296009,3797.0,3794.0
2024-12-20,y000,SHORT,-2.9688174418535045,7446.0,7442.0
2024-12-20,CF000,SHORT,-8.165587407933543,13370.0,13360.0
2024-12-23,bu000,LONG,3.4367311278259254,3517.0,3502.0
2024-12-23,eg000,LONG,2.782269376958613,4713.0,4705.0
2024-12-23,pb000,LONG,1.8939794410018649,17405.0,17420.0
2024-12-23,m000,LONG,1.8634205026482245,2632.0,2642.0
2024-12-23,MA000,LONG,1.2836821793603346,2588.0,2586.0
2024-12-23,a000,SHORT,-1.6006525195718253,3845.0,3841.0
2024-12-23,al000,SHORT,-2.1193850943936066,19920.0,19950.0
2024-12-23,PF000,SHORT,-2.277432556266917,6930.0,6918.0
2024-12-23,ni000,SHORT,-2.9034871289623903,123800.0,124080.0
2024-12-23,CF000,SHORT,-3.08198941328061,13390.0,13350.0
2024-12-24,ss000,LONG,5.094318549984642,12990.0,13010.0
2024-12-24,a000,LONG,4.66195244735123,3846.0,3851.0
2024-12-24,au000,LONG,2.792247262864112,616.38,615.86
2024-12-24,l000,LONG,1.46746758580153,8092.0,8079.0
2024-12-24,lh000,LONG,1.4077043118149217,12775.0,12905.0
2024-12-24,PF000,SHORT,-1.4879088261342985,6862.0,6922.0
2024-12-24,PK000,SHORT,-1.954733714300441,7806.0,7840.0
2024-12-24,eg000,SHORT,-2.531943004451167,4751.0,4757.0
2024-12-24,cu000,SHORT,-3.0354132396923776,73780.0,73760.0
2024-12-24,pb000,SHORT,-3.7453776123314566,17450.0,17450.0
2024-12-25,bc000,LONG,38.14072384211304,65560.0,65490.0
2024-12-25,m000,LONG,4.420278428513562,2628.0,2626.0
2024-12-25,zn000,LONG,2.8677048673413075,25365.0,25355.0
2024-12-25,y000,LONG,1.6916754001623409,7696.0,7674.0
2024-12-25,hc000,LONG,1.4699635252330097,3420.0,3425.0
2024-12-25,MA000,SHORT,-1.6118523500898958,2670.0,2674.0
2024-12-25,pb000,SHORT,-1.7477553229500713,17360.0,17365.0
2024-12-25,eg000,SHORT,-1.8677191572248972,4784.0,4780.0
2024-12-25,l000,SHORT,-1.8733411572344651,8111.0,8106.0
2024-12-25,sn000,SHORT,-2.2848269711135587,244350.0,244300.0
2024-12-26,bc000,LONG,25.867497212448814,65670.0,65650.0
2024-12-26,eg000,LONG,5.285469680312259,4801.0,4797.0
2024-12-26,rr000,LONG,2.885459380352948,3401.0,3400.0
2024-12-26,au000,LONG,2.31113548794204,618.08,617.72
2024-12-26,pb000,LONG,1.74257867977846,17355.0,17345.0
2024-12-26,CY000,SHORT,-0.7014298622987425,19380.0,19395.0
2024-12-26,ag000,SHORT,-0.7738913843253311,7568.0,7560.0
2024-12-26,cu000,SHORT,-1.3652435183744431,74180.0,74170.0
2024-12-26,sn000,SHORT,-7.621724134994076,244640.0,244470.0
2024-12-26,rb000,SHORT,-14.127695925091087,3303.0,3293.0
2024-12-27,eg000,LONG,3.6569483339278146,4788.0,4795.0
2024-12-27,sn000,LONG,1.608426476818505,245750.0,245320.0
2024-12-27,CF000,LONG,1.601069395032386,13490.0,13515.0
2024-12-27,lh000,LONG,1.4585048230361506,12750.0,12785.0
2024-12-27,pb000,LONG,1.329029597505613,17290.0,17295.0
2024-12-27,l000,SHORT,-1.4460641264082295,8141.0,8137.0
2024-12-27,ss000,SHORT,-1.7580141602485766,12990.0,12990.0
2024-12-27,j000,SHORT,-2.3605406499212664,1784.5,1788.0
2024-12-27,rr000,SHORT,-4.5344446068071385,3403.0,3401.0
2024-12-27,a000,SHORT,-5.9269734836658765,3920.0,3917.0
2024-12-30,rr000,LONG,5.198558318030216,3414.0,3407.0
2024-12-30,c000,LONG,2.6961431632559427,2229.0,2240.0
2024-12-30,bc000,LONG,2.4721624542530187,65610.0,65550.0
2024-12-30,j000,LONG,2.07378809914885,1790.5,1782.0
2024-12-30,sn000,LONG,2.010655941041433,243050.0,243190.0
2024-12-30,ag000,SHORT,-1.8334570152819816,7528.0,7522.0
2024-12-30,a000,SHORT,-3.0783669610356434,3910.0,3928.0
2024-12-30,CY000,SHORT,-3.1152960802942666,19375.0,19440.0
2024-12-30,cu000,SHORT,-3.654927211631144,74110.0,74040.0
2024-12-30,eg000,SHORT,-8.234374529447344,4794.0,4779.0
2024-12-31,eg000,LONG,1.8369102008119984,4840.0,4834.0
2024-12-31,l000,LONG,1.2043462672820893,8177.0,8139.0
2024-12-31,au000,LONG,1.1929474390444414,614.98,615.9
2024-12-31,c000,LONG,0.9621196169496591,2231.0,2233.0
2024-12-31,hc000,LONG,0.9427560470748686,3432.0,3433.0
2024-12-31,sn000,SHORT,-1.563687759965005,247010.0,246560.0
2024-12-31,CF000,SHORT,-1.9866634125698448,13505.0,13555.0
2024-12-31,pb000,SHORT,-3.8114108936774236,16765.0,16765.0
2024-12-31,zn000,SHORT,-3.874679274930055,25250.0,25250.0
2024-12-31,bc000,SHORT,-7.707059414865284,65290.0,65260.0
2025-01-02,al000,LONG,10.291340031635874,19850.0,19945.0
2025-01-02,pb000,LONG,8.693767492892274,16795.0,16825.0
2025-01-02,zn000,LONG,8.423188529129975,25230.0,25265.0
2025-01-02,eg000,LONG,4.219628544609048,4841.0,4859.0
2025-01-02,lu000,LONG,3.7387521351813033,4021.0,3992.0
2025-01-02,v000,SHORT,-1.437355763863119,5273.0,5237.0
2025-01-02,ss000,SHORT,-1.5176684330187742,12820.0,12740.0
2025-01-02,p000,SHORT,-1.549524369970663,8788.0,8474.0
2025-01-02,pp000,SHORT,-7.362309508985517,7484.0,7495.0
2025-01-02,bc000,SHORT,-13.264785197569699,64830.0,64810.0
2025-01-03,cu000,LONG,1.9703288803989716,73020.0,73090.0
2025-01-03,pb000,LONG,1.5029293723768744,16780.0,16785.0
2025-01-03,cs000,LONG,1.2942965677659353,2455.0,2446.0
2025-01-03,m000,LONG,0.9789889372836248,2721.0,2712.0
2025-01-03,hc000,LONG,0.8298681718410688,3401.0,3409.0
2025-01-03,CY000,SHORT,-2.932646970484901,19365.0,19380.0
2025-01-03,a000,SHORT,-4.305822619910146,3940.0,3931.0
2025-01-03,CF000,SHORT,-4.659386946223354,13510.0,13535.0
2025-01-03,eg000,SHORT,-5.755983166952626,4832.0,4845.0
2025-01-03,bc000,SHORT,-23.056073626417238,64570.0,64620.0
2025-01-06,pb000,LONG,6.5477610156611705,16725.0,16715.0
2025-01-06,zn000,LONG,6.363302230964596,24560.0,24555.0
2025-01-06,ni000,LONG,5.770041908332279,123550.0,123660.0
2025-01-06,ss000,LONG,4.326179944908817,12835.0,12850.0
2025-01-06,sn000,LONG,4.306877895008446,248540.0,248620.0
2025-01-06,cs000,SHORT,-0.7383938905826215,2442.0,2453.0
2025-01-06,OI000,SHORT,-0.9902626765205246,8872.0,8852.0
2025-01-06,cu000,SHORT,-3.0486438328754066,73800.0,73750.0
2025-01-06,a000,SHORT,-4.904466999450562,3914.0,3888.0
2025-01-06,bc000,SHORT,-27.340629733350923,65360.0,65290.0
2025-01-07,l000,LONG,1.6814687271905624,7925.0,7937.0
2025-01-07,pp000,LONG,1.3815906430188514,7331.0,7349.0
2025-01-07,al000,LONG,1.2576177905751946,19645.0,19670.0
2025-01-07,MA000,LONG,0.5870175490471936,2584.0,2589.0
2025-01-07,CF000,LONG,0.5682123839308378,13400.0,13410.0
2025-01-07,RS000,SHORT,-3.0808875462308856,5798.0,5816.0
2025-01-07,sn000,SHORT,-3.2776929876158047,247640.0,247480.0
2025-01-07,ni000,SHORT,-3.397421828680585,123410.0,123510.0
2025-01-07,rr000,SHORT,-3.4289026117779264,3471.0,3470.0
2025-01-07,eg000,SHORT,-4.987544845839429,4705.0,4713.0
2025-01-08,cu000,LONG,1.9666752922843176,74480.0,74530.0
2025-01-08,PF000,LONG,1.0712740776427265,6836.0,6836.0
2025-01-08,pb000,LONG,0.9249394823133674,16760.0,16765.0
2025-01-08,cs000,LONG,0.8260578324867951,2482.0,2475.0
2025-01-08,bu000,LONG,0.7376778293592239,3589.0,3584.0
2025-01-08,zn000,SHORT,-1.7141991628135802,24345.0,24365.0
2025-01-08,l000,SHORT,-2.182717005667998,7886.0,7893.0
2025-01-08,jm000,SHORT,-2.2919621908210615,1115.0,1122.0
2025-01-08,pp000,SHORT,-2.3446550222631015,7317.0,7327.0
2025-01-08,MA000,SHORT,-4.689195614037058,2587.0,2599.0
2025-01-09,pp000,LONG,2.2108946317244373,7323.0,7331.0
2025-01-09,jm000,LONG,1.8300657893405166,1094.0,1096.5
2025-01-09,CF000,LONG,1.526623136267382,13380.0,13420.0
2025-01-09,a000,LONG,1.0676205384825017,3845.0,3846.0
2025-01-09,MA000,LONG,0.9991685436270493,2566.0,2574.0
2025-01-09,pb000,SHORT,-3.277439154275479,16665.0,16670.0
2025-01-09,sn000,SHORT,-3.3656673224569134,252400.0,252240.0
2025-01-09,au000,SHORT,-3.957341980606574,630.1,630.0599999
2025-01-09,rb000,SHORT,-4.0323940532166,3206.0,3206.0
2025-01-09,eg000,SHORT,-4.440484433148341,4704.0,4721.0
2025-01-10,au000,LONG,6.788330350574949,632.58,632.44
2025-01-10,eg000,LONG,3.3777003758531365,4751.0,4751.0
2025-01-10,pb000,LONG,3.299553088762256,16380.0,16340.0
2025-01-10,rr000,LONG,2.603712967557983,3518.0,3520.0
2025-01-10,bc000,LONG,2.4782593095144136,66760.0,66670.0
2025-01-10,ss000,SHORT,-0.7311343541900427,13135.0,13135.0
2025-01-10,a000,SHORT,-1.1483753580354317,3892.0,3880.0
2025-01-10,sn000,SHORT,-1.251539123733208,250740.0,250420.0
2025-01-10,CY000,SHORT,-3.5192170140976358,19445.0,19345.0
2025-01-10,CF000,SHORT,-4.4080473197463,13575.0,13480.0
2025-01-13,bc000,LONG,28.54805596834896,66850.0,66870.0
2025-01-13,a000,LONG,7.583862017105297,3926.0,3894.0
2025-01-13,pp000,LONG,7.50386623017766,7452.0,7405.0
2025-01-13,PF000,LONG,5.206078263578062,7098.0,7024.0
2025-01-13,CF000,LONG,4.248612347257744,13430.0,13545.0
2025-01-13,CJ000,SHORT,-0.9902668048717633,9200.0,9165.0
2025-01-13,SR000,SHORT,-1.1105206621810204,5883.0,5871.0
2025-01-13,rr000,SHORT,-1.1536550234790395,3528.0,3528.0
2025-01-13,al000,SHORT,-1.2844422885524576,20225.0,20240.0
2025-01-13,cu000,SHORT,-1.681371937242177,75340.0,75360.0
2025-01-14,sn000,LONG,5.026634975741529,248090.0,247740.0
2025-01-14,rr000,LONG,3.423776228032622,3519.0,3517.0
2025-01-14,l000,LONG,2.2432790184006213,7904.0,7878.0
2025-01-14,sc000,LONG,1.939687462526598,612.2,611.7
2025-01-14,j000,LONG,1.6199379467287054,1716.5,1708.5
2025-01-14,SH000,SHORT,-0.6411381903437472,3097.0,3137.0
2025-01-14,SM000,SHORT,-1.2006885712281732,6364.0,6482.0
2025-01-14,m000,SHORT,-1.2029766727100184,2765.0,2747.0
2025-01-14,ni000,SHORT,-1.6766768124668927,128130.0,128210.0
2025-01-14,CF000,SHORT,-1.891789457275998,13605.0,13490.0
2025-01-15,eg000,LONG,4.198961038747111,4790.0,4796.0
2025-01-15,lh000,LONG,1.981563587398237,12950.0,12980.0
2025-01-15,rb000,LONG,1.529538956711628,3272.0,3280.0
2025-01-15,cu000,LONG,0.9602398539151143,75650.0,75730.0
2025-01-15,SR000,LONG,0.9055017086332905,5808.0,5831.0
2025-01-15,rr000,SHORT,-2.271768260792095,3514.0,3513.0
2025-01-15,a000,SHORT,-3.5282338413351795,3975.0,3984.0
2025-01-15,sn000,SHORT,-3.729149839393288,247860.0,247770.0
2025-01-15,l000,SHORT,-3.8916738650565392,7851.0,7874.0
2025-01-15,pb000,SHORT,-4.017716667570473,16615.0,16625.0
2025-01-16,pp000,LONG,2.7355146064270213,7479.0,7471.0
2025-01-16,a000,LONG,2.2598425637338533,3978.0,3977.0
2025-01-16,al000,LONG,2.1513404409034407,20265.0,20265.0
2025-01-16,y000,LONG,1.198845158720013,7748.0,7798.0
2025-01-16,si000,LONG,0.9517448122707736,10750.0,10685.0
2025-01-16,l000,SHORT,-2.5775993406627205,7885.0,7894.0
2025-01-16,zn000,SHORT,-4.114989693790917,23780.0,23715.0
2025-01-16,eg000,SHORT,-5.395440320232498,4856.0,4843.0
2025-01-16,PF000,SHORT,-6.688160973234484,7192.0,7172.0
2025-01-16,pb000,SHORT,-8.988368533873098,16565.0,16560.0
2025-01-17,eg000,LONG,6.50444702722099,4805.0,4788.0
2025-01-17,a000,LONG,6.3481224581948466,3988.0,3981.0
2025-01-17,pp000,LONG,4.287279063851159,7442.0,7425.0
2025-01-17,jm000,LONG,4.278996835031428,1169.0,1170.5
2025-01-17,sn000,LONG,3.7608939911871095,247380.0,247840.0
2025-01-17,lh000,SHORT,-0.6862995411204103,12965.0,12955.0
2025-01-17,au000,SHORT,-1.1071890838474803,642.52,642.36
2025-01-17,CY000,SHORT,-1.182637251872285,19605.0,19590.0
2025-01-17,y000,SHORT,-1.5200094099787276,7512.0,7532.0
2025-01-17,SR000,SHORT,-2.219209981606265,5802.0,5817.0
2025-01-20,eg000,LONG,9.371610481718754,4766.0,4812.0
2025-01-20,zn000,LONG,5.200182437224597,24345.0,24295.0
2025-01-20,p000,LONG,2.592142305320405,8382.0,8338.0
2025-01-20,rb000,LONG,2.521983389351166,3367.0,3390.0
2025-01-20,pb000,LONG,1.8188575338633364,16755.0,16745.0
2025-01-20,l000,SHORT,-3.4431708695791348,7842.0,7840.0
2025-01-20,MA000,SHORT,-3.875453352340458,2588.0,2596.0
2025-01-20,sn000,SHORT,-4.472515411009212,249110.0,248490.0
2025-01-20,rr000,SHORT,-6.589019392726984,3516.0,3515.0
2025-01-20,bc000,SHORT,-16.202305024922804,67280.0,67180.0
2025-01-21,bc000,LONG,32.20032903103282,67170.0,67120.0
2025-01-21,lu000,LONG,3.0066368142231457,4149.0,4123.0
2025-01-21,rr000,LONG,2.473355899309234,3525.0,3524.0
2025-01-21,m000,LONG,1.756233813833975,2806.0,2812.0
2025-01-21,SH000,LONG,1.6790235715063175,3142.0,3136.0
2025-01-21,lh000,SHORT,-1.1726167956319302,12970.0,12980.0
2025-01-21,ag000,SHORT,-1.3591168393261785,7720.0,7728.0
2025-01-21,PF000,SHORT,-1.6157869480639167,7120.0,7096.0
2025-01-21,cu000,SHORT,-1.663774056498038,75730.0,75680.0
2025-01-21,eg000,SHORT,-2.0998009454016584,4772.0,4764.0
2025-01-22,eg000,LONG,5.042289522243147,4747.0,4750.0
2025-01-22,l000,LONG,2.124891381357934,7778.0,7782.0
2025-01-22,CF000,LONG,1.7060099718318646,13595.0,13590.0
2025-01-22,zn000,LONG,1.6946626191817808,24085.0,24145.0
2025-01-22,PF000,LONG,1.5713351388195984,7060.0,7062.0
2025-01-22,SH000,SHORT,-0.9809183651074457,3162.0,3136.0
2025-01-22,rb000,SHORT,-1.189866813367591,3325.0,3323.0
2025-01-22,a000,SHORT,-1.7940699223170025,4036.0,4023.0
2025-01-22,sn000,SHORT,-2.287106836526488,250090.0,249720.0
2025-01-22,y000,SHORT,-2.7094089443248026,7770.0,7708.0
2025-01-23,CF000,LONG,1.255630055560158,13565.0,13550.0
2025-01-23,ss000,LONG,1.241286683383623,13080.0,13070.0
2025-01-23,pb000,LONG,1.1207669964848728,16750.0,16760.0
2025-01-23,sc000,LONG,1.0450836904007323,619.8,618.6
2025-01-23,SH000,LONG,1.034113360301309,3165.0,3181.0
2025-01-23,SR000,SHORT,-1.3013235305590891,5792.0,5778.0
2025-01-23,cu000,SHORT,-1.343959648504074,75440.0,75460.0
2025-01-23,eg000,SHORT,-1.3793725041898675,4739.0,4746.0
2025-01-23,a000,SHORT,-2.227177196041491,4041.0,4045.0
2025-01-23,sn000,SHORT,-2.257587548776113,249980.0,249510.0
2025-01-24,ss000,LONG,3.393633708394546,13040.0,13035.0
2025-01-24,CF000,LONG,2.4270830984652427,13420.0,13425.0
2025-01-24,l000,LONG,1.4416222934167662,7751.0,7763.0
2025-01-24,rb000,LONG,1.0431825398513936,3339.0,3340.0
2025-01-24,al000,LONG,0.9884677911686315,20190.0,20180.0
2025-01-24,sc000,SHORT,-2.486174562837666,607.2,615.1
2025-01-24,pb000,SHORT,-4.926881242244705,16805.0,16800.0
2025-01-24,zn000,SHORT,-5.79243851334931,23760.0,23785.0
2025-01-24,sn000,SHORT,-6.177748569029722,246680.0,246310.0
2025-01-24,eg000,SHORT,-6.7365041487536095,4714.0,4722.0
2025-01-27,eg000,LONG,16.256082360466277,4725.0,4736.0
2025-01-27,CF000,LONG,4.978138743120806,13620.0,13620.0
2025-01-27,rr000,LONG,3.0954956739015325,3526.0,3524.0
2025-01-27,jd000,LONG,2.7467635248934315,3334.0,3318.0
2025-01-27,l000,LONG,2.627654495721252,7764.0,7743.0
2025-01-27,PF000,SHORT,-1.552337202976427,6886.0,6906.0
2025-01-27,a000,SHORT,-2.4533240286803126,4019.0,4028.0
2025-01-27,c000,SHORT,-2.881195859142364,2271.0,2269.0
2025-01-27,ss000,SHORT,-3.5633845858009763,13105.0,13095.0
2025-01-27,hc000,SHORT,-5.238081471071391,3481.0,3464.0
2025-02-05,hc000,LONG,13.038201304455505,3469.0,3416.0
2025-02-05,pp000,LONG,10.011991528484419,7370.0,7346.0
2025-02-05,ss000,LONG,5.570543345753888,13325.0,13370.0
2025-02-05,pb000,LONG,4.529838723134176,16965.0,17095.0
2025-02-05,RS000,LONG,3.870273007434139,5814.0,5773.0
2025-02-05,CF000,SHORT,-6.554614300822843,13625.0,13645.0
2025-02-05,au000,SHORT,-10.56869511222314,668.44,670.64
2025-02-05,l000,SHORT,-12.16174482579858,7772.0,7714.0
2025-02-05,eg000,SHORT,-14.884117505525381,4700.0,4662.0
2025-02-05,bc000,SHORT,-41.65387194154895,66840.0,66730.0
2025-02-06,eg000,LONG,9.058956028976505,4637.0,4646.0
2025-02-06,zn000,LONG,2.326119874679164,23115.0,23115.0
2025-02-06,pb000,LONG,1.579181194456238,17065.0,17075.0
2025-02-06,rb000,LONG,1.4855958444545523,3321.0,3330.0
2025-02-06,y000,LONG,0.9548888768818388,7894.0,7878.0
2025-02-06,al000,SHORT,-1.917587060476878,20210.0,20205.0
2025-02-06,l000,SHORT,-2.1492956085986195,7695.0,7706.0
2025-02-06,ni000,SHORT,-2.5559097346614434,124810.0,124830.0
2025-02-06,rr000,SHORT,-2.58068539073987,3522.0,3523.0
2025-02-06,cu000,SHORT,-3.334990169755165,75520.0,75350.0
2025-02-07,eg000,LONG,21.524271384643942,4678.0,4679.0
2025-02-07,rb000,LONG,1.2946530316204352,3354.0,3357.0
2025-02-07,sn000,LONG,1.1609597732369712,256120.0,256140.0
2025-02-07,RM000,LONG,1.0245570505141992,2467.0,2459.0
2025-02-07,MA000,LONG,0.9472513941975264,2588.0,2589.0
2025-02-07,SR000,SHORT,-1.0473646327318031,5833.0,5871.0
2025-02-07,TA000,SHORT,-1.1113135967997438,5070.0,5042.0
2025-02-07,ni000,SHORT,-1.1603107515505084,127290.0,127100.0
2025-02-07,ag000,SHORT,-1.176682447387859,8042.0,8034.0
2025-02-07,au000,SHORT,-1.390973029048685,668.22,668.04
2025-02-10,eg000,LONG,10.974342171154387,4724.0,4702.0
2025-02-10,ni000,LONG,5.142830265043589,126700.0,126820.0
2025-02-10,a000,LONG,4.213319230863942,4079.0,4060.0
2025-02-10,cu000,LONG,3.931177357639754,77400.0,77650.0
2025-02-10,CF000,LONG,3.6912455272238107,13620.0,13640.0
2025-02-10,lu000,SHORT,-1.5335050998189754,3978.0,3949.0
2025-02-10,ss000,SHORT,-1.8909486925102121,13380.0,13380.0
2025-02-10,al000,SHORT,-2.4869021128443083,20520.0,20545.0
2025-02-10,rr000,SHORT,-2.5496935308634088,3486.0,3482.0
2025-02-10,l000,SHORT,-3.5189568609996877,7779.0,7759.0
2025-02-11,pb000,LONG,2.7835388640992407,17175.0,17150.0
2025-02-11,zn000,LONG,2.256259383921993,23790.0,23795.0
2025-02-11,cu000,LONG,1.608976112542853,77600.0,77550.0
2025-02-11,CF000,LONG,1.1591662573284278,13720.0,13680.0
2025-02-11,bu000,LONG,0.7828323413510044,3802.0,3801.0
2025-02-11,au000,SHORT,-2.081320285701067,682.32,682.7
2025-02-11,rr000,SHORT,-2.3062240106606104,3548.0,3549.0
2025-02-11,rb000,SHORT,-2.5275933951046787,3316.0,3326.0
2025-02-11,eg000,SHORT,-4.357628781357715,4722.0,4725.0
2025-02-11,SR000,SHORT,-5.054819701604376,5887.0,5893.0
2025-02-12,cu000,LONG,3.2239473211887035,76840.0,76710.0
2025-02-12,a000,LONG,2.1141285090178767,4004.0,4008.0
2025-02-12,rb000,LONG,1.0766123888178665,3270.0,3276.0
2025-02-12,PF000,LONG,1.0699862562681566,7104.0,7104.0
2025-02-12,SA000,LONG,0.9741490078671176,1451.0,1453.0
2025-02-12,l000,SHORT,-0.9754200179541799,7824.0,7836.0
2025-02-12,ss000,SHORT,-1.1643220938506906,13165.0,13155.0
2025-02-12,rr000,SHORT,-2.048551206024664,3491.0,3486.0
2025-02-12,SR000,SHORT,-4.656722488316723,5928.0,5928.0
2025-02-12,eg000,SHORT,-5.432694970985962,4723.0,4728.0
2025-02-13,SR000,LONG,1.488531323929404,5929.0,5929.0
2025-02-13,lu000,LONG,1.2349411695968973,3957.0,4035.0
2025-02-13,pp000,LONG,1.0295452945257522,7405.0,7419.0
2025-02-13,ss000,LONG,1.0080661834914457,13150.0,13135.0
2025-02-13,au000,LONG,0.7248795449175887,682.0599999,682.44
2025-02-13,pb000,SHORT,-2.3523075655669383,17115.0,17125.0
2025-02-13,PF000,SHORT,-3.0113170514158125,7024.0,7056.0
2025-02-13,zn000,SHORT,-6.918190188361091,23855.0,23840.0
2025-02-13,eg000,SHORT,-12.326733847847043,4700.0,4716.0
2025-02-13,bc000,SHORT,-20.64917468884401,68920.0,68880.0
2025-02-14,eg000,LONG,13.410699494811961,4700.0,4685.0
2025-02-14,a000,LONG,9.3360618845885,4008.0,4012.0
2025-02-14,rr000,LONG,2.899249041842804,3561.0,3560.0
2025-02-14,l000,LONG,2.476837235085594,7830.0,7794.0
2025-02-14,pb000,LONG,2.0746670429450598,17155.0,17150.0
2025-02-14,rb000,SHORT,-1.060671722146578,3271.0,3258.0
2025-02-14,au000,SHORT,-1.4416940744190843,685.22,685.94
2025-02-14,RS000,SHORT,-1.4431315262782751,5808.0,5821.0
2025-02-14,ni000,SHORT,-2.021479398114297,124140.0,124190.0
2025-02-14,sn000,SHORT,-2.6604897919756856,259380.0,259380.0
2025-02-17,rr000,LONG,4.944360325129615,3564.0,3560.0
2025-02-17,cu000,LONG,3.9011825974095475,77160.0,77140.0
2025-02-17,CY000,LONG,3.558216244075209,20065.0,20050.0
2025-02-17,pp000,LONG,2.7741007119002576,7393.0,7392.0
2025-02-17,l000,LONG,2.4439493204136067,7847.0,7838.0
2025-02-17,sc000,SHORT,-2.9005384663789484,602.0,604.4
2025-02-17,al000,SHORT,-4.549702040073622,20720.0,20745.0
2025-02-17,ss000,SHORT,-5.076655773462106,13070.0,13075.0
2025-02-17,CF000,SHORT,-8.020843161010962,13770.0,13775.0
2025-02-17,eg000,SHORT,-14.003247513887287,4702.0,4712.0
2025-02-18,eg000,LONG,3.2580041227435284,4695.0,4697.0
2025-02-18,a000,LONG,2.917527513779135,4015.0,4011.0
2025-02-18,SR000,LONG,2.6886401550345163,5987.0,5974.0
2025-02-18,pb000,LONG,2.1831036538297472,17210.0,17185.0
2025-02-18,zn000,LONG,1.8159936363983213,23955.0,23935.0
2025-02-18,l000,SHORT,-0.5022658585614639,7851.0,7853.0
2025-02-18,au000,SHORT,-0.6941858620842486,678.14,678.6
2025-02-18,PK000,SHORT,-0.7420068119420853,8130.0,8196.0
2025-02-18,rr000,SHORT,-0.8118295595267886,3564.0,3566.0
2025-02-18,c000,SHORT,-0.9172305200043768,2294.0,2291.0
2025-02-19,eg000,LONG,9.957195379594607,4695.0,4685.0
2025-02-19,al000,LONG,3.766694896244946,20740.0,20705.0
2025-02-19,a000,LONG,2.7331733053319325,4039.0,4033.0
2025-02-19,PF000,LONG,1.7058591276312383,7010.0,6988.0
2025-02-19,SR000,LONG,1.6124359058483209,5980.0,5968.0
2025-02-19,CF000,SHORT,-1.2424095084907305,13875.0,13875.0
2025-02-19,ni000,SHORT,-1.31081239610564,123740.0,123720.0
2025-02-19,zn000,SHORT,-1.9292884511066335,24005.0,24000.0
2025-02-19,CY000,SHORT,-2.5124000402017614,20050.0,20045.0
2025-02-19,pp000,SHORT,-3.456083897129858,7418.0,7410.0
2025-02-20,al000,LONG,1.7844285450720394,20740.0,20705.0
2025-02-20,a000,LONG,1.1568656591280229,4015.0,4027.0
2025-02-20,eb000,LONG,1.052862197791542,8618.0,8650.0
2025-02-20,SR000,LONG,1.0448576889030423,6005.0,6008.0
2025-02-20,CF000,LONG,1.0109279437732581,13835.0,13885.0
2025-02-20,ag000,SHORT,-0.8070822818827308,8093.0,8067.0
2025-02-20,eg000,SHORT,-1.0163098858663269,4687.0,4690.0
2025-02-20,sn000,SHORT,-1.2459356304364324,259900.0,259490.0
2025-02-20,ss000,SHORT,-1.4395040745627052,13175.0,13160.0
2025-02-20,rr000,SHORT,-1.8825531562667597,3508.0,3501.0
2025-02-21,a000,LONG,3.8322198698170173,4057.0,4054.0
2025-02-21,zn000,LONG,2.896192494802579,24070.0,24045.0
2025-02-21,PF000,LONG,2.108325537416558,6990.0,6996.0
2025-02-21,ni000,LONG,1.8442429214745004,125600.0,125610.0
2025-02-21,rr000,LONG,1.8421176643118609,3516.0,3517.0
2025-02-21,bu000,SHORT,-0.8301009398338238,3889.0,3887.0
2025-02-21,eg000,SHORT,-0.9926309388846843,4686.0,4683.0
2025-02-21,sc000,SHORT,-1.0456295785860514,565.9,565.0
2025-02-21,p000,SHORT,-1.2337365235629216,9438.0,9410.0
2025-02-21,MA000,SHORT,-1.370599087736821,2550.0,2546.0
2025-02-24,a000,LONG,6.025492038137231,4121.0,4082.0
2025-02-24,cu000,LONG,5.408902889486816,77460.0,77370.0
2025-02-24,zn000,LONG,4.0640074681933,24055.0,24015.0
2025-02-24,CY000,LONG,3.5265158610143206,20015.0,20060.0
2025-02-24,ag000,LONG,3.2872453033821203,8073.0,8058.0
2025-02-24,y000,SHORT,-1.7397434654181865,7932.0,7886.0
2025-02-24,hc000,SHORT,-2.417583599498497,3418.0,3424.0
2025-02-24,l000,SHORT,-3.1355208306481024,7871.0,7885.0
2025-02-24,CF000,SHORT,-4.191370453756274,13820.0,13880.0
2025-02-24,eg000,SHORT,-13.278924425407913,4644.0,4653.0
2025-02-25,ss000,LONG,3.4643058218365193,13235.0,13255.0
2025-02-25,hc000,LONG,1.2580324419837565,3406.0,3412.0
2025-02-25,au000,LONG,1.159970707188228,686.1,685.22
2025-02-25,bu000,LONG,1.1417268842566983,3791.0,3790.0
2025-02-25,pb000,LONG,0.7665350272851624,17110.0,17125.0
2025-02-25,CF000,SHORT,-2.5202164617541665,13840.0,13840.0
2025-02-25,zn000,SHORT,-2.733292373674538,23685.0,23700.0
2025-02-25,lh000,SHORT,-2.7853572088328016,13030.0,13010.0
2025-02-25,PF000,SHORT,-3.187185577173425,6924.0,6920.0
2025-02-25,SR000,SHORT,-4.671850990411641,5951.0,5980.0
2025-02-26,eg000,LONG,14.273111240024493,4601.0,4625.0
2025-02-26,c000,LONG,1.5352798241643528,2271.0,2273.0
2025-02-26,pb000,LONG,1.3386949884639525,17150.0,17160.0
2025-02-26,PF000,LONG,1.0935990738998727,6866.0,6892.0
2025-02-26,TA000,LONG,0.844378427687408,5006.0,5044.0
2025-02-26,RM000,SHORT,-1.598167000743244,2565.0,2555.0
2025-02-26,a000,SHORT,-1.8701772039647595,4107.0,4113.0
2025-02-26,al000,SHORT,-2.0619973878058886,20550.0,20570.0
2025-02-26,CF000,SHORT,-3.115859979148618,13815.0,13800.0
2025-02-26,pp000,SHORT,-3.396913417817203,7305.0,7332.0
2025-02-27,eg000,LONG,4.082440302946339,4606.0,4612.0
2025-02-27,PF000,LONG,1.4090509796816928,6842.0,6848.0
2025-02-27,l000,LONG,1.231964231668282,7859.0,7870.0
2025-02-27,CY000,LONG,1.0053709194057108,19840.0,19895.0
2025-02-27,zn000,LONG,0.9688601929285399,23545.0,23525.0
2025-02-27,rb000,SHORT,-0.6893549250587918,3342.0,3344.0
2025-02-27,lg000,SHORT,-0.7726010716985157,862.0,864.5
2025-02-27,SR000,SHORT,-0.8551390575792784,5966.0,5989.0
2025-02-27,a000,SHORT,-2.969415817802075,4114.0,4106.0
2025-02-27,c000,SHORT,-3.727749202733656,2275.0,2276.0
2025-02-28,pb000,LONG,2.0514390660286197,17165.0,17160.0
2025-02-28,zn000,LONG,1.2838571317396963,23565.0,23595.0
2025-02-28,sn000,LONG,1.2352616964019483,254700.0,254800.0
2025-02-28,ni000,LONG,0.45561165845899204,127440.0,127530.0
2025-02-28,lu000,LONG,0.44948760593973514,3783.0,3781.0
2025-02-28,m000,SHORT,-1.1188232696140061,2920.0,2929.0
2025-02-28,a000,SHORT,-1.2500779578486527,4207.0,4228.0
2025-02-28,ag000,SHORT,-1.4436550171400295,7887.0,7887.0
2025-02-28,eg000,SHORT,-1.8526854112598083,4627.0,4620.0
2025-02-28,l000,SHORT,-1.9460715610964647,7916.0,7931.0
2025-03-03,eg000,LONG,22.14656666101366,4634.0,4613.0
2025-03-03,sn000,LONG,4.594473504078311,255030.0,254960.0
2025-03-03,l000,LONG,4.1184144035433174,7919.0,7888.0
2025-03-03,rr000,LONG,3.82914044688605,3528.0,3527.0
2025-03-03,SR000,LONG,3.405560511587814,5926.0,5913.0
2025-03-03,bu000,SHORT,-0.8271767382516513,3696.0,3677.0
2025-03-03,al000,SHORT,-1.1969324849969727,20560.0,20565.0
2025-03-03,MA000,SHORT,-1.2262209877672967,2601.0,2598.0
2025-03-03,ag000,SHORT,-1.271105247037066,7839.0,7852.0
2025-03-03,a000,SHORT,-2.7434899862088273,4224.0,4244.0
2025-03-04,sp000,LONG,0.7892326284437731,5896.0,5910.0
2025-03-04,SR000,LONG,0.5910253047085943,5921.0,5932.0
2025-03-04,ru000,LONG,0.4245025933957947,17780.0,17860.0
2025-03-04,eb000,LONG,0.1834344154323259,8285.0,8346.0
2025-03-04,lg000,LONG,0.12431092284327572,853.0,853.5
2025-03-04,rr000,SHORT,-4.942205115086146,3534.0,3529.0
2025-03-04,pb000,SHORT,-6.141066988267867,17255.0,17250.0
2025-03-04,c000,SHORT,-6.656078605241284,2310.0,2315.0
2025-03-04,eg000,SHORT,-7.5045057925518,4579.0,4601.0
2025-03-04,bc000,SHORT,-30.019351473169856,68610.0,68600.0
2025-03-05,zn000,LONG,3.918727423140645,23615.0,23610.0
2025-03-05,bc000,LONG,1.896255535392249,68240.0,68250.0
2025-03-05,ni000,LONG,1.6735523218332287,128000.0,127970.0
2025-03-05,ss000,LONG,1.0518427041154428,13240.0,13235.0
2025-03-05,rr000,LONG,0.8240845757506285,3500.0,3502.0
2025-03-05,CY000,SHORT,-0.8471279976496927,19660.0,19660.0
2025-03-05,SR000,SHORT,-1.9171533820834414,5914.0,5887.0
2025-03-05,a000,SHORT,-2.1311925137942014,4243.0,4234.0
2025-03-05,eg000,SHORT,-2.4535356201296543,4605.0,4594.0
2025-03-05,sn000,SHORT,-3.1929302175256624,256170.0,256110.0
2025-03-06,zn000,LONG,4.422765783198183,23850.0,23790.0
2025-03-06,rr000,LONG,3.429922153779785,3501.0,3502.0
2025-03-06,SR000,LONG,2.9110618340131325,5915.0,5905.0
2025-03-06,c000,LONG,2.5608095416127035,2292.0,2293.0
2025-03-06,bc000,LONG,2.5122658058000287,69460.0,69370.0
2025-03-06,sn000,SHORT,-0.8417831077939542,256840.0,256520.0
2025-03-06,cu000,SHORT,-0.9693095166906829,77840.0,77770.0
2025-03-06,SF000,SHORT,-1.0712382455615665,6084.0,6090.0
2025-03-06,au000,SHORT,-1.1806251661667762,681.2,679.26
2025-03-06,y000,SHORT,-1.4321696751948627,7876.0,7790.0
2025-03-07,SR000,LONG,3.183920103138536,5916.0,5909.0
2025-03-07,eb000,LONG,1.4173623029732463,8105.0,8113.0
2025-03-07,pp000,LONG,1.3242977968545224,7307.0,7317.0
2025-03-07,hc000,LONG,1.1414951054471008,3373.0,3392.0
2025-03-07,SA000,LONG,1.107507985560216,1467.0,1469.0
2025-03-07,jm000,SHORT,-2.37745679125916,1075.0,1082.0
2025-03-07,a000,SHORT,-3.0017199710476845,4174.0,4175.0
2025-03-07,l000,SHORT,-3.673050315224897,7877.0,7908.0
2025-03-07,eg000,SHORT,-4.457590769891358,4549.0,4562.0
2025-03-07,rr000,SHORT,-6.231277020133214,3498.0,3498.0
2025-03-10,PF000,LONG,10.557828204095085,6712.0,6734.0
2025-03-10,SA000,LONG,9.495805188930982,1449.0,1443.0
2025-03-10,RS000,LONG,9.142643979675594,6212.0,6227.0
2025-03-10,ss000,LONG,6.321962953947764,13440.0,13435.0
2025-03-10,rr000,LONG,4.884695223547084,3527.0,3525.0
2025-03-10,UR000,SHORT,-0.6146611464834971,1786.0,1778.0
2025-03-10,hc000,SHORT,-0.9275026738147728,3388.0,3366.0
2025-03-10,au000,SHORT,-0.9472632021768946,680.08,679.8
2025-03-10,c000,SHORT,-1.2188877590227973,2316.0,2305.0
2025-03-10,pb000,SHORT,-1.929725434260198,17385.0,17375.0
2025-03-11,sn000,LONG,1.7344822695222877,262360.0,262400.0
2025-03-11,au000,LONG,0.9630340177033501,679.1,679.44
2025-03-11,rb000,LONG,0.7976146335188791,3189.0,3203.0
2025-03-11,jm000,LONG,0.6973773679126685,1061.0,1064.0
2025-03-11,ni000,LONG,0.6460617330119411,132660.0,132700.0
2025-03-11,a000,SHORT,-3.46505635165398,4095.0,4100.0
2025-03-11,y000,SHORT,-3.519249055352255,7934.0,7970.0
2025-03-11,rr000,SHORT,-4.057606308692923,3484.0,3485.0
2025-03-11,SA000,SHORT,-5.171033264781452,1438.0,1438.0
2025-03-11,eg000,SHORT,-6.241514828059975,4456.0,4484.0
2025-03-12,pb000,LONG,2.9697135405040753,17415.0,17415.0
2025-03-12,y000,LONG,1.3261192256705723,7850.0,7870.0
2025-03-12,ss000,LONG,1.1016973839005781,13490.0,13480.0
2025-03-12,PF000,LONG,0.5987707598310609,6618.0,6616.0
2025-03-12,MA000,LONG,0.47213949160896607,2578.0,2576.0
2025-03-12,lh000,SHORT,-2.403907029820356,13430.0,13410.0
2025-03-12,sn000,SHORT,-2.6895385381857557,263640.0,263570.0
2025-03-12,a000,SHORT,-3.0370170946948436,4055.0,4071.0
2025-03-12,bc000,SHORT,-3.3456324769973356,69930.0,69930.0
2025-03-12,ni000,SHORT,-3.835577211506752,132200.0,132080.0
2025-03-13,y000,LONG,2.6873200795495515,7884.0,7860.0
2025-03-13,CF000,LONG,1.6940842808299825,13675.0,13620.0
2025-03-13,a000,LONG,1.6774246632818783,4003.0,4013.0
2025-03-13,al000,LONG,1.1887061098426033,20995.0,20980.0
2025-03-13,zn000,LONG,0.9534162798507515,24035.0,24045.0
2025-03-13,ss000,SHORT,-1.7594486977844384,13580.0,13585.0
2025-03-13,l000,SHORT,-1.9756854113188804,7815.0,7823.0
2025-03-13,c000,SHORT,-2.4844337310812317,2306.0,2309.0
2025-03-13,pb000,SHORT,-3.0542178711286017,17590.0,17595.0
2025-03-13,eg000,SHORT,-5.850043506928301,4464.0,4455.0
2025-03-14,sp000,LONG,5.746906663739468,5856.0,5848.0
2025-03-14,eg000,LONG,4.792849933769394,4471.0,4471.0
2025-03-14,a000,LONG,2.3945561248569063,3993.0,4009.0
2025-03-14,lu000,LONG,2.091400875539769,3539.0,3560.0
2025-03-14,CF000,LONG,1.956348401771733,13675.0,13680.0
2025-03-14,PF000,SHORT,-0.6918023959843588,6614.0,6618.0
2025-03-14,al000,SHORT,-0.6994013960760183,21025.0,20970.0
2025-03-14,RS000,SHORT,-0.9703403325256883,5826.0,5836.0
2025-03-14,ag000,SHORT,-1.181281562337253,8338.0,8348.0
2025-03-14,au000,SHORT,-1.225198328136168,693.4,693.04
2025-03-17,MA000,LONG,4.6351462010056625,2589.0,2587.0
2025-03-17,hc000,LONG,4.366962605722544,3402.0,3414.0
2025-03-17,CF000,LONG,3.628770675848139,13695.0,13660.0
2025-03-17,lu000,LONG,3.130799908772529,3590.0,3523.0
2025-03-17,sc000,LONG,2.4734405839741753,516.2,516.0
2025-03-17,SA000,SHORT,-1.453477020824252,1447.0,1435.0
2025-03-17,SR000,SHORT,-1.7608719510237831,6029.0,6014.0
2025-03-17,rb000,SHORT,-2.1787247175175044,3241.0,3246.0
2025-03-17,y000,SHORT,-2.9249737615795266,8112.0,8074.0
2025-03-17,eg000,SHORT,-3.4776575429706007,4481.0,4478.0
2025-03-18,bc000,LONG,65.27485576168478,71450.0,71530.0
2025-03-18,eg000,LONG,10.004251937450936,4440.0,4441.0
2025-03-18,a000,LONG,2.352633641523681,3977.0,3982.0
2025-03-18,MA000,LONG,1.3268910974212305,2546.0,2557.0
2025-03-18,PF000,LONG,1.1935191980673925,6596.0,6616.0
2025-03-18,ni000,SHORT,-0.9520886502691168,130980.0,130920.0
2025-03-18,y000,SHORT,-0.9796707283889492,8084.0,8060.0
2025-03-18,l000,SHORT,-1.2513869031702896,7734.0,7736.0
2025-03-18,ss000,SHORT,-1.2561757946295375,13540.0,13545.0
2025-03-18,rb000,SHORT,-1.8480228131165992,3205.0,3207.0
2025-03-19,bc000,LONG,6.5605817375194215,71810.0,71630.0
2025-03-19,eg000,LONG,4.811073152960666,4428.0,4439.0
2025-03-19,al000,LONG,2.1247547054342544,20655.0,20645.0
2025-03-19,CF000,LONG,1.1818582501470463,13600.0,13595.0
2025-03-19,a000,LONG,0.9630030663765821,3933.0,3941.0
2025-03-19,ni000,SHORT,-2.7551347555687116,129610.0,129530.0
2025-03-19,SR000,SHORT,-2.798750391950644,6123.0,6125.0
2025-03-19,c000,SHORT,-2.9450068520253176,2282.0,2285.0
2025-03-19,y000,SHORT,-3.142115254413108,8110.0,8128.0
2025-03-19,sn000,SHORT,-3.5145246855577668,281390.0,280780.0
2025-03-20,eg000,LONG,4.114488861746595,4412.0,4411.0
2025-03-20,rb000,LONG,2.163956811378891,3150.0,3156.0
2025-03-20,c000,LONG,1.6253582888677796,2277.0,2280.0
2025-03-20,m000,LONG,1.5641226772413266,2903.0,2914.0
2025-03-20,al000,LONG,1.550841705694107,20720.0,20710.0
2025-03-20,ni000,SHORT,-2.2055956379624924,130930.0,130740.0
2025-03-20,sn000,SHORT,-2.627953815937923,278770.0,278380.0
2025-03-20,cu000,SHORT,-2.7723702627765188,81240.0,81040.0
2025-03-20,CF000,SHORT,-3.9282534520861057,13605.0,13595.0
2025-03-20,lg000,SHORT,-3.940930643132573,834.0,842.0
2025-03-21,CF000,LONG,2.1654895217842296,13680.0,13660.0
2025-03-21,bu000,LONG,1.7404589351666222,3564.0,3542.0
2025-03-21,c000,LONG,1.3916026152371914,2281.0,2283.0
2025-03-21,ss000,LONG,1.3762595484053086,13425.0,13430.0
2025-03-21,SA000,LONG,1.2217941416639262,1416.0,1415.0
2025-03-21,ni000,SHORT,-0.964374941678357,129920.0,129930.0
2025-03-21,SR000,SHORT,-1.0327856926770413,6110.0,6155.0
2025-03-21,pp000,SHORT,-1.1404782498681854,7264.0,7263.0
2025-03-21,TA000,SHORT,-1.1820146224186596,4896.0,4882.0
2025-03-21,sn000,SHORT,-1.9598730267184628,281150.0,280840.0
2025-03-24,ss000,LONG,3.2858265505005435,13355.0,13350.0
2025-03-24,rr000,LONG,3.2075593713033004,3486.0,3477.0
2025-03-24,sn000,LONG,2.912928652903641,275680.0,275780.0
2025-03-24,l000,LONG,2.6118059984671937,7712.0,7694.0
2025-03-24,SR000,LONG,2.304213978116071,6065.0,6080.0
2025-03-24,pb000,SHORT,-1.8644557977785576,17400.0,17410.0
2025-03-24,ni000,SHORT,-2.0806760092826098,129120.0,129260.0
2025-03-24,zn000,SHORT,-3.805594648312615,23975.0,23945.0
2025-03-24,cu000,SHORT,-4.2858744455692905,80600.0,80560.0
2025-03-24,eg000,SHORT,-9.085847741981121,4466.0,4456.0
2025-03-25,rb000,LONG,1.240581296398635,3203.0,3206.0
2025-03-25,lg000,LONG,1.1718017367153228,843.0,835.5
2025-03-25,jm000,LONG,0.9956087179404395,1025.5,1025.0
2025-03-25,SR000,LONG,0.8894324153592783,6044.0,6055.0
2025-03-25,SH000,LONG,0.8563037357452554,2549.0,2555.0
2025-03-25,pb000,SHORT,-1.1429208496967236,17505.0,17520.0
2025-03-25,rr000,SHORT,-1.1441074500526478,3532.0,3533.0
2025-03-25,sn000,SHORT,-2.167866437793543,274130.0,274210.0
2025-03-25,MA000,SHORT,-2.624905485981839,2566.0,2571.0
2025-03-25,eg000,SHORT,-3.7390170081289127,4461.0,4458.0
2025-03-26,CF000,LONG,11.505196156376682,13550.0,13570.0
2025-03-26,CY000,LONG,1.5311590748924053,19690.0,19695.0
2025-03-26,SR000,LONG,1.3929619597438068,6091.0,6095.0
2025-03-26,lg000,LONG,0.8942462464325249,833.5,835.0
2025-03-26,SA000,LONG,0.7423836924859952,1436.0,1446.0
2025-03-26,pb000,SHORT,-1.4096000919786287,17590.0,17570.0
2025-03-26,l000,SHORT,-2.0859811627126614,7710.0,7713.0
2025-03-26,MA000,SHORT,-3.5987756967444353,2544.0,2550.0
2025-03-26,eg000,SHORT,-5.357480265097768,4465.0,4463.0
2025-03-26,sn000,SHORT,-5.587075150376927,280080.0,280030.0
2025-03-27,a000,LONG,3.487551950621764,3864.0,3880.0
2025-03-27,sn000,LONG,1.0387207102786298,279990.0,280160.0
2025-03-27,pp000,LONG,0.9662427478286969,7348.0,7352.0
2025-03-27,al000,LONG,0.8566955866669189,20665.0,20680.0
2025-03-27,SH000,LONG,0.48049269328083904,2559.0,2566.0
2025-03-27,pb000,SHORT,-1.5361131404787651,17630.0,17630.0
2025-03-27,rr000,SHORT,-1.9949784795897796,3488.0,3493.0
2025-03-27,cu000,SHORT,-2.2062510338867445,81500.0,81530.0
2025-03-27,MA000,SHORT,-2.650698795090108,2575.0,2570.0
2025-03-27,eg000,SHORT,-3.2541113291750374,4504.0,4506.0
2025-03-28,bc000,LONG,32.539407859765426,71960.0,71920.0
2025-03-28,eg000,LONG,5.940709653609821,4504.0,4505.0
2025-03-28,c000,LONG,2.626080273546994,2267.0,2267.0
2025-03-28,rr000,LONG,2.5690123502069424,3491.0,3491.0
2025-03-28,pb000,LONG,2.564493989082894,17540.0,17540.0
2025-03-28,lu000,SHORT,-0.6418798815031337,3730.0,3721.0
2025-03-28,SM000,SHORT,-0.6964958515701696,6116.0,6076.0
2025-03-28,SR000,SHORT,-0.7021497478022637,6065.0,6060.0
2025-03-28,lh000,SHORT,-1.1419944425260782,13470.0,13225.0
2025-03-28,y000,SHORT,-1.8525086080806379,8028.0,8006.0
2025-03-31,l000,LONG,2.643471143824429,7680.0,7674.0
2025-03-31,MA000,LONG,1.5587875453212596,2518.0,2534.0
2025-03-31,bu000,LONG,1.5416183459161679,3590.0,3604.0
2025-03-31,hc000,LONG,1.5006685715888157,3350.0,3358.0
2025-03-31,CF000,LONG,1.4367301700682267,13550.0,13565.0
2025-03-31,lh000,SHORT,-1.411721634125374,13270.0,13245.0
2025-03-31,sn000,SHORT,-1.4976352079350066,287010.0,287100.0
2025-03-31,pb000,SHORT,-1.8533070011166979,17405.0,17410.0
2025-03-31,eg000,SHORT,-3.315644947472085,4439.0,4440.0
2025-03-31,a000,SHORT,-6.773508086111148,3915.0,3898.0
2025-04-01,eg000,LONG,5.845281613618237,4462.0,4477.0
2025-04-01,pb000,LONG,1.6042478789790096,17395.0,17375.0
2025-04-01,lh000,LONG,0.7855372045311639,13270.0,13240.0
2025-04-01,CF000,LONG,0.715257467857689,13535.0,13535.0
2025-04-01,lu000,LONG,0.5437134923682427,3755.0,3741.0
2025-04-01,RS000,SHORT,-2.1910901182327773,5722.0,5683.0
2025-04-01,sn000,SHORT,-2.212323816092762,287460.0,288980.0
2025-04-01,rr000,SHORT,-3.7687722249144784,3533.0,3533.0
2025-04-01,ni000,SHORT,-4.169544328210316,127870.0,127800.0
2025-04-01,bc000,SHORT,-5.644220058710956,70860.0,70820.0
2025-04-02,pp000,LONG,3.243065287409623,7346.0,7341.0
2025-04-02,pb000,LONG,2.268800870737174,17350.0,17355.0
2025-04-02,zn000,LONG,1.6680778054412484,23285.0,23315.0
2025-04-02,bc000,LONG,1.3177965470588207,70820.0,70790.0
2025-04-02,au000,LONG,1.2947462977944761,733.3,733.16
2025-04-02,l000,SHORT,-0.5524437440768608,7685.0,7678.0
2025-04-02,CF000,SHORT,-0.7900820497491432,13675.0,13635.0
2025-04-02,sn000,SHORT,-1.0223558107283965,288950.0,289040.0
2025-04-02,a000,SHORT,-3.492859042714613,3951.0,3940.0
2025-04-02,eg000,SHORT,-7.568737855849749,4504.0,4511.0
2025-04-03,eg000,LONG,12.690313457750952,4487.0,4524.0
2025-04-03,bc000,LONG,6.6084746168261645,70890.0,70930.0
2025-04-03,pp000,LONG,4.624161026843475,7357.0,7372.0
2025-04-03,zn000,LONG,3.555452275597607,23200.0,23180.0
2025-04-03,ni000,LONG,3.312091802185677,128880.0,128850.0
2025-04-03,CY000,SHORT,-2.0210284188347214,19570.0,19715.0
2025-04-03,pb000,SHORT,-2.0558892308013332,17265.0,17260.0
2025-04-03,y000,SHORT,-2.19625951697594,8016.0,7984.0
2025-04-03,RM000,SHORT,-2.223175853605673,2574.0,2551.0
2025-04-03,PK000,SHORT,-2.4841917887571294,8142.0,8118.0
2025-04-07,ss000,LONG,23.015655554091605,13020.0,12910.0
2025-04-07,au000,LONG,16.937817875472174,712.28,718.1799999
2025-04-07,ao000,LONG,7.508057476122553,2768.0,2769.0
2025-04-07,nr000,LONG,6.952255236333746,13365.0,13365.0
2025-04-07,l000,LONG,6.94882847917886,7390.0,7320.0
2025-04-07,SR000,SHORT,-9.844793787853773,6104.0,6087.0
2025-04-07,PK000,SHORT,-9.865068322011837,8126.0,8016.0
2025-04-07,bc000,SHORT,-14.032177817766152,65450.0,65450.0
2025-04-07,pp000,SHORT,-19.807676839467785,7205.0,7197.0
2025-04-07,eg000,SHORT,-19.900554050595264,4259.0,4210.0
2025-04-08,eg000,LONG,4.330846986400984,4228.0,4235.0
2025-04-08,ag000,LONG,1.9207526973652533,7656.0,7677.0
2025-04-08,bc000,LONG,1.5159151681520864,64790.0,64900.0
2025-04-08,ni000,LONG,1.1778275686566322,119260.0,119390.0
2025-04-08,SA000,LONG,1.087565738354914,1352.0,1368.0
2025-04-08,MA000,SHORT,-2.56315160729724,2392.0,2400.0
2025-04-08,l000,SHORT,-3.562009176068584,7377.0,7402.0
2025-04-08,pp000,SHORT,-3.7368085580803463,7207.0,7235.0
2025-04-08,a000,SHORT,-4.872080320420035,4090.0,4054.0
2025-04-08,rr000,SHORT,-6.625056667200485,3500.0,3496.0
2025-04-09,lu000,LONG,0.6049344885873666,3234.0,3393.0
2025-04-09,v000,LONG,0.5914161051834393,4830.0,4890.0
2025-04-09,nr000,LONG,0.5564363366319659,11990.0,12470.0
2025-04-09,eb000,LONG,0.31987572202143133,6844.0,7210.0
2025-04-09,sp000,LONG,0.31553197685270024,5280.0,5394.0
2025-04-09,pp000,SHORT,-7.75340745805289,7126.0,7230.0
2025-04-09,sc000,SHORT,-9.322496448528018,475.6,478.4
2025-04-09,rr000,SHORT,-9.413070486315103,3517.0,3529.0
2025-04-09,ss000,SHORT,-13.853235911236018,12790.0,12765.0
2025-04-09,eg000,SHORT,-17.18546856105482,3956.0,4120.0
2025-04-10,PK000,LONG,6.402527379750957,8086.0,8118.0
2025-04-10,UR000,LONG,5.1811869776889,1839.0,1865.0
2025-04-10,RM000,LONG,5.101079667646944,2688.0,2707.0
2025-04-10,ss000,LONG,4.451244982437294,12485.0,12495.0
2025-04-10,PX000,LONG,4.3299008924439715,5890.0,5646.0
2025-04-10,hc000,SHORT,-5.631579268931281,3248.0,3216.0
2025-04-10,bu000,SHORT,-5.821509361987593,3317.0,3188.0
2025-04-10,sc000,SHORT,-8.917913514277593,453.1,453.0
2025-04-10,p000,SHORT,-9.414016512518348,8712.0,8566.0
2025-04-10,eg000,SHORT,-15.608929604029564,4229.0,4136.0
2025-04-11,cu000,LONG,2.0735408138670604,74270.0,74460.0
2025-04-11,ag000,LONG,1.9758546513070903,7892.0,7901.0
2025-04-11,CY000,LONG,1.7338202126967581,18785.0,18815.0
2025-04-11,p000,LONG,1.6770298686081049,8792.0,8794.0
2025-04-11,rb000,LONG,1.2911676035120314,3127.0,3136.0
2025-04-11,pp000,SHORT,-2.8624497059089893,7182.0,7190.0
2025-04-11,l000,SHORT,-3.604281471797935,7177.0,7195.0
2025-04-11,bc000,SHORT,-5.4512398253278835,65920.0,66150.0
2025-04-11,au000,SHORT,-5.828688413741018,748.62,747.26
2025-04-11,eg000,SHORT,-7.612009122283867,4235.0,4246.0
2025-04-14,CY000,LONG,5.572054682510432,18885.0,18845.0
2025-04-14,eg000,LONG,5.565887883314516,4279.0,4277.0
2025-04-14,bc000,LONG,3.3765048175634105,67170.0,67430.0
2025-04-14,lu000,LONG,2.172007009210735,3357.0,3316.0
2025-04-14,ss000,LONG,1.7607548746777555,12800.0,12830.0
2025-04-14,pb000,SHORT,-2.445492368213542,16905.0,16925.0
2025-04-14,rb000,SHORT,-2.7203649452058554,3134.0,3126.0
2025-04-14,al000,SHORT,-2.9385245858738718,19690.0,19705.0
2025-04-14,ag000,SHORT,-4.197391260937965,8110.0,8152.0
2025-04-14,a000,SHORT,-4.632257159779087,4161.0,4206.0
2025-04-15,cu000,LONG,1.46018862228961,75940.0,75870.0
2025-04-15,zn000,LONG,1.0723594358478166,22380.0,22365.0
2025-04-15,fu000,LONG,1.0230674956554269,2942.0,2951.0
2025-04-15,sc000,LONG,0.9146888936967997,471.3,472.1
2025-04-15,cs000,LONG,0.7282560676680546,2647.0,2643.0
2025-04-15,sn000,SHORT,-1.4473054103691014,259180.0,259120.0
2025-04-15,m000,SHORT,-1.5469246397227971,3108.0,3117.0
2025-04-15,rr000,SHORT,-1.9866481028613188,3522.0,3524.0
2025-04-15,l000,SHORT,-2.7529881780837284,7231.0,7243.0
2025-04-15,eg000,SHORT,-3.5107562438602042,4202.0,4206.0
2025-04-16,eg000,LONG,3.175611301731411,4186.0,4180.0
2025-04-16,pp000,LONG,2.6910357335575545,7134.0,7122.0
2025-04-16,jm000,LONG,2.2817352136140636,976.5,985.0
2025-04-16,bc000,LONG,1.9009455265715385,67500.0,67510.0
2025-04-16,ni000,LONG,1.629468528379695,124970.0,124960.0
2025-04-16,jd000,SHORT,-0.9348378022765289,3044.0,3078.0
2025-04-16,pb000,SHORT,-1.2244249346304554,16750.0,16775.0
2025-04-16,sn000,SHORT,-1.9065757390854468,258250.0,258240.0
2025-04-16,l000,SHORT,-4.566104406269485,7198.0,7201.0
2025-04-16,rb000,SHORT,-4.610229970412992,3121.0,3123.0
2025-04-17,eg000,LONG,5.033533070236201,4130.0,4131.0
2025-04-17,rb000,LONG,1.3412082571279007,3094.0,3096.0
2025-04-17,SA000,LONG,1.1847012517438267,1355.0,1359.0
2025-04-17,pb000,LONG,0.807225176471398,16705.0,16685.0
2025-04-17,sn000,LONG,0.7973833760513744,255590.0,256080.0
2025-04-17,SR000,SHORT,-0.9586465605379029,5917.0,5913.0
2025-04-17,l000,SHORT,-1.2902617883962784,7154.0,7149.0
2025-04-17,ss000,SHORT,-1.395437883272031,12845.0,12870.0
2025-04-17,ag000,SHORT,-1.551799354461673,8250.0,8248.0
2025-04-17,a000,SHORT,-2.3330457941438105,4146.0,4166.0
2025-04-18,ss000,LONG,9.660646959434091,12825.0,12815.0
2025-04-18,eg000,LONG,3.027945040660914,4133.0,4118.0
2025-04-18,sp000,LONG,2.813149893905583,5372.0,5300.0
2025-04-18,a000,LONG,2.264015698559218,4115.0,4130.0
2025-04-18,bu000,LONG,1.980257180875812,3385.0,3367.0
2025-04-18,m000,SHORT,-1.5319168763413658,3025.0,3022.0
2025-04-18,l000,SHORT,-1.8493734251221994,7172.0,7152.0
2025-04-18,cu000,SHORT,-3.6225691119958032,76080.0,75920.0
2025-04-18,sn000,SHORT,-5.365510614957709,258190.0,255320.0
2025-04-18,rb000,SHORT,-9.14313024438838,3084.0,3089.0
2025-04-21,rr000,LONG,5.366767801819809,3555.0,3547.0
2025-04-21,eg000,LONG,4.954119306140079,4133.0,4145.0
2025-04-21,CF000,LONG,3.638524174104843,12880.0,12945.0
2025-04-21,ag000,LONG,3.4448412984892496,8141.0,8137.0
2025-04-21,bc000,LONG,2.5276978752280894,67530.0,67510.0
2025-04-21,lg000,SHORT,-2.908024427396423,816.0,811.5
2025-04-21,ss000,SHORT,-3.3690475655623504,12745.0,12765.0
2025-04-21,pb000,SHORT,-3.5008311399270045,16860.0,16860.0
2025-04-21,rb000,SHORT,-3.599809182078248,3108.0,3087.0
2025-04-21,sn000,SHORT,-3.980725878967484,257910.0,257870.0
2025-04-22,rb000,LONG,3.489558872681396,3106.0,3105.0
2025-04-22,hc000,LONG,2.474245709872771,3204.0,3202.0
2025-04-22,pb000,LONG,2.361817025528239,16960.0,16955.0
2025-04-22,zn000,LONG,2.1797767708580715,22255.0,22280.0
2025-04-22,bc000,LONG,1.8221220186430438,68130.0,68150.0
2025-04-22,a000,SHORT,-1.1223996407562156,4174.0,4190.0
2025-04-22,lh000,SHORT,-1.3536877941360639,14550.0,14485.0
2025-04-22,al000,SHORT,-1.7008544856268395,19805.0,19825.0
2025-04-22,ag000,SHORT,-1.7107714900914686,8171.0,8195.0
2025-04-22,CY000,SHORT,-2.0173370628655167,18840.0,18820.0
2025-04-23,pp000,LONG,4.8754911792851825,7118.0,7092.0
2025-04-23,SR000,LONG,4.864159863767398,6001.0,5993.0
2025-04-23,l000,LONG,4.5604849978738145,7188.0,7141.0
2025-04-23,rr000,LONG,4.156906967508195,3583.0,3578.0
2025-04-23,jd000,LONG,3.300314933871259,3029.0,3026.0
2025-04-23,al000,SHORT,-0.708494303592404,19770.0,19775.0
2025-04-23,ag000,SHORT,-0.8425779999088658,8260.0,8272.0
2025-04-23,c000,SHORT,-1.0862800989844053,2323.0,2323.0
2025-04-23,CF000,SHORT,-1.1244100614195638,12935.0,12865.0
2025-04-23,b000,SHORT,-1.9379510196740324,3684.0,3671.0
2025-04-24,bc000,LONG,3.5373424427193214,68900.0,68970.0
2025-04-24,ag000,LONG,3.140422881007455,8332.0,8321.0
2025-04-24,ni000,LONG,1.7831939817815081,125150.0,125580.0
2025-04-24,sc000,LONG,1.705621347993931,488.4,485.4
2025-04-24,m000,LONG,1.2943294304175101,3066.0,3051.0
2025-04-24,rb000,SHORT,-2.616243644949254,3121.0,3130.0
2025-04-24,lu000,SHORT,-3.195662921043807,3416.0,3415.0
2025-04-24,l000,SHORT,-3.354508942696154,7184.0,7179.0
2025-04-24,sn000,SHORT,-4.063456255417926,260890.0,260510.0
2025-04-24,eg000,SHORT,-5.324096456193233,4216.0,4220.0
2025-04-25,eg000,LONG,6.866637634961914,4175.0,4157.0
2025-04-25,ss000,LONG,5.8116113132465035,12770.0,12775.0
2025-04-25,pb000,LONG,4.510476539584931,17050.0,17035.0
2025-04-25,zn000,LONG,3.8198730673370704,22900.0,22830.0
2025-04-25,CF000,LONG,3.8033277765323987,13030.0,12995.0
2025-04-25,y000,SHORT,-0.2850551659802082,7956.0,7866.0
2025-04-25,rb000,SHORT,-0.37128196588013007,3115.0,3108.0
2025-04-25,ni000,SHORT,-1.1635581262077348,126020.0,125960.0
2025-04-25,ag000,SHORT,-1.3264667522407692,8314.0,8309.0
2025-04-25,sn000,SHORT,-2.4322295035267456,263390.0,262620.0
2025-04-28,bc000,LONG,14.415054843285391,68860.0,68770.0
2025-04-28,eg000,LONG,3.47130055606501,4190.0,4191.0
2025-04-28,a000,LONG,2.72479611532191,4217.0,4214.0
2025-04-28,fu000,LONG,1.8051428716542146,3023.0,2991.0
2025-04-28,hc000,LONG,1.5529688055890802,3258.0,3281.0
2025-04-28,l000,SHORT,-1.5398312767833655,7175.0,7154.0
2025-04-28,sn000,SHORT,-1.542259251141416,261910.0,261830.0
2025-04-28,rb000,SHORT,-1.697047074432819,3140.0,3162.0
2025-04-28,pb000,SHORT,-2.2149276146573156,16860.0,16855.0
2025-04-28,rr000,SHORT,-5.150179350232497,3587.0,3587.0
2025-04-29,rb000,LONG,1.9952692558269862,3111.0,3127.0
2025-04-29,SR000,LONG,1.288861938543233,5906.0,5922.0
2025-04-29,pp000,LONG,1.1019657968432552,7093.0,7090.0
2025-04-29,al000,LONG,1.0352677190154211,19925.0,19905.0
2025-04-29,bu000,LONG,0.7271907069826989,3444.0,3453.0
2025-04-29,pb000,SHORT,-1.8634009038919859,16970.0,16955.0
2025-04-29,a000,SHORT,-2.9701133503871437,4175.0,4185.0
2025-04-29,sn000,SHORT,-3.1894319260214217,261000.0,260840.0
2025-04-29,rr000,SHORT,-4.1830035452393854,3584.0,3585.0
2025-04-29,eg000,SHORT,-5.240749533959024,4178.0,4180.0
2025-04-30,bc000,LONG,23.1265374651273,69070.0,69080.0
2025-04-30,a000,LONG,17.453711774778622,4187.0,4187.0
2025-04-30,l000,LONG,3.5611703871754843,7110.0,7100.0
2025-04-30,hc000,LONG,2.849138415117213,3197.0,3204.0
2025-04-30,ss000,LONG,2.2009703733681705,12695.0,12705.0
2025-04-30,zn000,SHORT,-1.89285279206445,22530.0,22525.0
2025-04-30,SR000,SHORT,-2.6576826481932785,5878.0,5878.0
2025-04-30,rb000,SHORT,-2.981531797387102,3094.0,3096.0
2025-04-30,eg000,SHORT,-3.6707442797114407,4184.0,4189.0
2025-04-30,au000,SHORT,-4.378527564778389,785.66,784.42
2025-05-06,al000,LONG,7.116558509211592,20000.0,19785.0
2025-05-06,sc000,LONG,6.200525782160797,457.5,458.9
2025-05-06,CF000,LONG,5.320697033928939,12840.0,12745.0
2025-05-06,eg000,LONG,4.586502132227383,4133.0,4130.0
2025-05-06,p000,LONG,4.457317508083544,7994.0,7974.0
2025-05-06,SA000,SHORT,-4.163592090967857,1349.0,1330.0
2025-05-06,ss000,SHORT,-4.799126205372903,12700.0,12735.0
2025-05-06,SH000,SHORT,-5.271214887638421,2482.0,2498.0
2025-05-06,l000,SHORT,-8.129287521932651,7046.0,6987.0
2025-05-06,cu000,SHORT,-10.111087411110606,77760.0,77600.0
2025-05-07,eg000,LONG,11.5508731359684,4264.0,4203.0
2025-05-07,ss000,LONG,5.84628154910315,12755.0,12785.0
2025-05-07,SR000,LONG,4.231981693342902,5888.0,5892.0
2025-05-07,rr000,LONG,3.574143193887252,3604.0,3600.0
2025-05-07,PK000,LONG,3.23445228250111,8038.0,8088.0
2025-05-07,cs000,SHORT,-0.7450113574565599,2755.0,2757.0
2025-05-07,RS000,SHORT,-0.7485082279825498,5496.0,5469.0
2025-05-07,cu000,SHORT,-1.5022422815447865,78260.0,78250.0
2025-05-07,ni000,SHORT,-1.7056578876353,124310.0,123920.0
2025-05-07,bc000,SHORT,-14.708950710603393,69550.0,69530.0
2025-05-08,m000,LONG,1.286090730647076,2909.0,2917.0
2025-05-08,hc000,LONG,1.2003292789926665,3206.0,3212.0
2025-05-08,cu000,LONG,1.060765622274614,77390.0,77380.0
2025-05-08,MA000,LONG,0.8726073432237897,2208.0,2226.0
2025-05-08,PK000,LONG,0.8172396755090872,8068.0,8136.0
2025-05-08,CF000,SHORT,-2.701523521281351,12810.0,12805.0
2025-05-08,CY000,SHORT,-3.4462847045126432,19030.0,19035.0
2025-05-08,a000,SHORT,-3.898104867102318,4161.0,4161.0
2025-05-08,rb000,SHORT,-4.654173164790067,3085.0,3094.0
2025-05-08,eg000,SHORT,-4.955960243309794,4146.0,4161.0
2025-05-09,a000,LONG,1.6544432682732122,4174.0,4171.0
2025-05-09,lh000,LONG,1.0871483816197562,13905.0,13925.0
2025-05-09,OI000,LONG,1.0601724267720383,9374.0,9382.0
2025-05-09,sn000,LONG,1.0518441500308244,262160.0,262230.0
2025-05-09,hc000,LONG,0.7607185049892112,3168.0,3164.0
2025-05-09,CY000,SHORT,-0.7838197913791878,19335.0,19280.0
2025-05-09,al000,SHORT,-0.8781976235827,19585.0,19605.0
2025-05-09,zn000,SHORT,-0.9462953932840941,22320.0,22295.0
2025-05-09,y000,SHORT,-3.7421573415362115,7824.0,7832.0
2025-05-09,eg000,SHORT,-4.200646615576092,4222.0,4224.0
2025-05-12,ss000,LONG,5.7352897947800034,12820.0,12825.0
2025-05-12,p000,LONG,4.934910496773978,7976.0,7940.0
2025-05-12,sc000,LONG,4.333312248434057,472.1,472.7
2025-05-12,bu000,LONG,3.2077548440008603,3461.0,3459.0
2025-05-12,SH000,LONG,2.508138258875587,2468.0,2445.0
2025-05-12,RS000,SHORT,-2.6869818839306294,5441.0,5400.0
2025-05-12,cu000,SHORT,-2.7381825061832177,77890.0,77910.0
2025-05-12,rb000,SHORT,-2.8254403611239183,3046.0,3026.0
2025-05-12,ag000,SHORT,-3.124229955684788,8200.0,8205.0
2025-05-12,ni000,SHORT,-3.7991424867441217,126100.0,126060.0
2025-05-13,eg000,LONG,8.417037126930564,4334.0,4336.0
2025-05-13,hc000,LONG,1.7659449506934397,3220.0,3225.0
2025-05-13,MA000,LONG,1.0662494669952531,2276.0,2277.0
2025-05-13,c000,LONG,0.8485099611343817,2347.0,2354.0
2025-05-13,rb000,LONG,0.6973700777828766,3083.0,3091.0
2025-05-13,rr000,SHORT,-2.1382632227590705,3594.0,3598.0
2025-05-13,CF000,SHORT,-2.175276475705172,13290.0,13310.0
2025-05-13,lh000,SHORT,-2.847556376313379,13870.0,13885.0
2025-05-13,cu000,SHORT,-3.3407070511686885,77700.0,77820.0
2025-05-13,ss000,SHORT,-3.442009047188649,12935.0,12940.0
2025-05-14,eg000,LONG,10.85293818625664,4489.0,4490.0
2025-05-14,SR000,LONG,3.4420814109753306,5899.0,5893.0
2025-05-14,ss000,LONG,2.6809370796075314,13025.0,13020.0
2025-05-14,lu000,LONG,1.71817024797263,3635.0,3622.0
2025-05-14,CY000,LONG,1.5817776317597692,19710.0,19700.0
2025-05-14,rr000,SHORT,-0.5624059598287044,3620.0,3622.0
2025-05-14,sc000,SHORT,-0.5835760362368984,491.9,491.2
2025-05-14,al000,SHORT,-0.7968270700321202,20095.0,20100.0
2025-05-14,a000,SHORT,-4.680662897036822,4180.0,4155.0
2025-05-14,bc000,SHORT,-12.175715144291807,69860.0,69870.0
2025-05-15,ss000,LONG,4.104165032591254,13075.0,13075.0
2025-05-15,sn000,LONG,3.9358995362310316,265380.0,265470.0
2025-05-15,CY000,LONG,2.2424909568566354,19735.0,19745.0
2025-05-15,m000,LONG,0.8784791500728348,2895.0,2898.0
2025-05-15,lg000,LONG,0.750519677734753,794.5,788.0
2025-05-15,PF000,SHORT,-1.4545151523353903,6610.0,6644.0
2025-05-15,pb000,SHORT,-1.7732427599638534,17010.0,17010.0
2025-05-15,cu000,SHORT,-2.171087478639837,78630.0,78710.0
2025-05-15,pp000,SHORT,-2.4316393731580845,7172.0,7186.0
2025-05-15,eg000,SHORT,-12.147560380690635,4484.0,4493.0
2025-05-16,SH000,LONG,1.649836231115647,2531.0,2541.0
2025-05-16,hc000,LONG,1.5746181616918071,3250.0,3250.0
2025-05-16,zn000,LONG,1.3717205331825593,22580.0,22575.0
2025-05-16,pp000,LONG,0.5419614973210959,7144.0,7140.0
2025-05-16,RM000,LONG,0.47697666187643367,2506.0,2510.0
2025-05-16,lg000,SHORT,-2.151823002788925,788.5,783.0
2025-05-16,l000,SHORT,-2.8402798450438236,7281.0,7271.0
2025-05-16,a000,SHORT,-3.1212111478349716,4157.0,4157.0
2025-05-16,rb000,SHORT,-4.408912877512961,3109.0,3109.0
2025-05-16,eg000,SHORT,-15.383054131824656,4489.0,4503.0
2025-05-19,eg000,LONG,22.782637771138294,4500.0,4497.0
2025-05-19,rb000,LONG,2.3779529201389087,3078.0,3086.0
2025-05-19,hc000,LONG,1.0559514623563486,3217.0,3228.0
2025-05-19,PR000,LONG,0.9081465505310548,6138.0,6134.0
2025-05-19,fu000,LONG,0.8444536566537036,3028.0,3008.0
2025-05-19,rr000,SHORT,-2.202919427623535,3629.0,3626.0
2025-05-19,SR000,SHORT,-3.558138959124357,5866.0,5841.0
2025-05-19,l000,SHORT,-4.30429538945435,7250.0,7267.0
2025-05-19,a000,SHORT,-5.448218268932557,4180.0,4185.0
2025-05-19,ss000,SHORT,-6.260639882328832,12980.0,12980.0
2025-05-20,rr000,LONG,3.4480803529500275,3627.0,3626.0
2025-05-20,pb000,LONG,2.4813184094220015,16795.0,16790.0
2025-05-20,zn000,LONG,2.192363987962454,22400.0,22415.0
2025-05-20,ss000,LONG,2.0746811515069825,12815.0,12850.0
2025-05-20,p000,LONG,1.2384596244797956,8082.0,8054.0
2025-05-20,lg000,SHORT,-0.9454435701850518,782.5,776.5
2025-05-20,rb000,SHORT,-1.1488018361262766,3072.0,3057.0
2025-05-20,SR000,SHORT,-1.3403176887314106,5854.0,5865.0
2025-05-20,cu000,SHORT,-1.5836538632050443,78090.0,78040.0
2025-05-20,eg000,SHORT,-3.723348629523173,4442.0,4440.0
2025-05-21,hc000,LONG,2.455257756682981,3204.0,3206.0
2025-05-21,si000,LONG,1.9391951586561342,7915.0,7865.0
2025-05-21,c000,LONG,1.7635613374640096,2310.0,2311.0
2025-05-21,m000,LONG,1.4387933166033804,2895.0,2892.0
2025-05-21,ss000,LONG,1.1800381468652108,12865.0,12875.0
2025-05-21,SR000,SHORT,-1.870019933608223,5847.0,5840.0
2025-05-21,CF000,SHORT,-2.1650099837079044,13510.0,13540.0
2025-05-21,CY000,SHORT,-2.2957396107153127,19780.0,19820.0
2025-05-21,eg000,SHORT,-3.1201761509952513,4436.0,4416.0
2025-05-21,sn000,SHORT,-3.5028010907934766,267680.0,267700.0
2025-05-22,eg000,LONG,3.389312897141971,4396.0,4410.0
2025-05-22,lg000,LONG,3.207380365250616,778.5,777.5
2025-05-22,sn000,LONG,2.9527876977141516,266140.0,266290.0
2025-05-22,c000,LONG,1.3726906199759379,2323.0,2325.0
2025-05-22,rb000,LONG,1.3075157380534697,3059.0,3067.0
2025-05-22,MA000,SHORT,-1.4907108111217018,2248.0,2262.0
2025-05-22,p000,SHORT,-1.507940964517162,7998.0,8088.0
2025-05-22,rr000,SHORT,-1.6821226746724196,3629.0,3627.0
2025-05-22,pb000,SHORT,-2.2384770134625107,16835.0,16830.0
2025-05-22,ss000,SHORT,-3.1049233396923333,12875.0,12885.0
2025-05-23,rb000,LONG,3.9828889215514307,3058.0,3059.0
2025-05-23,sn000,LONG,3.469747297902111,264560.0,264400.0
2025-05-23,zn000,LONG,2.1876407902594237,22325.0,22295.0
2025-05-23,bc000,LONG,1.6669893608093154,69240.0,69150.0
2025-05-23,ss000,LONG,1.5362382142990274,12885.0,12875.0
2025-05-23,SR000,SHORT,-0.8105823031531896,5836.0,5835.0
2025-05-23,a000,SHORT,-1.0350134218119507,4205.0,4204.0
2025-05-23,rr000,SHORT,-1.148468143833697,3633.0,3631.0
2025-05-23,l000,SHORT,-1.494807481870641,7133.0,7137.0
2025-05-23,eg000,SHORT,-2.9830038131238723,4424.0,4426.0
2025-05-26,CY000,LONG,1.7810504559704712,19565.0,19620.0
2025-05-26,pb000,LONG,1.778262618287904,16840.0,16835.0
2025-05-26,CF000,LONG,1.6157560095308678,13390.0,13400.0
2025-05-26,SH000,LONG,1.5015691578212425,2484.0,2461.0
2025-05-26,SM000,LONG,0.8751006527050273,5714.0,5668.0
2025-05-26,bu000,SHORT,-4.289183370454633,3505.0,3521.0
2025-05-26,l000,SHORT,-4.880372943522953,7086.0,7108.0
2025-05-26,eg000,SHORT,-6.485851811932327,4409.0,4417.0
2025-05-26,ss000,SHORT,-9.38949760851257,12925.0,12915.0
2025-05-26,sn000,SHORT,-10.2113316449387,265540.0,265270.0
2025-05-27,rb000,LONG,5.123768989752326,2992.0,3009.0
2025-05-27,pb000,LONG,2.04295700269829,16825.0,16840.0
2025-05-27,lg000,LONG,1.2345170930366058,759.0,755.0
2025-05-27,c000,LONG,0.9580529972983821,2320.0,2322.0
2025-05-27,ag000,LONG,0.5925726954061519,8279.0,8270.0
2025-05-27,y000,SHORT,-3.3732329890278523,7730.0,7714.0
2025-05-27,rr000,SHORT,-4.675253495977352,3636.0,3634.0
2025-05-27,ss000,SHORT,-6.467439746903753,12850.0,12845.0
2025-05-27,eg000,SHORT,-8.605782997616283,4345.0,4357.0
2025-05-27,bc000,SHORT,-30.428320980608213,69870.0,69870.0
2025-05-28,SA000,LONG,1.591476831882324,1228.0,1232.0
2025-05-28,pb000,LONG,1.4941307030819821,16770.0,16775.0
2025-05-28,y000,LONG,1.2750089733126386,7748.0,7732.0
2025-05-28,c000,LONG,1.274091299078656,2320.0,2320.0
2025-05-28,hc000,LONG,1.1836386262324843,3106.0,3104.0
2025-05-28,a000,SHORT,-1.6127106462215102,4132.0,4129.0
2025-05-28,rb000,SHORT,-2.3850726580608743,2970.0,2970.0
2025-05-28,sn000,SHORT,-4.289686034438062,264340.0,264210.0
2025-05-28,CY000,SHORT,-4.44097744845765,19535.0,19500.0
2025-05-28,eg000,SHORT,-5.1062962329045405,4368.0,4381.0
2025-05-29,ss000,LONG,3.0547080747760846,12630.0,12615.0
2025-05-29,hc000,LONG,2.970066868114462,3096.0,3079.0
2025-05-29,PK000,LONG,2.683199614239195,8368.0,8522.0
2025-05-29,RM000,LONG,2.1772508443594196,2608.0,2613.0
2025-05-29,UR000,LONG,2.0030078536103293,1799.0,1784.0
2025-05-29,lg000,SHORT,-1.3732347247677652,760.5,766.0
2025-05-29,l000,SHORT,-1.5746823117044044,6979.0,6939.0
2025-05-29,lu000,SHORT,-2.106542390547415,3567.0,3517.0
2025-05-29,sn000,SHORT,-2.971215689521766,256670.0,256440.0
2025-05-29,eg000,SHORT,-4.0254757556984915,4324.0,4304.0
2025-05-30,lg000,LONG,2.1927480922598757,762.5,765.0
2025-05-30,cu000,LONG,1.4624856458344502,77810.0,77750.0
2025-05-30,ni000,LONG,1.1743701002246032,121250.0,121290.0
2025-05-30,fu000,LONG,1.0314715529585439,2913.0,2939.0
2025-05-30,jm000,LONG,0.8219305813313732,743.5,751.5
2025-05-30,pp000,SHORT,-3.5349144088213476,6867.0,6889.0
2025-05-30,eg000,SHORT,-4.448202146105556,4337.0,4350.0
2025-05-30,sn000,SHORT,-4.715263046234167,251930.0,252650.0
2025-05-30,l000,SHORT,-5.132588821938287,6958.0,6981.0
2025-05-30,ss000,SHORT,-5.553486075537114,12710.0,12715.0
2025-06-03,pp000,LONG,6.694262069094795,6885.0,6884.0
2025-06-03,pb000,LONG,4.938552909767368,16595.0,16570.0
2025-06-03,sc000,LONG,4.3035801657768005,466.6,462.5
2025-06-03,zn000,LONG,3.943985820398612,22300.0,22180.0
2025-06-03,a000,LONG,3.406570325406017,4124.0,4134.0
2025-06-03,au000,SHORT,-7.683937694256632,785.9,783.1
2025-06-03,rr000,SHORT,-7.810100148273325,3645.0,3621.0
2025-06-03,l000,SHORT,-9.912776901624747,6977.0,6963.0
2025-06-03,eg000,SHORT,-11.873398163018862,4342.0,4306.0
2025-06-03,bc000,SHORT,-25.190115374560325,69390.0,68990.0
2025-06-04,a000,LONG,4.369852811267484,4129.0,4122.0
2025-06-04,rb000,LONG,2.497728399351626,2943.0,2946.0
2025-06-04,CY000,LONG,1.5133864554560337,19425.0,19470.0
2025-06-04,hc000,LONG,1.222319085032511,3078.0,3083.0
2025-06-04,SH000,LONG,0.9404775072993455,2346.0,2348.0
2025-06-04,PF000,SHORT,-1.7927171130495325,6414.0,6426.0
2025-06-04,eg000,SHORT,-1.8063549862714514,4308.0,4319.0
2025-06-04,bc000,SHORT,-1.8802853742146304,69550.0,69560.0
2025-06-04,cu000,SHORT,-1.9403058154245298,78200.0,78220.0
2025-06-04,l000,SHORT,-2.2555389223429883,7015.0,7030.0
2025-06-05,fb000,LONG,3.62293096786083,1290.0,1316.0
2025-06-05,l000,LONG,3.1920136895543316,7052.0,7026.0
2025-06-05,jd000,LONG,1.7674790031679024,2872.0,2878.0
2025-06-05,sc000,LONG,1.6984034010711557,461.7,461.9
2025-06-05,pp000,LONG,1.4507130565412627,6936.0,6919.0
2025-06-05,CF000,SHORT,-1.4001045898877322,13275.0,13285.0
2025-06-05,sn000,SHORT,-1.5778176982759051,259020.0,259070.0
2025-06-05,CY000,SHORT,-1.910317722814087,19515.0,19525.0
2025-06-05,a000,SHORT,-2.0281304942333116,4140.0,4128.0
2025-06-05,eg000,SHORT,-2.0692255443892416,4313.0,4259.0
2025-06-06,SR000,LONG,4.022975981854723,5720.0,5721.0
2025-06-06,y000,LONG,3.4501258193874595,7714.0,7704.0
2025-06-06,ss000,LONG,3.435274657330731,12715.0,12730.0
2025-06-06,ni000,LONG,2.590637886548362,122080.0,122200.0
2025-06-06,lh000,LONG,2.57504102798683,13555.0,13460.0
2025-06-06,PK000,SHORT,-0.5976596140043386,8386.0,8384.0
2025-06-06,rb000,SHORT,-0.7432460014235371,2991.0,2992.0
2025-06-06,pb000,SHORT,-0.8715101975615939,16655.0,16645.0
2025-06-06,fb000,SHORT,-0.9170672042535918,1319.0,1320.0
2025-06-06,eg000,SHORT,-2.3294452488296176,4291.0,4303.0
2025-06-09,cu000,LONG,2.4226732823659196,78620.0,78730.0
2025-06-09,pp000,LONG,2.1731915558325623,6934.0,6939.0
2025-06-09,sn000,LONG,2.0793269245805654,262790.0,263100.0
2025-06-09,eg000,LONG,1.4226663446038976,4278.0,4267.0
2025-06-09,p000,LONG,1.336141046099738,8142.0,8130.0
2025-06-09,rb000,SHORT,-1.6195320455204958,2971.0,2965.0
2025-06-09,CF000,SHORT,-1.8783207000294562,13470.0,13435.0
2025-06-09,MA000,SHORT,-1.9126749132930743,2269.0,2269.0
2025-06-09,a000,SHORT,-4.208628695165102,4149.0,4147.0
2025-06-09,bc000,SHORT,-14.191556596581034,69930.0,70060.0
2025-06-10,bc000,LONG,14.128677322669839,70610.0,70640.0
2025-06-10,l000,LONG,2.8292751656924593,7092.0,7072.0
2025-06-10,pp000,LONG,2.5428182581793535,6939.0,6918.0
2025-06-10,lh000,LONG,2.486528264080461,13500.0,13595.0
2025-06-10,sc000,LONG,2.20265504112929,478.3,479.2
2025-06-10,fu000,SHORT,-0.9304808572594133,2922.0,2898.0
2025-06-10,y000,SHORT,-0.9944805061231959,7774.0,7758.0
2025-06-10,rb000,SHORT,-2.3574913701445825,2965.0,2967.0
2025-06-10,sn000,SHORT,-3.4543033439067723,263790.0,264260.0
2025-06-10,ag000,SHORT,-4.757809281565394,8974.0,8958.0
2025-06-11,eg000,LONG,2.1728944336579135,4273.0,4282.0
2025-06-11,rr000,LONG,1.5367617863594338,3623.0,3628.0
2025-06-11,y000,LONG,1.1065904241183462,7738.0,7760.0
2025-06-11,i000,LONG,0.7365285669498046,707.0,707.0
2025-06-11,sn000,LONG,0.6690745916196048,265080.0,264960.0
2025-06-11,ss000,SHORT,-1.326531945631893,12470.0,12470.0
2025-06-11,SA000,SHORT,-1.8290672512414021,1210.0,1207.0
2025-06-11,lh000,SHORT,-1.9247045131666831,13605.0,13600.0
2025-06-11,pb000,SHORT,-2.3367923724737434,16830.0,16825.0
2025-06-11,bc000,SHORT,-13.146633176451411,70380.0,70400.0
2025-06-12,eg000,LONG,6.926491102307183,4287.0,4269.0
2025-06-12,PK000,LONG,2.100279070281769,8216.0,8208.0
2025-06-12,RM000,LONG,1.8718263294734923,2652.0,2652.0
2025-06-12,UR000,LONG,1.7087976309477653,1664.0,1646.0
2025-06-12,hc000,LONG,1.4040462670048823,3093.0,3092.0
2025-06-12,lg000,SHORT,-0.6656828710017046,760.0,765.0
2025-06-12,zn000,SHORT,-0.7980913224291641,22030.0,22025.0
2025-06-12,jm000,SHORT,-1.2103306305277233,776.5,775.0
2025-06-12,lh000,SHORT,-1.7994705881711877,13570.0,13750.0
2025-06-12,bc000,SHORT,-14.183751760239796,69740.0,69770.0
2025-06-13,pp000,LONG,17.520632100083755,7050.0,6948.0
2025-06-13,eg000,LONG,10.279754452195109,4358.0,4234.0
2025-06-13,bc000,LONG,9.854765726336403,69860.0,69880.0
2025-06-13,OI000,LONG,7.5490353009988205,9315.0,9256.0
2025-06-13,l000,LONG,6.242287212500847,7243.0,7088.0
2025-06-13,pg000,SHORT,-0.13750480387218686,4306.0,4135.0
2025-06-13,au000,SHORT,-0.804228698987429,787.36,786.6
2025-06-13,hc000,SHORT,-1.9003632008581504,3065.0,3067.0
2025-06-13,y000,SHORT,-2.397864881210436,7780.0,7732.0
2025-06-13,m000,SHORT,-5.257638317180161,3049.0,3053.0
2025-06-16,a000,LONG,6.174494470545759,4253.0,4249.0
2025-06-16,OI000,LONG,2.4704439443439874,9467.0,9475.0
2025-06-16,ss000,LONG,2.379571385814548,12560.0,12570.0
2025-06-16,lh000,LONG,1.6229361802095112,13820.0,13780.0
2025-06-16,rb000,LONG,1.4258637180727427,2979.0,2980.0
2025-06-16,p000,SHORT,-2.2233968845721375,8442.0,8414.0
2025-06-16,lg000,SHORT,-2.4086316667838275,775.5,792.0
2025-06-16,sc000,SHORT,-2.5430748294770664,538.1,539.5
2025-06-16,m000,SHORT,-2.8062761745262295,3035.0,3048.0
2025-06-16,sn000,SHORT,-3.7883678974051977,265070.0,264950.0
2025-06-17,bc000,LONG,4.079790674252106,69990.0,69960.0
2025-06-17,a000,LONG,4.041735126668603,4227.0,4225.0
2025-06-17,OI000,LONG,0.9402179971390877,9566.0,9549.0
2025-06-17,lh000,LONG,0.8566137097678489,13790.0,13815.0
2025-06-17,si000,LONG,0.8063763434003828,7330.0,7360.0
2025-06-17,SR000,SHORT,-1.5006960476336952,5694.0,5664.0
2025-06-17,cu000,SHORT,-1.582192801836731,78710.0,78700.0
2025-06-17,sn000,SHORT,-1.8178817576500879,264690.0,264750.0
2025-06-17,rb000,SHORT,-1.9556197135539917,2981.0,2981.0
2025-06-17,eg000,SHORT,-8.625691468386519,4351.0,4336.0
2025-06-18,eg000,LONG,8.91874407480398,4446.0,4441.0
2025-06-18,sn000,LONG,4.270783737571249,263210.0,262920.0
2025-06-18,ss000,LONG,3.8913705147202307,12460.0,12460.0
2025-06-18,CY000,LONG,3.780650669700292,19840.0,19840.0
2025-06-18,SR000,LONG,3.621358011526067,5676.0,5668.0
2025-06-18,pb000,SHORT,-1.0826944574152682,16860.0,16855.0
2025-06-18,pp000,SHORT,-1.1234642683701495,7190.0,7184.0
2025-06-18,bc000,SHORT,-1.5043658363663075,69840.0,69760.0
2025-06-18,m000,SHORT,-1.692712004014879,3073.0,3073.0
2025-06-18,hc000,SHORT,-1.9273995247513278,3110.0,3102.0
2025-06-19,CY000,LONG,8.109655361296518,19750.0,19750.0
2025-06-19,rb000,LONG,1.6327231514497598,2985.0,2986.0
2025-06-19,sn000,LONG,1.2289372343265867,263530.0,263260.0
2025-06-19,SA000,LONG,0.8363923491200906,1175.0,1175.0
2025-06-19,lg000,LONG,0.7803193761431981,792.5,798.0
2025-06-19,lh000,SHORT,-1.3025229073429208,13805.0,13760.0
2025-06-19,pp000,SHORT,-1.4480464087279705,7243.0,7234.0
2025-06-19,SR000,SHORT,-1.5187040754740393,5669.0,5662.0
2025-06-19,eg000,SHORT,-5.657614290412471,4487.0,4480.0
2025-06-19,bc000,SHORT,-6.917635291215755,69850.0,69790.0
2025-06-20,CY000,LONG,5.239253877083845,19770.0,19775.0
2025-06-20,eg000,LONG,2.0153174439572155,4531.0,4548.0
2025-06-20,rr000,LONG,1.8018738604066373,3620.0,3618.0
2025-06-20,SR000,LONG,1.7021814674474884,5701.0,5670.0
2025-06-20,CF000,LONG,1.3486191189529122,13485.0,13485.0
2025-06-20,UR000,SHORT,-1.1717826936254307,1756.0,1730.0
2025-06-20,OI000,SHORT,-1.2169494348540701,9722.0,9737.0
2025-06-20,sn000,SHORT,-2.0714788751334945,259580.0,259360.0
2025-06-20,rb000,SHORT,-2.183295756475328,2994.0,2990.0
2025-06-20,a000,SHORT,-4.397207990183066,4259.0,4246.0
2025-06-23,pp000,LONG,3.8519623780117334,7266.0,7221.0
2025-06-23,CY000,LONG,2.7597657829090525,19745.0,19750.0
2025-06-23,lh000,LONG,1.8099499789790594,13950.0,13980.0
2025-06-23,hc000,LONG,1.5251106683667943,3119.0,3122.0
2025-06-23,m000,LONG,1.198381625732036,3046.0,3063.0
2025-06-23,cu000,SHORT,-2.205956113821102,78370.0,78370.0
2025-06-23,rb000,SHORT,-2.831546498104379,2997.0,2997.0
2025-06-23,a000,SHORT,-3.002577003617163,4266.0,4268.0
2025-06-23,CF000,SHORT,-3.244858847810882,13520.0,13520.0
2025-06-23,ss000,SHORT,-3.918495136363628,12540.0,12550.0
2025-06-24,ss000,LONG,3.565138143873556,12380.0,12375.0
2025-06-24,c000,LONG,3.498474694270375,2398.0,2401.0
2025-06-24,m000,LONG,2.360881007076951,3027.0,3028.0
2025-06-24,rb000,LONG,1.6518845258566646,2991.0,3003.0
2025-06-24,CF000,LONG,1.283058407141413,13470.0,13475.0
2025-06-24,UR000,SHORT,-4.906765644863283,1692.0,1698.0
2025-06-24,OI000,SHORT,-5.144710021946055,9587.0,9680.0
2025-06-24,RM000,SHORT,-5.222730744725449,2650.0,2654.0
2025-06-24,PK000,SHORT,-5.707528729927759,8214.0,8230.0
2025-06-24,bc000,SHORT,-6.977006595304981,69770.0,69790.0
2025-06-25,sn000,LONG,2.3233768384020905,261770.0,261720.0
2025-06-25,zn000,LONG,1.235280374145323,21905.0,21885.0
2025-06-25,pb000,LONG,1.1980585657052942,17085.0,17075.0
2025-06-25,pp000,LONG,1.1196259595817826,7059.0,7072.0
2025-06-25,jm000,LONG,1.104523221870641,788.5,786.0
2025-06-25,lh000,SHORT,-0.4443787916700205,13960.0,14000.0
2025-06-25,a000,SHORT,-1.1292184745947313,4176.0,4209.0
2025-06-25,rb000,SHORT,-1.2165448232576197,2970.0,2968.0
2025-06-25,ss000,SHORT,-2.191518085008125,12465.0,12465.0
2025-06-25,eg000,SHORT,-7.561469184672679,4316.0,4314.0
2025-06-26,sn000,LONG,7.178348951569179,267730.0,267880.0
2025-06-26,eg000,LONG,6.0615407005499495,4285.0,4332.0
2025-06-26,rb000,LONG,5.3440344218717595,2969.0,2966.0
2025-06-26,lh000,LONG,2.3980195084601807,14045.0,14040.0
2025-06-26,al000,LONG,1.956714576859916,20340.0,20350.0
2025-06-26,OI000,SHORT,-1.4630866403258438,9449.0,9488.0
2025-06-26,c000,SHORT,-2.2040690569164623,2382.0,2382.0
2025-06-26,fb000,SHORT,-2.2402511369038565,1325.0,1326.0
2025-06-26,a000,SHORT,-2.5726848120987498,4153.0,4160.0
2025-06-26,pp000,SHORT,-2.805705871135578,7090.0,7102.0
2025-06-27,eg000,LONG,5.410284387727115,4288.0,4293.0
2025-06-27,y000,LONG,5.170073448335767,8010.0,8014.0
2025-06-27,ss000,LONG,4.00744556013007,12585.0,12590.0
2025-06-27,rr000,LONG,3.1412623905644295,3603.0,3607.0
2025-06-27,l000,LONG,2.5808364409514963,7326.0,7333.0
2025-06-27,PK000,SHORT,-0.6303631628746837,8168.0,8170.0
2025-06-27,cu000,SHORT,-0.6646910133300217,79870.0,79830.0
2025-06-27,rb000,SHORT,-0.7995654797164188,3003.0,2989.0
2025-06-27,RS000,SHORT,-0.8629237288611845,4934.0,4920.0
2025-06-27,lh000,SHORT,-2.334561261341378,14025.0,14005.0
2025-06-30,bc000,LONG,2.718317378762389,71260.0,71260.0
2025-06-30,y000,LONG,2.6062947860903707,7978.0,7982.0
2025-06-30,CF000,LONG,1.432517676100324,13875.0,13845.0
2025-06-30,SR000,LONG,1.178531592065706,5802.0,5794.0
2025-06-30,SH000,LONG,1.002333133169056,2339.0,2355.0
2025-06-30,SF000,SHORT,-1.1974234726579633,5400.0,5344.0
2025-06-30,l000,SHORT,-1.2596899620328255,7287.0,7302.0
2025-06-30,lu000,SHORT,-1.4616695030318712,3574.0,3604.0
2025-06-30,pb000,SHORT,-1.73020371041549,17170.0,17180.0
2025-06-30,eg000,SHORT,-3.478028991899355,4261.0,4272.0
2025-07-01,CY000,LONG,1.199008900620969,19995.0,20010.0
2025-07-01,ss000,LONG,0.9155554986829754,12495.0,12525.0
2025-07-01,ni000,LONG,0.8731855348689883,120450.0,120560.0
2025-07-01,cu000,LONG,0.8726708091503115,79780.0,79840.0
2025-07-01,jm000,LONG,0.6974766683343886,822.5,827.0
2025-07-01,l000,SHORT,-2.0777012231725385,7257.0,7263.0
2025-07-01,SR000,SHORT,-3.0148729921132786,5784.0,5789.0
2025-07-01,SH000,SHORT,-3.482176451984912,2303.0,2298.0
2025-07-01,sn000,SHORT,-4.279271433172749,266950.0,267030.0
2025-07-01,rb000,SHORT,-4.568517319427152,2983.0,2987.0
2025-07-02,sn000,LONG,7.645301141599766,268120.0,268610.0
2025-07-02,rb000,LONG,7.5450177182036215,3019.0,3014.0
2025-07-02,CY000,LONG,4.579715888286605,20070.0,20050.0
2025-07-02,l000,LONG,3.1774311896434555,7247.0,7243.0
2025-07-02,bu000,LONG,2.8257683102015574,3578.0,3574.0
2025-07-02,sp000,SHORT,-0.47141308256346415,5030.0,5022.0
2025-07-02,CF000,SHORT,-0.6877666380081653,13780.0,13775.0
2025-07-02,lh000,SHORT,-0.7663928352996598,13945.0,14340.0
2025-07-02,cs000,SHORT,-0.900460288059597,2736.0,2745.0
2025-07-02,cu000,SHORT,-2.817572283751981,80420.0,80410.0
2025-07-03,jm000,LONG,1.1876334334724992,842.0,844.0
2025-07-03,lh000,LONG,0.9897877464757221,14290.0,14370.0
2025-07-03,RS000,LONG,0.7163839151135779,5165.0,5064.0
2025-07-03,PR000,LONG,0.29028340373533273,5912.0,5920.0
2025-07-03,PF000,LONG,0.2674537132632723,6582.0,6606.0
2025-07-03,lg000,SHORT,-2.055083301736638,796.5,792.5
2025-07-03,ss000,SHORT,-2.151850216447672,12695.0,12700.0
2025-07-03,rb000,SHORT,-3.899808851751815,3062.0,3063.0
2025-07-03,eg000,SHORT,-5.937297288510488,4293.0,4307.0
2025-07-03,sn000,SHORT,-7.531882282055433,269300.0,269470.0
2025-07-04,eg000,LONG,4.791978169054933,4310.0,4303.0
2025-07-04,a000,LONG,4.686956622704322,4141.0,4153.0
2025-07-04,ss000,LONG,3.590294941182145,12785.0,12775.0
2025-07-04,l000,LONG,2.0059837380565466,7331.0,7327.0
2025-07-04,sn000,LONG,1.949133079991502,269620.0,269750.0
2025-07-04,al000,SHORT,-0.5578190884890077,20645.0,20640.0
2025-07-04,au000,SHORT,-0.6151224503529341,775.44,775.24
2025-07-04,m000,SHORT,-0.6219011660832027,2964.0,2971.0
2025-07-04,cu000,SHORT,-1.2737043333254559,80520.0,80610.0
2025-07-04,CY000,SHORT,-3.4960481320286227,20060.0,20040.0
2025-07-07,rb000,LONG,4.906389482273664,3075.0,3081.0
2025-07-07,CY000,LONG,3.6107403946527548,20050.0,20070.0
2025-07-07,ss000,LONG,2.449578634128804,12690.0,12685.0
2025-07-07,SR000,LONG,1.6629590444952271,5753.0,5771.0
2025-07-07,SH000,LONG,1.2568655195040905,2390.0,2388.0
2025-07-07,PR000,SHORT,-1.096160364945253,5866.0,5864.0
2025-07-07,rr000,SHORT,-1.152152341316087,3590.0,3593.0
2025-07-07,bu000,SHORT,-1.2349549089647716,3555.0,3573.0
2025-07-07,zn000,SHORT,-1.8086947312806885,22240.0,22260.0
2025-07-07,cu000,SHORT,-4.709402506458919,79770.0,79790.0
2025-07-08,eg000,LONG,7.314240184169145,4267.0,4279.0
2025-07-08,c000,LONG,2.25011841150947,2316.0,2321.0
2025-07-08,lh000,LONG,1.4397665025923572,14280.0,14275.0
2025-07-08,CY000,LONG,0.8035372903220201,19940.0,19910.0
2025-07-08,lu000,LONG,0.7320164156200749,3663.0,3670.0
2025-07-08,SH000,SHORT,-1.614562755475516,2407.0,2406.0
2025-07-08,rb000,SHORT,-1.6400089896905492,3056.0,3056.0
2025-07-08,pp000,SHORT,-1.920353501433228,7052.0,7061.0
2025-07-08,SR000,SHORT,-2.2500682527421403,5744.0,5747.0
2025-07-08,sn000,SHORT,-4.0091935555268705,263820.0,263880.0
2025-07-09,CF000,LONG,3.014953397022902,13705.0,13730.0
2025-07-09,rb000,LONG,1.8031146308394579,3064.0,3067.0
2025-07-09,a000,LONG,1.71281583866294,4118.0,4106.0
2025-07-09,c000,LONG,0.9695139320319883,2321.0,2324.0
2025-07-09,pb000,LONG,0.7856209935279556,17235.0,17225.0
2025-07-09,sc000,SHORT,-2.159061411522843,516.1,516.3
2025-07-09,sn000,SHORT,-2.414554758069237,265160.0,265180.0
2025-07-09,ss000,SHORT,-2.528086818468325,12750.0,12740.0
2025-07-09,CY000,SHORT,-4.030752251842918,19885.0,19915.0
2025-07-09,eg000,SHORT,-4.648810101101478,4274.0,4270.0
2025-07-10,eg000,LONG,4.113448317976788,4307.0,4308.0
2025-07-10,a000,LONG,3.1705427701605733,4104.0,4108.0
2025-07-10,SR000,LONG,3.0226274459868896,5796.0,5791.0
2025-07-10,y000,LONG,3.0148431370519497,7924.0,7922.0
2025-07-10,sn000,LONG,2.925290384134382,264550.0,264490.0
2025-07-10,ni000,SHORT,-0.641826428200539,119520.0,119470.0
2025-07-10,l000,SHORT,-0.9726976433829574,7311.0,7311.0
2025-07-10,ss000,SHORT,-1.3620055644539912,12805.0,12800.0
2025-07-10,bc000,SHORT,-2.693447137817931,69500.0,69490.0
2025-07-10,rb000,SHORT,-3.105481393459508,3090.0,3088.0
2025-07-11,ss000,LONG,4.258722902830599,12760.0,12765.0
2025-07-11,rb000,LONG,3.5785181530020616,3139.0,3141.0
2025-07-11,bc000,LONG,2.038081248117059,69810.0,69820.0
2025-07-11,l000,LONG,1.656477721788743,7314.0,7304.0
2025-07-11,jd000,LONG,1.2281858658551899,3464.0,3442.0
2025-07-11,SA000,SHORT,-1.195155929220204,1229.0,1228.0
2025-07-11,pb000,SHORT,-1.2807087677722095,17125.0,17125.0
2025-07-11,sn000,SHORT,-1.6178330641286274,266260.0,266350.0
2025-07-11,CY000,SHORT,-1.8216411911796853,20040.0,20030.0
2025-07-11,eg000,SHORT,-1.9807988822982456,4319.0,4321.0
2025-07-14,eg000,LONG,8.650750575848862,4331.0,4317.0
2025-07-14,y000,LONG,4.6208321460856645,7972.0,7998.0
2025-07-14,cu000,LONG,2.867418543440001,78320.0,78330.0
2025-07-14,lg000,LONG,2.819319794020809,786.5,788.0
2025-07-14,rb000,LONG,1.6930976696507503,3130.0,3130.0
2025-07-14,jd000,SHORT,-1.6371454425777172,3580.0,3602.0
2025-07-14,pb000,SHORT,-1.6832676609182273,17080.0,17075.0
2025-07-14,a000,SHORT,-1.97668913381094,4109.0,4110.0
2025-07-14,l000,SHORT,-2.325181475137416,7311.0,7310.0
2025-07-14,bc000,SHORT,-6.930638444051982,69530.0,69540.0
2025-07-15,eg000,LONG,12.303203737943322,4336.0,4341.0
2025-07-15,sn000,LONG,3.033353999101021,264410.0,264030.0
2025-07-15,ni000,LONG,1.6132864112226162,119490.0,119620.0
2025-07-15,lu000,LONG,1.343072264069046,3619.0,3665.0
2025-07-15,bc000,LONG,1.1869509560441331,69230.0,69190.0
2025-07-15,p000,SHORT,-1.2027046141142932,8768.0,8788.0
2025-07-15,PK000,SHORT,-1.2386035824408248,8160.0,8192.0
2025-07-15,hc000,SHORT,-1.2421696298534675,3269.0,3268.0
2025-07-15,pp000,SHORT,-2.3128217052560887,7030.0,7058.0
2025-07-15,a000,SHORT,-2.3560161715993133,4149.0,4149.0
2025-07-16,l000,LONG,2.371423882146352,7225.0,7215.0
2025-07-16,eg000,LONG,2.1993054920517854,4310.0,4301.0
2025-07-16,pb000,LONG,2.0054698514195506,16940.0,16925.0
2025-07-16,y000,LONG,1.900222783819862,8040.0,8028.0
2025-07-16,ss000,LONG,1.636752802336437,12685.0,12690.0
2025-07-16,c000,SHORT,-0.3190546831648399,2299.0,2297.0
2025-07-16,ni000,SHORT,-0.6343763848112374,120950.0,120980.0
2025-07-16,a000,SHORT,-0.7204489161506582,4169.0,4159.0
2025-07-16,sn000,SHORT,-0.8492470706993254,263820.0,264070.0
2025-07-16,lg000,SHORT,-2.1825227000597556,792.5,797.0
2025-07-17,bc000,LONG,10.127757398670099,69160.0,69070.0
2025-07-17,lh000,LONG,3.7371959941321506,13960.0,14060.0
2025-07-17,y000,LONG,2.520563169315711,8058.0,8024.0
2025-07-17,pb000,LONG,2.2734498902470643,16890.0,16875.0
2025-07-17,cu000,LONG,2.2309625434469567,77970.0,77880.0
2025-07-17,lg000,SHORT,-1.003475455518511,812.0,833.0
2025-07-17,eg000,SHORT,-1.0453777635836379,4361.0,4349.0
2025-07-17,sn000,SHORT,-1.0859816073395814,262130.0,261650.0
2025-07-17,pp000,SHORT,-1.2608485132009317,7014.0,7004.0
2025-07-17,l000,SHORT,-2.8353241251691976,7217.0,7199.0
2025-07-18,eg000,LONG,9.078758795360983,4398.0,4384.0
2025-07-18,sn000,LONG,7.708007169770189,263080.0,263360.0
2025-07-18,a000,LONG,4.722046321641364,4219.0,4215.0
2025-07-18,bc000,LONG,4.369775176804383,69480.0,69420.0
2025-07-18,y000,LONG,4.246136789127255,8138.0,8126.0
2025-07-18,bu000,SHORT,-0.3285335285656599,3651.0,3643.0
2025-07-18,PK000,SHORT,-0.46200129348459484,8256.0,8222.0
2025-07-18,p000,SHORT,-0.7821594281440248,8914.0,8890.0
2025-07-18,sc000,SHORT,-0.8396908182693102,511.5,509.8
2025-07-18,zn000,SHORT,-1.1094961684590574,22350.0,22345.0
2025-07-21,a000,LONG,13.157680018605996,4172.0,4176.0
2025-07-21,bc000,LONG,8.513729920985641,70260.0,70260.0
2025-07-21,SR000,LONG,5.125937912882417,5840.0,5846.0
2025-07-21,rr000,LONG,4.388160578422152,3625.0,3625.0
2025-07-21,SH000,LONG,3.7625751211706353,2577.0,2539.0
2025-07-21,lg000,SHORT,-1.3722004151579217,840.0,838.0
2025-07-21,eg000,SHORT,-2.230950993154449,4399.0,4404.0
2025-07-21,rb000,SHORT,-2.953126405475819,3223.0,3197.0
2025-07-21,sn000,SHORT,-3.406320319849652,264950.0,265040.0
2025-07-21,pb000,SHORT,-4.536836288136947,16985.0,16990.0
2025-07-22,PR000,LONG,4.539996928750869,5986.0,5988.0
2025-07-22,cu000,LONG,2.8167150504024026,79790.0,79730.0
2025-07-22,CY000,LONG,2.310906696658793,20380.0,20375.0
2025-07-22,y000,LONG,1.9926527418598794,8086.0,8054.0
2025-07-22,pb000,LONG,1.9522388145981124,16995.0,17010.0
2025-07-22,lh000,SHORT,-1.6783927284670557,14375.0,14380.0
2025-07-22,sn000,SHORT,-1.6963198159565733,267930.0,267840.0
2025-07-22,jd000,SHORT,-1.9338201680065497,3624.0,3621.0
2025-07-22,ss000,SHORT,-2.7763929583287714,12920.0,12925.0
2025-07-22,l000,SHORT,-6.638276797304022,7292.0,7300.0
2025-07-23,y000,LONG,11.888856795159137,8092.0,8072.0
2025-07-23,lu000,LONG,9.63479968092747,3589.0,3555.0
2025-07-23,rb000,LONG,6.577967230184661,3279.0,3302.0
2025-07-23,CY000,LONG,4.0466602994812355,20465.0,20450.0
2025-07-23,pb000,LONG,3.4053571338537645,16945.0,16950.0
2025-07-23,SF000,SHORT,-1.4084469782520386,5910.0,5832.0
2025-07-23,jd000,SHORT,-1.8657199116359866,3663.0,3637.0
2025-07-23,ss000,SHORT,-1.995903716743084,12960.0,12985.0
2025-07-23,l000,SHORT,-3.5846352355713336,7362.0,7346.0
2025-07-23,rr000,SHORT,-6.667504140472581,3596.0,3595.0
2025-07-24,eg000,LONG,6.681865808464831,4449.0,4467.0
2025-07-24,bc000,LONG,2.542047171358891,70790.0,70880.0
2025-07-24,cu000,LONG,2.504785937833275,79730.0,79830.0
2025-07-24,cs000,LONG,1.2083282404533682,2674.0,2666.0
2025-07-24,pb000,LONG,1.0270155289086524,16890.0,16905.0
2025-07-24,CY000,SHORT,-3.1901244403100146,20375.0,20320.0
2025-07-24,SH000,SHORT,-3.6975131326321473,2626.0,2635.0
2025-07-24,SR000,SHORT,-4.915169791119991,5836.0,5858.0
2025-07-24,rb000,SHORT,-6.063727429849793,3257.0,3256.0
2025-07-24,sn000,SHORT,-6.066288804433022,273630.0,273990.0
2025-07-25,lg000,LONG,3.6908780317326912,828.0,830.0
2025-07-25,zn000,LONG,2.723015337320338,22860.0,22845.0
2025-07-25,y000,LONG,2.1890153410598248,8188.0,8142.0
2025-07-25,lu000,LONG,1.2293419129491503,3568.0,3567.0
2025-07-25,cu000,LONG,0.9098591932156495,79300.0,79270.0
2025-07-25,bc000,SHORT,-4.975250048550064,70380.0,70350.0
2025-07-25,rb000,SHORT,-5.090914158790841,3292.0,3309.0
2025-07-25,ss000,SHORT,-5.567733725610624,12910.0,12925.0
2025-07-25,eg000,SHORT,-6.221624416053793,4509.0,4565.0
2025-07-25,sn000,SHORT,-7.449006463658292,271680.0,271630.0
2025-07-28,CY000,LONG,19.978301318968985,20400.0,20335.0
2025-07-28,l000,LONG,12.21839819080346,7342.0,7352.0
2025-07-28,rb000,LONG,8.636882943741586,3267.0,3268.0
2025-07-28,sn000,LONG,7.037519856836124,268400.0,268320.0
2025-07-28,lg000,LONG,6.046894751550431,823.0,831.0
2025-07-28,eg000,SHORT,-6.744838366641616,4443.0,4456.0
2025-07-28,SH000,SHORT,-6.89102517243787,2588.0,2532.0
2025-07-28,y000,SHORT,-7.660455139583191,8082.0,8112.0
2025-07-28,a000,SHORT,-7.801457808373567,4193.0,4208.0
2025-07-28,SR000,SHORT,-20.490503476464173,5849.0,5863.0
2025-07-29,SR000,LONG,7.452442733673543,5864.0,5867.0
2025-07-29,rb000,LONG,5.203775523881859,3267.0,3263.0
2025-07-29,cu000,LONG,2.4902482980808656,79080.0,79040.0
2025-07-29,SH000,LONG,2.3890781686395677,2608.0,2605.0
2025-07-29,l000,LONG,1.983965175616149,7371.0,7356.0
2025-07-29,SA000,SHORT,-1.8323353041007864,1310.0,1306.0
2025-07-29,pb000,SHORT,-2.1693982140104273,16950.0,16940.0
2025-07-29,CF000,SHORT,-2.705298267781736,14125.0,14150.0
2025-07-29,eg000,SHORT,-2.8040252090192936,4449.0,4437.0
2025-07-29,lu000,SHORT,-3.828597183782193,3641.0,3616.0
2025-07-30,eg000,LONG,8.321215767592836,4478.0,4473.0
2025-07-30,rb000,LONG,4.158155235406711,3358.0,3380.0
2025-07-30,SR000,LONG,3.318835940124788,5867.0,5868.0
2025-07-30,bc000,LONG,2.5763590601208315,70270.0,70280.0
2025-07-30,a000,LONG,1.8965683793569588,4148.0,4149.0
2025-07-30,sn000,SHORT,-2.3374249616652363,268060.0,267940.0
2025-07-30,y000,SHORT,-2.9465004614174433,8252.0,8256.0
2025-07-30,ss000,SHORT,-3.0983618451577914,12975.0,12975.0
2025-07-30,pb000,SHORT,-3.6021357767428577,16900.0,16910.0
2025-07-30,rr000,SHORT,-4.594532867119936,3620.0,3621.0
2025-07-31,bc000,LONG,2.483703827859404,69910.0,69820.0
2025-07-31,ni000,LONG,1.62713408668196,120980.0,120870.0
2025-07-31,CY000,LONG,1.2574588463312792,19860.0,19880.0
2025-07-31,al000,LONG,1.1319567155791934,20615.0,20615.0
2025-07-31,lg000,LONG,1.0631785210335083,821.5,821.5
2025-07-31,SH000,SHORT,-3.214160746786164,2589.0,2578.0
2025-07-31,CF000,SHORT,-3.539482214194808,13725.0,13735.0
2025-07-31,l000,SHORT,-4.355203206172043,7378.0,7371.0
2025-07-31,sn000,SHORT,-6.832426599067607,266920.0,266550.0
2025-07-31,rb000,SHORT,-8.586463304148568,3265.0,3272.0
2025-08-01,eg000,LONG,4.073800030536851,4413.0,4411.0
2025-08-01,y000,LONG,3.43181746505725,8198.0,8198.0
2025-08-01,SR000,LONG,1.8796612042998446,5778.0,5784.0
2025-08-01,ss000,LONG,1.6480757016543126,12890.0,12890.0
2025-08-01,hc000,LONG,1.5950893062178697,3422.0,3421.0
2025-08-01,lh000,SHORT,-0.6445492881268549,14120.0,14055.0
2025-08-01,rr000,SHORT,-0.841002039060219,3616.0,3619.0
2025-08-01,c000,SHORT,-0.8651748668663952,2297.0,2296.0
2025-08-01,sn000,SHORT,-4.63886453178909,264070.0,264360.0
2025-08-01,rb000,SHORT,-5.093510048735349,3222.0,3224.0
2025-08-04,a000,LONG,2.673895687448607,4145.0,4133.0
2025-08-04,CY000,LONG,1.3999276033962227,19830.0,19725.0
2025-08-04,sc000,LONG,1.3671417177197809,514.1,514.5
2025-08-04,ni000,LONG,1.239355935052714,120240.0,120200.0
2025-08-04,CF000,LONG,1.2385108582328772,13675.0,13565.0
2025-08-04,ss000,SHORT,-4.3669522199560245,12810.0,12815.0
2025-08-04,rb000,SHORT,-4.522812474493733,3169.0,3175.0
2025-08-04,y000,SHORT,-4.596490885050039,8218.0,8226.0
2025-08-04,l000,SHORT,-4.921670716799007,7257.0,7276.0
2025-08-04,eg000,SHORT,-5.251560995092257,4367.0,4376.0
2025-08-05,eg000,LONG,5.715983575189111,4371.0,4379.0
2025-08-05,rb000,LONG,4.590123432056943,3190.0,3197.0
2025-08-05,a000,LONG,2.6305442703675723,4123.0,4133.0
2025-08-05,l000,LONG,2.461927900279161,7275.0,7279.0
2025-08-05,hc000,LONG,1.2201554800408836,3415.0,3420.0
2025-08-05,SH000,SHORT,-1.7920123442521616,2488.0,2481.0
2025-08-05,rr000,SHORT,-1.8507747760698672,3610.0,3613.0
2025-08-05,SR000,SHORT,-2.0866492851354974,5697.0,5709.0
2025-08-05,CY000,SHORT,-4.193417140805331,19760.0,19770.0
2025-08-05,bc000,SHORT,-6.506423685326481,69580.0,69580.0
2025-08-06,rb000,LONG,4.57031196771218,3222.0,3218.0
2025-08-06,eg000,LONG,4.444987278372789,4406.0,4404.0
2025-08-06,SH000,LONG,2.89927752216525,2476.0,2482.0
2025-08-06,SR000,LONG,2.649968690855414,5697.0,5698.0
2025-08-06,sn000,LONG,1.3805394198047438,266850.0,266890.0
2025-08-06,lg000,SHORT,-0.8061759874465348,827.5,832.5
2025-08-06,CY000,SHORT,-1.0930262480539383,19730.0,19695.0
2025-08-06,cu000,SHORT,-1.3378081633893208,78160.0,78120.0
2025-08-06,fu000,SHORT,-1.5629468392040045,2820.0,2820.0
2025-08-06,pb000,SHORT,-2.839771104132196,16775.0,16770.0
2025-08-07,eg000,LONG,3.08585097102335,4426.0,4431.0
2025-08-07,zn000,LONG,2.0089957194066215,22465.0,22475.0
2025-08-07,hc000,LONG,1.7638547934443984,3448.0,3449.0
2025-08-07,ss000,LONG,1.6566220847517943,12940.0,12945.0
2025-08-07,PK000,LONG,1.1612611071823988,8090.0,8126.0
2025-08-07,sn000,SHORT,-0.8473211238360473,267140.0,267210.0
2025-08-07,a000,SHORT,-1.2868735986774822,4130.0,4124.0
2025-08-07,rb000,SHORT,-1.4985858867450896,3230.0,3235.0
2025-08-07,l000,SHORT,-1.750758002531953,7300.0,7305.0
2025-08-07,cu000,SHORT,-3.245275730610821,78390.0,78380.0
2025-08-08,eg000,LONG,4.744204178736483,4391.0,4399.0
2025-08-08,ss000,LONG,2.0177013445920515,13055.0,13055.0
2025-08-08,a000,LONG,1.6932541556414784,4107.0,4105.0
2025-08-08,pb000,LONG,1.67163178069918,16890.0,16900.0
2025-08-08,bc000,LONG,1.6117753581407155,69550.0,69580.0
2025-08-08,rb000,SHORT,-2.003841182227191,3211.0,3215.0
2025-08-08,SR000,SHORT,-2.052300292347724,5574.0,5575.0
2025-08-08,l000,SHORT,-2.275289929313233,7296.0,7309.0
2025-08-08,y000,SHORT,-3.25668591259453,8420.0,8406.0
2025-08-08,sn000,SHORT,-4.508832457253044,268330.0,268380.0
2025-08-11,sn000,LONG,10.204772094264435,267690.0,267750.0
2025-08-11,eg000,LONG,7.446748814449206,4405.0,4391.0
2025-08-11,ss000,LONG,5.405608188660489,13075.0,13090.0
2025-08-11,rr000,LONG,4.8901643743856855,3614.0,3611.0
2025-08-11,l000,LONG,4.5558883385343485,7296.0,7295.0
2025-08-11,RS000,SHORT,-0.29536214122088666,5025.0,5029.0
2025-08-11,y000,SHORT,-0.32616251717375294,8370.0,8382.0
2025-08-11,au000,SHORT,-0.4521868106978681,788.02,787.72
2025-08-11,SA000,SHORT,-1.315572198907226,1338.0,1330.0
2025-08-11,a000,SHORT,-2.243085010538949,4062.0,4076.0
2025-08-12,bc000,LONG,2.795040805231774,69990.0,69940.0
2025-08-12,bu000,LONG,1.46816636084838,3497.0,3491.0
2025-08-12,lu000,LONG,1.2592238403719231,3498.0,3482.0
2025-08-12,jm000,LONG,1.135067697801498,1278.0,1275.0
2025-08-12,pp000,LONG,0.8487357777046829,7127.0,7116.0
2025-08-12,rb000,SHORT,-1.657777113358003,3249.0,3247.0
2025-08-12,RS000,SHORT,-2.1276568281234525,5133.0,5097.0
2025-08-12,CY000,SHORT,-2.627985880973549,19880.0,19885.0
2025-08-12,sn000,SHORT,-4.77179676899514,269800.0,269900.0
2025-08-12,lg000,SHORT,-7.719508779922955,834.5,824.5
2025-08-13,SA000,LONG,8.54410303293366,1406.0,1405.0
2025-08-13,ni000,LONG,3.5728953089139672,122720.0,122640.0
2025-08-13,rb000,LONG,3.4274779743816803,3255.0,3253.0
2025-08-13,zn000,LONG,3.4007746985221816,22670.0,22670.0
2025-08-13,sn000,LONG,2.7484762874860995,270510.0,270540.0
2025-08-13,cs000,SHORT,-0.6774125951622526,2645.0,2655.0
2025-08-13,y000,SHORT,-0.7732500554490354,8606.0,8516.0
2025-08-13,m000,SHORT,-0.9278604782837653,3181.0,3092.0
2025-08-13,eg000,SHORT,-2.131229099235199,4429.0,4427.0
2025-08-13,cu000,SHORT,-3.5857119436748524,79380.0,79470.0
2025-08-14,l000,LONG,4.299235568561096,7384.0,7373.0
2025-08-14,eg000,LONG,3.066420703088509,4403.0,4380.0
2025-08-14,lg000,LONG,1.9285151909766212,809.0,809.5
2025-08-14,zn000,LONG,1.811603759534169,22545.0,22550.0
2025-08-14,ss000,LONG,1.6499507578966983,13110.0,13110.0
2025-08-14,pg000,SHORT,-0.5266455567196859,3827.0,3814.0
2025-08-14,SA000,SHORT,-0.7477686841523241,1400.0,1392.0
2025-08-14,lu000,SHORT,-0.7761638449257108,3457.0,3425.0
2025-08-14,lh000,SHORT,-0.9178541995717744,14010.0,13900.0
2025-08-14,cu000,SHORT,-1.6673474775474737,79130.0,79100.0
2025-08-15,eg000,LONG,6.1051037343883285,4371.0,4375.0
2025-08-15,cu000,LONG,1.8967201612776736,78880.0,78910.0
2025-08-15,p000,LONG,0.7879159518364529,9374.0,9386.0
2025-08-15,lh000,LONG,0.7864242977457357,13905.0,13945.0
2025-08-15,ni000,LONG,0.7153965159019045,120700.0,120710.0
2025-08-15,ss000,SHORT,-3.2012571841412854,13035.0,13025.0
2025-08-15,l000,SHORT,-4.908812855317817,7339.0,7346.0
2025-08-15,rb000,SHORT,-5.168687822254238,3177.0,3188.0
2025-08-15,SA000,SHORT,-6.662965484752374,1389.0,1398.0
2025-08-15,sn000,SHORT,-6.726469546048508,266910.0,266990.0
2025-08-18,eg000,LONG,4.783447419080577,4350.0,4357.0
2025-08-18,a000,LONG,3.691716779939832,4051.0,4068.0
2025-08-18,lg000,LONG,3.218727691585459,817.5,811.0
2025-08-18,sn000,LONG,1.8148666292878317,267100.0,267370.0
2025-08-18,rb000,LONG,1.3014043429653337,3185.0,3197.0
2025-08-18,pp000,SHORT,-1.9833742799599576,7068.0,7074.0
2025-08-18,rr000,SHORT,-2.347771312692531,3574.0,3574.0
2025-08-18,pb000,SHORT,-2.37875578168008,16780.0,16780.0
2025-08-18,jd000,SHORT,-2.401735249181087,3148.0,3113.0
2025-08-18,l000,SHORT,-5.827267798127273,7345.0,7355.0
2025-08-19,sn000,LONG,0.6256406347830921,266450.0,266320.0
2025-08-19,ru000,LONG,0.24870014464932025,15850.0,15835.0
2025-08-19,RM000,LONG,0.1969792724167112,2606.0,2618.0
2025-08-19,v000,LONG,0.18511489078987303,5011.0,5028.0
2025-08-19,br000,LONG,0.17484000876013023,11840.0,11830.0
2025-08-19,l000,SHORT,-3.6046485428226656,7325.0,7335.0
2025-08-19,eg000,SHORT,-3.7507131153744675,4388.0,4388.0
2025-08-19,SR000,SHORT,-4.459570616003723,5674.0,5678.0
2025-08-19,lg000,SHORT,-4.66431301937654,810.0,810.5
2025-08-19,ss000,SHORT,-5.553580741353499,12995.0,12995.0
2025-08-20,zn000,LONG,0.9091144495487805,22195.0,22170.0
2025-08-20,PK000,LONG,0.833204337072019,7786.0,7782.0
2025-08-20,FG000,LONG,0.7324355687475596,1164.0,1160.0
2025-08-20,lh000,LONG,0.6660722354933851,13835.0,13775.0
2025-08-20,hc000,LONG,0.599591720128156,3373.0,3379.0
2025-08-20,SR000,SHORT,-4.27058399044105,5662.0,5651.0
2025-08-20,CY000,SHORT,-4.4758014583846455,20060.0,19965.0
2025-08-20,lg000,SHORT,-4.608087084374206,808.0,805.5
2025-08-20,a000,SHORT,-5.577660941712061,3994.0,4019.0
2025-08-20,sn000,SHORT,-6.86062837370911,268760.0,268740.0
2025-08-21,pb000,LONG,2.822389003660067,16780.0,16780.0
2025-08-21,bc000,LONG,1.9009050574386082,69830.0,69830.0
2025-08-21,sn000,LONG,1.4143585473224867,268100.0,268200.0
2025-08-21,lh000,LONG,1.4030736195225042,13760.0,13765.0
2025-08-21,PK000,LONG,0.8276810248103028,7734.0,7762.0
2025-08-21,ss000,SHORT,-1.416866792991021,12835.0,12835.0
2025-08-21,rb000,SHORT,-1.6465607185240465,3121.0,3137.0
2025-08-21,cu000,SHORT,-1.7842207688499152,78700.0,78740.0
2025-08-21,l000,SHORT,-4.009478607650184,7343.0,7349.0
2025-08-21,rr000,SHORT,-4.696569302798101,3612.0,3610.0
2025-08-22,eg000,LONG,2.160858874028513,4489.0,4497.0
2025-08-22,m000,LONG,1.6923140548659286,3089.0,3105.0
2025-08-22,jm000,LONG,1.5311530300187088,1143.0,1148.5
2025-08-22,SA000,LONG,0.6907242235242983,1315.0,1315.0
2025-08-22,lu000,LONG,0.552288689978546,3479.0,3447.0
2025-08-22,CY000,SHORT,-2.264492336054758,20070.0,20110.0
2025-08-22,sn000,SHORT,-2.332081337044918,267020.0,266830.0
2025-08-22,ni000,SHORT,-2.417364255911214,119760.0,119740.0
2025-08-22,zn000,SHORT,-2.5379712529896956,22260.0,22250.0
2025-08-22,cu000,SHORT,-3.208331437075656,78840.0,78740.0
2025-08-25,CY000,LONG,3.00298909672265,20140.0,20180.0
2025-08-25,hc000,LONG,2.777266885189694,3397.0,3400.0
2025-08-25,SR000,LONG,2.4982139505892267,5686.0,5690.0
2025-08-25,eg000,LONG,2.3686196364899255,4515.0,4508.0
2025-08-25,y000,LONG,2.152415939840205,8472.0,8428.0
2025-08-25,bu000,SHORT,-2.362866965707352,3502.0,3498.0
2025-08-25,lg000,SHORT,-3.2679431014523628,819.0,820.0
2025-08-25,rr000,SHORT,-3.6579682500912467,3611.0,3610.0
2025-08-25,l000,SHORT,-4.95226022237121,7411.0,7419.0
2025-08-25,sn000,SHORT,-7.298297367609935,268860.0,269200.0
2025-08-26,ss000,LONG,2.1750146750516643,12875.0,12875.0
2025-08-26,sn000,LONG,1.9008957730206977,269470.0,269440.0
2025-08-26,hc000,LONG,1.4085149667527395,3383.0,3388.0
2025-08-26,lh000,LONG,1.1559744264020273,13855.0,13860.0
2025-08-26,pp000,LONG,1.0667496778735903,7084.0,7084.0
2025-08-26,CY000,SHORT,-1.073868681349284,20165.0,20170.0
2025-08-26,y000,SHORT,-1.2432024908099173,8480.0,8514.0
2025-08-26,rb000,SHORT,-1.4261648964310745,3129.0,3130.0
2025-08-26,eg000,SHORT,-2.6883916519527316,4518.0,4511.0
2025-08-26,cu000,SHORT,-3.1848331839003636,79680.0,79660.0
2025-08-27,pb000,LONG,2.835191768492917,16885.0,16900.0
2025-08-27,lg000,LONG,2.3814105504858993,821.5,814.5
2025-08-27,CF000,LONG,2.0166212399030035,14085.0,14085.0
2025-08-27,sn000,LONG,1.6825458195837015,270750.0,270860.0
2025-08-27,cu000,LONG,1.3701898611901324,79390.0,79410.0
2025-08-27,fb000,SHORT,-0.5907613030249367,1276.0,1265.5
2025-08-27,rr000,SHORT,-0.6018094382161892,3611.0,3610.0
2025-08-27,au000,SHORT,-0.613243190165211,782.02,782.5599999
2025-08-27,m000,SHORT,-0.9117923578846588,3056.0,3047.0
2025-08-27,rb000,SHORT,-1.6168871718471338,3114.0,3114.0
2025-08-28,a000,LONG,2.394810045028797,3948.0,3940.0
2025-08-28,pp000,LONG,0.9673829462192418,7014.0,7013.0
2025-08-28,rr000,LONG,0.9507172350892913,3611.0,3610.0
2025-08-28,fu000,LONG,0.8902218370722671,2823.0,2824.0
2025-08-28,cs000,LONG,0.6240156495399382,2486.0,2485.0
2025-08-28,sn000,SHORT,-3.1604972736880175,272600.0,272520.0
2025-08-28,l000,SHORT,-3.1682586546078344,7348.0,7347.0
2025-08-28,lg000,SHORT,-3.7288463895611286,811.0,821.5
2025-08-28,bc000,SHORT,-4.3926383884646745,69890.0,69890.0
2025-08-28,eg000,SHORT,-4.755575603224503,4480.0,4481.0
2025-08-29,rb000,LONG,2.6046486031730938,3174.0,3177.0
2025-08-29,ss000,LONG,2.246962081321689,12830.0,12835.0
2025-08-29,al000,LONG,1.3600308372130392,20700.0,20705.0
2025-08-29,eg000,LONG,1.0134803337194545,4478.0,4468.0
2025-08-29,lh000,LONG,0.9058333848182949,13650.0,13555.0
2025-08-29,pp000,SHORT,-1.7642256562701306,7009.0,7004.0
2025-08-29,cu000,SHORT,-1.8257317613751203,78970.0,78950.0
2025-08-29,SA000,SHORT,-2.0103430020649076,1301.0,1301.0
2025-08-29,SH000,SHORT,-2.151001383092134,2657.0,2652.0
2025-08-29,SR000,SHORT,-2.6488266797731277,5586.0,5591.0
2025-09-01,eg000,LONG,6.227973055690128,4451.0,4456.0
2025-09-01,pb000,LONG,4.981475858387009,16850.0,16860.0
2025-09-01,ss000,LONG,2.6354314046814893,12800.0,12800.0
2025-09-01,pp000,LONG,2.248876425549208,6929.0,6967.0
2025-09-01,bu000,LONG,1.4637999482592319,3497.0,3491.0
2025-09-01,a000,SHORT,-3.403417346794332,3957.0,3959.0
2025-09-01,sn000,SHORT,-3.4781650316548784,272730.0,272770.0
2025-09-01,y000,SHORT,-3.75736557463751,8342.0,8312.0
2025-09-01,SR000,SHORT,-4.570088558920165,5599.0,5606.0
2025-09-01,l000,SHORT,-6.790148311487237,7238.0,7274.0
2025-09-02,eg000,LONG,14.74813901004342,4415.0,4404.0
2025-09-02,ss000,LONG,3.0360749840924157,13010.0,13010.0
2025-09-02,a000,LONG,2.021340804355253,3977.0,3980.0
2025-09-02,l000,LONG,1.894739360451945,7264.0,7257.0
2025-09-02,sn000,LONG,1.4360726131895774,274350.0,274290.0
2025-09-02,rr000,SHORT,-0.8531297739731727,3611.0,3607.0
2025-09-02,pp000,SHORT,-1.049098661443937,6962.0,6952.0
2025-09-02,y000,SHORT,-1.2051347725637638,8380.0,8396.0
2025-09-02,ni000,SHORT,-1.2224121842896474,123310.0,123230.0
2025-09-02,zn000,SHORT,-1.7397434471342232,22200.0,22200.0
2025-09-03,a000,LONG,2.3800577277651507,3960.0,3968.0
2025-09-03,eg000,LONG,1.6305604813950803,4359.0,4363.0
2025-09-03,cu000,LONG,1.0176742321797063,80400.0,80300.0
2025-09-03,ss000,LONG,0.988346452815792,12970.0,12965.0
2025-09-03,sn000,LONG,0.9217946699091099,274070.0,273570.0
2025-09-03,bc000,SHORT,-1.4915378687708174,71470.0,71350.0
2025-09-03,zn000,SHORT,-1.74121619916974,22345.0,22330.0
2025-09-03,pb000,SHORT,-2.872488283300772,16880.0,16875.0
2025-09-03,l000,SHORT,-3.020559794714376,7269.0,7278.0
2025-09-03,rr000,SHORT,-4.939830707662323,3608.0,3609.0
2025-09-04,ss000,LONG,5.099506079816757,12890.0,12895.0
2025-09-04,sn000,LONG,3.52284192425614,273770.0,273620.0
2025-09-04,l000,LONG,2.548863468108917,7215.0,7218.0
2025-09-04,cu000,LONG,2.4414589826979856,80290.0,80210.0
2025-09-04,rb000,LONG,2.4414588267192623,3097.0,3092.0
2025-09-04,SR000,SHORT,-1.3818703428631902,5540.0,5540.0
2025-09-04,bc000,SHORT,-1.5554874429425471,71330.0,71260.0
2025-09-04,eg000,SHORT,-1.8958162230043987,4333.0,4327.0
2025-09-04,lu000,SHORT,-2.2074443072261865,3425.0,3441.0
2025-09-04,CY000,SHORT,-7.2200024029523755,19950.0,19950.0
2025-09-05,rb000,LONG,8.935519185604706,3112.0,3115.0
2025-09-05,eg000,LONG,4.504193453662656,4353.0,4353.0
2025-09-05,cu000,LONG,2.77355563394404,79670.0,79710.0
2025-09-05,sn000,LONG,2.1938599796091043,271720.0,271880.0
2025-09-05,CY000,LONG,1.8788929524287745,19970.0,19975.0
2025-09-05,lu000,SHORT,-0.9244579735951177,3380.0,3394.0
2025-09-05,rr000,SHORT,-1.1057064272719164,3613.0,3613.0
2025-09-05,y000,SHORT,-1.1115913876772345,8364.0,8356.0
2025-09-05,pp000,SHORT,-1.8592103472862347,6945.0,6953.0
2025-09-05,v000,SHORT,-2.40252317194305,4871.0,4877.0
2025-09-08,ss000,LONG,5.586072136163016,12900.0,12900.0
2025-09-08,lg000,LONG,2.1614194123238955,801.0,807.5
2025-09-08,CF000,LONG,2.1199858122926427,13910.0,13925.0
2025-09-08,pp000,LONG,1.9939174082555713,6949.0,6939.0
2025-09-08,ad000,LONG,1.810351862875167,20275.0,20275.0
2025-09-08,y000,SHORT,-1.5638688119986235,8408.0,8416.0
2025-09-08,l000,SHORT,-2.0747671676118524,7229.0,7215.0
2025-09-08,SR000,SHORT,-3.2602242943678954,5538.0,5532.0
2025-09-08,eg000,SHORT,-5.475637062323473,4347.0,4343.0
2025-09-08,sn000,SHORT,-6.842926564336102,270130.0,269980.0
2025-09-09,jm000,LONG,1.2593205087889785,1139.5,1143.5
2025-09-09,eg000,LONG,1.1858713507706806,4325.0,4319.0
2025-09-09,pb000,LONG,0.9427470057441844,16920.0,16930.0
2025-09-09,zn000,LONG,0.9270489810769358,22230.0,22235.0
2025-09-09,sn000,LONG,0.9213178326222689,269760.0,269930.0
2025-09-09,CY000,SHORT,-0.9622194860806355,19920.0,19915.0
2025-09-09,rr000,SHORT,-1.3539723660292227,3609.0,3608.0
2025-09-09,l000,SHORT,-1.511184625735535,7222.0,7224.0
2025-09-09,a000,SHORT,-1.8240026907912705,3970.0,3965.0
2025-09-09,bc000,SHORT,-2.017072707589795,70820.0,70900.0
2025-09-10,sn000,LONG,4.636278438950068,269050.0,268870.0
2025-09-10,lg000,LONG,3.78655926503182,805.5,806.5
2025-09-10,l000,LONG,2.673042776574821,7237.0,7230.0
2025-09-10,CF000,LONG,2.3871001064777007,13830.0,13835.0
2025-09-10,cu000,LONG,2.09776346736551,79660.0,79650.0
2025-09-10,pb000,SHORT,-1.1409361539354164,16825.0,16835.0
2025-09-10,jm000,SHORT,-1.1732760409164942,1113.5,1107.5
2025-09-10,zn000,SHORT,-1.2583855554602366,22140.0,22135.0
2025-09-10,CY000,SHORT,-1.4532685062027848,19890.0,19890.0
2025-09-10,SR000,SHORT,-1.4925963221946754,5523.0,5531.0
2025-09-11,l000,LONG,1.657367883038773,7219.0,7230.0
2025-09-11,ss000,LONG,1.6185029396999964,12925.0,12925.0
2025-09-11,SR000,LONG,1.5883650793168813,5532.0,5540.0
2025-09-11,bc000,LONG,1.4444640770486783,71330.0,71280.0
2025-09-11,CF000,LONG,1.395687571329107,13830.0,13860.0
2025-09-11,ad000,SHORT,-1.5188868831670959,20400.0,20395.0
2025-09-11,zn000,SHORT,-1.7749795118422451,22270.0,22270.0
2025-09-11,sn000,SHORT,-2.358228097549188,272020.0,272110.0
2025-09-11,pb000,SHORT,-3.2450431992079816,16850.0,16855.0
2025-09-11,eg000,SHORT,-3.743973278099443,4310.0,4317.0
2025-09-12,lg000,LONG,2.1042391325139453,804.0,798.0
2025-09-12,al000,LONG,1.9852750506812191,21015.0,21000.0
2025-09-12,pb000,LONG,1.9328425585926972,16900.0,16905.0
2025-09-12,ad000,LONG,1.6964155792397846,20555.0,20555.0
2025-09-12,sn000,LONG,1.6588929931610152,272230.0,272160.0
2025-09-12,hc000,SHORT,-0.9675030541779579,3330.0,3327.0
2025-09-12,m000,SHORT,-1.1002827783012084,3095.0,3090.0
2025-09-12,eg000,SHORT,-1.4756132720013624,4283.0,4285.0
2025-09-12,cu000,SHORT,-1.8643752643461662,80520.0,80490.0
2025-09-12,y000,SHORT,-3.1345349140218364,8362.0,8326.0
2025-09-15,eg000,LONG,6.645163748026307,4274.0,4263.0
2025-09-15,a000,LONG,2.118648079384502,3940.0,3956.0
2025-09-15,m000,LONG,1.6635116145211786,3053.0,3066.0
2025-09-15,jm000,LONG,1.3763204542784653,1161.5,1161.5
2025-09-15,sc000,LONG,1.171931990469117,487.9,488.3
2025-09-15,ad000,SHORT,-2.345178184796497,20625.0,20640.0
2025-09-15,cs000,SHORT,-2.480049505531494,2461.0,2468.0
2025-09-15,cu000,SHORT,-2.602596350416868,80840.0,80830.0
2025-09-15,rb000,SHORT,-3.930573698890173,3118.0,3120.0
2025-09-15,CY000,SHORT,-4.658292890017325,19885.0,19935.0
2025-09-16,SR000,LONG,3.739723907574233,5560.0,5569.0
2025-09-16,y000,LONG,2.6195663057188217,8426.0,8392.0
2025-09-16,SH000,LONG,2.5294630175983888,2604.0,2603.0
2025-09-16,zn000,LONG,2.4802474863991564,22355.0,22360.0
2025-09-16,pb000,LONG,2.334143927308834,17115.0,17115.0
2025-09-16,MA000,SHORT,-1.3175671043096306,2406.0,2405.0
2025-09-16,rb000,SHORT,-1.4542815286329045,3167.0,3175.0
2025-09-16,cu000,SHORT,-1.9154959577072366,81430.0,81480.0
2025-09-16,rr000,SHORT,-2.091588595270449,3593.0,3592.0
2025-09-16,ss000,SHORT,-2.259255509660174,13085.0,13105.0
2025-09-17,eg000,LONG,5.409717217875568,4283.0,4287.0
2025-09-17,pb000,LONG,1.6340681259658605,17095.0,17090.0
2025-09-17,ad000,LONG,1.0817450335827306,20560.0,20560.0
2025-09-17,al000,LONG,0.9877262829861754,21025.0,21025.0
2025-09-17,PK000,LONG,0.9636894004974836,7804.0,7822.0
2025-09-17,y000,SHORT,-1.4728117782261378,8474.0,8452.0
2025-09-17,lu000,SHORT,-1.6130914373711118,3458.0,3454.0
2025-09-17,ss000,SHORT,-1.9004308595824264,12945.0,12945.0
2025-09-17,bc000,SHORT,-2.2829632806413422,71860.0,71910.0
2025-09-17,l000,SHORT,-5.870972290241412,7259.0,7256.0
2025-09-18,eg000,LONG,2.2098655288156417,4284.0,4290.0
2025-09-18,rb000,LONG,1.020332254166714,3157.0,3169.0
2025-09-18,sn000,LONG,0.8943977086011046,271270.0,271520.0
2025-09-18,CF000,LONG,0.7643324583942056,13845.0,13870.0
2025-09-18,bu000,LONG,0.6571952832809217,3441.0,3449.0
2025-09-18,MA000,SHORT,-2.098278430952107,2355.0,2364.0
2025-09-18,SF000,SHORT,-2.131325591985247,5738.0,5756.0
2025-09-18,l000,SHORT,-2.2795392992505805,7229.0,7250.0
2025-09-18,zn000,SHORT,-2.804152457335957,22120.0,22105.0
2025-09-18,ss000,SHORT,-2.981275154226195,12980.0,12970.0
2025-09-19,sn000,LONG,2.384012153561705,267970.0,267860.0
2025-09-19,rb000,LONG,2.3715980816089974,3151.0,3146.0
2025-09-19,l000,LONG,1.9292252037555828,7173.0,7180.0
2025-09-19,ad000,LONG,1.782995707735096,20330.0,20335.0
2025-09-19,ni000,LONG,1.7618084643043292,120910.0,120960.0
2025-09-19,UR000,SHORT,-0.49322470676088975,1671.0,1661.0
2025-09-19,pp000,SHORT,-0.5191738287073745,6906.0,6916.0
2025-09-19,c000,SHORT,-0.5522361704665095,2174.0,2171.0
2025-09-19,bc000,SHORT,-1.0666579025677203,70650.0,70640.0
2025-09-19,eg000,SHORT,-7.35322304550174,4250.0,4249.0
2025-09-22,eg000,LONG,8.535509115237437,4260.0,4249.0
2025-09-22,ss000,LONG,3.383330072316044,12910.0,12920.0
2025-09-22,ad000,LONG,2.9890386477361868,20320.0,20320.0
2025-09-22,zn000,LONG,2.518721977801384,21910.0,21905.0
2025-09-22,ni000,LONG,2.1220870584469984,121370.0,121360.0
2025-09-22,l000,SHORT,-1.5921138714146363,7162.0,7158.0
2025-09-22,CF000,SHORT,-2.0224742070867436,13640.0,13735.0
2025-09-22,pp000,SHORT,-2.623204557631718,6907.0,6911.0
2025-09-22,sn000,SHORT,-4.126268619229174,271340.0,271420.0
2025-09-22,rb000,SHORT,-4.1341234037049785,3185.0,3188.0
2025-09-23,ss000,LONG,7.65164233367735,12935.0,12905.0
2025-09-23,cu000,LONG,4.8520617480155686,80080.0,80000.0
2025-09-23,SR000,LONG,2.6888340193455256,5435.0,5455.0
2025-09-23,SH000,LONG,1.7061417172059912,2566.0,2558.0
2025-09-23,jd000,LONG,0.9983841261722634,3070.0,3065.0
2025-09-23,rb000,SHORT,-1.697730487710165,3173.0,3170.0
2025-09-23,ni000,SHORT,-1.7699185462371,121370.0,121270.0
2025-09-23,zn000,SHORT,-4.438817674089687,22025.0,22025.0
2025-09-23,eg000,SHORT,-5.7859044334218765,4221.0,4226.0
2025-09-23,pb000,SHORT,-7.7697482369693995,17160.0,17165.0
2025-09-24,eg000,LONG,4.676368627804308,4228.0,4218.0
2025-09-24,ss000,LONG,4.0653791756448445,12940.0,12945.0
2025-09-24,a000,LONG,3.8536796720377535,3889.0,3886.0
2025-09-24,rr000,LONG,1.983656667070989,3616.0,3612.0
2025-09-24,MA000,LONG,1.8839396411751679,2363.0,2355.0
2025-09-24,al000,SHORT,-0.6887969829938024,20675.0,20675.0
2025-09-24,y000,SHORT,-0.7380889047499212,8094.0,8100.0
2025-09-24,jm000,SHORT,-0.7677690064574468,1224.5,1224.0
2025-09-24,bc000,SHORT,-2.094235941349602,70910.0,70990.0
2025-09-24,sn000,SHORT,-2.319020209143676,271590.0,271700.0
2025-09-25,zn000,LONG,2.9184201439963786,21990.0,21975.0
2025-09-25,pb000,LONG,2.0168128439752175,17115.0,17115.0
2025-09-25,a000,LONG,1.1701071329233435,3923.0,3924.0
2025-09-25,CF000,LONG,1.0651693512923324,13455.0,13520.0
2025-09-25,CY000,LONG,0.9764650273794856,19695.0,19765.0
2025-09-25,m000,SHORT,-0.7046013063661009,2960.0,2956.0
2025-09-25,rr000,SHORT,-0.794639492762548,3614.0,3613.0
2025-09-25,sc000,SHORT,-1.431919191582904,488.7,489.1
2025-09-25,SH000,SHORT,-1.490063246659787,2547.0,2537.0
2025-09-25,SR000,SHORT,-1.7078938900538145,5494.0,5516.0
2025-09-26,pb000,LONG,3.5768484820066844,17120.0,17125.0
2025-09-26,rb000,LONG,2.908152405001493,3153.0,3157.0
2025-09-26,cu000,LONG,1.7971208584409128,82460.0,82480.0
2025-09-26,CY000,LONG,1.7731402289290328,19745.0,19760.0
2025-09-26,sc000,LONG,1.3421265761771104,488.5,489.5
2025-09-26,SH000,SHORT,-2.9679305290216393,2538.0,2535.0
2025-09-26,bu000,SHORT,-3.0840460987019602,3465.0,3440.0
2025-09-26,SR000,SHORT,-3.449162771491869,5495.0,5494.0
2025-09-26,eg000,SHORT,-5.597484410764405,4229.0,4224.0
2025-09-26,bc000,SHORT,-7.960558600215201,73280.0,73340.0
2025-09-29,bc000,LONG,5.747080768834607,72800.0,72730.0
2025-09-29,CF000,LONG,5.560704285481675,13370.0,13400.0
2025-09-29,y000,LONG,1.7136742201446176,8152.0,8178.0
2025-09-29,pp000,LONG,1.23470284661897,6893.0,6916.0
2025-09-29,SM000,LONG,0.9613842851802636,5792.0,5820.0
2025-09-29,SR000,SHORT,-3.3830355875923046,5485.0,5490.0
2025-09-29,lu000,SHORT,-3.384991883582012,3469.0,3525.0
2025-09-29,eg000,SHORT,-3.786890744481123,4224.0,4238.0
2025-09-29,CY000,SHORT,-4.6050159083694515,19530.0,19595.0
2025-09-29,sn000,SHORT,-12.064539925984375,273240.0,273330.0
2025-09-30,CF000,LONG,2.699021914578507,13190.0,13245.0
2025-09-30,lh000,LONG,2.5056713824033414,12390.0,12355.0
2025-09-30,sn000,LONG,1.4368196407200915,280390.0,280750.0
2025-09-30,lu000,LONG,1.1898412338478968,3382.0,3399.0
2025-09-30,PK000,LONG,1.1498425575958926,7792.0,7764.0
2025-09-30,bu000,SHORT,-1.747745638634538,3420.0,3439.0
2025-09-30,lg000,SHORT,-2.281371565958705,822.0,817.0
2025-09-30,SR000,SHORT,-2.9187008655563393,5495.0,5499.0
2025-09-30,rb000,SHORT,-4.6564499460008895,3098.0,3100.0
2025-09-30,eg000,SHORT,-6.965909485275583,4191.0,4185.0
2025-10-09,l000,LONG,4.753619702259725,7057.0,7077.0
2025-10-09,cs000,LONG,4.080970372734439,2451.0,2430.0
2025-10-09,zn000,LONG,3.834140500415715,22155.0,22315.0
2025-10-09,ag000,LONG,3.6108394464929727,11222.0,11169.0
2025-10-09,sp000,LONG,3.4133829848113213,4838.0,4804.0
2025-10-09,au000,SHORT,-4.6600389934729165,912.14,914.32
2025-10-09,rb000,SHORT,-5.777090599183715,3085.0,3096.0
2025-10-09,pp000,SHORT,-6.183557319274238,6759.0,6745.0
2025-10-09,a000,SHORT,-10.365346559195142,3935.0,3975.0
2025-10-09,eg000,SHORT,-12.385772266279542,4153.0,4158.0
2025-10-10,CY000,LONG,6.605278701368939,19465.0,19465.0
2025-10-10,sn000,LONG,1.838468056440046,289110.0,289280.0
2025-10-10,CF000,LONG,1.8370726851504589,13400.0,13380.0
2025-10-10,pb000,LONG,1.185899735948839,17115.0,17135.0
2025-10-10,lg000,LONG,1.1852182673972282,826.5,821.0
2025-10-10,ss000,SHORT,-1.3392958003015185,12875.0,12865.0
2025-10-10,l000,SHORT,-1.5839524934177422,7043.0,7047.0
2025-10-10,lu000,SHORT,-2.094010612634471,3321.0,3350.0
2025-10-10,rr000,SHORT,-2.1311850610645853,3606.0,3608.0
2025-10-10,eg000,SHORT,-7.455283301239303,4145.0,4148.0
2025-10-13,eg000,LONG,6.398046256271257,4106.0,4116.0
2025-10-13,rb000,LONG,5.247848059798026,3078.0,3106.0
2025-10-13,sn000,LONG,3.5970625568768146,281850.0,281900.0
2025-10-13,SA000,LONG,3.275223288502876,1245.0,1236.0
2025-10-13,OI000,LONG,1.6682761789830984,9942.0,10018.0
2025-10-13,lu000,SHORT,-2.9150617983845573,3231.0,3242.0
2025-10-13,rr000,SHORT,-3.190641134784395,3637.0,3638.0
2025-10-13,al000,SHORT,-3.7827332500846396,20765.0,20775.0
2025-10-13,y000,SHORT,-4.063442641036661,8274.0,8290.0
2025-10-13,ss000,SHORT,-6.021496773997472,12690.0,12680.0
2025-10-14,cu000,LONG,6.218810582824955,86580.0,86680.0
2025-10-14,eg000,LONG,6.211738074153944,4090.0,4068.0
2025-10-14,cs000,LONG,3.8191980704913444,2409.0,2387.0
2025-10-14,lu000,LONG,3.638350825163291,3222.0,3229.0
2025-10-14,lg000,LONG,2.1667235140915904,796.0,787.5
2025-10-14,SH000,SHORT,-1.366870507198431,2414.0,2434.0
2025-10-14,RS000,SHORT,-1.4587714174497128,5397.0,5112.0
2025-10-14,rr000,SHORT,-1.8925915825320923,3607.0,3609.0
2025-10-14,ss000,SHORT,-2.4997422392393966,12610.0,12595.0
2025-10-14,sn000,SHORT,-3.072685600319463,282660.0,282740.0
2025-10-15,cu000,LONG,3.7173421105907476,84760.0,84730.0
2025-10-15,sn000,LONG,3.6430895423148812,279830.0,279850.0
2025-10-15,l000,LONG,3.1343621984549848,6907.0,6895.0
2025-10-15,rb000,LONG,2.4832044992317472,3059.0,3052.0
2025-10-15,SR000,LONG,1.9784992114771798,5414.0,5405.0
2025-10-15,y000,SHORT,-0.6356935253895208,8264.0,8244.0
2025-10-15,fu000,SHORT,-0.9388417976883804,2675.0,2672.0
2025-10-15,jm000,SHORT,-1.2260468817772354,1153.0,1143.5
2025-10-15,pp000,SHORT,-1.2914850140336227,6588.0,6570.0
2025-10-15,al000,SHORT,-1.9097298192374743,20850.0,20855.0
2025-10-16,pp000,LONG,3.7684244642127647,6573.0,6558.0
2025-10-16,l000,LONG,2.588483771180359,6884.0,6875.0
2025-10-16,rr000,LONG,1.8548130694923997,3606.0,3605.0
2025-10-16,al000,LONG,1.4212374996077222,20905.0,20915.0
2025-10-16,lh000,LONG,1.235086320364878,12030.0,11905.0
2025-10-16,a000,SHORT,-0.9806428637107116,4022.0,4016.0
2025-10-16,OI000,SHORT,-1.053415566802993,9960.0,9922.0
2025-10-16,ss000,SHORT,-1.2541981895286773,12515.0,12530.0
2025-10-16,lu000,SHORT,-3.1699359532422897,3159.0,3156.0
2025-10-16,eg000,SHORT,-6.385144220681268,4025.0,4019.0
2025-10-17,al000,LONG,2.858411547173556,21070.0,21080.0
2025-10-17,eg000,LONG,2.7410707230149667,4038.0,4050.0
2025-10-17,jm000,LONG,1.7317185868264326,1179.0,1188.0
2025-10-17,CF000,LONG,1.726586205238952,13325.0,13340.0
2025-10-17,lg000,LONG,1.3288799162487297,827.0,835.5
2025-10-17,rr000,SHORT,-1.6440792074907167,3609.0,3610.0
2025-10-17,SH000,SHORT,-2.032125037000429,2435.0,2440.0
2025-10-17,pb000,SHORT,-2.415598553833677,17040.0,17035.0
2025-10-17,l000,SHORT,-2.4941174652356004,6884.0,6907.0
2025-10-17,sn000,SHORT,-3.1175824584850624,282080.0,282010.0
2025-10-20,cu000,LONG,5.265639016314139,84910.0,84950.0
2025-10-20,lu000,LONG,5.216678068176539,3093.0,3091.0
2025-10-20,CF000,LONG,4.0390070964157,13470.0,13425.0
2025-10-20,sn000,LONG,3.6393902219191854,278220.0,278120.0
2025-10-20,cs000,LONG,3.283273448455351,2412.0,2390.0
2025-10-20,b000,SHORT,-1.39008889572468,3617.0,3608.0
2025-10-20,fb000,SHORT,-2.229010709818007,1259.0,1259.5
2025-10-20,ss000,SHORT,-2.3484085470271063,12635.0,12630.0
2025-10-20,al000,SHORT,-3.585448840282128,20925.0,20930.0
2025-10-20,rb000,SHORT,-9.252514324433102,3070.0,3057.0
2025-10-21,eg000,LONG,6.134073775481763,3999.0,3978.0
2025-10-21,l000,LONG,3.062914079427678,6858.0,6835.0
2025-10-21,a000,LONG,2.6083806724383525,4071.0,4085.0
2025-10-21,rb000,LONG,2.5216313114341453,3049.0,3044.0
2025-10-21,fb000,LONG,1.6410763606028664,1261.0,1258.0
2025-10-21,pp000,SHORT,-1.4512669323911167,6564.0,6535.0
2025-10-21,ad000,SHORT,-2.419979630639946,20400.0,20395.0
2025-10-21,ss000,SHORT,-2.7003145105329267,12665.0,12655.0
2025-10-21,sn000,SHORT,-3.641330848825882,281180.0,281180.0
2025-10-21,lu000,SHORT,-4.600624083282667,3069.0,3057.0
2025-10-22,a000,LONG,1.604706556447155,4049.0,4059.0
2025-10-22,bc000,LONG,1.6026119215221493,75530.0,75610.0
2025-10-22,lg000,LONG,1.4201993933279444,835.5,831.5
2025-10-22,ss000,LONG,1.3073057820710094,12695.0,12690.0
2025-10-22,MA000,LONG,0.824931051466887,2259.0,2262.0
2025-10-22,jm000,SHORT,-1.6029884812397577,1190.0,1189.5
2025-10-22,al000,SHORT,-1.7647852202876597,20975.0,20975.0
2025-10-22,rb000,SHORT,-1.8723362946089013,3051.0,3051.0
2025-10-22,pb000,SHORT,-1.9274362020518347,17145.0,17140.0
2025-10-22,CY000,SHORT,-6.69997117413074,19760.0,19735.0
2025-10-23,eg000,LONG,2.2089179742812357,4067.0,4064.0
2025-10-23,lg000,LONG,1.3494378456650131,831.0,828.5
2025-10-23,rb000,LONG,1.09188712850306,3065.0,3065.0
2025-10-23,jm000,LONG,1.023932001623615,1217.0,1215.5
2025-10-23,sn000,LONG,0.8375730918236903,280960.0,280940.0
2025-10-23,bu000,SHORT,-1.5049972536556193,3276.0,3269.0
2025-10-23,hc000,SHORT,-1.571630239753594,3242.0,3241.0
2025-10-23,zn000,SHORT,-1.6037187668467108,22155.0,22155.0
2025-10-23,bz000,SHORT,-2.7285330054692887,5596.0,5566.0
2025-10-23,SA000,SHORT,-3.253772167832195,1223.0,1225.0
2025-10-24,eg000,LONG,5.947831737285367,4090.0,4104.0
2025-10-24,lg000,LONG,1.6762035172133556,832.5,829.0
2025-10-24,CY000,LONG,1.006536368512588,19830.0,19850.0
2025-10-24,lh000,LONG,0.5012566521620239,12135.0,12175.0
2025-10-24,bc000,LONG,0.3943310434475012,77240.0,77290.0
2025-10-24,sc000,SHORT,-1.7168026374121037,469.6,469.4
2025-10-24,ss000,SHORT,-1.7491858351033314,12820.0,12820.0
2025-10-24,rb000,SHORT,-2.2086809109242087,3056.0,3058.0
2025-10-24,c000,SHORT,-2.676077680512673,2130.0,2137.0
2025-10-24,sn000,SHORT,-2.968668000427883,283690.0,283850.0
2025-10-27,rb000,LONG,6.114284014316686,3084.0,3071.0
2025-10-27,sn000,LONG,3.453805422234715,282680.0,282810.0
2025-10-27,SR000,LONG,2.022872755907484,5444.0,5431.0
2025-10-27,CY000,LONG,1.9010302997833473,19805.0,19795.0
2025-10-27,y000,LONG,1.6646826337593386,8206.0,8200.0
2025-10-27,bz000,SHORT,-2.0261662792223945,5579.0,5603.0
2025-10-27,l000,SHORT,-3.348888212965648,6998.0,7005.0
2025-10-27,lh000,SHORT,-4.2209542434006675,12335.0,12330.0
2025-10-27,pp000,SHORT,-7.380624028144875,6686.0,6691.0
2025-10-27,eg000,SHORT,-7.40050769073764,4081.0,4095.0
2025-10-28,sn000,LONG,4.8862777011605765,285270.0,284690.0
2025-10-28,SA000,LONG,3.8913302489216353,1250.0,1245.0
2025-10-28,rb000,LONG,3.4845113956529232,3115.0,3111.0
2025-10-28,bz000,LONG,2.253841692267298,5534.0,5544.0
2025-10-28,y000,LONG,2.2521949965616774,8222.0,8224.0
2025-10-28,pb000,SHORT,-0.5919289581433852,17445.0,17475.0
2025-10-28,bu000,SHORT,-0.6015939139472544,3280.0,3278.0
2025-10-28,eg000,SHORT,-0.8360838798017072,4100.0,4099.0
2025-10-28,CY000,SHORT,-0.8531957140565104,19775.0,19795.0
2025-10-28,zn000,SHORT,-1.041286661580603,22395.0,22390.0
2025-10-29,jm000,LONG,3.5758573427063554,1251.0,1253.5
2025-10-29,eg000,LONG,3.0358855290562548,4092.0,4082.0
2025-10-29,SR000,LONG,2.2603635578001473,5486.0,5484.0
2025-10-29,pp000,LONG,2.1823752711771864,6674.0,6664.0
2025-10-29,c000,LONG,1.701062512400749,2118.0,2123.0
2025-10-29,ni000,SHORT,-2.9227605587050003,120840.0,120890.0
2025-10-29,PF000,SHORT,-3.2956994203323053,6242.0,6228.0
2025-10-29,ad000,SHORT,-4.027294524682707,20720.0,20720.0
2025-10-29,pb000,SHORT,-4.141184683157108,17370.0,17385.0
2025-10-29,zn000,SHORT,-4.830096115979586,22415.0,22420.0
2025-10-30,sn000,LONG,2.9236161017515423,285180.0,285430.0
2025-10-30,zn000,LONG,2.530154449082317,22465.0,22440.0
2025-10-30,pb000,LONG,1.5250542282076331,17360.0,17370.0
2025-10-30,al000,LONG,1.0999988888523013,21310.0,21305.0
2025-10-30,y000,LONG,0.9852186083484046,8172.0,8146.0
2025-10-30,m000,SHORT,-1.0793621486299767,2981.0,2975.0
2025-10-30,c000,SHORT,-1.2297249080356427,2116.0,2116.0
2025-10-30,lu000,SHORT,-1.601147323299048,3249.0,3272.0
2025-10-30,ss000,SHORT,-3.2680894356339705,12800.0,12790.0
2025-10-30,eg000,SHORT,-3.985876118287229,4091.0,4098.0
2025-10-31,eg000,LONG,8.86590053358342,4026.0,4022.0
2025-10-31,rb000,LONG,6.1845522364692895,3110.0,3108.0
2025-10-31,sn000,LONG,3.8631605105961784,282980.0,282920.0
2025-10-31,lh000,LONG,1.8156858181337798,11865.0,11815.0
2025-10-31,hc000,LONG,1.320535359044318,3321.0,3317.0
2025-10-31,ni000,SHORT,-0.6894788971637001,120810.0,120650.0
2025-10-31,SR000,SHORT,-0.886741122933999,5475.0,5479.0
2025-10-31,cu000,SHORT,-1.0127840289516423,87300.0,87100.0
2025-10-31,al000,SHORT,-1.2251853615179398,21270.0,21225.0
2025-10-31,jm000,SHORT,-1.3908086150744279,1303.0,1300.5
2025-11-03,ss000,LONG,9.300507625786247,12645.0,12650.0
2025-11-03,MA000,LONG,7.069627419344477,2151.0,2156.0
2025-11-03,cu000,LONG,5.235811073543479,87150.0,87230.0
2025-11-03,CY000,LONG,4.731771617839537,19885.0,19810.0
2025-11-03,pb000,LONG,4.2573041319745215,17365.0,17365.0
2025-11-03,a000,SHORT,-1.7618045243493627,4102.0,4100.0
2025-11-03,sn000,SHORT,-2.016374652412539,285020.0,285060.0
2025-11-03,rb000,SHORT,-2.2922976757014264,3102.0,3088.0
2025-11-03,al000,SHORT,-2.311203063273244,21450.0,21445.0
2025-11-03,CF000,SHORT,-2.971013639255409,13610.0,13555.0
2025-11-04,ss000,LONG,2.4010624351028924,12570.0,12575.0
2025-11-04,pp000,LONG,1.8885327905859002,6552.0,6546.0
2025-11-04,hc000,LONG,1.3269650986110053,3288.0,3297.0
2025-11-04,MA000,LONG,1.2792546608910766,2115.0,2110.0
2025-11-04,eg000,LONG,0.9594802504208805,3931.0,3924.0
2025-11-04,l000,SHORT,-2.4531960727955244,6866.0,6859.0
2025-11-04,SR000,SHORT,-2.577268809521859,5497.0,5491.0
2025-11-04,lg000,SHORT,-2.796189359505818,782.0,776.5
2025-11-04,CY000,SHORT,-9.243646417994194,19895.0,19900.0
2025-11-04,SA000,SHORT,-9.249533351135618,1197.0,1194.0
2025-11-05,ad000,LONG,3.382410195393209,20905.0,20895.0
2025-11-05,al000,LONG,2.1972800325766473,21400.0,21395.0
2025-11-05,lu000,LONG,2.110486817383405,3274.0,3286.0
2025-11-05,ni000,LONG,1.9085447085801603,120030.0,120230.0
2025-11-05,CF000,LONG,1.539195660559465,13475.0,13480.0
2025-11-05,ss000,SHORT,-2.1132143313100533,12570.0,12585.0
2025-11-05,sn000,SHORT,-2.807871080356612,283720.0,283420.0
2025-11-05,l000,SHORT,-2.8657955986238455,6825.0,6842.0
2025-11-05,CY000,SHORT,-3.5728968121236977,19740.0,19735.0
2025-11-05,rr000,SHORT,-4.052024373227486,3558.0,3557.0
2025-11-06,CF000,LONG,2.406170282085426,13600.0,13630.0
2025-11-06,pb000,LONG,1.2035855949544358,17505.0,17515.0
2025-11-06,jm000,LONG,1.0068861139536402,1275.5,1286.0
2025-11-06,PF000,LONG,0.5972048003209829,6144.0,6150.0
2025-11-06,hc000,LONG,0.5443066049888142,3252.0,3259.0
2025-11-06,CY000,SHORT,-1.6691160515107113,19860.0,19890.0
2025-11-06,bz000,SHORT,-1.6825707319629912,5373.0,5400.0
2025-11-06,SH000,SHORT,-1.7603109705510642,2315.0,2317.0
2025-11-06,l000,SHORT,-3.1216588736190065,6768.0,6774.0
2025-11-06,eg000,SHORT,-9.622933762824621,3900.0,3905.0
2025-11-07,a000,LONG,5.4754972834432705,4136.0,4149.0
2025-11-07,lg000,LONG,3.563904410629827,779.0,778.5
2025-11-07,eg000,LONG,2.3179009543315074,3949.0,3944.0
2025-11-07,sn000,LONG,1.5389401115746524,283170.0,283300.0
2025-11-07,m000,LONG,1.3785058612186596,3050.0,3058.0
2025-11-07,zn000,SHORT,-1.0571086187766099,22630.0,22625.0
2025-11-07,SH000,SHORT,-1.208055867123894,2339.0,2344.0
2025-11-07,CY000,SHORT,-1.292737207040726,19815.0,19865.0
2025-11-07,rb000,SHORT,-1.4106248559485643,3035.0,3039.0
2025-11-07,SR000,SHORT,-2.3183593340053994,5443.0,5446.0
2025-11-10,lg000,LONG,3.8187826923387775,778.5,782.5
2025-11-10,cu000,LONG,3.3403199508246053,85930.0,85830.0
2025-11-10,l000,LONG,3.078820495242753,6791.0,6790.0
2025-11-10,al000,LONG,2.9021354540302458,21555.0,21555.0
2025-11-10,rr000,LONG,2.267675345620803,3580.0,3582.0
2025-11-10,ad000,SHORT,-1.2888160140390224,20950.0,20950.0
2025-11-10,sn000,SHORT,-1.3094222954379724,284710.0,284640.0
2025-11-10,ss000,SHORT,-1.3180980684417636,12540.0,12540.0
2025-11-10,MA000,SHORT,-1.7465763763056859,2100.0,2103.0
2025-11-10,CY000,SHORT,-6.296555005333547,19765.0,19820.0
2025-11-11,CY000,LONG,1.5757827636893331,19885.0,19885.0
2025-11-11,al000,LONG,1.2982536009348014,21680.0,21660.0
2025-11-11,eg000,LONG,1.2528123719531634,3941.0,3940.0
2025-11-11,pp000,LONG,1.2300822634427049,6482.0,6470.0
2025-11-11,p000,LONG,1.0908394798884211,8720.0,8708.0
2025-11-11,sc000,SHORT,-0.7662647099415613,457.4,457.8
2025-11-11,SR000,SHORT,-1.0464022892500253,5488.0,5488.0
2025-11-11,lu000,SHORT,-1.2064909468550324,3264.0,3254.0
2025-11-11,lg000,SHORT,-1.5688524559089838,782.0,776.5
2025-11-11,ss000,SHORT,-1.6603798773008929,12545.0,12525.0
2025-11-12,eg000,LONG,6.282421099735999,3890.0,3876.0
2025-11-12,c000,LONG,4.007003219091072,2181.0,2180.0
2025-11-12,rb000,LONG,2.075755701368896,3040.0,3043.0
2025-11-12,al000,LONG,2.039727139624421,21730.0,21725.0
2025-11-12,sn000,LONG,1.9849883849730972,290760.0,290320.0
2025-11-12,lg000,SHORT,-0.8545820506197238,776.5,778.5
2025-11-12,rr000,SHORT,-0.884616567317598,3590.0,3584.0
2025-11-12,j000,SHORT,-0.9925939969919366,1690.0,1691.5
2025-11-12,jm000,SHORT,-1.230951421875672,1216.0,1216.5
2025-11-12,CY000,SHORT,-1.701964808202393,19815.0,19820.0
2025-11-13,al000,LONG,1.8158347267375146,21950.0,21950.0
2025-11-13,lg000,LONG,1.1743049744212737,777.5,783.5
2025-11-13,sp000,LONG,0.9615826562751697,5504.0,5512.0
2025-11-13,m000,LONG,0.847747321159452,3061.0,3052.0
2025-11-13,sn000,LONG,0.8039350256643477,298290.0,297190.0
2025-11-13,cu000,SHORT,-1.306710622255268,87440.0,87440.0
2025-11-13,hc000,SHORT,-1.5493515218830818,3251.0,3251.0
2025-11-13,a000,SHORT,-2.3054906807678752,4123.0,4113.0
2025-11-13,au000,SHORT,-2.6252092848685558,958.24,957.12
2025-11-13,CY000,SHORT,-3.6963658600405265,19735.0,19750.0
2025-11-14,bz000,LONG,4.020918954120133,5541.0,5545.0
2025-11-14,CY000,LONG,3.0451014085793653,19720.0,19760.0
2025-11-14,bc000,LONG,2.7976985215099885,77930.0,77960.0
2025-11-14,eg000,LONG,2.498705163002913,3931.0,3937.0
2025-11-14,CF000,LONG,1.9200285957660395,13470.0,13475.0
2025-11-14,pb000,SHORT,-1.6592776453885576,17645.0,17635.0
2025-11-14,sn000,SHORT,-2.272322441458508,294650.0,294520.0
2025-11-14,a000,SHORT,-2.301784610869684,4159.0,4168.0
2025-11-14,ni000,SHORT,-2.446475897881706,118060.0,118130.0
2025-11-14,ss000,SHORT,-8.153545703890831,12420.0,12410.0
2025-11-17,lg000,LONG,7.5814846887180565,790.0,789.0
2025-11-17,rr000,LONG,5.485954802407363,3522.0,3523.0
2025-11-17,SH000,LONG,3.857414365276901,2313.0,2319.0
2025-11-17,SR000,LONG,3.315719362986858,5465.0,5463.0
2025-11-17,sn000,LONG,3.199752234974012,291280.0,290380.0
2025-11-17,ss000,SHORT,-2.394555636304322,12385.0,12395.0
2025-11-17,SA000,SHORT,-2.778079983726706,1224.0,1222.0
2025-11-17,ni000,SHORT,-3.1029461113135115,117090.0,117060.0
2025-11-17,CF000,SHORT,-3.4389613643654937,13415.0,13445.0
2025-11-17,rb000,SHORT,-6.412386260697462,3072.0,3050.0
2025-11-18,ss000,LONG,2.7323477552024618,12340.0,12355.0
2025-11-18,rb000,LONG,2.703988043922871,3082.0,3085.0
2025-11-18,OI000,LONG,0.76211667904145,9900.0,9894.0
2025-11-18,m000,LONG,0.7479748446658897,3073.0,3063.0
2025-11-18,cs000,LONG,0.6158165099136795,2488.0,2486.0
2025-11-18,CY000,SHORT,-1.9354069325936054,19700.0,19720.0
2025-11-18,SH000,SHORT,-2.383445472808835,2274.0,2273.0
2025-11-18,SR000,SHORT,-2.667735599924444,5438.0,5443.0
2025-11-18,ad000,SHORT,-2.7478749162170564,20840.0,20835.0
2025-11-18,sn000,SHORT,-6.105425412366383,290860.0,290660.0
2025-11-19,rb000,LONG,5.510280613482387,3083.0,3079.0
2025-11-19,lg000,LONG,3.5694925653721956,781.5,775.5
2025-11-19,al000,LONG,1.7393531041896522,21505.0,21505.0
2025-11-19,c000,LONG,1.4246270489897859,2169.0,2167.0
2025-11-19,y000,LONG,1.253576743276017,8368.0,8366.0
2025-11-19,hc000,SHORT,-1.560750908065673,3282.0,3282.0
2025-11-19,eg000,SHORT,-2.014938590680623,3905.0,3898.0
2025-11-19,l000,SHORT,-2.3877191516022997,6807.0,6796.0
2025-11-19,SR000,SHORT,-2.5828705176388222,5400.0,5410.0
2025-11-19,pp000,SHORT,-3.856342522931242,6420.0,6411.0
2025-11-20,lg000,LONG,3.837982735188416,772.5,772.0
2025-11-20,c000,LONG,3.285096330987217,2167.0,2168.0
2025-11-20,rb000,LONG,1.7795046345402272,3052.0,3058.0
2025-11-20,sc000,LONG,1.6189763809258217,456.2,455.6
2025-11-20,hc000,LONG,1.0019369309926092,3269.0,3273.0
2025-11-20,y000,SHORT,-3.0211500709603483,8340.0,8360.0
2025-11-20,l000,SHORT,-4.32389351323722,6798.0,6787.0
2025-11-20,ad000,SHORT,-4.483498325826888,20810.0,20810.0
2025-11-20,al000,SHORT,-5.642105481059468,21540.0,21540.0
2025-11-20,eg000,SHORT,-6.087049238037576,3838.0,3836.0
2025-11-21,hc000,LONG,2.789163983749329,3278.0,3283.0
2025-11-21,SA000,LONG,2.5973430188457165,1177.0,1172.0
2025-11-21,eg000,LONG,2.046909707836879,3820.0,3815.0
2025-11-21,rb000,LONG,1.3008548419314399,3065.0,3067.0
2025-11-21,bc000,LONG,1.1177625019011082,76660.0,76840.0
2025-11-21,sc000,SHORT,-2.8790924972172696,452.3,458.7
2025-11-21,ss000,SHORT,-2.9052971247300237,12400.0,12410.0
2025-11-21,pb000,SHORT,-2.947655507833584,17210.0,17225.0
2025-11-21,bu000,SHORT,-4.10596967408554,3036.0,3058.0
2025-11-21,CY000,SHORT,-4.690482240808119,19770.0,19775.0
2025-11-24,ad000,LONG,6.647821793817642,20605.0,20605.0
2025-11-24,rr000,LONG,3.822478333153156,3579.0,3590.0
2025-11-24,pp000,LONG,3.8042314406810274,6371.0,6326.0
2025-11-24,OI000,LONG,3.238122458080262,9862.0,9843.0
2025-11-24,fb000,LONG,2.96051958424423,1251.0,1252.5
2025-11-24,hc000,SHORT,-0.44259500956851816,3282.0,3269.0
2025-11-24,ru000,SHORT,-0.6669693424616567,15305.0,15125.0
2025-11-24,a000,SHORT,-2.447518764229763,4143.0,4101.0
2025-11-24,CF000,SHORT,-2.8859187318133404,13595.0,13495.0
2025-11-24,rb000,SHORT,-3.6179539548860244,3076.0,3060.0
2025-11-25,rb000,LONG,4.435972988569356,3098.0,3091.0
2025-11-25,lg000,LONG,1.6924594117115477,768.0,764.5
2025-11-25,rr000,LONG,1.3185146985706426,3590.0,3583.0
2025-11-25,y000,LONG,1.257951616123509,8166.0,8174.0
2025-11-25,sn000,LONG,1.0484837011669181,294880.0,294920.0
2025-11-25,cu000,SHORT,-1.8957205294027197,86020.0,86020.0
2025-11-25,pp000,SHORT,-1.9455475739185464,6359.0,6366.0
2025-11-25,pb000,SHORT,-2.6415290372222695,17090.0,17095.0
2025-11-25,ad000,SHORT,-3.4986606481524296,20660.0,20665.0
2025-11-25,eg000,SHORT,-5.956753377452672,3890.0,3906.0
2025-11-26,OI000,LONG,2.494365537407596,9780.0,9718.0
2025-11-26,al000,LONG,2.424754744180108,21390.0,21395.0
2025-11-26,c000,LONG,2.374292657076613,2256.0,2254.0
2025-11-26,hc000,LONG,2.23664460267689,3298.0,3299.0
2025-11-26,pb000,LONG,2.1747173741183667,17070.0,17060.0
2025-11-26,rr000,SHORT,-1.11679447971255,3592.0,3593.0
2025-11-26,ad000,SHORT,-1.1827048602875991,20640.0,20655.0
2025-11-26,SR000,SHORT,-1.2227959650480982,5390.0,5386.0
2025-11-26,SH000,SHORT,-1.228240975665742,2229.0,2228.0
2025-11-26,eg000,SHORT,-5.629907629818806,3885.0,3874.0
2025-11-27,pg000,LONG,5.063037199254327,4282.0,4281.0
2025-11-27,zn000,LONG,2.7974940267739794,22520.0,22510.0
2025-11-27,bc000,LONG,2.570874976133747,77880.0,77770.0
2025-11-27,ss000,LONG,2.086650216208783,12405.0,12400.0
2025-11-27,jm000,LONG,1.8497353167890858,1071.0,1069.0
2025-11-27,rr000,SHORT,-1.1285185522097645,3588.0,3585.0
2025-11-27,MA000,SHORT,-1.168901690764257,2116.0,2127.0
2025-11-27,PL000,SHORT,-1.247489251428641,5832.0,5831.0
2025-11-27,c000,SHORT,-1.448013799421348,2239.0,2234.0
2025-11-27,eg000,SHORT,-6.629190787536254,3901.0,3900.0
2025-11-28,eg000,LONG,10.141697217919717,3874.0,3857.0
2025-11-28,l000,LONG,3.618968215740689,6741.0,6723.0
2025-11-28,lg000,LONG,3.1335259960169615,765.5,765.0
2025-11-28,sn000,LONG,2.9287209704910295,299650.0,299640.0
2025-11-28,ad000,LONG,2.018443207311899,20705.0,20710.0
2025-11-28,bu000,SHORT,-1.7734044892129706,2977.0,2975.0
2025-11-28,ss000,SHORT,-1.7882451421252163,12360.0,12360.0
2025-11-28,pb000,SHORT,-1.8702338948733181,16975.0,16955.0
2025-11-28,lu000,SHORT,-1.947041806667653,3022.0,3014.0
2025-11-28,CY000,SHORT,-2.847311381091932,20050.0,20080.0
2025-12-01,SR000,LONG,7.250149322646035,5393.0,5396.0
2025-12-01,CY000,LONG,4.725963211890527,20065.0,20070.0
2025-12-01,ss000,LONG,4.026857591685612,12360.0,12355.0
2025-12-01,sn000,LONG,3.634197977699376,305840.0,305280.0
2025-12-01,l000,LONG,2.5914847852504113,6811.0,6820.0
2025-12-01,pp000,SHORT,-2.8079147625368894,6412.0,6414.0
2025-12-01,pb000,SHORT,-3.014531454914418,17095.0,17105.0
2025-12-01,bu000,SHORT,-4.1905893865061525,2990.0,2996.0
2025-12-01,sc000,SHORT,-5.365111983318607,454.1,452.5
2025-12-01,cu000,SHORT,-5.802114598380206,88710.0,88770.0
2025-12-02,al000,LONG,8.190863218874364,21870.0,21855.0
2025-12-02,eg000,LONG,6.182752395673591,3887.0,3893.0
2025-12-02,sn000,LONG,2.4464599881841327,306540.0,306210.0
2025-12-02,CF000,LONG,2.045107543970712,13775.0,13785.0
2025-12-02,lu000,LONG,1.3130402418835048,3042.0,3037.0
2025-12-02,OI000,SHORT,-1.2065612821524123,9707.0,9705.0
2025-12-02,sc000,SHORT,-1.232569718369206,453.4,455.0
2025-12-02,ad000,SHORT,-1.3574865885526906,21130.0,21110.0
2025-12-02,bz000,SHORT,-1.5096880766455287,5420.0,5423.0
2025-12-02,ss000,SHORT,-1.7915514451688492,12410.0,12405.0
2025-12-03,ss000,LONG,6.926035581454936,12470.0,12470.0
2025-12-03,cu000,LONG,4.162456191716035,88740.0,88730.0
2025-12-03,bz000,LONG,3.500455805541866,5473.0,5430.0
2025-12-03,c000,LONG,3.333511572738298,2254.0,2245.0
2025-12-03,rb000,LONG,2.284349175593025,3165.0,3156.0
2025-12-03,PL000,SHORT,-0.5428389220582418,5957.0,5946.0
2025-12-03,zn000,SHORT,-0.7157927516043983,22715.0,22725.0
2025-12-03,jd000,SHORT,-0.811490474198754,3184.0,3138.0
2025-12-03,CY000,SHORT,-2.459561121697432,19945.0,19900.0
2025-12-03,eg000,SHORT,-4.007919527676524,3833.0,3827.0
2025-12-04,eg000,LONG,6.066185363246908,3822.0,3814.0
2025-12-04,y000,LONG,2.065544410761479,8238.0,8260.0
2025-12-04,l000,LONG,2.0336520253290913,6788.0,6790.0
2025-12-04,ss000,LONG,1.6234419317050635,12430.0,12430.0
2025-12-04,m000,LONG,1.482419802499199,2829.0,2836.0
2025-12-04,bu000,SHORT,-1.0548243971901048,2957.0,2955.0
2025-12-04,ad000,SHORT,-1.2002291917193413,20995.0,21000.0
2025-12-04,CF000,SHORT,-1.2330342514287649,13790.0,13795.0
2025-12-04,zn000,SHORT,-1.3210066520135975,22860.0,22840.0
2025-12-04,cu000,SHORT,-1.609835234605419,91000.0,91170.0
2025-12-05,CY000,LONG,3.016747718858353,19995.0,19965.0
2025-12-05,y000,LONG,2.5532475874309815,8258.0,8240.0
2025-12-05,eg000,LONG,2.458131139082309,3778.0,3781.0
2025-12-05,sn000,LONG,1.5304781720784553,320040.0,320620.0
2025-12-05,bc000,LONG,1.1306134319248335,81980.0,82120.0
2025-12-05,hc000,SHORT,-1.373058871902121,3328.0,3332.0
2025-12-05,ad000,SHORT,-1.3859162186963896,21180.0,21195.0
2025-12-05,SH000,SHORT,-1.478398427119522,2119.0,2120.0
2025-12-05,rr000,SHORT,-1.6339121603390023,3600.0,3599.0
2025-12-05,fu000,SHORT,-1.6408854730845215,2464.0,2456.0
2025-12-08,CY000,LONG,4.423874916913511,19935.0,19915.0
2025-12-08,cs000,LONG,1.4795516993538886,2557.0,2549.0
2025-12-08,bu000,LONG,1.2693311593962664,2953.0,2954.0
2025-12-08,lg000,LONG,1.220851628720037,768.0,769.5
2025-12-08,c000,LONG,1.0292940996464828,2273.0,2266.0
2025-12-08,SR000,SHORT,-3.8749648035203488,5320.0,5324.0
2025-12-08,pb000,SHORT,-3.961625306307896,17340.0,17345.0
2025-12-08,al000,SHORT,-6.38651757568932,22165.0,22175.0
2025-12-08,ss000,SHORT,-6.925548488430139,12555.0,12545.0
2025-12-08,sn000,SHORT,-7.599711995692753,316600.0,317710.0
2025-12-09,rb000,LONG,3.1841824404588635,3089.0,3103.0
2025-12-09,eg000,LONG,2.747968707983645,3653.0,3652.0
2025-12-09,CY000,LONG,2.3263892805492246,19970.0,19970.0
2025-12-09,sc000,LONG,2.114267790388804,450.3,451.1
2025-12-09,al000,LONG,1.585789651665047,22110.0,22085.0
2025-12-09,CF000,SHORT,-1.6517638170129698,13745.0,13765.0
2025-12-09,ni000,SHORT,-1.9605767735599593,117750.0,117680.0
2025-12-09,y000,SHORT,-2.136715062900729,8012.0,8026.0
2025-12-09,sn000,SHORT,-3.409983505942296,316150.0,315900.0
2025-12-09,rr000,SHORT,-3.8315126224163385,3605.0,3603.0
2025-12-10,eg000,LONG,3.8378096477028567,3691.0,3670.0
2025-12-10,ss000,LONG,2.7422223904154945,12525.0,12525.0
2025-12-10,fb000,LONG,1.824556730086344,1274.5,1279.0
2025-12-10,lg000,LONG,1.664508033253261,763.5,756.0
2025-12-10,zn000,LONG,1.579579145989652,22975.0,23000.0
2025-12-10,lu000,SHORT,-0.6930011976145138,2994.0,2997.0
2025-12-10,y000,SHORT,-0.9356646286890801,8002.0,7998.0
2025-12-10,lh000,SHORT,-1.0572906328944163,11425.0,11310.0
2025-12-10,CY000,SHORT,-1.1805980548463115,19975.0,19960.0
2025-12-10,sn000,SHORT,-3.0083060891975655,314080.0,313430.0
2025-12-11,SA000,LONG,2.5513259525416463,1103.0,1106.0
2025-12-11,pg000,LONG,2.255746282233598,4280.0,4290.0
2025-12-11,ad000,LONG,2.2368095707004523,20885.0,20885.0
2025-12-11,hc000,LONG,2.1703232238400516,3270.0,3276.0
2025-12-11,zn000,LONG,1.7851234988656923,22990.0,22985.0
2025-12-11,sn000,SHORT,-2.240881716650395,316040.0,316210.0
2025-12-11,CY000,SHORT,-2.4251943386378088,19975.0,20005.0
2025-12-11,l000,SHORT,-3.3094024879912474,6613.0,6606.0
2025-12-11,rr000,SHORT,-4.092799409156369,3613.0,3608.0
2025-12-11,ss000,SHORT,-6.3537788807642395,12635.0,12635.0
2025-12-12,eg000,LONG,5.666539291517999,3602.0,3599.0
2025-12-12,op000,LONG,4.756963170756684,4006.0,3996.0
2025-12-12,bz000,LONG,2.9020717970680345,5434.0,5425.0
2025-12-12,pb000,LONG,2.1349758034352453,17130.0,17130.0
2025-12-12,rb000,LONG,2.0965020676103547,3071.0,3073.0
2025-12-12,ad000,SHORT,-1.7368099569400945,21100.0,21095.0
2025-12-12,bc000,SHORT,-1.7987692173210157,84080.0,84050.0
2025-12-12,pp000,SHORT,-1.831914285350254,6197.0,6183.0
2025-12-12,jm000,SHORT,-2.275799360594091,1029.0,1026.5
2025-12-12,sn000,SHORT,-3.8204377890686207,331380.0,332060.0
2025-12-15,CY000,LONG,10.166323860191357,20020.0,20055.0
2025-12-15,rb000,LONG,7.20419711991739,3071.0,3068.0
2025-12-15,ad000,LONG,6.823726007635507,20785.0,20705.0
2025-12-15,SR000,LONG,2.2909856679918432,5234.0,5230.0
2025-12-15,lg000,LONG,2.072397669588747,761.5,753.5
2025-12-15,pb000,SHORT,-2.7469419418022425,17060.0,17060.0
2025-12-15,op000,SHORT,-3.263540565997897,4004.0,3994.0
2025-12-15,sn000,SHORT,-4.220409845520627,329670.0,327560.0
2025-12-15,zn000,SHORT,-4.56291933854362,23295.0,23265.0
2025-12-15,CF000,SHORT,-7.45412369240743,13870.0,13905.0
2025-12-16,rb000,LONG,8.768705241879607,3074.0,3072.0
2025-12-16,pg000,LONG,7.694816728879302,4214.0,4213.0
2025-12-16,sn000,LONG,2.923944399167669,324820.0,325330.0
2025-12-16,eg000,LONG,1.4256102617207258,3690.0,3695.0
2025-12-16,ad000,LONG,1.3597635700156272,20955.0,20965.0
2025-12-16,hc000,SHORT,-2.7357068720196596,3231.0,3231.0
2025-12-16,m000,SHORT,-2.8715427113313035,2755.0,2748.0
2025-12-16,al000,SHORT,-3.3022761226642166,21870.0,21880.0
2025-12-16,CY000,SHORT,-4.03672808883279,19990.0,20050.0
2025-12-16,CF000,SHORT,-4.220757500867261,13965.0,14020.0
2025-12-17,rb000,LONG,7.218580511281455,3079.0,3079.0
2025-12-17,lg000,LONG,6.939186862444172,762.5,765.0
2025-12-17,pg000,LONG,5.263911176089977,4060.0,4060.0
2025-12-17,sn000,LONG,3.1593098007432863,322720.0,322780.0
2025-12-17,bz000,LONG,3.086870993889948,5403.0,5406.0
2025-12-17,m000,SHORT,-1.2390945177702255,2769.0,2768.0
2025-12-17,eg000,SHORT,-1.2831718391639195,3788.0,3778.0
2025-12-17,l000,SHORT,-1.3712525407055534,6525.0,6530.0
2025-12-17,ss000,SHORT,-2.4807703163377535,12340.0,12345.0
2025-12-17,y000,SHORT,-6.876385669289834,7818.0,7820.0
2025-12-18,rb000,LONG,11.518433834767135,3119.0,3125.0
2025-12-18,pg000,LONG,3.817480933407588,4080.0,4090.0
2025-12-18,y000,LONG,2.9341139439408357,7846.0,7832.0
2025-12-18,SA000,LONG,2.1983686824778315,1187.0,1195.0
2025-12-18,a000,LONG,2.0451968487023144,4043.0,4053.0
2025-12-18,cs000,SHORT,-2.3745205180398976,2507.0,2516.0
2025-12-18,pp000,SHORT,-2.476673048785754,6293.0,6287.0
2025-12-18,cu000,SHORT,-2.8228513809849587,92810.0,92720.0
2025-12-18,eg000,SHORT,-3.679129882337158,3775.0,3787.0
2025-12-18,l000,SHORT,-4.153687018976528,6510.0,6504.0
2025-12-19,eg000,LONG,4.817656918263836,3770.0,3776.0
2025-12-19,al000,LONG,4.341301347347678,22020.0,21985.0
2025-12-19,lg000,LONG,2.5069651837465323,784.5,779.0
2025-12-19,y000,LONG,1.7817708384136055,7752.0,7776.0
2025-12-19,SR000,LONG,1.615438826405905,5089.0,5089.0
2025-12-19,pb000,SHORT,-1.0695296378895272,16785.0,16790.0
2025-12-19,PL000,SHORT,-1.0726916646085303,5724.0,5728.0
2025-12-19,pg000,SHORT,-2.8642010176876034,4117.0,4120.0
2025-12-19,hc000,SHORT,-3.1699543835778328,3274.0,3269.0
2025-12-19,rb000,SHORT,-4.195203569769163,3120.0,3116.0
2025-12-22,eg000,LONG,11.121862394052236,3747.0,3746.0
2025-12-22,lg000,LONG,7.9817940758346255,784.5,778.0
2025-12-22,ad000,LONG,6.594741473510419,21290.0,21305.0
2025-12-22,pb000,LONG,3.7960638885344222,17005.0,16985.0
2025-12-22,rr000,LONG,3.2023997901009222,3626.0,3627.0
2025-12-22,PX000,SHORT,-0.8767303228099669,7164.0,7222.0
2025-12-22,ss000,SHORT,-0.9819511789794586,12755.0,12750.0
2025-12-22,ni000,SHORT,-1.1063720771681502,117420.0,117420.0
2025-12-22,RM000,SHORT,-1.2176636342474951,2317.0,2322.0
2025-12-22,PK000,SHORT,-1.3575130273720006,7980.0,7962.0
2025-12-23,pg000,LONG,15.250512590866446,4037.0,4116.0
2025-12-23,rb000,LONG,12.547936800494387,3137.0,3139.0
2025-12-23,sn000,LONG,9.540884406962453,340760.0,340690.0
2025-12-23,lg000,LONG,3.1258670545972285,780.0,770.0
2025-12-23,cu000,LONG,1.7662660941771908,93930.0,93830.0
2025-12-23,bc000,SHORT,-1.7481487842237486,84330.0,84250.0
2025-12-23,pb000,SHORT,-2.0877692774696484,16955.0,16940.0
2025-12-23,zn000,SHORT,-4.965247353880617,23030.0,23015.0
2025-12-23,eg000,SHORT,-5.24664653580989,3696.0,3702.0
2025-12-23,pp000,SHORT,-8.286999470646508,6155.0,6189.0
2025-12-24,eg000,LONG,4.367574930004696,3644.0,3632.0
2025-12-24,ss000,LONG,3.7796195014498615,12975.0,12990.0
2025-12-24,al000,LONG,3.6107084729413743,22145.0,22130.0
2025-12-24,pb000,LONG,1.6572187166121386,17045.0,17025.0
2025-12-24,zn000,LONG,1.226565754206696,23110.0,23090.0
2025-12-24,lu000,SHORT,-1.1787308767153981,3015.0,2993.0
2025-12-24,sn000,SHORT,-1.3838488899145522,336510.0,336480.0
2025-12-24,SR000,SHORT,-1.7222084131355742,5207.0,5192.0
2025-12-24,ad000,SHORT,-1.7692658832579817,21205.0,21180.0
2025-12-24,pg000,SHORT,-1.886486497013528,4067.0,4070.0
2025-12-25,al000,LONG,4.847065252204758,22135.0,22110.0
2025-12-25,l000,LONG,4.1827386653823915,6423.0,6418.0
2025-12-25,SA000,LONG,3.7383078285796496,1182.0,1177.0
2025-12-25,ss000,LONG,2.3240192580845243,12920.0,12905.0
2025-12-25,jd000,LONG,1.4654050349068903,2935.0,2946.0
2025-12-25,y000,SHORT,-1.1329341215590412,7778.0,7770.0
2025-12-25,bu000,SHORT,-1.2311938241116538,3003.0,3001.0
2025-12-25,lu000,SHORT,-1.292484021226864,3008.0,3016.0
2025-12-25,sn000,SHORT,-3.571509187303105,331630.0,330170.0
2025-12-25,rb000,SHORT,-10.224833919135632,3130.0,3128.0
2025-12-26,lg000,LONG,8.31954626062535,773.0,776.5
2025-12-26,pg000,LONG,3.5332059789888337,4059.0,4044.0
2025-12-26,sn000,LONG,3.4426003222449952,336720.0,336510.0
2025-12-26,CY000,LONG,2.2960096787409565,20555.0,20530.0
2025-12-26,pp000,LONG,1.7794106259815197,6241.0,6220.0
2025-12-26,lh000,SHORT,-1.1832900787709772,11485.0,11645.0
2025-12-26,l000,SHORT,-2.629192272669283,6371.0,6355.0
2025-12-26,ss000,SHORT,-2.7814903192897518,12960.0,12965.0
2025-12-26,hc000,SHORT,-2.7863824301143403,3259.0,3269.0
2025-12-26,rr000,SHORT,-3.8280050508428736,3608.0,3608.0
2025-12-29,rb000,LONG,9.88150082469382,3134.0,3132.0
2025-12-29,pg000,LONG,8.09592059340579,4092.0,4084.0
2025-12-29,cu000,LONG,6.186156676801033,101630.0,101410.0
2025-12-29,bc000,LONG,4.379771224892702,91590.0,91470.0
2025-12-29,lg000,LONG,4.1358405514408565,777.5,776.0
2025-12-29,nr000,SHORT,-1.2366687000972192,12745.0,12750.0
2025-12-29,bz000,SHORT,-1.4417586484676175,5514.0,5501.0
2025-12-29,sp000,SHORT,-1.8978907139395114,5570.0,5562.0
2025-12-29,lu000,SHORT,-2.4039063997126937,2976.0,2999.0
2025-12-29,pb000,SHORT,-2.5749548701260605,17555.0,17555.0
2025-12-30,sn000,LONG,3.918088509743955,319800.0,320010.0
2025-12-30,lg000,LONG,3.578577630770236,776.5,776.0
2025-12-30,SR000,LONG,3.483957367433613,5264.0,5263.0
2025-12-30,al000,LONG,2.408821479524154,22315.0,22310.0
2025-12-30,op000,LONG,2.3645500933728036,4152.0,4152.0
2025-12-30,cs000,SHORT,-2.9126541965584565,2522.0,2537.0
2025-12-30,eg000,SHORT,-3.8796623409385314,3818.0,3813.0
2025-12-30,SA000,SHORT,-4.140352542278816,1197.0,1185.0
2025-12-30,cu000,SHORT,-4.231604765653507,96190.0,96110.0
2025-12-30,y000,SHORT,-4.82311795391102,7832.0,7840.0
2025-12-31,y000,LONG,8.387593548726121,7874.0,7886.0
2025-12-31,rb000,LONG,3.980156731147122,3134.0,3134.0
2025-12-31,cu000,LONG,1.9863665892427096,99080.0,98900.0
2025-12-31,p000,LONG,1.870239301969108,8620.0,8644.0
2025-12-31,al000,LONG,1.4796716734696596,22625.0,22620.0
2025-12-31,jd000,SHORT,-1.4248709546075435,2952.0,2951.0
2025-12-31,pp000,SHORT,-1.5193168246836508,6332.0,6339.0
2025-12-31,ad000,SHORT,-1.5632270448495602,21545.0,21520.0
2025-12-31,sn000,SHORT,-2.503568282266967,328910.0,328250.0
2025-12-31,pg000,SHORT,-3.606198945632557,4165.0,4181.0
2026-01-05,ag000,LONG,10.720433638349073,18077.0,18247.0
2026-01-05,ao000,LONG,9.383244071081263,2801.0,2770.0
2026-01-05,eg000,LONG,6.861709909016564,3805.0,3732.0
2026-01-05,ss000,LONG,6.690927482653682,13175.0,13075.0
2026-01-05,pp000,LONG,5.310959722586525,6369.0,6330.0
2026-01-05,zn000,SHORT,-3.601777929253216,23625.0,23820.0
2026-01-05,SM000,SHORT,-4.005415390271978,5914.0,5874.0
2026-01-05,al000,SHORT,-4.427748834480459,23610.0,23645.0
2026-01-05,pg000,SHORT,-9.318827814783253,4175.0,4136.0
2026-01-05,rb000,SHORT,-20.032200613336546,3126.0,3104.0
2026-01-06,rb000,LONG,10.800021014323082,3087.0,3093.0
2026-01-06,lg000,LONG,3.7667430055062727,771.5,774.0
2026-01-06,pg000,LONG,3.6470499576535413,4171.0,4184.0
2026-01-06,a000,LONG,3.2648584732168753,4254.0,4264.0
2026-01-06,pb000,LONG,2.4704656627155113,17450.0,17445.0
2026-01-06,pp000,SHORT,-2.1280176228559466,6357.0,6378.0
2026-01-06,cs000,SHORT,-2.1877338104029107,2489.0,2494.0
2026-01-06,l000,SHORT,-2.5151549080097513,6498.0,6523.0
2026-01-06,SR000,SHORT,-2.9287023494840034,5248.0,5248.0
2026-01-06,eg000,SHORT,-5.848072600672803,3773.0,3789.0
2026-01-07,CY000,LONG,8.462512735415158,20905.0,21020.0
2026-01-07,eg000,LONG,6.03947534447958,3840.0,3878.0
2026-01-07,y000,LONG,3.1956795143061987,7902.0,7934.0
2026-01-07,SR000,LONG,2.3934252924690598,5265.0,5285.0
2026-01-07,bc000,LONG,2.2312674128439096,93280.0,93220.0
2026-01-07,lg000,SHORT,-3.1132210205368804,780.0,782.0
2026-01-07,op000,SHORT,-3.7678092390353743,4282.0,4276.0
2026-01-07,pg000,SHORT,-4.13760623741855,4215.0,4228.0
2026-01-07,sn000,SHORT,-4.417184296207116,357770.0,357090.0
2026-01-07,rb000,SHORT,-9.284803548011853,3149.0,3149.0
2026-01-08,rb000,LONG,10.204252632258584,3186.0,3185.0
2026-01-08,pb000,LONG,5.925943593850428,17590.0,17595.0
2026-01-08,lg000,LONG,5.583343208821333,782.0,778.5
2026-01-08,sn000,LONG,4.805292400874224,354770.0,354180.0
2026-01-08,ss000,LONG,3.342725962296602,13835.0,13870.0
2026-01-08,v000,SHORT,-0.7223848575272778,4953.0,4948.0
2026-01-08,SH000,SHORT,-0.737786716912995,2247.0,2240.0
2026-01-08,SA000,SHORT,-1.408131061879723,1253.0,1259.0
2026-01-08,nr000,SHORT,-1.6725857739086663,13125.0,13120.0
2026-01-08,eg000,SHORT,-6.20758746536567,3871.0,3865.0
2026-01-09,ss000,LONG,2.9813723717604654,13665.0,13675.0
2026-01-09,CY000,LONG,2.2151273622413763,20845.0,20780.0
2026-01-09,rr000,LONG,2.15495238487202,3648.0,3649.0
2026-01-09,zn000,LONG,2.056490969085615,23815.0,23820.0
2026-01-09,pp000,LONG,2.0203821521374508,6493.0,6479.0
2026-01-09,bz000,SHORT,-1.3795860988505144,5466.0,5436.0
2026-01-09,lg000,SHORT,-1.8449543849738324,776.0,774.5
2026-01-09,y000,SHORT,-2.072514481013586,7980.0,7944.0
2026-01-09,SR000,SHORT,-2.38392128389334,5285.0,5279.0
2026-01-09,eg000,SHORT,-4.796729810938521,3853.0,3848.0
2026-01-12,eg000,LONG,9.24396660724316,3874.0,3890.0
2026-01-12,cu000,LONG,5.315130023962448,102240.0,102370.0
2026-01-12,rr000,LONG,2.9578169270995054,3570.0,3558.0
2026-01-12,cs000,LONG,2.6831533320235414,2557.0,2537.0
2026-01-12,l000,LONG,2.5627110291009196,6666.0,6673.0
2026-01-12,bu000,SHORT,-2.751113097708504,3162.0,3165.0
2026-01-12,SA000,SHORT,-4.086520981014381,1224.0,1225.0
2026-01-12,ss000,SHORT,-4.50543540766053,13860.0,13890.0
2026-01-12,sn000,SHORT,-4.5112661782130346,359160.0,361860.0
2026-01-12,rb000,SHORT,-4.934057038612252,3164.0,3152.0
2026-01-13,pb000,LONG,4.013068662672646,17460.0,17450.0
2026-01-13,OI000,LONG,3.2248007727529013,9035.0,8992.0
2026-01-13,rr000,LONG,2.639122272827492,3657.0,3659.0
2026-01-13,l000,LONG,2.4024797451485598,6734.0,6691.0
2026-01-13,c000,LONG,2.293340439810236,2292.0,2293.0
2026-01-13,pg000,SHORT,-3.1562603105428146,4160.0,4123.0
2026-01-13,lg000,SHORT,-3.8550224770843604,773.5,774.5
2026-01-13,eg000,SHORT,-8.770624985731338,3849.0,3817.0
2026-01-13,SA000,SHORT,-10.543015222570999,1232.0,1227.0
2026-01-13,y000,SHORT,-13.305678620108948,8008.0,8012.0
2026-01-14,rb000,LONG,5.130123591779567,3165.0,3169.0
2026-01-14,sn000,LONG,2.3646482092228367,396410.0,397710.0
2026-01-14,y000,LONG,1.5834846783454732,7986.0,7984.0
2026-01-14,a000,LONG,1.3714569438101758,4339.0,4333.0
2026-01-14,ni000,LONG,0.6342012237995275,140060.0,140420.0
2026-01-14,c000,SHORT,-1.9587957577030821,2282.0,2281.0
2026-01-14,PK000,SHORT,-2.0592184434896526,7848.0,7844.0
2026-01-14,fb000,SHORT,-2.243926829611278,1267.5,1267.0
2026-01-14,SR000,SHORT,-2.247865005534446,5270.0,5274.0
2026-01-14,l000,SHORT,-2.547786156020987,6792.0,6815.0
2026-01-15,eg000,LONG,8.469226189239679,3849.0,3874.0
2026-01-15,jm000,LONG,4.045690070783111,1201.0,1193.5
2026-01-15,l000,LONG,2.7675072341018794,6831.0,6875.0
2026-01-15,sp000,LONG,2.3495105395034446,5476.0,5480.0
2026-01-15,pg000,LONG,2.3049150212016767,4256.0,4284.0
2026-01-15,OI000,SHORT,-2.886260461306009,8842.0,8854.0
2026-01-15,c000,SHORT,-3.049027644694846,2287.0,2282.0
2026-01-15,bu000,SHORT,-3.1256650929302605,3166.0,3192.0
2026-01-15,sc000,SHORT,-4.196163174343635,457.1,456.8
2026-01-15,op000,SHORT,-4.295837593750899,4144.0,4148.0
2026-01-16,rb000,LONG,6.171976265369877,3173.0,3161.0
2026-01-16,al000,LONG,5.432771738793079,24355.0,24300.0
2026-01-16,eg000,LONG,4.024621735335744,3799.0,3784.0
2026-01-16,l000,LONG,3.5108187216299043,6751.0,6735.0
2026-01-16,rr000,LONG,3.4681979862458276,3577.0,3576.0
2026-01-16,ss000,SHORT,-1.3348785147922633,14330.0,14300.0
2026-01-16,pb000,SHORT,-1.3393485845428226,17690.0,17700.0
2026-01-16,zn000,SHORT,-3.0325678512895133,25165.0,25130.0
2026-01-16,CY000,SHORT,-5.841993676895879,20650.0,20695.0
2026-01-16,CF000,SHORT,-5.91823578747669,14670.0,14720.0
2026-01-19,ad000,LONG,2.3173472360175156,22685.0,22640.0
2026-01-19,eg000,LONG,2.1825951979418527,3772.0,3782.0
2026-01-19,bc000,LONG,1.4707559479984844,89220.0,88940.0
2026-01-19,PL000,LONG,1.2192565503335628,6054.0,6084.0
2026-01-19,al000,LONG,1.1814260065071698,23925.0,23885.0
2026-01-19,lg000,SHORT,-2.6915169574424924,777.0,763.0
2026-01-19,cu000,SHORT,-3.1060706439642902,100190.0,99950.0
2026-01-19,pp000,SHORT,-3.2713638144732267,6509.0,6519.0
2026-01-19,rb000,SHORT,-4.175155154140993,3154.0,3155.0
2026-01-19,pg000,SHORT,-4.517660703351417,4122.0,4147.0
2026-01-20,lg000,LONG,6.381260122370736,756.5,756.0
2026-01-20,ss000,LONG,3.5049301764377843,14490.0,14460.0
2026-01-20,bc000,LONG,2.3599768950985864,90520.0,90490.0
2026-01-20,c000,LONG,2.279417807155951,2274.0,2271.0
2026-01-20,zn000,LONG,2.0102622796584804,24440.0,24430.0
2026-01-20,pp000,SHORT,-2.10329436708235,6463.0,6473.0
2026-01-20,a000,SHORT,-2.4007391128346574,4327.0,4316.0
2026-01-20,CY000,SHORT,-2.4235879153936604,20445.0,20420.0
2026-01-20,sn000,SHORT,-2.765071574810043,397430.0,395080.0
2026-01-20,SR000,SHORT,-2.988595916866714,5228.0,5233.0
2026-01-21,CF000,LONG,2.8193809144160613,14550.0,14620.0
2026-01-21,lg000,LONG,2.3400565905169506,754.0,764.0
2026-01-21,al000,LONG,1.5765855139571392,23780.0,23750.0
2026-01-21,ss000,LONG,1.2025096057898028,14250.0,14245.0
2026-01-21,sn000,LONG,0.9056222847749309,393850.0,392760.0
2026-01-21,pp000,SHORT,-1.7558097335722482,6468.0,6481.0
2026-01-21,rr000,SHORT,-1.9744722975808755,3661.0,3659.0
2026-01-21,pg000,SHORT,-2.938195959669239,4052.0,4073.0
2026-01-21,eg000,SHORT,-4.346326347753195,3674.0,3694.0
2026-01-21,rb000,SHORT,-5.171997582520619,3108.0,3115.0
2026-01-22,eg000,LONG,5.408245220775807,3755.0,3716.0
2026-01-22,lg000,LONG,5.361945251194627,763.0,768.5
2026-01-22,rb000,LONG,4.759495510505851,3133.0,3124.0
2026-01-22,fb000,LONG,3.7272032283924235,1277.0,1269.5
2026-01-22,rr000,LONG,2.7108782161936023,3575.0,3574.0
2026-01-22,au000,SHORT,-0.4670702457113086,1091.46,1092.56
2026-01-22,CY000,SHORT,-0.6472612296274909,20485.0,20470.0
2026-01-22,al000,SHORT,-0.6911339442430606,24075.0,24095.0
2026-01-22,eb000,SHORT,-0.7982286208067019,7520.0,7492.0
2026-01-22,br000,SHORT,-0.8707221929180876,11995.0,11915.0
2026-01-23,eg000,LONG,5.767716457366668,3860.0,3860.0
2026-01-23,CY000,LONG,4.037819429251865,20575.0,20560.0
2026-01-23,lg000,LONG,2.524692629556019,772.5,776.0
2026-01-23,ao000,LONG,2.152915023110104,2729.0,2728.0
2026-01-23,sp000,LONG,1.8050308119439222,5410.0,5410.0
2026-01-23,pg000,SHORT,-1.2675209354335077,4158.0,4169.0
2026-01-23,pp000,SHORT,-1.3519917172757678,6663.0,6660.0
2026-01-23,lu000,SHORT,-1.4717846884137171,3095.0,3100.0
2026-01-23,rb000,SHORT,-1.8460493409154788,3135.0,3131.0
2026-01-23,c000,SHORT,-3.2303720701018013,2295.0,2289.0
2026-01-26,rb000,LONG,16.1964092732836,3154.0,3150.0
2026-01-26,eg000,LONG,10.665983641009905,4010.0,3986.0
2026-01-26,pg000,LONG,6.417733350834703,4299.0,4254.0
2026-01-26,al000,LONG,5.26215499474417,24395.0,24390.0
2026-01-26,pp000,LONG,4.145491646786212,6716.0,6718.0
2026-01-26,bz000,SHORT,-1.7151308883694123,6065.0,6091.0
2026-01-26,CF000,SHORT,-2.2939153610915004,14595.0,14590.0
2026-01-26,c000,SHORT,-2.4017914172266317,2301.0,2306.0
2026-01-26,cu000,SHORT,-3.02056405795466,103200.0,102900.0
2026-01-26,pb000,SHORT,-4.054046597180885,17195.0,17175.0
2026-01-27,rb000,LONG,16.926366369161563,3141.0,3144.0
2026-01-27,lg000,LONG,7.596775346303265,776.5,775.5
2026-01-27,al000,LONG,4.194024891050703,24330.0,24345.0
2026-01-27,pg000,LONG,4.183726376520648,4306.0,4298.0
2026-01-27,CY000,LONG,2.726749341022765,20460.0,20435.0
2026-01-27,ss000,SHORT,-1.3874712271538596,14670.0,14730.0
2026-01-27,a000,SHORT,-1.6924465329896983,4352.0,4364.0
2026-01-27,bu000,SHORT,-1.7065363711064478,3287.0,3285.0
2026-01-27,eg000,SHORT,-2.7076155675109175,3976.0,3965.0
2026-01-27,hc000,SHORT,-3.1967980802992524,3302.0,3304.0
2026-01-28,eg000,LONG,8.84059839748833,3948.0,3939.0
2026-01-28,al000,LONG,2.927111576186006,24385.0,24295.0
2026-01-28,zn000,LONG,2.646090923073096,25120.0,24980.0
2026-01-28,ss000,LONG,2.1740695692031053,14325.0,14305.0
2026-01-28,pp000,LONG,1.6121293437747726,6760.0,6746.0
2026-01-28,ad000,SHORT,-0.9831901363420399,23100.0,23050.0
2026-01-28,cu000,SHORT,-1.1841457264065323,101740.0,101470.0
2026-01-28,SR000,SHORT,-1.6051529485247384,5172.0,5165.0
2026-01-28,rb000,SHORT,-4.027480757543303,3123.0,3123.0
2026-01-28,lg000,SHORT,-5.160449098788866,776.5,775.5
2026-01-29,eg000,LONG,5.606890591569226,3942.0,3932.0
2026-01-29,CY000,LONG,3.415495898696168,20690.0,20725.0
2026-01-29,SR000,LONG,2.7723651910789893,5232.0,5222.0
2026-01-29,al000,LONG,2.4683747727119436,25360.0,25320.0
2026-01-29,l000,LONG,1.851945817677734,6988.0,6981.0
2026-01-29,CF000,SHORT,-1.1884972293688394,14845.0,14875.0
2026-01-29,rb000,SHORT,-2.1277056551237505,3141.0,3139.0
2026-01-29,pg000,SHORT,-2.875137769492255,4300.0,4289.0
2026-01-29,SA000,SHORT,-3.5959683488489733,1212.0,1212.0
2026-01-29,lg000,SHORT,-10.466094877730301,775.5,785.0
2026-01-30,al000,LONG,9.828343962847597,24975.0,24990.0
2026-01-30,CY000,LONG,4.515112773345855,20605.0,20710.0
2026-01-30,b000,LONG,4.362699057463726,3563.0,3581.0
2026-01-30,SA000,LONG,4.056683236271451,1209.0,1218.0
2026-01-30,sp000,LONG,1.4983633441289532,5370.0,5416.0
2026-01-30,c000,SHORT,-4.662755791498295,2282.0,2288.0
2026-01-30,pp000,SHORT,-6.714165131532894,6844.0,6945.0
2026-01-30,ss000,SHORT,-6.868610862438275,14410.0,14435.0
2026-01-30,eg000,SHORT,-9.016732586619248,3940.0,3989.0
2026-01-30,rb000,SHORT,-12.13489990596594,3151.0,3166.0
2026-02-02,jm000,LONG,1.6315659316739637,1181.5,1194.0
2026-02-02,lu000,LONG,1.497663191693505,3239.0,3356.0
2026-02-02,CY000,LONG,1.3563365588031926,20415.0,20515.0
2026-02-02,SR000,LONG,1.2567208349023695,5214.0,5226.0
2026-02-02,si000,LONG,0.8608898921816177,8850.0,8795.0
2026-02-02,op000,SHORT,-6.539619443164686,4148.0,4166.0
2026-02-02,c000,SHORT,-8.00961246167223,2264.0,2271.0
2026-02-02,al000,SHORT,-8.111595587757432,24575.0,24650.0
2026-02-02,lg000,SHORT,-8.86416308269895,795.5,795.0
2026-02-02,pb000,SHORT,-9.151502679252763,16895.0,16920.0
2026-02-03,rb000,LONG,21.853325259714314,3111.0,3111.0
2026-02-03,lg000,LONG,10.829373995716415,796.5,801.0
2026-02-03,pg000,LONG,10.03827438041803,4211.0,4192.0
2026-02-03,bc000,LONG,6.475178443978282,89380.0,88890.0
2026-02-03,ss000,LONG,4.297090916117914,13545.0,13530.0
2026-02-03,PL000,SHORT,-0.43136659634878133,6305.0,6293.0
2026-02-03,a000,SHORT,-0.5032577125502282,4413.0,4387.0
2026-02-03,zn000,SHORT,-0.7061561388191187,24825.0,24775.0
2026-02-03,eg000,SHORT,-1.8200783812635273,3790.0,3774.0
2026-02-03,sp000,SHORT,-3.82254456244639,5302.0,5278.0
2026-02-04,rb000,LONG,3.282981589354688,3101.0,3105.0
2026-02-04,eg000,LONG,3.1571584748401063,3778.0,3768.0
2026-02-04,b000,LONG,1.7363807020088744,3472.0,3475.0
2026-02-04,c000,LONG,1.278700460151441,2264.0,2263.0
2026-02-04,al000,LONG,1.2170599567180973,23880.0,23870.0
2026-02-04,l000,SHORT,-1.3164096645347576,6907.0,6890.0
2026-02-04,pb000,SHORT,-1.6153078581957014,16630.0,16620.0
2026-02-04,rr000,SHORT,-1.9555271247544868,3606.0,3601.0
2026-02-04,y000,SHORT,-2.2805648261055924,8148.0,8146.0
2026-02-04,pg000,SHORT,-3.305616162146776,4230.0,4209.0
2026-02-05,al000,LONG,1.3284390771630925,23730.0,23705.0
2026-02-05,lu000,LONG,1.1907070145590557,3306.0,3266.0
2026-02-05,p000,LONG,1.0603692268031684,9176.0,9136.0
2026-02-05,nr000,LONG,0.7349737246996241,13250.0,13260.0
2026-02-05,MA000,LONG,0.7344877804418053,2265.0,2266.0
2026-02-05,ni000,SHORT,-2.6616119846051784,136170.0,135730.0
2026-02-05,l000,SHORT,-2.8126390318788497,6863.0,6867.0
2026-02-05,pg000,SHORT,-3.3231124975261417,4221.0,4210.0
2026-02-05,lg000,SHORT,-5.376870395962759,809.0,802.0
2026-02-05,rb000,SHORT,-6.673443951681076,3096.0,3105.0
2026-02-06,al000,LONG,6.253745912122555,23500.0,23455.0
2026-02-06,eg000,LONG,3.630835780442441,3716.0,3735.0
2026-02-06,sp000,LONG,2.0933013867423766,5262.0,5274.0
2026-02-06,b000,LONG,2.038676870172149,3472.0,3480.0
2026-02-06,lg000,LONG,1.812554310662402,786.5,784.0
2026-02-06,SA000,SHORT,-2.894842506952353,1193.0,1196.0
2026-02-06,lh000,SHORT,-3.6065903196541247,11590.0,11625.0
2026-02-06,rb000,SHORT,-4.228717464532466,3091.0,3096.0
2026-02-06,op000,SHORT,-4.2779700741343065,4052.0,4056.0
2026-02-06,pg000,SHORT,-5.786355364035745,4190.0,4191.0
2026-02-09,SM000,LONG,3.659596647250909,5848.0,5812.0
2026-02-09,a000,LONG,2.8846822538133,4394.0,4392.0
2026-02-09,hc000,LONG,2.449654112371223,3239.0,3238.0
2026-02-09,pb000,LONG,2.039631219999505,16505.0,16515.0
2026-02-09,zn000,LONG,1.8924203249645273,24560.0,24540.0
2026-02-09,CF000,SHORT,-1.9920596518062705,14595.0,14620.0
2026-02-09,lu000,SHORT,-2.231306122518075,3259.0,3281.0
2026-02-09,lh000,SHORT,-2.3391616403264015,11495.0,11565.0
2026-02-09,lg000,SHORT,-3.2726055756765944,771.0,775.0
2026-02-09,SA000,SHORT,-6.445318123150883,1175.0,1171.0
2026-02-10,rb000,LONG,2.233011068852692,3052.0,3055.0
2026-02-10,a000,LONG,1.6831710933036739,4473.0,4467.0
2026-02-10,ss000,LONG,1.47648032086417,13795.0,13765.0
2026-02-10,cu000,LONG,1.2891777238091489,102250.0,102140.0
2026-02-10,al000,LONG,1.0279270919680847,23635.0,23615.0
2026-02-10,pp000,SHORT,-1.4213443236414547,6651.0,6649.0
2026-02-10,zn000,SHORT,-1.8589995654362153,24500.0,24515.0
2026-02-10,bz000,SHORT,-1.957045438601987,6036.0,6016.0
2026-02-10,bu000,SHORT,-2.559580237849827,3354.0,3362.0
2026-02-10,eg000,SHORT,-7.26072980044221,3739.0,3736.0
2026-02-11,rb000,LONG,4.628440299606721,3061.0,3063.0
2026-02-11,lg000,LONG,2.47522785888096,775.0,777.0
2026-02-11,ad000,LONG,2.1882837132934583,22105.0,22125.0
2026-02-11,hc000,LONG,1.8549511852189011,3229.0,3235.0
2026-02-11,lu000,LONG,1.5751458230907156,3330.0,3324.0
2026-02-11,eg000,SHORT,-1.2840019521935466,3756.0,3755.0
2026-02-11,cu000,SHORT,-1.3339458933473511,101550.0,101680.0
2026-02-11,CY000,SHORT,-1.3404817207586937,20510.0,20495.0
2026-02-11,sn000,SHORT,-2.1696139817853854,385210.0,386950.0
2026-02-11,al000,SHORT,-6.49245344560138,23515.0,23545.0
2026-02-12,eg000,LONG,4.051678017645053,3751.0,3756.0
2026-02-12,zn000,LONG,3.0520905160633465,24460.0,24465.0
2026-02-12,CF000,LONG,2.6469530785703803,14805.0,14815.0
2026-02-12,a000,LONG,2.343712293445444,4580.0,4563.0
2026-02-12,cu000,LONG,1.2378960442177058,102080.0,102150.0
2026-02-12,lu000,SHORT,-1.4440923980354152,3368.0,3393.0
2026-02-12,SA000,SHORT,-1.5158897783412468,1171.0,1171.0
2026-02-12,CY000,SHORT,-1.9768231225541877,20705.0,20650.0
2026-02-12,pg000,SHORT,-4.005035965162425,4292.0,4295.0
2026-02-12,lg000,SHORT,-4.219413771712219,780.5,779.5
2026-02-13,lg000,LONG,4.199703654488071,779.0,787.5
2026-02-13,pg000,LONG,3.9407623636300473,4472.0,4516.0
2026-02-13,rb000,LONG,2.2188501503851663,3048.0,3056.0
2026-02-13,CF000,LONG,2.2122713777461467,14715.0,14750.0
2026-02-13,jm000,LONG,1.6110471943068823,1116.0,1121.0
2026-02-13,br000,SHORT,-4.344563322803406,12585.0,12635.0
2026-02-13,eb000,SHORT,-5.13301867285253,7358.0,7429.0
2026-02-13,b000,SHORT,-8.7379650412434,3526.0,3545.0
2026-02-13,sp000,SHORT,-11.001582937329273,5220.0,5254.0
2026-02-13,al000,SHORT,-31.28121712699732,23355.0,23570.0
2026-02-24,pp000,LONG,8.818483212151369,6661.0,6746.0
2026-02-24,sp000,LONG,8.57547293622843,5318.0,5340.0
2026-02-24,ss000,LONG,7.199831005053788,13950.0,14085.0
2026-02-24,bu000,LONG,6.517869017499646,3379.0,3348.0
2026-02-24,a000,LONG,5.531031514827876,4625.0,4633.0
2026-02-24,CY000,SHORT,-4.480747581401936,20825.0,21270.0
2026-02-24,au000,SHORT,-5.883748286299755,1149.9,1150.5
2026-02-24,rr000,SHORT,-8.874492324317565,3615.0,3629.0
2026-02-24,l000,SHORT,-10.38552006268344,6737.0,6820.0
2026-02-24,al000,SHORT,-11.278123261795857,23645.0,23635.0
2026-02-25,rb000,LONG,10.348394062938134,3027.0,3030.0
2026-02-25,pg000,LONG,6.226201310942855,4541.0,4535.0
2026-02-25,lg000,LONG,5.378517554676525,793.5,796.0
2026-02-25,ni000,LONG,5.019784250578626,141150.0,141250.0
2026-02-25,zn000,LONG,3.1103672414667334,24550.0,24555.0
2026-02-25,OI000,SHORT,-0.7178103768385966,9222.0,9190.0
2026-02-25,a000,SHORT,-0.7802180854014026,4684.0,4659.0
2026-02-25,rr000,SHORT,-0.8712068619820669,3574.0,3572.0
2026-02-25,c000,SHORT,-0.9601733816825281,2349.0,2341.0
2026-02-25,eg000,SHORT,-1.29241856769705,3767.0,3780.0
2026-02-26,SA000,LONG,2.1545058340644108,1184.0,1183.0
2026-02-26,rb000,LONG,1.6448517458706975,3070.0,3069.0
2026-02-26,zn000,LONG,1.403957095709655,24705.0,24660.0
2026-02-26,SR000,LONG,1.3374678681845513,5291.0,5301.0
2026-02-26,hc000,LONG,0.9574770690254979,3227.0,3225.0
2026-02-26,y000,SHORT,-0.7282291952469595,8230.0,8182.0
2026-02-26,CY000,SHORT,-0.8434647292606479,21490.0,21450.0
2026-02-26,c000,SHORT,-1.3652827335091808,2346.0,2346.0
2026-02-26,l000,SHORT,-1.5550320820150578,6751.0,6758.0
2026-02-26,lg000,SHORT,-8.94752310027152,796.0,793.5
2026-02-27,SA000,LONG,3.6984681743743217,1180.0,1181.0
2026-02-27,rb000,LONG,2.7519958070710304,3059.0,3060.0
2026-02-27,pg000,LONG,1.8610392017962711,4498.0,4543.0
2026-02-27,eg000,LONG,1.7738217130574236,3672.0,3667.0
2026-02-27,lu000,LONG,1.130491566741374,3454.0,3441.0
2026-02-27,SR000,SHORT,-2.8420421883721976,5312.0,5317.0
2026-02-27,hc000,SHORT,-3.4486398232142013,3206.0,3211.0
2026-02-27,lg000,SHORT,-4.362002316194125,792.0,798.5
2026-02-27,l000,SHORT,-4.734935251218601,6565.0,6604.0
2026-02-27,pp000,SHORT,-5.136052565787644,6578.0,6605.0
2026-03-02,rb000,LONG,12.709561159846782,3061.0,3074.0
2026-03-02,OI000,LONG,9.982078817869183,9383.0,9216.0
2026-03-02,PK000,LONG,6.870061231968158,7914.0,7934.0
2026-03-02,PR000,LONG,6.051536862652166,6318.0,6160.0
2026-03-02,ad000,LONG,4.398317227427505,22690.0,22720.0
2026-03-02,eg000,SHORT,-2.4627805953544426,3774.0,3693.0
2026-03-02,cu000,SHORT,-2.7737725765853702,103180.0,103570.0
2026-03-02,lg000,SHORT,-3.4298818909898143,800.0,800.0
2026-03-02,rr000,SHORT,-4.979894571628753,3634.0,3633.0
2026-03-02,op000,SHORT,-8.935716227032936,4168.0,4150.0
2026-03-03,eg000,LONG,27.71841774316155,3954.0,3898.0
2026-03-03,pp000,LONG,8.25997273314847,7112.0,7038.0
2026-03-03,hc000,LONG,5.660083776198599,3211.0,3207.0
2026-03-03,al000,LONG,4.491977737570093,24235.0,24235.0
2026-03-03,zn000,LONG,4.462961750420066,24570.0,24565.0
2026-03-03,sn000,SHORT,-1.0268484957046655,423920.0,426950.0
2026-03-03,CY000,SHORT,-1.2735863786982478,21040.0,21015.0
2026-03-03,pg000,SHORT,-2.9446251073621057,5089.0,4983.0
2026-03-03,rb000,SHORT,-8.371767918098508,3064.0,3059.0
2026-03-03,lg000,SHORT,-8.466032086517522,802.5,799.5
2026-03-04,pg000,LONG,5.6595466322715735,5323.0,5417.0
2026-03-04,rb000,LONG,5.406714212963652,3079.0,3067.0
2026-03-04,lg000,LONG,5.155395558465988,798.0,802.0
2026-03-04,op000,LONG,5.07152646792769,4228.0,4220.0
2026-03-04,al000,LONG,4.015703955378923,24395.0,24315.0
2026-03-04,PR000,SHORT,-2.5150977072213845,6554.0,6642.0
2026-03-04,fb000,SHORT,-2.8174508547803327,1292.5,1290.5
2026-03-04,PK000,SHORT,-3.0733394688656333,7906.0,7878.0
2026-03-04,pb000,SHORT,-3.601869235947071,16795.0,16795.0
2026-03-04,c000,SHORT,-7.227662730139707,2377.0,2375.0
2026-03-05,eg000,LONG,17.169933611750583,4096.0,4045.0
2026-03-05,hc000,LONG,11.398534365054,3229.0,3229.0
2026-03-05,pp000,LONG,10.535840716845946,7487.0,7365.0
2026-03-05,m000,LONG,8.993869712555908,2833.0,2831.0
2026-03-05,c000,LONG,8.04409354186261,2389.0,2383.0
2026-03-05,nr000,SHORT,-0.475039396073081,13555.0,13490.0
2026-03-05,si000,SHORT,-0.5528623900357911,8540.0,8565.0
2026-03-05,b000,SHORT,-0.5914791435230351,3609.0,3598.0
2026-03-05,v000,SHORT,-0.7540271735837755,5031.0,5010.0
2026-03-05,al000,SHORT,-3.0897195044382415,25115.0,25090.0
2026-03-06,ni000,LONG,4.539968792253476,136270.0,136800.0
2026-03-06,si000,LONG,2.811006853439369,8530.0,8690.0
2026-03-06,ad000,LONG,2.2238332668204763,23160.0,23195.0
2026-03-06,ss000,LONG,2.0291507909672526,14110.0,14150.0
2026-03-06,RS000,LONG,1.5242333781204112,5834.0,5834.0
2026-03-06,pp000,SHORT,-4.292273942386956,7450.0,7477.0
2026-03-06,fb000,SHORT,-4.446512575710057,1290.5,1287.5
2026-03-06,hc000,SHORT,-7.294701564301684,3215.0,3205.0
2026-03-06,pb000,SHORT,-7.4434327847638615,16710.0,16740.0
2026-03-06,CF000,SHORT,-7.647478440312449,15265.0,15215.0
2026-03-09,a000,LONG,18.654588981913495,4916.0,4757.0
2026-03-09,SA000,LONG,18.299424400971564,1325.0,1262.0
2026-03-09,OI000,LONG,15.763670662756804,10167.0,9814.0
2026-03-09,zn000,LONG,14.793408422241242,24360.0,24310.0
2026-03-09,y000,LONG,13.042973579096142,8902.0,8514.0
2026-03-09,pd000,SHORT,-0.21954569441188931,408.35,412.7
2026-03-09,sn000,SHORT,-0.3274518473908889,394060.0,393100.0
2026-03-09,AP000,SHORT,-0.37217253000424294,10513.0,10287.0
2026-03-09,op000,SHORT,-0.4749245499155455,4218.0,4176.0
2026-03-09,rb000,SHORT,-0.6382867513369517,3134.0,3099.0
2026-03-10,c000,LONG,18.289144591783266,2385.0,2391.0
2026-03-10,pp000,LONG,12.818458609315226,7588.0,8438.0
2026-03-10,bz000,LONG,11.000858132381241,7599.0,8979.0
2026-03-10,eg000,LONG,10.947645960708813,4111.0,4568.0
2026-03-10,lg000,LONG,3.194293719306524,793.5,791.5
2026-03-10,PR000,SHORT,-14.265532279574215,6892.0,7724.0
2026-03-10,OI000,SHORT,-14.290668680686798,9710.0,9952.0
2026-03-10,m000,SHORT,-15.773423536023564,2938.0,2994.0
2026-03-10,bc000,SHORT,-16.943521941878398,89540.0,89500.0
2026-03-10,RM000,SHORT,-18.56853485218576,2383.0,2422.0
2026-03-11,eg000,LONG,13.438973366529295,4286.0,4226.0
2026-03-11,c000,LONG,10.379080775260787,2386.0,2384.0
2026-03-11,hc000,LONG,7.601158948885816,3263.0,3256.0
2026-03-11,pb000,LONG,7.367320022049441,16645.0,16635.0
2026-03-11,bc000,LONG,5.796951867000881,90320.0,90350.0
2026-03-11,lg000,SHORT,-0.510123878694901,785.5,790.0
2026-03-11,SR000,SHORT,-0.6764468779962185,5405.0,5417.0
2026-03-11,SH000,SHORT,-0.7976978975682436,2334.0,2288.0
2026-03-11,lh000,SHORT,-1.1049733585789412,11170.0,11170.0
2026-03-11,a000,SHORT,-1.9801925672054776,4804.0,4776.0
2026-03-12,OI000,LONG,6.739020922034705,9784.0,9750.0
2026-03-12,hc000,LONG,6.505522210655841,3283.0,3279.0
2026-03-12,m000,LONG,4.910731577539523,3090.0,3047.0
2026-03-12,SM000,LONG,4.052877572561792,6146.0,6162.0
2026-03-12,a000,LONG,3.9252813669784437,4870.0,4837.0
2026-03-12,pp000,SHORT,-1.6102144900603779,8599.0,8359.0
2026-03-12,CF000,SHORT,-1.8801193587563512,15485.0,15490.0
2026-03-12,PK000,SHORT,-2.7573836780852856,8080.0,8094.0
2026-03-12,c000,SHORT,-3.98187341253497,2400.0,2394.0
2026-03-12,eg000,SHORT,-5.3694058947977705,4900.0,4730.0
2026-03-13,lg000,LONG,5.097926933623339,794.5,792.5
2026-03-13,CY000,LONG,3.939831775001667,21605.0,21625.0
2026-03-13,y000,LONG,2.229717457064985,8708.0,8720.0
2026-03-13,SR000,LONG,2.118793956054541,5460.0,5443.0
2026-03-13,a000,LONG,1.3127528847460104,4891.0,4903.0
2026-03-13,eg000,SHORT,-3.5192202299247684,4681.0,4711.0
2026-03-13,PK000,SHORT,-3.817204561372306,8130.0,8186.0
2026-03-13,m000,SHORT,-4.792081411669033,3127.0,3143.0
2026-03-13,hc000,SHORT,-5.65685387390369,3293.0,3293.0
2026-03-13,c000,SHORT,-5.718598802860095,2389.0,2389.0
2026-03-16,pb000,LONG,12.80372570042654,16425.0,16425.0
2026-03-16,eg000,LONG,6.88129744028803,4875.0,4872.0
2026-03-16,bz000,LONG,4.485091473201889,8446.0,8490.0
2026-03-16,pp000,LONG,4.250879014365301,8804.0,8755.0
2026-03-16,m000,LONG,3.5033453093222398,3071.0,3102.0
2026-03-16,OI000,SHORT,-2.4423257809348855,9913.0,9861.0
2026-03-16,RM000,SHORT,-2.546172543642753,2497.0,2528.0
2026-03-16,lg000,SHORT,-3.676388117343237,803.5,808.5
2026-03-16,SM000,SHORT,-4.0142930614711965,6218.0,6162.0
2026-03-16,rb000,SHORT,-4.600412056582584,3137.0,3134.0
2026-03-17,pb000,LONG,2.453266091829199,16410.0,16415.0
2026-03-17,ni000,LONG,2.390542328847145,136770.0,137150.0
2026-03-17,SM000,LONG,2.19269497594641,6196.0,6240.0
2026-03-17,SR000,LONG,1.9945570482267962,5430.0,5428.0
2026-03-17,c000,LONG,1.9670674150106764,2376.0,2383.0
2026-03-17,al000,SHORT,-1.7348503432769977,24985.0,25005.0
2026-03-17,lg000,SHORT,-2.1501179765630223,808.5,811.5
2026-03-17,ss000,SHORT,-2.9372194570123975,14120.0,14140.0
2026-03-17,eg000,SHORT,-3.718350027923916,4815.0,4753.0
2026-03-17,SA000,SHORT,-5.140342070089694,1246.0,1239.0
2026-03-18,RM000,LONG,3.0369343290772877,2487.0,2477.0
2026-03-18,ni000,LONG,2.3523018038741172,135600.0,135340.0
2026-03-18,pb000,LONG,2.148181766964152,16660.0,16640.0
2026-03-18,PK000,LONG,2.079274311369471,8226.0,8170.0
2026-03-18,rb000,LONG,1.9903482752532402,3165.0,3159.0
2026-03-18,ss000,SHORT,-2.6217666819072183,14065.0,14060.0
2026-03-18,hc000,SHORT,-2.634959817233997,3325.0,3324.0
2026-03-18,m000,SHORT,-3.856005737923435,3075.0,3056.0
2026-03-18,pp000,SHORT,-3.9967017064503403,8806.0,8838.0
2026-03-18,eg000,SHORT,-4.228908786173677,4897.0,4882.0
2026-03-19,m000,LONG,5.921429978411327,3078.0,3056.0
2026-03-19,pp000,LONG,4.263405816528324,9246.0,9204.0
2026-03-19,a000,LONG,3.1208690112436512,4870.0,4850.0
2026-03-19,al000,LONG,2.9233359756948194,24825.0,24815.0
2026-03-19,hc000,LONG,2.845635612243527,3306.0,3310.0
2026-03-19,pt000,SHORT,-1.6329560604145048,531.0,506.95
2026-03-19,sc000,SHORT,-1.6374330452985733,805.4,809.8
2026-03-19,sn000,SHORT,-1.858935813440234,357970.0,356130.0
2026-03-19,fb000,SHORT,-2.3796722629309914,1296.0,1298.0
2026-03-19,y000,SHORT,-8.488733155630449,8666.0,8630.0
2026-03-20,SR000,LONG,5.431684838257355,5410.0,5427.0
2026-03-20,rb000,LONG,4.705817686261856,3129.0,3133.0
2026-03-20,lg000,LONG,2.3978659740839583,815.0,823.5
2026-03-20,ss000,LONG,2.0174313912126243,14035.0,14010.0
2026-03-20,p000,LONG,1.373338256660176,9686.0,9738.0
2026-03-20,pp000,SHORT,-6.00495207537089,8877.0,9104.0
2026-03-20,hc000,SHORT,-6.287516407361338,3298.0,3303.0
2026-03-20,OI000,SHORT,-6.543229963866515,9822.0,9865.0
2026-03-20,fb000,SHORT,-6.760917510082365,1300.0,1317.5
2026-03-20,m000,SHORT,-8.526483105544004,3033.0,3043.0
2026-03-23,pp000,LONG,8.264628744965036,9567.0,9410.0
2026-03-23,a000,LONG,6.495312998195428,4745.0,4778.0
2026-03-23,lg000,LONG,4.2762193206362875,823.5,822.0
2026-03-23,c000,LONG,4.275947113568036,2401.0,2406.0
2026-03-23,SA000,LONG,3.6068900928578085,1235.0,1232.0
2026-03-23,OI000,SHORT,-1.262351260639135,9878.0,9860.0
2026-03-23,sc000,SHORT,-1.3599652099079989,797.7,796.7
2026-03-23,ad000,SHORT,-2.078543014427178,22565.0,22510.0
2026-03-23,CF000,SHORT,-2.9004618468669277,15405.0,15305.0
2026-03-23,eg000,SHORT,-3.42294596464337,5480.0,5426.0
2026-03-24,pp000,LONG,10.947025591620038,9512.0,9110.0
2026-03-24,pb000,LONG,6.668578944679608,16440.0,16410.0
2026-03-24,OI000,LONG,6.595011214912687,9841.0,9770.0
2026-03-24,hc000,LONG,6.428291275205247,3322.0,3319.0
2026-03-24,fb000,LONG,5.370729559313003,1323.5,1331.5
2026-03-24,al000,SHORT,-1.279965539709977,23710.0,23710.0
2026-03-24,lg000,SHORT,-1.4642232011596685,820.0,823.0
2026-03-24,SR000,SHORT,-3.9509267560938826,5445.0,5429.0
2026-03-24,CF000,SHORT,-4.508876287961763,15285.0,15310.0
2026-03-24,rb000,SHORT,-5.211233398599399,3150.0,3144.0
2026-03-25,lg000,LONG,4.826429175806719,813.5,816.0
2026-03-25,al000,LONG,3.3122085974108555,23885.0,23770.0
2026-03-25,rb000,LONG,1.9430677557934153,3136.0,3148.0
2026-03-25,ao000,LONG,1.859097242656075,2966.0,2963.0
2026-03-25,ss000,LONG,1.333271231678149,14315.0,14310.0
2026-03-25,eg000,SHORT,-6.463069490614079,4833.0,5006.0
2026-03-25,SR000,SHORT,-6.723748396307498,5422.0,5423.0
2026-03-25,c000,SHORT,-7.363875350806384,2377.0,2378.0
2026-03-25,OI000,SHORT,-7.461409869093166,9716.0,9807.0
2026-03-25,PK000,SHORT,-8.528740040573215,8198.0,8182.0
2026-03-26,SA000,LONG,2.8983678542551723,1237.0,1234.0
2026-03-26,hc000,LONG,2.8100500741416026,3315.0,3311.0
2026-03-26,OI000,LONG,2.7408104298799443,9767.0,9719.0
2026-03-26,ad000,LONG,1.6258465545570346,22900.0,22890.0
2026-03-26,ps000,LONG,1.3910369944962562,35905.0,35540.0
2026-03-26,sn000,SHORT,-2.2746482065752893,355060.0,354530.0
2026-03-26,lg000,SHORT,-2.6675250791187795,816.0,817.0
2026-03-26,eg000,SHORT,-2.695656865940465,4995.0,4986.0
2026-03-26,bc000,SHORT,-3.659964258937045,85090.0,84910.0
2026-03-26,pb000,SHORT,-3.6840560994039064,16500.0,16495.0
2026-03-27,lg000,LONG,4.904910270388377,814.5,817.5
2026-03-27,c000,LONG,2.9773759214374285,2364.0,2365.0
2026-03-27,ss000,LONG,2.3137920852087452,14330.0,14345.0
2026-03-27,fu000,LONG,2.2224769747364186,4417.0,4445.0
2026-03-27,CY000,LONG,1.999456791252901,21500.0,21495.0
2026-03-27,b000,SHORT,-2.2148986787559397,3724.0,3739.0
2026-03-27,hc000,SHORT,-2.369811355846684,3293.0,3293.0
2026-03-27,ad000,SHORT,-2.8161521325471055,22955.0,22965.0
2026-03-27,m000,SHORT,-3.0084354220693585,2930.0,2937.0
2026-03-27,al000,SHORT,-5.565743327218239,23885.0,23915.0
2026-03-30,eg000,LONG,8.54139877298499,5431.0,5326.0
2026-03-30,c000,LONG,6.250909026936775,2358.0,2361.0
2026-03-30,rr000,LONG,4.502822325049234,3605.0,3600.0
2026-03-30,rb000,LONG,3.2840934609330623,3145.0,3126.0
2026-03-30,y000,LONG,3.0247748918523127,8682.0,8648.0
2026-03-30,UR000,SHORT,-1.961838037496935,1896.0,1882.0
2026-03-30,SM000,SHORT,-1.989260928560154,6596.0,6588.0
2026-03-30,CY000,SHORT,-2.705473928177611,21510.0,21415.0
2026-03-30,pp000,SHORT,-2.968615799268853,9620.0,9493.0
2026-03-30,bu000,SHORT,-3.773101391332149,4613.0,4558.0
2026-03-31,rb000,LONG,2.319574980926734,3139.0,3144.0
2026-03-31,SR000,LONG,1.5019015743786484,5416.0,5431.0
2026-03-31,lu000,LONG,0.8314601276638349,5151.0,5198.0
2026-03-31,cu000,LONG,0.6785450783410387,95460.0,95530.0
2026-03-31,ru000,LONG,0.5595333966084052,16495.0,16555.0
2026-03-31,m000,SHORT,-6.02618198571249,2923.0,2921.0
2026-03-31,fb000,SHORT,-6.074638481360288,1337.5,1336.5
2026-03-31,eg000,SHORT,-6.139923800853857,5362.0,5496.0
2026-03-31,hc000,SHORT,-6.1610508267229775,3307.0,3308.0
2026-03-31,c000,SHORT,-8.56457922489779,2351.0,2346.0
2026-04-01,CF000,LONG,2.308130641696124,15385.0,15510.0
2026-04-01,lg000,LONG,2.139834595736893,819.0,820.5
2026-04-01,y000,LONG,1.4143814172676579,8718.0,8768.0
2026-04-01,bu000,LONG,0.9626965202863407,4464.0,4513.0
2026-04-01,SA000,LONG,0.8779522300663716,1178.0,1174.0
2026-04-01,RM000,SHORT,-3.82471614792778,2293.0,2290.0
2026-04-01,SR000,SHORT,-4.284025248851846,5380.0,5418.0
2026-04-01,PK000,SHORT,-5.009326488289117,8080.0,8012.0
2026-04-01,pb000,SHORT,-5.437399149514302,16475.0,16485.0
2026-04-01,OI000,SHORT,-6.336993290737458,9879.0,9951.0
2026-04-02,m000,LONG,5.95116802628613,2882.0,2865.0
2026-04-02,PK000,LONG,5.852147257514763,8008.0,8062.0
2026-04-02,pb000,LONG,5.482848284835291,16765.0,16770.0
2026-04-02,eg000,LONG,5.475017339209538,4932.0,4879.0
2026-04-02,SR000,LONG,5.200542024699623,5371.0,5368.0
2026-04-02,pg000,SHORT,-1.7424754680275167,6202.0,6170.0
2026-04-02,al000,SHORT,-2.15207012893656,24920.0,24925.0
2026-04-02,rr000,SHORT,-2.1667000873040227,3587.0,3590.0
2026-04-02,y000,SHORT,-4.286878816748482,8632.0,8604.0
2026-04-02,rb000,SHORT,-5.333640975144281,3090.0,3096.0
2026-04-03,rb000,LONG,8.66523260261823,3099.0,3096.0
2026-04-03,RM000,LONG,2.4192646075559203,2249.0,2246.0
2026-04-03,OI000,LONG,2.014510414318354,9801.0,9817.0
2026-04-03,pp000,LONG,1.9670196607039074,9126.0,9031.0
2026-04-03,lh000,LONG,1.9254048547989873,9580.0,9380.0
2026-04-03,pt000,SHORT,-1.290022175134371,507.55,501.6
2026-04-03,m000,SHORT,-2.159747864822308,2868.0,2863.0
2026-04-03,pb000,SHORT,-3.400102313988211,16740.0,16750.0
2026-04-03,c000,SHORT,-4.682887483640366,2350.0,2354.0
2026-04-03,eg000,SHORT,-5.166770812255207,5084.0,5031.0
2026-04-07,pp000,LONG,6.8703223962976745,9594.0,9865.0
2026-04-07,OI000,LONG,3.5118114875875377,9785.0,9769.0
2026-04-07,op000,LONG,3.3283687989041493,4050.0,4020.0
2026-04-07,SM000,LONG,3.050542313961541,6398.0,6392.0
2026-04-07,v000,LONG,2.131644647320126,5407.0,5398.0
2026-04-07,SA000,SHORT,-2.619867014141859,1160.0,1145.0
2026-04-07,hc000,SHORT,-4.1795267719792895,3279.0,3275.0
2026-04-07,pb000,SHORT,-4.698238321515553,16745.0,16730.0
2026-04-07,CF000,SHORT,-5.792458013439934,15340.0,15220.0
2026-04-07,ss000,SHORT,-8.500862191227714,14280.0,14160.0
2026-04-08,c000,LONG,14.046350148183665,2341.0,2348.0
2026-04-08,ss000,LONG,6.582602600996806,14140.0,14140.0
2026-04-08,eg000,LONG,4.128319554385193,5092.0,5785.0
2026-04-08,CY000,LONG,3.823843742750993,21545.0,21560.0
2026-04-08,m000,LONG,2.5268234135749927,2951.0,2974.0
2026-04-08,PR000,SHORT,-7.6772102709842525,8038.0,8520.0
2026-04-08,UR000,SHORT,-7.758657056572589,1833.0,1837.0
2026-04-08,RM000,SHORT,-14.849077524735485,2224.0,2241.0
2026-04-08,PK000,SHORT,-16.527403842663794,8078.0,8110.0
2026-04-08,OI000,SHORT,-19.54709111739391,9554.0,9734.0
2026-04-09,hc000,LONG,11.165618211655303,3279.0,3282.0
2026-04-09,m000,LONG,7.503181653666921,2965.0,2974.0
2026-04-09,c000,LONG,7.273685267455998,2346.0,2345.0
2026-04-09,OI000,LONG,4.399196041508098,9517.0,9523.0
2026-04-09,PK000,LONG,3.2881667118421243,8342.0,8378.0
2026-04-09,l000,SHORT,-2.2944128464172904,8621.0,8490.0
2026-04-09,SR000,SHORT,-2.457434268321637,5272.0,5280.0
2026-04-09,CF000,SHORT,-2.6702742875442396,15330.0,15355.0
2026-04-09,ss000,SHORT,-3.368525344632422,14335.0,14320.0
2026-04-09,lg000,SHORT,-4.311011184624392,838.5,837.0
2026-04-10,ss000,LONG,2.1926557866421827,14455.0,14440.0
2026-04-10,lg000,LONG,1.9016571523628927,836.5,831.5
2026-04-10,rb000,LONG,1.7459355599833888,3086.0,3088.0
2026-04-10,op000,LONG,1.568539592317643,4044.0,4040.0
2026-04-10,CY000,LONG,1.3635120243785444,21950.0,21815.0
2026-04-10,RM000,SHORT,-2.9901812267708507,2254.0,2257.0
2026-04-10,pp000,SHORT,-3.599682609270673,9035.0,9101.0
2026-04-10,hc000,SHORT,-3.6681438225286036,3264.0,3265.0
2026-04-10,PK000,SHORT,-4.412699931661016,8414.0,8412.0
2026-04-10,eg000,SHORT,-5.457250635660483,5060.0,5149.0
2026-04-13,rb000,LONG,6.492474360987852,3090.0,3093.0
2026-04-13,OI000,LONG,5.0466109544155,9507.0,9459.0
2026-04-13,lg000,LONG,4.551764432342065,832.5,833.0
2026-04-13,PK000,LONG,3.2119031518966614,8378.0,8352.0
2026-04-13,PR000,LONG,2.707104461776705,7850.0,7762.0
2026-04-13,eg000,SHORT,-3.543721232370529,5018.0,4929.0
2026-04-13,fb000,SHORT,-3.5918662653506086,1363.5,1356.0
2026-04-13,m000,SHORT,-3.685640759416377,2994.0,2982.0
2026-04-13,pp000,SHORT,-3.9500028296591156,9092.0,8928.0
2026-04-13,l000,SHORT,-4.232260583649549,8442.0,8338.0
2026-04-14,hc000,LONG,5.170426151647865,3286.0,3282.0
2026-04-14,al000,LONG,4.224894877935431,25010.0,24980.0
2026-04-14,pt000,LONG,2.597541393319353,527.25,526.9
2026-04-14,SR000,LONG,2.154491289574405,5290.0,5297.0
2026-04-14,pp000,LONG,2.0978909076797048,8905.0,8968.0
2026-04-14,ni000,SHORT,-1.6421181334134105,137720.0,137420.0
2026-04-14,OI000,SHORT,-1.8544547395650877,9377.0,9419.0
2026-04-14,pb000,SHORT,-1.917179413257603,16595.0,16570.0
2026-04-14,ad000,SHORT,-2.099722366525775,23900.0,23860.0
2026-04-14,lh000,SHORT,-2.231635041361612,9100.0,9185.0
2026-04-15,rb000,LONG,7.241475247010922,3098.0,3100.0
2026-04-15,lg000,LONG,3.428807476140786,814.5,817.0
2026-04-15,pg000,LONG,3.1472821278168164,5375.0,5433.0
2026-04-15,al000,LONG,2.49321426881021,24875.0,24890.0
2026-04-15,op000,LONG,1.922215789446533,4054.0,4060.0
2026-04-15,c000,SHORT,-1.7337440491940819,2370.0,2376.0
2026-04-15,ss000,SHORT,-1.864810579246419,14855.0,14845.0
2026-04-15,cu000,SHORT,-2.2053286295448093,102130.0,102120.0
2026-04-15,OI000,SHORT,-2.465183101970632,9339.0,9355.0
2026-04-15,eg000,SHORT,-3.7195687138802564,4843.0,4901.0
2026-04-16,a000,LONG,1.9644933166057565,4824.0,4828.0
2026-04-16,SR000,LONG,1.8192210865415328,5298.0,5297.0
2026-04-16,lu000,LONG,1.473437974733387,4383.0,4433.0
2026-04-16,pt000,LONG,0.9282459799202486,539.6,538.3
2026-04-16,al000,LONG,0.9268585642381397,25405.0,25345.0
2026-04-16,m000,SHORT,-1.7415607060994536,2983.0,2975.0
2026-04-16,op000,SHORT,-2.454722595138713,4092.0,4100.0
2026-04-16,c000,SHORT,-2.6080068318135443,2394.0,2396.0
2026-04-16,eg000,SHORT,-2.7173983401764343,4912.0,4921.0
2026-04-16,ss000,SHORT,-3.0941102159200886,14705.0,14710.0
2026-04-17,eg000,LONG,2.267295226842442,4991.0,5015.0
2026-04-17,jm000,LONG,0.964781339437949,1233.0,1236.5
2026-04-17,rr000,LONG,0.7758378865143072,3603.0,3604.0
2026-04-17,SA000,LONG,0.6981592382422228,1232.0,1230.0
2026-04-17,MA000,LONG,0.4916356145475904,2936.0,2938.0
2026-04-17,op000,SHORT,-2.208840704979878,4060.0,4076.0
2026-04-17,sc000,SHORT,-2.2495400738071933,639.2,639.5
2026-04-17,ss000,SHORT,-2.427313517126297,14980.0,15020.0
2026-04-17,CF000,SHORT,-3.3044642524343866,15960.0,15940.0
2026-04-17,rb000,SHORT,-3.570393902629079,3135.0,3133.0
2026-04-20,OI000,LONG,4.045658758739763,9436.0,9388.0
2026-04-20,hc000,LONG,3.92900077540471,3328.0,3320.0
2026-04-20,c000,LONG,3.473117608562209,2400.0,2394.0
2026-04-20,PK000,LONG,3.3129525189702154,8358.0,8328.0
2026-04-20,m000,LONG,3.302343163285571,2963.0,2950.0
2026-04-20,pt000,SHORT,-1.4741332999032193,528.4,525.55
2026-04-20,SM000,SHORT,-1.5941826686591738,6264.0,6200.0
2026-04-20,a000,SHORT,-1.9903387449216137,4790.0,4770.0
2026-04-20,pp000,SHORT,-2.655993439056081,8345.0,8175.0
2026-04-20,CF000,SHORT,-4.69123478422752,15980.0,15905.0
2026-04-21,pb000,LONG,5.993329252655775,16860.0,16860.0
2026-04-21,ad000,LONG,3.674433363988367,23685.0,23690.0
2026-04-21,CF000,LONG,3.003989422363297,15960.0,15990.0
2026-04-21,hc000,LONG,2.4007017172645706,3363.0,3365.0
2026-04-21,eg000,LONG,2.36647718548008,4743.0,4710.0
2026-04-21,sc000,SHORT,-1.2040140301573865,615.7,616.3
2026-04-21,jd000,SHORT,-1.2828773754926355,3320.0,3318.0
2026-04-21,rb000,SHORT,-1.8179264000316422,3173.0,3175.0
2026-04-21,CY000,SHORT,-2.2458213799309092,22180.0,22200.0
2026-04-21,lg000,SHORT,-3.390794081581838,819.5,822.0
2026-04-22,pb000,LONG,3.4962437178071264,16765.0,16780.0
2026-04-22,CY000,LONG,2.5414951375723502,22415.0,22390.0
2026-04-22,eg000,LONG,2.298153820536926,4775.0,4785.0
2026-04-22,zn000,LONG,1.8843284143839458,24175.0,24175.0
2026-04-22,a000,LONG,1.7478994181225498,4906.0,4906.0
2026-04-22,pp000,SHORT,-1.9887245646885041,8205.0,8264.0
2026-04-22,m000,SHORT,-2.261788568437871,3014.0,3019.0
2026-04-22,c000,SHORT,-2.8020838282014946,2439.0,2442.0
2026-04-22,hc000,SHORT,-2.9512300315413325,3367.0,3365.0
2026-04-22,al000,SHORT,-3.7543355218528447,24910.0,24935.0
2026-04-23,hc000,LONG,4.082530314883944,3400.0,3395.0
2026-04-23,m000,LONG,4.008200934030522,2997.0,3009.0
2026-04-23,eg000,LONG,3.597734364057115,4817.0,4798.0
2026-04-23,bc000,LONG,3.445265541379356,92220.0,92250.0
2026-04-23,PK000,LONG,2.9909615861676664,8452.0,8438.0
2026-04-23,op000,SHORT,-1.2601238598956432,4126.0,4132.0
2026-04-23,SA000,SHORT,-1.4070093476202137,1261.0,1266.0
2026-04-23,ad000,SHORT,-1.6047390567703388,23730.0,23730.0
2026-04-23,CF000,SHORT,-2.605543545602181,16250.0,16295.0
2026-04-23,rb000,SHORT,-2.685053276899071,3190.0,3191.0
2026-04-24,a000,LONG,3.0417310655756116,4994.0,5006.0
2026-04-24,pp000,LONG,2.3685394048151465,8390.0,8343.0
2026-04-24,c000,LONG,1.3686061618022554,2424.0,2428.0
2026-04-24,PK000,LONG,1.0098486311034778,8440.0,8422.0
2026-04-24,ss000,LONG,0.9496595439242566,15070.0,15080.0
2026-04-24,lg000,SHORT,-1.5834927985561433,819.0,815.0
2026-04-24,CY000,SHORT,-2.1700081773357796,22420.0,22445.0
2026-04-24,zn000,SHORT,-2.18853143416284,24330.0,24330.0
2026-04-24,pb000,SHORT,-2.773534929360681,16650.0,16640.0
2026-04-24,rb000,SHORT,-4.620867047817162,3192.0,3193.0
2026-04-27,pb000,LONG,5.793227764771256,16740.0,16750.0
2026-04-27,CY000,LONG,4.448981147372948,22530.0,22430.0
2026-04-27,RM000,LONG,3.1574892235474863,2365.0,2362.0
2026-04-27,PK000,LONG,2.7250965840529298,8396.0,8414.0
2026-04-27,hc000,LONG,2.5802710199111574,3404.0,3397.0
2026-04-27,lh000,SHORT,-0.7833599652929427,11350.0,11215.0
2026-04-27,rb000,SHORT,-1.004811736555359,3198.0,3193.0
2026-04-27,al000,SHORT,-1.3559327488245931,24860.0,24860.0
2026-04-27,pg000,SHORT,-1.4648244722510684,5642.0,5588.0
2026-04-27,CF000,SHORT,-2.112441132974518,16380.0,16325.0
2026-04-28,hc000,LONG,2.192647992880106,3376.0,3396.0
2026-04-28,m000,LONG,1.7812158096988702,3007.0,3005.0
2026-04-28,ad000,LONG,1.7524894021048907,23180.0,23210.0
2026-04-28,eg000,LONG,1.4990411617890131,4952.0,4922.0
2026-04-28,pp000,LONG,1.3085238366829093,8581.0,8551.0
2026-04-28,i000,SHORT,-1.7513650190406727,785.0,787.0
2026-04-28,rr000,SHORT,-2.4577589766473573,3613.0,3616.0
2026-04-28,rb000,SHORT,-2.9585270672188706,3181.0,3190.0
2026-04-28,SR000,SHORT,-3.0216616694354146,5411.0,5413.0
2026-04-28,a000,SHORT,-4.083734366125334,4960.0,4929.0
2026-04-29,y000,LONG,4.600649786235363,8538.0,8515.0
2026-04-29,hc000,LONG,3.0520562610648017,3376.0,3370.0
2026-04-29,pb000,LONG,1.943034031808595,16715.0,16710.0
2026-04-29,pp000,LONG,1.6913600019803472,8751.0,8738.0
2026-04-29,ad000,LONG,1.5246705420787128,22965.0,22960.0
2026-04-29,SR000,SHORT,-2.0892523018259754,5397.0,5393.0
2026-04-29,pg000,SHORT,-2.829775252576941,5912.0,5867.0
2026-04-29,lg000,SHORT,-3.038064619458689,800.5,808.0
2026-04-29,op000,SHORT,-3.7293521404623866,4060.0,4054.0
2026-04-29,rb000,SHORT,-4.1698294199327375,3171.0,3168.0
2026-04-30,CY000,LONG,5.594181665820857,22235.0,22220.0
2026-04-30,rb000,LONG,3.399337824726452,3196.0,3193.0
2026-04-30,SA000,LONG,2.70257654319849,1237.0,1228.0
2026-04-30,ni000,LONG,2.224320685627101,148870.0,148940.0
2026-04-30,bc000,LONG,1.9899680958494328,89290.0,89290.0
2026-04-30,pp000,SHORT,-1.8652933340952231,8798.0,8797.0
2026-04-30,eg000,SHORT,-2.3694964647426002,5065.0,5072.0
2026-04-30,m000,SHORT,-2.5463538515403092,3037.0,3012.0
2026-04-30,op000,SHORT,-2.635125176178818,4056.0,4052.0
2026-04-30,hc000,SHORT,-5.248762091989415,3407.0,3398.0
2026-05-06,pb000,LONG,8.076844505577203,16815.0,16980.0
2026-05-06,hc000,LONG,7.659799730326537,3468.0,3493.0
2026-05-06,c000,LONG,4.292570522716852,2430.0,2391.0
2026-05-06,l000,LONG,4.175879332991518,8474.0,8486.0
2026-05-06,op000,LONG,4.022837907925858,4070.0,4066.0
2026-05-06,CF000,SHORT,-1.428899882802361,16890.0,16715.0
2026-05-06,eg000,SHORT,-1.547538086388045,5130.0,5162.0
2026-05-06,y000,SHORT,-1.675739122758127,8688.0,8664.0
2026-05-06,rb000,SHORT,-2.194383812961961,3239.0,3264.0
2026-05-06,a000,SHORT,-3.493981991370923,4994.0,4887.0
2026-05-07,CY000,LONG,4.00853060539312,22830.0,22835.0
2026-05-07,sn000,LONG,3.7352027053543138,424760.0,423820.0
2026-05-07,rb000,LONG,2.2039168870492287,3265.0,3268.0
2026-05-07,lh000,LONG,1.2329012137285873,11370.0,11380.0
2026-05-07,AP000,LONG,1.146951025218249,7583.0,7591.0
2026-05-07,y000,SHORT,-1.8562818926226106,8613.0,8609.0
2026-05-07,lg000,SHORT,-2.229101277819373,818.0,819.0
2026-05-07,m000,SHORT,-2.355486733173933,3001.0,3003.0
2026-05-07,ad000,SHORT,-2.556143700616082,23005.0,23005.0
2026-05-07,a000,SHORT,-2.7427659337210475,4839.0,4869.0
2026-05-08,rb000,LONG,3.7005413327208965,3274.0,3278.0
2026-05-08,lg000,LONG,3.2538405175600102,818.5,815.0
2026-05-08,eg000,LONG,2.692443187237204,4835.0,4820.0
2026-05-08,CF000,LONG,2.077568726171285,16610.0,16495.0
2026-05-08,pg000,LONG,1.3771342504562238,5705.0,5655.0
2026-05-08,PK000,SHORT,-1.5044471107534427,8326.0,8288.0
2026-05-08,fb000,SHORT,-1.5398357573628718,1342.5,1350.5
2026-05-08,hc000,SHORT,-1.9715129788022105,3487.0,3490.0
2026-05-08,c000,SHORT,-3.2409424419795316,2370.0,2371.0
2026-05-08,RM000,SHORT,-3.8149955482827878,2366.0,2368.0
2026-05-11,eg000,LONG,5.268311803682684,4815.0,4757.0
2026-05-11,lg000,LONG,4.9543763366243745,812.0,813.0
2026-05-11,ss000,LONG,3.0527715824669706,15115.0,15125.0
2026-05-11,PK000,LONG,2.8416003109466725,8282.0,8260.0
2026-05-11,jm000,LONG,2.7696794967044642,1300.0,1293.0
2026-05-11,hc000,SHORT,-0.7760655398072571,3494.0,3490.0
2026-05-11,cu000,SHORT,-0.8667588229510035,104250.0,104270.0
2026-05-11,bu000,SHORT,-1.8743461341698644,4370.0,4329.0
2026-05-11,a000,SHORT,-2.5641965212005107,4815.0,4803.0
2026-05-11,SR000,SHORT,-2.897578168953354,5466.0,5464.0
2026-05-12,rb000,LONG,3.1052476380788065,3280.0,3276.0
2026-05-12,hc000,LONG,2.606524346948487,3496.0,3493.0
2026-05-12,CF000,LONG,2.1408171683531334,16490.0,16370.0
2026-05-12,op000,LONG,1.9369881819669363,4082.0,4080.0
2026-05-12,c000,LONG,1.2447101353956167,2355.0,2357.0
2026-05-12,a000,SHORT,-1.064249128776478,4796.0,4797.0
2026-05-12,sn000,SHORT,-1.3071307750091679,433760.0,436040.0
2026-05-12,sp000,SHORT,-1.453862289926717,5152.0,5144.0
2026-05-12,pt000,SHORT,-1.5758847410933405,531.95,520.5
2026-05-12,al000,SHORT,-1.8590091423420096,24685.0,24685.0
2026-05-13,eg000,LONG,2.0603579133547942,4811.0,4834.0
2026-05-13,lg000,LONG,1.429247432055563,814.0,819.0
2026-05-13,c000,LONG,1.1941416601635677,2366.0,2368.0
2026-05-13,rr000,LONG,1.1892451532036024,3545.0,3542.0
2026-05-13,CY000,LONG,1.1722791829952577,22300.0,22365.0
2026-05-13,pb000,SHORT,-1.6386206245690582,16535.0,16545.0
2026-05-13,a000,SHORT,-1.9302382577148336,4823.0,4829.0
2026-05-13,sn000,SHORT,-2.636559959171386,426980.0,426230.0
2026-05-13,ss000,SHORT,-3.5818038083073684,15060.0,15070.0
2026-05-13,hc000,SHORT,-4.247177740062204,3473.0,3468.0
2026-05-14,al000,LONG,2.5545038852047695,25065.0,25040.0
2026-05-14,hc000,LONG,1.6851434044633598,3471.0,3472.0
2026-05-14,SR000,LONG,1.4861065195405445,5506.0,5487.0
2026-05-14,jm000,LONG,1.101886977360331,1244.5,1244.0
2026-05-14,CF000,LONG,0.7324602302363993,16520.0,16580.0
2026-05-14,op000,SHORT,-3.542226152908809,4076.0,4074.0
2026-05-14,c000,SHORT,-3.8588946977887777,2370.0,2374.0
2026-05-14,lg000,SHORT,-3.9340072522264524,818.5,817.0
2026-05-14,eg000,SHORT,-4.087058522377967,4766.0,4781.0
2026-05-14,y000,SHORT,-4.826126510779774,8556.0,8572.0
2026-05-15,CY000,LONG,2.6654207726082273,22270.0,22330.0
2026-05-15,pg000,LONG,2.573913306656777,6067.0,6032.0
2026-05-15,hc000,LONG,2.571110388429626,3481.0,3477.0
2026-05-15,m000,LONG,2.470982319151652,3010.0,3003.0
2026-05-15,pb000,LONG,2.4226935095339366,16550.0,16555.0
2026-05-15,op000,SHORT,-0.7370813427441626,4072.0,4078.0
2026-05-15,SR000,SHORT,-0.8944261916398805,5462.0,5486.0
2026-05-15,fu000,SHORT,-1.5797191064031382,4067.0,4006.0
2026-05-15,eg000,SHORT,-2.8388875603542814,4760.0,4744.0
2026-05-15,rb000,SHORT,-5.820622953273771,3262.0,3257.0
2026-05-18,hc000,LONG,11.199057991966574,3446.0,3443.0
2026-05-18,m000,LONG,6.474358077368302,2981.0,2973.0
2026-05-18,OI000,LONG,3.951317245131622,9548.0,9515.0
2026-05-18,pp000,LONG,3.2178423610777798,8879.0,8758.0
2026-05-18,c000,LONG,2.8940668611661398,2356.0,2355.0
2026-05-18,pg000,SHORT,-1.3957932572750267,6231.0,6093.0
2026-05-18,ss000,SHORT,-1.511545564309043,14730.0,14725.0
2026-05-18,rb000,SHORT,-1.6614824712092733,3228.0,3229.0
2026-05-18,CF000,SHORT,-6.581692783140732,16055.0,16055.0
2026-05-18,CY000,SHORT,-6.709529193068158,22055.0,22065.0
2026-05-19,SR000,LONG,1.8586569922207088,5432.0,5428.0
2026-05-19,op000,LONG,1.7082357188457378,4022.0,4024.0
2026-05-19,m000,LONG,1.5625318333893705,3018.0,3018.0
2026-05-19,sc000,LONG,1.315686542227226,681.2,678.8
2026-05-19,eg000,LONG,1.1707165686628416,4743.0,4750.0
2026-05-19,rr000,SHORT,-1.1897615110641213,3545.0,3544.0
2026-05-19,rb000,SHORT,-1.330574965701103,3202.0,3207.0
2026-05-19,al000,SHORT,-1.739816156613449,24320.0,24310.0
2026-05-19,CY000,SHORT,-2.5005925642568445,22190.0,22145.0
2026-05-19,lg000,SHORT,-3.0697692968353882,815.5,812.5
2026-05-20,hc000,LONG,2.7731517694490515,3418.0,3420.0
2026-05-20,m000,LONG,2.407105978311364,3032.0,3033.0
2026-05-20,CY000,LONG,1.426193485468753,22075.0,22075.0
2026-05-20,eg000,LONG,1.1000187996113966,4740.0,4747.0
2026-05-20,fu000,LONG,1.0964946510011968,4255.0,4238.0
2026-05-20,sc000,SHORT,-1.0521962274902823,687.9,688.1
2026-05-20,rr000,SHORT,-1.193272198835348,3627.0,3627.0
2026-05-20,lg000,SHORT,-1.19743590383343,811.0,814.0
2026-05-20,ss000,SHORT,-1.5184965595723592,14730.0,14715.0
2026-05-20,pb000,SHORT,-1.5430614703773753,16450.0,16445.0
2026-05-21,CF000,LONG,2.7963446631485813,16080.0,16115.0
2026-05-21,rb000,LONG,2.4782185288998666,3190.0,3186.0
2026-05-21,SR000,LONG,2.08724596535911,5377.0,5373.0
2026-05-21,ni000,LONG,1.4365061986858165,145080.0,145000.0
2026-05-21,SF000,LONG,1.3752442925403578,5926.0,5884.0
2026-05-21,bz000,SHORT,-0.5445587161983599,8190.0,8218.0
2026-05-21,m000,SHORT,-0.7041059685493206,3012.0,3010.0
2026-05-21,al000,SHORT,-0.7096123101444826,24570.0,24550.0
2026-05-21,RM000,SHORT,-0.7398421265729356,2357.0,2353.0
2026-05-21,eg000,SHORT,-2.5229395464233626,4694.0,4698.0
2026-05-22,hc000,LONG,2.2310291879359943,3381.0,3386.0
2026-05-22,ss000,LONG,2.2263642411526217,14800.0,14825.0
2026-05-22,op000,LONG,2.0334799791507012,3988.0,3986.0
2026-05-22,pb000,LONG,2.0131311132192633,16735.0,16740.0
2026-05-22,c000,LONG,1.251280306367215,2331.0,2336.0
2026-05-22,y000,SHORT,-1.725285280676623,8497.0,8506.0
2026-05-22,SR000,SHORT,-1.956552803300826,5366.0,5368.0
2026-05-22,fb000,SHORT,-1.9618613493659978,1284.0,1291.0
2026-05-22,PK000,SHORT,-2.3070884609441697,8138.0,8140.0
2026-05-22,RM000,SHORT,-3.6130188057592036,2336.0,2339.0
2026-05-25,SR000,LONG,8.204804137923475,5362.0,5362.0
2026-05-25,SH000,LONG,4.343528597293115,2029.0,1992.0
2026-05-25,SF000,LONG,3.3537872423052697,6058.0,6072.0
2026-05-25,a000,LONG,3.305019124164197,4862.0,4888.0
2026-05-25,y000,LONG,2.6632087288400252,8445.0,8489.0
2026-05-25,OI000,SHORT,-2.5205634834643864,9627.0,9661.0
2026-05-25,c000,SHORT,-2.5932997985985073,2336.0,2340.0
2026-05-25,RM000,SHORT,-2.7365520913586634,2337.0,2344.0
2026-05-25,m000,SHORT,-3.6700983507386122,2992.0,2999.0
2026-05-25,hc000,SHORT,-5.040896956119219,3442.0,3380.0
2026-05-26,a000,LONG,3.4091872923771147,4789.0,4817.0
2026-05-26,rb000,LONG,2.9091405732661606,3183.0,3189.0
2026-05-26,au000,LONG,1.5688064800234571,1002.96,1003.54
2026-05-26,hc000,LONG,1.5622813650198284,3396.0,3402.0
2026-05-26,c000,LONG,1.2676926658143663,2316.0,2318.0
2026-05-26,ad000,SHORT,-2.0706930611491288,23000.0,22975.0
2026-05-26,eg000,SHORT,-2.153264744450085,4475.0,4501.0
2026-05-26,y000,SHORT,-3.3247153199219963,8433.0,8450.0
2026-05-26,SH000,SHORT,-3.7307715395468177,1971.0,1971.0
2026-05-26,SR000,SHORT,-6.886156569454985,5357.0,5355.0
2026-05-27,a000,LONG,4.731321488212533,4837.0,4847.0
2026-05-27,CY000,LONG,3.3362445065581596,22320.0,22330.0
2026-05-27,lg000,LONG,2.3813017187546794,806.0,808.0
2026-05-27,op000,LONG,1.7579766710686078,4034.0,4040.0
2026-05-27,fu000,LONG,1.5862535040234542,3850.0,3905.0
2026-05-27,l000,SHORT,-2.3808362051996768,7790.0,7845.0
2026-05-27,m000,SHORT,-2.561110520602615,2973.0,2975.0
2026-05-27,y000,SHORT,-3.0375974062113977,8439.0,8441.0
2026-05-27,c000,SHORT,-3.8235969599769812,2317.0,2314.0
2026-05-27,hc000,SHORT,-3.9657789901380975,3354.0,3358.0
2026-05-28,lg000,LONG,2.3118470405992313,805.5,802.0
2026-05-28,c000,LONG,2.086770126538791,2309.0,2310.0
2026-05-28,SR000,LONG,1.6051807878122681,5361.0,5371.0
2026-05-28,sc000,LONG,1.4996985975720667,592.0,593.5
2026-05-28,op000,LONG,1.4799836070535597,4028.0,4026.0
2026-05-28,pg000,SHORT,-1.6928705940423423,5560.0,5550.0
2026-05-28,ad000,SHORT,-1.7266264205261843,22910.0,22895.0
2026-05-28,m000,SHORT,-1.79717632716943,2974.0,2974.0
2026-05-28,eg000,SHORT,-3.3011321530206885,4452.0,4465.0
2026-05-28,rb000,SHORT,-5.759278694915057,3150.0,3154.0
2026-05-29,eg000,LONG,4.7103807957758885,4432.0,4452.0
2026-05-29,al000,LONG,3.4437993096761597,24380.0,24375.0
2026-05-29,lg000,LONG,2.4507554248262875,803.0,795.0
2026-05-29,rb000,LONG,2.0746258566584324,3154.0,3149.0
2026-05-29,rr000,LONG,1.8463737680412782,3558.0,3558.0
2026-05-29,zn000,SHORT,-0.8176931711917799,24895.0,24880.0
2026-05-29,CF000,SHORT,-1.0089781883663624,16120.0,16130.0
2026-05-29,pp000,SHORT,-1.0534710865604395,8426.0,8445.0
2026-05-29,CY000,SHORT,-1.1563026686072473,22395.0,22425.0
2026-05-29,a000,SHORT,-1.3994015904013597,4824.0,4811.0
2026-06-01,eg000,LONG,10.662878686555425,4489.0,4446.0
2026-06-01,pb000,LONG,3.8840478036195982,16540.0,16565.0
2026-06-01,m000,LONG,3.872944014517322,2985.0,2981.0
2026-06-01,c000,LONG,2.711278543650528,2319.0,2327.0
2026-06-01,l000,LONG,2.4862979441792334,7936.0,7885.0
2026-06-01,pg000,SHORT,-0.7688194918276922,5543.0,5487.0
2026-06-01,cs000,SHORT,-0.9712551684650901,2681.0,2688.0
2026-06-01,cu000,SHORT,-1.1926729833530836,104350.0,104420.0
2026-06-01,lg000,SHORT,-1.90351126213706,792.5,785.0
2026-06-01,CF000,SHORT,-1.9493687081047917,16160.0,16055.0
2026-06-02,rb000,LONG,2.0967468809408176,3175.0,3179.0
2026-06-02,CF000,LONG,1.957973352154134,16280.0,16280.0
2026-06-02,SR000,LONG,1.3651621396321703,5442.0,5450.0
2026-06-02,op000,LONG,1.144310431881587,4002.0,4002.0
2026-06-02,sc000,LONG,0.7143366137816137,616.1,614.9
2026-06-02,m000,SHORT,-3.8012504709794137,2976.0,2984.0
2026-06-02,lg000,SHORT,-4.013740502064558,784.5,788.0
2026-06-02,OI000,SHORT,-4.018564713907607,9976.0,9978.0
2026-06-02,c000,SHORT,-6.000079865839799,2328.0,2332.0
2026-06-02,hc000,SHORT,-6.383126634669531,3399.0,3405.0
2026-06-03,y000,LONG,2.9859712307150374,8526.0,8534.0
2026-06-03,c000,LONG,1.9118577991780152,2328.0,2325.0
2026-06-03,pb000,LONG,1.8750410279176788,16690.0,16700.0
2026-06-03,OI000,LONG,1.569249984830737,10114.0,10003.0
2026-06-03,PF000,LONG,1.4105694333725698,7786.0,7732.0
2026-06-03,rr000,SHORT,-1.8017298655260916,3562.0,3561.0
2026-06-03,op000,SHORT,-2.152789535176183,4006.0,4006.0
2026-06-03,rb000,SHORT,-2.5453195175043994,3178.0,3184.0
2026-06-03,CY000,SHORT,-3.01005469356642,22685.0,22700.0
2026-06-03,lg000,SHORT,-5.30098530414127,787.0,797.5
2026-06-04,rb000,LONG,4.341406977462729,3165.0,3173.0
2026-06-04,CF000,LONG,2.8071114782424376,16280.0,16325.0
2026-06-04,jm000,LONG,1.777998259448734,1411.0,1417.5
2026-06-04,SA000,LONG,1.1800442378208458,1197.0,1204.0
2026-06-04,pg000,LONG,0.9082630898556295,5723.0,5745.0
2026-06-04,sc000,SHORT,-3.406360348160382,612.7,612.7
2026-06-04,ss000,SHORT,-3.5039414999277065,14795.0,14820.0
2026-06-04,eg000,SHORT,-3.6463758802903947,4496.0,4528.0
2026-06-04,pb000,SHORT,-3.794161300203064,16500.0,16510.0
2026-06-04,op000,SHORT,-5.113724047464136,3994.0,3996.0
2026-06-05,SA000,LONG,4.264771912341808,1169.0,1180.0
2026-06-05,eg000,LONG,1.013662801515687,4439.0,4458.0
2026-06-05,SM000,LONG,0.783752870052952,5990.0,5980.0
2026-06-05,hc000,LONG,0.7806182001538352,3371.0,3372.0
2026-06-05,j000,LONG,0.4364442406914202,2041.5,2055.0
2026-06-05,rb000,SHORT,-2.3243351316463783,3153.0,3152.0
2026-06-05,ss000,SHORT,-3.1998195556479994,14665.0,14670.0
2026-06-05,pg000,SHORT,-3.524164261980298,5572.0,5599.0
2026-06-05,SR000,SHORT,-4.53916981091423,5324.0,5352.0
2026-06-05,CY000,SHORT,-4.584558634621701,22400.0,22460.0
2026-06-08,a000,LONG,9.386425741104073,4729.0,4714.0
2026-06-08,hc000,LONG,7.03139302013557,3387.0,3394.0
2026-06-08,eg000,LONG,4.027975437236405,4459.0,4432.0
2026-06-08,ad000,LONG,2.0413002691052826,22935.0,22925.0
2026-06-08,m000,LONG,2.031646437945705,2911.0,2910.0
2026-06-08,jm000,SHORT,-1.6415104523263904,1478.0,1469.0
2026-06-08,pb000,SHORT,-2.0715140269604864,16385.0,16395.0
2026-06-08,zn000,SHORT,-4.080323805879723,24665.0,24655.0
2026-06-08,CF000,SHORT,-4.920318133787333,15835.0,15940.0
2026-06-08,rb000,SHORT,-6.857382392256525,3169.0,3174.0
2026-06-09,CY000,LONG,3.781313135789016,22125.0,22150.0
2026-06-09,rb000,LONG,1.8963253705728176,3149.0,3146.0
2026-06-09,rr000,LONG,1.5576463403723384,3608.0,3608.0
2026-06-09,pg000,LONG,0.953815577168107,5667.0,5721.0
2026-06-09,ad000,LONG,0.729217610137712,22995.0,22995.0
2026-06-09,hc000,SHORT,-2.5522898075615226,3361.0,3359.0
2026-06-09,sn000,SHORT,-3.1022584954725545,401350.0,401950.0
2026-06-09,eg000,SHORT,-3.3007398199877813,4562.0,4589.0
2026-06-09,SR000,SHORT,-3.3860099110379394,5339.0,5337.0
2026-06-09,pb000,SHORT,-5.000181040123904,16190.0,16185.0
2026-06-10,ru000,LONG,1.6437881857543142,17395.0,17475.0
2026-06-10,PK000,LONG,1.5002393396468154,8420.0,8392.0
2026-06-10,pg000,LONG,1.1893503150398834,5539.0,5480.0
2026-06-10,sn000,LONG,1.020941139337804,398060.0,398850.0
2026-06-10,SA000,LONG,0.9269662104121842,1148.0,1147.0
2026-06-10,CF000,SHORT,-2.22476661156107,15620.0,15715.0
2026-06-10,rr000,SHORT,-2.7446042558850756,3598.0,3577.0
2026-06-10,l000,SHORT,-2.8840088787266316,7817.0,7814.0
2026-06-10,rb000,SHORT,-7.175931648886988,3148.0,3155.0
2026-06-10,CY000,SHORT,-9.519601828683628,22020.0,22105.0
2026-06-11,rb000,LONG,5.38019045563928,3174.0,3172.0
2026-06-11,pg000,LONG,2.648313779847107,5697.0,5656.0
2026-06-11,OI000,LONG,2.2775830451078396,9942.0,9959.0
2026-06-11,lg000,LONG,2.194673882027746,793.5,790.0
2026-06-11,PK000,LONG,2.164558194661172,8376.0,8430.0
2026-06-11,pb000,SHORT,-1.0054369682804865,16080.0,16075.0
2026-06-11,a000,SHORT,-1.1501493669810485,4731.0,4736.0
2026-06-11,CY000,SHORT,-1.3977411053211408,22035.0,22065.0
2026-06-11,hc000,SHORT,-1.5361298844849403,3370.0,3372.0
2026-06-11,m000,SHORT,-1.6208453581863334,2923.0,2929.0
2026-06-12,op000,LONG,3.732010884854053,4032.0,4026.0
2026-06-12,bu000,LONG,3.5571697687515167,4477.0,4528.0
2026-06-12,ss000,LONG,1.5955575452890063,14695.0,14675.0
2026-06-12,sc000,LONG,1.533442175473488,585.6,584.4
2026-06-12,pb000,LONG,1.207613044158686,16060.0,16055.0
2026-06-12,a000,SHORT,-2.3353594128084065,4757.0,4764.0
2026-06-12,RM000,SHORT,-3.7469791394270886,2253.0,2258.0
2026-06-12,OI000,SHORT,-4.199220931125117,9899.0,9948.0
2026-06-12,PK000,SHORT,-4.215139080099469,8426.0,8426.0
2026-06-12,m000,SHORT,-5.035115259794108,2928.0,2936.0
2026-06-15,al000,LONG,2.386595153677484,24260.0,24250.0
2026-06-15,pp000,LONG,2.2574831787460323,8273.0,8671.0
2026-06-15,ad000,LONG,1.4328710538322065,23360.0,23355.0
2026-06-15,rb000,LONG,1.3928315379635416,3175.0,3187.0
2026-06-15,lu000,LONG,0.9060153655536747,4115.0,4323.0
2026-06-15,hc000,SHORT,-7.4016262753241975,3383.0,3394.0
2026-06-15,RM000,SHORT,-8.102798830761442,2261.0,2265.0
2026-06-15,c000,SHORT,-9.42911535174648,2337.0,2343.0
2026-06-15,PK000,SHORT,-9.859355054389779,8452.0,8388.0
2026-06-15,OI000,SHORT,-13.035531684502132,9797.0,9868.0
2026-06-16,eg000,LONG,1.5204108536948295,4391.0,4435.0
2026-06-16,jm000,LONG,0.980710902084572,1338.5,1348.5
2026-06-16,SA000,LONG,0.7412405807572628,1166.0,1166.0
2026-06-16,cu000,LONG,0.7136822193107851,105250.0,105100.0
2026-06-16,ao000,LONG,0.6862396810273459,2884.0,2882.0
2026-06-16,a000,SHORT,-3.1045019306112787,4709.0,4709.0
2026-06-16,rb000,SHORT,-3.2158154537757615,3179.0,3182.0
2026-06-16,pp000,SHORT,-3.2961042078431824,8095.0,8142.0
2026-06-16,OI000,SHORT,-3.776033934673078,9770.0,9773.0
2026-06-16,lg000,SHORT,-5.387035188099681,803.5,801.0
2026-06-17,a000,LONG,10.22712118111507,4729.0,4728.0
2026-06-17,rb000,LONG,3.534706313125204,3167.0,3164.0
2026-06-17,lg000,LONG,3.1122115135762405,803.0,809.0
2026-06-17,pb000,LONG,1.800818170088438,16415.0,16415.0
2026-06-17,zn000,LONG,1.7322172826411841,24700.0,24700.0
2026-06-17,op000,SHORT,-0.8656362696705782,3962.0,3960.0
2026-06-17,hc000,SHORT,-0.8950628688633159,3378.0,3376.0
2026-06-17,PK000,SHORT,-1.8310457132947409,8390.0,8402.0
2026-06-17,m000,SHORT,-1.8741785375931523,2964.0,2957.0
2026-06-17,SR000,SHORT,-2.394296725271567,5345.0,5351.0
2026-06-18,rb000,LONG,1.1343432599738523,3137.0,3142.0
2026-06-18,pg000,LONG,0.5914996544835773,4889.0,4947.0
2026-06-18,CJ000,LONG,0.5578260997391984,8680.0,8625.0
2026-06-18,eg000,LONG,0.48716185267900874,4201.0,4227.0
2026-06-18,SR000,LONG,0.4585311139616874,5333.0,5334.0
2026-06-18,a000,SHORT,-2.141708291090518,4685.0,4695.0
2026-06-18,OI000,SHORT,-2.2827261289909293,9760.0,9811.0
2026-06-18,CY000,SHORT,-2.5307963814036656,22515.0,22485.0
2026-06-18,pb000,SHORT,-2.6916416603560926,16480.0,16460.0
2026-06-18,hc000,SHORT,-4.187265083976799,3356.0,3362.0
2026-06-22,au000,LONG,5.614184860970763,920.28,916.92
2026-06-22,sp000,LONG,3.344670046697839,4872.0,4818.0
2026-06-22,al000,LONG,3.1895594125746527,24035.0,24110.0
2026-06-22,bu000,LONG,1.997960430251661,3953.0,3876.0
2026-06-22,zn000,LONG,1.7953550791903428,24785.0,24770.0
2026-06-22,jd000,SHORT,-2.7511377279701006,4437.0,4345.0
2026-06-22,m000,SHORT,-5.019567220182066,2927.0,2934.0
2026-06-22,hc000,SHORT,-5.365169560781493,3339.0,3338.0
2026-06-22,CF000,SHORT,-5.683894989946465,16025.0,16060.0
2026-06-22,lg000,SHORT,-6.76367347933666,818.5,825.0
2026-06-23,op000,LONG,1.9874733851041888,3916.0,3912.0
2026-06-23,OI000,LONG,1.8821588217756107,9697.0,9680.0
2026-06-23,fb000,LONG,1.56478964977465,1303.5,1304.5
2026-06-23,c000,LONG,1.4793390935885453,2322.0,2321.0
2026-06-23,lg000,LONG,1.194376813555386,823.5,822.5
2026-06-23,CF000,SHORT,-1.2554075827615703,16035.0,16030.0
2026-06-23,hc000,SHORT,-1.3574713920602204,3326.0,3329.0
2026-06-23,pg000,SHORT,-1.508875644966511,4565.0,4563.0
2026-06-23,y000,SHORT,-1.651363561997086,8364.0,8355.0
2026-06-23,rb000,SHORT,-4.295992491466016,3114.0,3118.0
2026-06-24,op000,LONG,3.3761071276951338,3874.0,3878.0
2026-06-24,y000,LONG,2.35764479909638,8389.0,8368.0
2026-06-24,CY000,LONG,1.7220408124826083,22415.0,22360.0
2026-06-24,pb000,LONG,1.4681170928577458,16355.0,16350.0
2026-06-24,zn000,LONG,1.2230729301797223,24365.0,24385.0
2026-06-24,PK000,SHORT,-1.8490545061840589,8304.0,8340.0
2026-06-24,m000,SHORT,-2.0421790538036646,2948.0,2945.0
2026-06-24,CF000,SHORT,-2.1088633646450505,15980.0,15925.0
2026-06-24,RM000,SHORT,-2.2354556013482303,2309.0,2307.0
2026-06-24,hc000,SHORT,-3.011061764484777,3328.0,3332.0
2026-06-25,CY000,LONG,1.7338256575343354,22100.0,22150.0
2026-06-25,b000,LONG,0.8408690866699637,3652.0,3682.0
2026-06-25,SH000,LONG,0.6386260212741006,1961.0,1960.0
2026-06-25,ao000,LONG,0.46058025680851195,2834.0,2831.0
2026-06-25,c000,LONG,0.4274855891940974,2320.0,2322.0
2026-06-25,zn000,SHORT,-3.8375581472252347,24025.0,24050.0
2026-06-25,m000,SHORT,-3.9081685775737154,2933.0,2956.0
2026-06-25,eg000,SHORT,-4.304263843602985,4077.0,4080.0
2026-06-25,hc000,SHORT,-5.631107045992561,3324.0,3325.0
2026-06-25,pb000,SHORT,-11.05587189582284,16210.0,16225.0
2026-06-26,lg000,LONG,3.5929188720261735,812.5,817.0
2026-06-26,jm000,LONG,1.5597289109116426,1236.0,1241.0
2026-06-26,lu000,LONG,0.8804718234329655,3867.0,3873.0
2026-06-26,y000,LONG,0.8114459543026556,8425.0,8427.0
2026-06-26,PL000,LONG,0.4807430754082719,6732.0,6715.0
2026-06-26,ss000,SHORT,-1.9217293994914355,14810.0,14805.0
2026-06-26,m000,SHORT,-2.799432953867245,2971.0,2967.0
2026-06-26,hc000,SHORT,-2.8686306324226463,3307.0,3306.0
2026-06-26,c000,SHORT,-2.8816595576095785,2310.0,2311.0
2026-06-26,CY000,SHORT,-3.5235290968218917,22100.0,22125.0
2026-06-29,CY000,LONG,11.684094454550825,22315.0,22210.0
2026-06-29,hc000,LONG,5.997427176314952,3307.0,3312.0
2026-06-29,pb000,LONG,4.403041902880659,16195.0,16195.0
2026-06-29,c000,LONG,2.367875125870497,2326.0,2331.0
2026-06-29,RM000,LONG,1.8999927730347108,2302.0,2309.0
2026-06-29,OI000,SHORT,-1.103874828007084,9717.0,9665.0
2026-06-29,ni000,SHORT,-1.1697131874409412,129480.0,129370.0
2026-06-29,sn000,SHORT,-1.4270407127115479,390790.0,390820.0
2026-06-29,ru000,SHORT,-1.6464820654066141,16510.0,16545.0
2026-06-29,al000,SHORT,-1.7776826982284812,23110.0,23085.0
2026-06-30,lg000,LONG,6.214603667246828,825.5,820.5
2026-06-30,CY000,LONG,5.31667732465328,22590.0,22605.0
2026-06-30,rr000,LONG,2.2979525308386446,3520.0,3521.0
2026-06-30,l000,LONG,1.6451547134241933,6919.0,6928.0
2026-06-30,eg000,LONG,1.5745752049123058,4075.0,4076.0
2026-06-30,pg000,SHORT,-0.6952873299329775,4490.0,4502.0
2026-06-30,sn000,SHORT,-1.0149679536224172,387840.0,387920.0
2026-06-30,hc000,SHORT,-1.1057559597122095,3316.0,3309.0
2026-06-30,pb000,SHORT,-2.202248623804069,16140.0,16140.0
2026-06-30,rb000,SHORT,-4.0763922781992195,3090.0,3083.0
