date,open,high,low,close,volume,amount,outstanding_share,turnover
2010-12-31,25.71,26.9,25.15,25.32,22039360.0,569950720.0,41650000.0,0.5291563025210084
2011-01-04,25.32,25.32,24.61,25.14,8378505.0,209343312.0,41650000.0,0.20116458583433372
2011-01-05,24.95,25.69,24.95,25.41,5777554.0,146686192.0,41650000.0,0.13871678271308524
2011-01-06,25.47,25.49,25.04,25.04,3516548.0,88598632.0,41650000.0,0.0844309243697479
2011-01-07,25.09,25.45,24.96,25.38,4348144.0,109754976.0,41650000.0,0.10439721488595438
2011-01-10,25.46,26.3,25.25,26.02,8848941.0,229129872.0,41650000.0,0.21245956782713085
2011-01-11,25.75,25.8,24.9,24.93,4967526.0,124959360.0,41650000.0,0.119268331332533
2011-01-12,25.01,25.6,24.92,25.37,2424942.0,60835712.0,41650000.0,0.058221896758703484
2011-01-13,25.13,25.15,24.6,24.64,3270104.0,81121944.0,41650000.0,0.07851390156062425
2011-01-14,24.47,24.48,23.32,23.46,3545567.0,84568408.0,41650000.0,0.08512765906362545
2011-01-17,23.37,23.37,22.51,22.7,1994008.0,45373676.0,41650000.0,0.047875342136854744
2011-01-18,22.71,22.95,22.51,22.75,835661.0,19027264.0,41650000.0,0.02006388955582233
2011-01-19,22.7,23.13,22.7,23.05,1216574.0,27877794.0,41650000.0,0.029209459783913566
2011-01-20,22.96,23.15,21.89,21.9,1640178.0,36932988.0,41650000.0,0.03938002400960384
2011-01-21,21.86,22.5,21.74,22.09,1033881.0,22849320.0,41650000.0,0.024823073229291715
2011-01-24,22.18,22.26,21.94,22.19,808680.0,17887496.0,41650000.0,0.01941608643457383
2011-01-25,22.25,22.58,21.75,22.5,1422453.0,31497530.0,41650000.0,0.03415253301320528
2011-01-26,22.26,22.78,22.21,22.52,1024695.0,23134446.0,41650000.0,0.02460252100840336
2011-01-27,22.31,22.83,22.12,22.72,1305528.0,29555924.0,41650000.0,0.03134521008403361
2011-01-28,22.7,22.79,22.41,22.5,1154869.0,26062896.0,41650000.0,0.02772794717887155
2011-01-31,22.48,22.73,22.2,22.65,1006001.0,22596324.0,41650000.0,0.024153685474189675
2011-02-01,22.49,22.68,22.41,22.52,747332.0,16815230.0,41650000.0,0.01794314525810324
2011-02-09,22.36,22.48,22.15,22.19,802296.0,17869402.0,41650000.0,0.01926280912364946
2011-02-10,22.16,22.94,22.02,22.9,1572170.0,35451304.0,41650000.0,0.03774717887154862
2011-02-11,22.8,23.39,22.8,23.28,1985380.0,45799884.0,41650000.0,0.047668187274909964
2011-02-14,23.28,23.66,23.11,23.48,1777779.0,41555600.0,41650000.0,0.04268376950780312
2011-02-15,23.41,23.56,23.25,23.26,1677208.0,39244308.0,41650000.0,0.04026909963985594
2011-02-16,23.18,23.64,23.18,23.64,1559587.0,36608612.0,41650000.0,0.03744506602641057
2011-02-17,23.7,23.75,23.27,23.47,1477450.0,34629444.0,41650000.0,0.03547298919567827
2011-02-18,23.4,23.45,23.15,23.22,1037820.0,24101000.0,41650000.0,0.02491764705882353
2011-02-21,23.22,23.79,23.21,23.77,1935227.0,45725760.0,41650000.0,0.04646403361344538
2011-02-22,23.8,24.28,23.0,23.27,2550862.0,60674880.0,41650000.0,0.061245186074429775
2011-02-23,23.28,23.57,23.18,23.37,1031076.0,24074062.0,41650000.0,0.024755726290516207
2011-02-24,23.38,23.59,23.25,23.58,925616.0,21745296.0,41650000.0,0.022223673469387754
2011-02-25,23.59,23.65,23.12,23.28,1069906.0,24907020.0,41650000.0,0.02568801920768307
2011-02-28,23.28,23.56,23.18,23.56,936313.0,21906174.0,41650000.0,0.02248050420168067
2011-03-01,23.55,23.78,23.41,23.68,1566624.0,36957136.0,41650000.0,0.03761402160864346
2011-03-02,23.66,23.66,23.2,23.42,999540.0,23376334.0,41650000.0,0.023998559423769508
2011-03-03,23.4,23.45,22.95,22.95,1198632.0,27797220.0,41650000.0,0.028778679471788717
2011-03-04,23.01,23.68,23.01,23.63,1419978.0,33282328.0,41650000.0,0.03409310924369748
2011-03-07,23.7,23.75,23.51,23.73,1483375.0,35055748.0,41650000.0,0.03561524609843938
2011-03-08,23.76,23.76,23.47,23.61,843519.0,19885394.0,41650000.0,0.020252557022809124
2011-03-09,23.56,23.83,23.55,23.59,881738.0,20849494.0,41650000.0,0.02117018007202881
2011-03-10,23.52,23.78,23.5,23.55,1058059.0,25039434.0,41650000.0,0.02540357743097239
2011-03-11,23.51,24.1,23.45,23.72,1720190.0,40987736.0,41650000.0,0.04130108043217287
2011-03-14,23.81,24.47,23.81,24.46,3013951.0,73085336.0,41650000.0,0.07236376950780313
2011-03-15,24.48,25.32,23.6,24.91,5610305.0,137821248.0,41650000.0,0.13470120048019207
2011-03-16,24.62,24.84,24.33,24.53,2826212.0,69252752.0,41650000.0,0.06785623049219688
2011-03-17,24.61,25.1,24.12,24.16,2899675.0,71602520.0,41650000.0,0.06962004801920768
2011-03-18,24.4,24.85,24.15,24.6,2081325.0,51120560.0,41650000.0,0.049971788715486194
2011-03-21,24.6,24.89,24.16,24.24,1592527.0,38832160.0,41650000.0,0.03823594237695078
2011-03-22,24.25,24.38,23.77,23.99,1350056.0,32295388.0,41650000.0,0.032414309723889555
2011-03-23,23.88,24.2,23.88,24.04,919281.0,22065632.0,41650000.0,0.02207157262905162
2011-03-24,23.95,24.2,23.88,23.89,871798.0,20879684.0,41650000.0,0.02093152460984394
2011-03-25,23.89,24.08,23.86,23.94,939979.0,22501584.0,41650000.0,0.022568523409363744
2011-03-28,24.07,24.07,23.58,23.61,1449151.0,34413820.0,41650000.0,0.034793541416566626
2011-03-29,23.59,24.87,23.17,24.6,4141427.0,99975200.0,41650000.0,0.09943402160864345
2011-03-30,24.61,24.61,23.99,24.0,2853576.0,69196072.0,41650000.0,0.06851322929171669
2011-03-31,23.6,23.7,22.71,22.77,2961599.0,68302688.0,52000000.0,0.056953826923076926
2011-04-01,22.71,22.99,22.65,22.94,1306045.0,29790866.0,52000000.0,0.02511625
2011-04-06,22.94,22.94,22.58,22.67,863155.0,19595948.0,52000000.0,0.016599134615384616
2011-04-07,22.67,22.78,22.4,22.77,793246.0,17921184.0,52000000.0,0.015254730769230769
2011-04-08,22.78,22.89,22.64,22.86,693665.0,15815699.0,52000000.0,0.013339711538461538
2011-04-11,22.86,22.96,22.52,22.55,922690.0,20930732.0,52000000.0,0.01774403846153846
2011-04-12,22.54,22.68,22.48,22.52,623539.0,14058964.0,52000000.0,0.011991134615384615
2011-04-13,22.48,22.65,22.4,22.63,590602.0,13321285.0,52000000.0,0.01135773076923077
2011-04-14,22.76,22.76,22.48,22.52,671837.0,15133253.0,52000000.0,0.012919942307692308
2011-04-15,22.5,22.55,22.19,22.29,928474.0,20740810.0,52000000.0,0.01785526923076923
2011-04-18,22.35,22.35,22.01,22.16,974973.0,21532332.0,52000000.0,0.01874948076923077
2011-04-19,22.15,22.32,22.07,22.2,727601.0,16152315.0,52000000.0,0.013992326923076923
2011-04-20,22.16,22.38,22.07,22.29,623229.0,13837709.0,52000000.0,0.011985173076923077
2011-04-21,22.3,22.4,22.26,22.35,679812.0,15181168.0,52000000.0,0.013073307692307693
2011-04-22,22.34,22.34,21.84,21.87,1457300.0,32105160.0,52000000.0,0.028025
2011-04-25,21.99,22.07,21.7,21.76,970214.0,21206736.0,52000000.0,0.01865796153846154
2011-04-26,21.76,21.91,21.01,21.18,1070718.0,22850730.0,52000000.0,0.02059073076923077
2011-04-27,21.2,21.38,20.6,20.68,987055.0,20603884.0,52000000.0,0.018981826923076924
2011-04-28,20.72,20.86,19.7,19.75,1399812.0,28064362.0,52000000.0,0.026919461538461538
2011-04-29,19.82,20.15,19.71,20.03,721099.0,14361459.0,52000000.0,0.013867288461538462
2011-05-03,20.03,20.2,19.9,20.19,665957.0,13349240.0,52000000.0,0.012806865384615385
2011-05-04,20.19,20.19,19.59,19.59,590352.0,11693713.0,52000000.0,0.011352923076923076
2011-05-05,19.6,19.98,19.6,19.88,532971.0,10576117.0,52000000.0,0.010249442307692308
2011-05-06,19.87,19.87,19.33,19.76,973144.0,19068042.0,52000000.0,0.018714307692307693
2011-05-09,19.85,20.1,19.68,19.99,660849.0,13189418.0,52000000.0,0.012708634615384615
2011-05-11,20.3,21.19,20.28,20.84,2400731.0,50112592.0,52000000.0,0.046167903846153845
2011-05-12,20.4,20.69,20.28,20.28,1030704.0,21082182.0,52000000.0,0.019821230769230768
2011-05-13,20.26,20.46,20.05,20.43,744622.0,15054977.0,52000000.0,0.014319653846153847
2011-05-16,20.3,20.55,20.18,20.33,487611.0,9929962.0,52000000.0,0.009377134615384615
2011-05-17,20.25,20.41,20.05,20.23,529070.0,10707867.0,52000000.0,0.010174423076923077
2011-05-18,20.26,20.63,20.23,20.45,544734.0,11150170.0,52000000.0,0.010475653846153846
2011-05-19,20.61,20.97,20.31,20.43,762628.0,15781092.0,52000000.0,0.014665923076923076
2011-05-20,20.58,20.58,20.28,20.45,408288.0,8323314.0,52000000.0,0.007851692307692308
2011-05-23,20.35,20.68,19.8,19.8,761800.0,15396781.0,52000000.0,0.01465
2011-05-24,19.79,19.99,19.1,19.55,818521.0,15823777.0,52000000.0,0.015740788461538462
2011-05-25,19.5,19.56,18.79,18.8,714400.0,13650534.0,52000000.0,0.013738461538461538
2011-05-26,18.9,19.04,18.59,18.61,559356.0,10493802.0,52000000.0,0.010756846153846153
2011-05-27,18.63,18.65,18.0,18.01,749809.0,13630453.0,52000000.0,0.014419403846153846
2011-05-30,17.97,18.5,17.78,18.25,1077541.0,19482840.0,52000000.0,0.02072194230769231
2011-05-31,18.25,18.8,18.16,18.72,837334.0,15538672.0,52000000.0,0.016102576923076924
2011-06-01,18.68,18.8,18.46,18.73,620993.0,11565743.0,52000000.0,0.011942173076923078
2011-06-02,18.37,18.63,18.01,18.46,654910.0,11976772.0,52000000.0,0.012594423076923078
2011-06-03,18.39,19.5,18.39,19.38,1741328.0,33107220.0,52000000.0,0.033487076923076925
2011-06-07,19.2,21.28,19.0,20.35,3565697.0,71231784.0,52000000.0,0.06857109615384616
2011-06-08,19.88,20.17,19.5,19.87,1674036.0,33061772.0,52000000.0,0.032193
2011-06-09,19.74,19.98,19.0,19.02,1177772.0,22811236.0,52000000.0,0.02264946153846154
2011-06-10,19.02,19.13,18.38,18.73,835901.0,15650434.0,52000000.0,0.01607501923076923
2011-06-13,18.62,19.16,18.21,19.07,500410.0,9398243.0,52000000.0,0.00962326923076923
2011-06-14,19.07,19.2,19.0,19.1,524735.0,10027014.0,52000000.0,0.010091057692307693
2011-06-15,18.9,19.19,18.75,18.8,376866.0,7109785.0,52000000.0,0.007247423076923077
2011-06-16,18.78,18.82,18.5,18.5,334081.0,6227397.0,52000000.0,0.006424634615384615
2011-06-17,18.42,18.45,18.0,18.03,304950.0,5569795.0,52000000.0,0.005864423076923077
2011-06-20,18.06,18.1,17.7,17.93,382119.0,6840205.0,52000000.0,0.0073484423076923076
2011-06-21,17.92,18.25,17.92,18.25,296748.0,5376716.0,52000000.0,0.005706692307692308
2011-06-22,18.25,18.57,18.18,18.32,401444.0,7362174.0,52000000.0,0.007720076923076923
2011-06-23,18.36,19.18,18.33,18.97,1279692.0,24218514.0,52000000.0,0.02460946153846154
2011-06-24,18.8,19.32,18.8,19.12,1331591.0,25362568.0,52000000.0,0.025607519230769232
2011-06-27,19.04,19.32,18.93,19.17,710516.0,13627462.0,52000000.0,0.013663769230769231
2011-06-28,19.17,19.22,18.91,19.08,575721.0,10952707.0,52000000.0,0.011071557692307693
2011-06-29,19.1,19.26,18.83,18.83,630046.0,12016841.0,52000000.0,0.01211626923076923
2011-06-30,18.71,19.11,18.71,19.03,479191.0,9113033.0,52000000.0,0.009215211538461538
2011-07-01,19.05,19.3,19.05,19.15,605994.0,11623084.0,52000000.0,0.011653730769230769
2011-07-04,19.15,19.53,19.15,19.51,836210.0,16236373.0,52000000.0,0.016080961538461537
2011-07-05,19.54,20.09,19.3,19.81,1490624.0,29433436.0,52000000.0,0.028665846153846153
2011-07-06,19.7,19.87,19.52,19.83,902312.0,17778022.0,52000000.0,0.017352153846153847
2011-07-07,19.75,20.24,19.67,19.83,1302981.0,25969418.0,52000000.0,0.025057326923076922
2011-07-08,19.76,19.83,19.55,19.72,691745.0,13631416.0,52000000.0,0.013302788461538461
2011-07-11,19.69,19.87,19.5,19.83,634607.0,12529217.0,52000000.0,0.012203980769230769
2011-07-12,19.7,19.74,19.22,19.25,822016.0,16025413.0,52000000.0,0.015808
2011-07-13,19.24,19.72,19.24,19.67,577732.0,11308201.0,52000000.0,0.01111023076923077
2011-07-14,19.67,20.18,19.67,20.15,1419243.0,28365610.0,52000000.0,0.027293134615384615
2011-07-15,20.19,20.45,20.08,20.38,1155933.0,23491898.0,52000000.0,0.02222948076923077
2011-07-18,20.48,20.65,20.02,20.15,1104876.0,22469952.0,52000000.0,0.021247615384615386
2011-07-19,20.05,20.34,19.81,19.9,774157.0,15441681.0,52000000.0,0.014887634615384615
2011-07-20,20.1,20.5,19.89,20.16,963833.0,19465682.0,52000000.0,0.01853525
2011-07-21,20.01,20.19,19.83,19.83,549534.0,10957864.0,52000000.0,0.010567961538461538
2011-07-22,19.82,20.13,19.8,19.81,426591.0,8490746.0,52000000.0,0.008203673076923077
2011-07-25,19.83,20.19,19.15,19.17,1054830.0,20730456.0,52000000.0,0.020285192307692306
2011-07-26,19.11,19.38,19.11,19.26,332140.0,6375573.0,52000000.0,0.006387307692307692
2011-07-27,19.23,19.5,19.06,19.5,535449.0,10336618.0,52000000.0,0.010297096153846153
2011-07-28,19.4,19.47,19.17,19.45,383380.0,7406753.0,52000000.0,0.0073726923076923075
2011-07-29,19.24,19.59,19.2,19.27,446715.0,8657187.0,52000000.0,0.008590673076923077
2011-08-01,19.2,19.59,19.2,19.5,420622.0,8176834.0,52000000.0,0.008088884615384616
2011-08-02,19.23,19.46,18.92,19.19,603244.0,11536231.0,52000000.0,0.011600846153846154
2011-08-03,19.0,19.58,18.75,19.57,1081960.0,20994596.0,52000000.0,0.020806923076923077
2011-08-04,19.49,19.7,19.42,19.58,695711.0,13616663.0,52000000.0,0.013379057692307692
2011-08-05,18.8,19.48,18.8,18.99,800265.0,15266840.0,52000000.0,0.015389711538461538
2011-08-08,18.8,19.05,17.5,17.9,1048632.0,19084850.0,52000000.0,0.020166
2011-08-09,17.5,17.72,16.95,17.56,914653.0,15867205.0,52000000.0,0.01758948076923077
2011-08-10,17.81,18.04,17.6,17.7,941107.0,16812352.0,52000000.0,0.01809821153846154
2011-08-11,17.4,17.94,17.15,17.93,898981.0,15906110.0,52000000.0,0.017288096153846154
2011-08-12,17.95,18.28,17.95,18.11,591919.0,10734385.0,52000000.0,0.011383057692307692
2011-08-15,18.3,18.69,18.14,18.61,829596.0,15283596.0,52000000.0,0.01595376923076923
2011-08-16,18.57,18.69,18.35,18.39,590695.0,10906235.0,52000000.0,0.01135951923076923
2011-08-17,18.39,18.65,18.35,18.44,453695.0,8384684.0,52000000.0,0.008724903846153846
2011-08-18,18.4,18.46,17.85,17.86,715877.0,12915912.0,52000000.0,0.013766865384615384
2011-08-19,17.41,17.84,17.31,17.7,366527.0,6455369.0,52000000.0,0.0070485961538461536
2011-08-22,17.78,17.95,17.7,17.77,322593.0,5751115.0,52000000.0,0.006203711538461538
2011-08-23,17.79,19.41,17.79,18.86,1955128.0,36774980.0,52000000.0,0.03759861538461538
2011-08-24,18.8,18.81,18.3,18.38,1402912.0,26045524.0,52000000.0,0.02697907692307692
2011-08-25,18.32,18.76,18.32,18.7,827446.0,15392090.0,52000000.0,0.015912423076923077
2011-08-26,18.66,19.5,18.55,19.15,1977874.0,38005500.0,52000000.0,0.03803603846153846
2011-08-29,18.93,19.06,18.68,18.78,968253.0,18247522.0,52000000.0,0.01862025
2011-08-30,18.9,19.08,18.45,18.47,785189.0,14789618.0,52000000.0,0.015099788461538461
2011-08-31,18.49,18.7,18.2,18.38,479724.0,8831148.0,52000000.0,0.009225461538461538
2011-09-01,18.55,19.15,18.43,18.59,873499.0,16435576.0,52000000.0,0.016798057692307692
2011-09-02,18.3,18.81,18.1,18.36,412444.0,7565942.0,52000000.0,0.007931615384615384
2011-09-05,18.13,18.2,17.75,17.75,470890.0,8428625.0,52000000.0,0.009055576923076923
2011-09-06,17.5,17.81,17.5,17.64,273342.0,4821030.0,52000000.0,0.005256576923076923
2011-09-07,17.85,18.04,17.67,17.98,427584.0,7640149.0,52000000.0,0.008222769230769231
2011-09-08,18.09,18.09,17.85,17.87,276835.0,4976342.0,52000000.0,0.00532375
2011-09-09,17.85,18.01,17.74,17.75,183100.0,3266435.0,52000000.0,0.003521153846153846
2011-09-13,17.57,17.88,17.42,17.88,494666.0,8770616.0,52000000.0,0.009512807692307692
2011-09-14,17.88,18.0,17.62,17.99,251850.0,4497342.0,52000000.0,0.004843269230769231
2011-09-15,18.0,18.18,17.68,18.0,446268.0,8049375.0,52000000.0,0.008582076923076923
2011-09-16,17.98,18.15,17.76,17.79,285008.0,5109664.0,52000000.0,0.005480923076923077
2011-09-19,17.7,17.95,17.45,17.55,273101.0,4810781.0,52000000.0,0.005251942307692307
2011-09-20,17.61,17.74,17.4,17.6,327350.0,5741486.0,52000000.0,0.006295192307692308
2011-09-21,17.6,18.1,17.46,17.98,600787.0,10745661.0,52000000.0,0.011553596153846154
2011-09-22,17.85,17.89,17.5,17.69,534433.0,9486711.0,52000000.0,0.010277557692307692
2011-09-23,17.35,17.74,17.32,17.5,420073.0,7342903.0,52000000.0,0.008078326923076922
2011-09-26,17.6,17.64,17.3,17.33,219600.0,3827976.0,52000000.0,0.004223076923076923
2011-09-27,17.33,17.5,17.19,17.36,203550.0,3528284.0,52000000.0,0.003914423076923077
2011-09-28,17.45,17.5,17.02,17.1,254025.0,4391091.0,52000000.0,0.004885096153846154
2011-09-29,17.1,17.1,16.52,16.52,367380.0,6143514.0,52000000.0,0.007065
2011-09-30,16.78,16.78,16.32,16.41,265700.0,4379728.0,52000000.0,0.005109615384615384
2011-10-10,16.5,16.73,16.5,16.6,343989.0,5722509.0,52000000.0,0.006615173076923077
2011-10-11,18.26,18.26,17.24,17.56,3980388.0,71908696.0,52000000.0,0.07654592307692308
2011-10-12,17.1,17.95,16.59,17.8,2659062.0,45968464.0,52000000.0,0.051135807692307696
2011-10-13,17.6,17.94,17.46,17.83,1541195.0,27370446.0,52000000.0,0.029638365384615385
2011-10-14,17.86,17.86,17.25,17.4,967961.0,16923530.0,52000000.0,0.018614634615384616
2011-10-17,17.65,17.77,17.4,17.58,911979.0,16034741.0,52000000.0,0.017538057692307693
2011-10-18,17.49,17.49,16.82,16.83,1068244.0,18263846.0,52000000.0,0.020543153846153846
2011-10-19,16.83,17.11,16.65,16.82,406666.0,6855332.0,52000000.0,0.0078205
2011-10-20,16.8,16.8,16.38,16.59,496467.0,8193376.0,52000000.0,0.009547442307692307
2011-10-21,16.65,16.77,16.47,16.47,329485.0,5477469.0,52000000.0,0.00633625
2011-10-24,16.48,16.76,15.98,16.61,592579.0,9705143.0,52000000.0,0.01139575
2011-10-25,16.61,16.98,16.5,16.93,770490.0,12941152.0,52000000.0,0.014817115384615385
2011-10-26,16.79,17.13,16.68,16.94,929266.0,15731365.0,52000000.0,0.0178705
2011-10-27,16.81,17.06,16.75,16.9,591245.0,9998042.0,52000000.0,0.011370096153846154
2011-10-28,17.05,17.29,16.92,17.24,968527.0,16563066.0,52000000.0,0.01862551923076923
2011-10-31,17.15,17.5,17.15,17.24,775473.0,13420988.0,52000000.0,0.014912942307692308
2011-11-08,18.96,18.96,18.07,18.2,5936434.0,110348312.0,52000000.0,0.11416219230769231
2011-11-09,18.28,18.28,17.72,18.07,3515339.0,63010840.0,52000000.0,0.06760267307692308
2011-11-10,17.79,19.17,17.75,18.31,4345643.0,80428888.0,52000000.0,0.08357005769230769
2011-11-11,18.39,18.48,18.03,18.17,1771883.0,32255470.0,52000000.0,0.03407467307692308
2011-11-14,18.2,18.59,18.2,18.42,1713136.0,31499628.0,52000000.0,0.03294492307692308
2011-11-15,18.44,18.55,18.21,18.24,1601712.0,29361588.0,52000000.0,0.030802153846153847
2011-11-16,18.24,18.24,17.71,17.78,1480570.0,26593548.0,52000000.0,0.0284725
2011-11-17,17.75,17.95,17.66,17.76,804449.0,14317810.0,52000000.0,0.015470173076923078
2011-11-18,17.59,17.77,17.22,17.26,755807.0,13222502.0,52000000.0,0.01453475
2011-11-21,17.28,17.38,17.1,17.35,516080.0,8897442.0,52000000.0,0.009924615384615384
2011-11-22,17.18,17.33,17.05,17.25,535433.0,9213826.0,52000000.0,0.010296788461538461
2011-11-23,17.22,17.55,17.22,17.25,639150.0,11090258.0,52000000.0,0.012291346153846154
2011-11-24,17.15,17.21,16.92,17.09,538749.0,9184222.0,52000000.0,0.010360557692307691
2011-11-25,17.16,17.24,16.83,16.92,409720.0,6968553.0,52000000.0,0.007879230769230769
2011-11-28,16.95,17.08,16.88,16.97,360051.0,6110155.0,52000000.0,0.006924057692307692
2011-11-29,17.11,17.37,17.11,17.35,636393.0,10982118.0,52000000.0,0.012238326923076923
2011-11-30,17.35,17.35,16.01,16.36,1094391.0,18157402.0,52000000.0,0.021045980769230768
2011-12-02,16.6,16.72,16.28,16.39,665031.0,10969390.0,52000000.0,0.012789057692307692
2011-12-05,16.46,16.63,16.12,16.16,638500.0,10448074.0,52000000.0,0.012278846153846154
2011-12-06,16.0,16.28,15.92,16.24,393930.0,6346021.0,52000000.0,0.007575576923076923
2011-12-07,16.19,16.38,16.1,16.28,217878.0,3539993.0,52000000.0,0.004189961538461538
2011-12-08,16.2,16.42,16.0,16.2,455297.0,7394866.0,52000000.0,0.008755711538461539
2011-12-09,16.1,16.18,16.01,16.12,331859.0,5339332.0,52000000.0,0.006381903846153846
2011-12-12,16.05,16.16,15.88,15.88,286400.0,4587417.0,52000000.0,0.005507692307692308
2011-12-13,15.88,15.88,15.23,15.25,500949.0,7723080.0,52000000.0,0.009633634615384615
2011-12-14,15.25,15.36,15.1,15.11,252346.0,3844494.0,52000000.0,0.004852807692307693
2011-12-15,15.11,15.18,14.75,14.8,403588.0,6027400.0,52000000.0,0.007761307692307692
2011-12-16,14.98,15.1,14.78,15.09,442288.0,6592947.0,52000000.0,0.008505538461538462
2011-12-19,15.01,15.25,14.81,15.2,375921.0,5637720.0,52000000.0,0.00722925
2011-12-20,15.13,15.49,15.11,15.18,430045.0,6567905.0,52000000.0,0.008270096153846154
2011-12-21,15.29,15.36,14.76,14.77,406100.0,6137067.0,52000000.0,0.0078096153846153845
2011-12-22,14.7,14.74,13.89,14.37,514517.0,7371792.0,52000000.0,0.009894557692307692
2011-12-23,14.13,14.57,14.13,14.39,185653.0,2679471.0,52000000.0,0.00357025
2011-12-26,14.11,14.47,14.11,14.19,134556.0,1926966.0,52000000.0,0.002587615384615385
2011-12-27,14.11,14.15,13.75,13.8,290069.0,4049464.0,52000000.0,0.00557825
2011-12-28,13.65,13.8,13.04,13.33,481760.0,6442639.0,52000000.0,0.009264615384615385
2011-12-29,13.3,13.43,13.2,13.23,286148.0,3809666.0,52000000.0,0.005502846153846154
2011-12-30,13.25,13.64,13.25,13.43,527909.0,7124954.0,52000000.0,0.010152096153846154
2012-01-04,13.48,13.63,13.01,13.02,355850.0,4736934.0,61750000.0,0.005762753036437247
2012-01-05,13.01,13.08,12.37,12.52,548491.0,6971850.0,61750000.0,0.008882445344129554
2012-01-06,12.32,12.55,12.17,12.5,403942.0,4975778.0,61750000.0,0.006541570850202429
2012-01-09,12.5,12.97,12.36,12.92,558206.0,7118013.0,61750000.0,0.009039773279352226
2012-01-10,12.92,13.54,12.9,13.48,762510.0,10144995.0,61750000.0,0.01234834008097166
2012-01-11,13.48,13.9,13.31,13.9,954513.0,12953627.0,61750000.0,0.0154577004048583
2012-01-12,14.28,14.28,13.19,13.21,3692599.0,49567812.0,61750000.0,0.059799174089068825
2012-01-13,13.21,13.23,12.56,12.59,1487698.0,19019050.0,61750000.0,0.024092275303643725
2012-01-16,12.45,12.58,12.16,12.2,466898.0,5770411.0,61750000.0,0.007561101214574898
2012-01-17,12.2,13.07,12.14,12.93,1171582.0,14809463.0,61750000.0,0.018972987854251014
2012-01-18,12.82,13.17,12.62,12.65,649656.0,8368675.0,61750000.0,0.010520744939271255
2012-01-19,12.6,12.95,12.6,12.69,802126.0,10219914.0,61750000.0,0.012989894736842105
2012-01-20,12.9,12.98,12.7,12.91,652782.0,8405786.0,61750000.0,0.010571368421052631
2012-01-31,12.8,12.98,12.6,12.92,883260.0,11301766.0,61750000.0,0.014303805668016194
2012-02-01,12.98,13.07,12.72,12.8,524861.0,6764152.0,61750000.0,0.008499773279352228
2012-02-02,12.76,13.03,12.76,12.99,537252.0,6948308.0,61750000.0,0.008700437246963563
2012-02-03,13.18,13.3,13.1,13.22,1644194.0,21730614.0,61750000.0,0.026626623481781377
2012-02-06,13.25,13.35,13.13,13.28,881421.0,11672420.0,61750000.0,0.014274024291497977
2012-02-07,13.3,13.3,12.9,12.95,649293.0,8461823.0,61750000.0,0.010514866396761134
2012-02-08,12.93,13.26,12.87,13.22,939871.0,12321837.0,61750000.0,0.015220582995951417
2012-02-09,13.2,13.51,13.11,13.43,1475693.0,19773126.0,61750000.0,0.023897862348178138
2012-02-10,13.39,13.54,13.3,13.4,1197919.0,16092834.0,61750000.0,0.019399497975708502
2012-02-13,13.25,13.68,13.2,13.61,1140986.0,15429762.0,61750000.0,0.018477506072874492
2012-02-14,13.54,13.66,13.43,13.53,743145.0,10050489.0,61750000.0,0.012034736842105263
2012-02-15,13.53,13.78,13.53,13.75,1203397.0,16497160.0,61750000.0,0.01948821052631579
2012-02-16,13.75,13.92,13.53,13.74,1108647.0,15218566.0,61750000.0,0.0179537975708502
2012-02-17,13.76,13.84,13.56,13.67,807321.0,11058661.0,61750000.0,0.013074024291497975
2012-02-20,13.78,13.97,13.71,13.79,1153764.0,15978246.0,61750000.0,0.018684437246963562
2012-02-21,13.83,13.95,13.53,13.92,1188585.0,16368845.0,61750000.0,0.01924834008097166
2012-02-22,13.92,14.24,13.9,14.23,1699928.0,23981316.0,61750000.0,0.0275291983805668
2012-02-23,14.22,14.38,14.15,14.3,1616947.0,23098832.0,61750000.0,0.026185376518218624
2012-02-24,14.42,14.45,14.2,14.44,1407523.0,20196064.0,61750000.0,0.022793894736842107
2012-02-27,14.45,14.77,14.36,14.45,2239159.0,32564378.0,61750000.0,0.036261684210526314
2012-02-28,14.51,14.98,14.31,14.92,3029662.0,44477584.0,61750000.0,0.04906335222672065
2012-02-29,14.91,15.17,14.63,14.77,2476514.0,36926552.0,61750000.0,0.04010548987854251
2012-03-01,14.66,14.95,14.63,14.82,1377186.0,20424810.0,61750000.0,0.022302607287449393
2012-03-02,14.75,15.16,14.75,15.16,1541243.0,23183632.0,61750000.0,0.0249594008097166
2012-03-05,15.2,15.44,15.01,15.02,1637867.0,24846670.0,61750000.0,0.026524161943319836
2012-03-06,15.03,15.16,14.74,14.83,1329495.0,19767430.0,61750000.0,0.021530283400809716
2012-03-07,14.71,14.97,14.6,14.62,1503943.0,22234626.0,61750000.0,0.02435535222672065
2012-03-08,14.7,14.86,14.69,14.86,921434.0,13613610.0,61750000.0,0.014922008097165993
2012-03-09,14.88,15.18,14.86,15.17,1377171.0,20704958.0,61750000.0,0.022302364372469637
2012-03-12,15.17,15.18,14.97,15.1,1085276.0,16329103.0,61750000.0,0.01757531983805668
2012-03-13,16.2,16.61,16.2,16.61,3737702.0,61975708.0,61750000.0,0.060529587044534414
2012-03-14,17.48,17.79,16.6,16.82,13939276.0,240372896.0,61750000.0,0.22573726315789475
2012-03-15,17.26,17.94,17.01,17.37,9118143.0,158912624.0,61750000.0,0.14766223481781376
2012-03-16,17.05,17.22,16.65,17.15,5379966.0,91131688.0,61750000.0,0.08712495546558705
2012-03-19,17.01,17.49,16.73,17.15,3959213.0,67935280.0,61750000.0,0.0641168097165992
2012-03-20,17.19,17.2,16.24,16.25,4707604.0,77825976.0,61750000.0,0.0762365020242915
2012-03-21,16.3,16.42,15.6,15.95,3086554.0,49140504.0,61750000.0,0.049984680161943316
2012-03-22,15.95,16.31,15.91,16.05,1894236.0,30561242.0,61750000.0,0.030675886639676114
2012-03-23,16.0,16.0,15.6,15.8,1254471.0,19800448.0,61750000.0,0.02031531983805668
2012-03-26,15.72,16.17,15.55,16.08,1646584.0,26185904.0,61750000.0,0.026665327935222673
2012-03-27,16.16,16.19,15.61,15.68,1349161.0,21485622.0,61750000.0,0.021848761133603237
2012-03-28,15.5,15.52,14.81,14.88,1776387.0,26978194.0,61750000.0,0.028767400809716598
2012-03-29,14.69,15.14,14.62,14.84,969810.0,14459276.0,61750000.0,0.015705425101214573
2012-03-30,14.9,15.3,14.7,15.3,1372366.0,20624156.0,61750000.0,0.02222455060728745
2012-04-05,15.38,16.06,15.37,15.98,1755454.0,27739686.0,61750000.0,0.028428404858299595
2012-04-06,15.88,16.17,15.8,15.97,1150870.0,18360458.0,61750000.0,0.01863757085020243
2012-04-09,15.87,16.25,15.8,15.96,1297374.0,20883332.0,61750000.0,0.021010105263157896
2012-04-10,15.95,16.62,15.54,16.6,2054308.0,33137226.0,61750000.0,0.03326814574898786
2012-04-11,15.82,16.16,15.54,15.95,2588546.0,41101584.0,61750000.0,0.04191977327935223
2012-04-12,15.85,16.0,15.57,15.94,2036040.0,32216298.0,61750000.0,0.03297230769230769
2012-04-13,15.97,16.05,15.73,15.84,1336620.0,21226864.0,61750000.0,0.02164566801619433
2012-04-16,15.85,16.5,15.83,16.37,2618465.0,42520900.0,61750000.0,0.042404291497975706
2012-04-17,16.12,16.37,16.1,16.18,1452483.0,23535308.0,61750000.0,0.023521991902834008
2012-04-18,16.18,16.6,16.18,16.56,2515774.0,41388448.0,61750000.0,0.04074127935222672
2012-04-19,16.71,16.85,16.46,16.51,2583843.0,43023184.0,61750000.0,0.041843611336032385
2012-04-20,16.39,17.1,16.38,16.92,3040079.0,51360896.0,61750000.0,0.04923204858299595
2012-04-23,16.9,17.0,16.65,16.69,1935661.0,32560156.0,61750000.0,0.03134673684210526
2012-04-24,16.61,16.69,15.68,16.32,2291139.0,37114780.0,61750000.0,0.03710346558704453
2012-04-25,16.22,16.66,16.22,16.49,1814691.0,29909718.0,61750000.0,0.029387708502024292
2012-04-26,16.61,16.96,16.6,16.6,1661932.0,27863994.0,61750000.0,0.026913878542510122
2012-04-27,16.62,16.74,16.23,16.26,1233815.0,20176014.0,61750000.0,0.019980809716599192
2012-05-02,16.5,16.83,16.25,16.68,1653779.0,27504838.0,61750000.0,0.026781846153846153
2012-05-03,16.65,17.08,16.55,17.03,2063259.0,34694148.0,61750000.0,0.0334131012145749
2012-05-04,16.99,17.08,16.81,16.99,1580813.0,26766936.0,61750000.0,0.025600210526315788
2012-05-07,16.87,17.45,16.79,17.41,3328183.0,57011524.0,61750000.0,0.0538977004048583
2012-05-08,17.43,17.59,17.26,17.35,3231705.0,56426312.0,61750000.0,0.0523353036437247
2012-05-09,17.25,17.28,16.82,16.82,2301133.0,39158192.0,61750000.0,0.03726531174089069
2012-05-10,16.8,17.07,16.77,16.84,1301634.0,21998182.0,61750000.0,0.021079093117408906
2012-05-11,16.85,17.16,16.75,16.75,1139368.0,19312896.0,61750000.0,0.018451303643724697
2012-05-14,16.86,16.98,16.6,16.61,1010799.0,16949420.0,61750000.0,0.016369214574898785
2012-05-15,16.6,16.6,16.12,16.35,1522477.0,24840184.0,61750000.0,0.024655497975708502
2012-05-17,16.09,16.51,16.03,16.37,1149454.0,18690282.0,61750000.0,0.018614639676113362
2012-05-18,16.24,16.24,15.87,15.91,1131394.0,18110274.0,61750000.0,0.01832217004048583
2012-05-21,15.9,16.07,15.78,15.94,750805.0,11964823.0,61750000.0,0.012158785425101215
2012-05-22,16.09,16.13,15.9,16.09,917172.0,14705645.0,61750000.0,0.014852987854251012
2012-05-23,16.49,16.49,15.82,15.96,1239023.0,19905740.0,61750000.0,0.02006514979757085
2012-05-24,15.89,16.27,15.89,15.94,1062577.0,17092144.0,61750000.0,0.017207724696356275
2012-05-25,15.94,16.07,15.57,15.64,813567.0,12823819.0,61750000.0,0.013175174089068827
2012-05-28,15.57,15.78,15.21,15.77,1064175.0,16408185.0,61750000.0,0.017233603238866396
2012-05-29,15.75,16.07,15.66,16.03,1016596.0,16166054.0,61750000.0,0.016463093117408907
2012-05-30,16.0,16.81,15.93,16.35,2632579.0,43290744.0,61750000.0,0.04263285829959514
2012-05-31,16.17,16.35,16.01,16.22,1640887.0,26506836.0,61750000.0,0.02657306882591093
2012-06-01,16.2,16.33,16.1,16.18,1125785.0,18231730.0,61750000.0,0.018231336032388665
2012-06-04,15.75,15.8,15.41,15.41,1489210.0,23259382.0,61750000.0,0.02411676113360324
2012-06-05,15.43,15.6,15.35,15.4,691651.0,10680030.0,61750000.0,0.011200825910931174
2012-06-06,15.3,15.33,15.13,15.21,527912.0,8035293.0,61750000.0,0.008549182186234818
2012-06-07,15.46,15.51,15.1,15.14,600763.0,9163872.0,61750000.0,0.009728955465587044
2012-06-08,15.28,15.65,15.14,15.31,824059.0,12666580.0,61750000.0,0.013345085020242915
2012-06-14,16.0,16.55,15.88,15.91,3234082.0,52269504.0,61750000.0,0.0523737975708502
2012-06-15,15.8,16.17,15.8,16.11,1700159.0,27235004.0,61750000.0,0.02753293927125506
2012-06-18,16.41,16.48,16.22,16.33,2097155.0,34286684.0,61750000.0,0.03396202429149798
2012-06-19,16.35,16.39,16.1,16.16,1142614.0,18476258.0,61750000.0,0.01850387044534413
2012-06-20,16.16,16.27,16.05,16.17,719841.0,11632945.0,61750000.0,0.011657344129554655
2012-06-21,16.08,16.15,15.86,15.91,782546.0,12469933.0,61750000.0,0.01267280971659919
2012-06-25,15.84,16.05,15.66,15.69,693697.0,11027011.0,61750000.0,0.01123395951417004
2012-06-26,15.65,15.96,15.65,15.86,547479.0,8646315.0,61750000.0,0.008866056680161943
2012-06-27,15.8,16.05,15.77,15.78,707663.0,11259981.0,61750000.0,0.011460129554655871
2012-06-28,15.8,15.83,15.28,15.33,936448.0,14633619.0,61750000.0,0.01516514979757085
2012-06-29,15.25,15.65,15.15,15.59,557707.0,8605334.0,61750000.0,0.009031692307692308
2012-07-02,15.71,15.97,15.6,15.92,1141051.0,18018854.0,61750000.0,0.018478558704453443
2012-07-03,15.9,16.02,15.74,15.87,1065847.0,16943230.0,61750000.0,0.01726068016194332
2012-07-04,15.8,16.43,15.8,16.38,2437332.0,39522108.0,61750000.0,0.039470963562753036
2012-07-05,16.3,16.35,15.95,16.26,1609174.0,26074234.0,61750000.0,0.0260594979757085
2012-07-06,16.59,16.59,16.13,16.48,1942717.0,31840676.0,61750000.0,0.03146100404858299
2012-07-09,16.3,16.53,16.02,16.09,1688117.0,27517018.0,61750000.0,0.027337927125506072
2012-07-10,16.01,16.35,15.96,16.28,1650613.0,26753098.0,61750000.0,0.026730574898785425
2012-07-11,16.26,16.45,15.75,15.88,2532338.0,40705424.0,61750000.0,0.04100952226720648
2012-07-12,15.8,15.97,15.41,15.88,1565966.0,24636364.0,61750000.0,0.025359773279352227
2012-07-13,15.88,16.5,15.76,16.38,3250095.0,53029036.0,61750000.0,0.05263311740890688
2012-07-16,16.28,16.78,16.21,16.31,3967073.0,65623852.0,61750000.0,0.0642440971659919
2012-07-17,16.18,16.7,16.1,16.65,2826262.0,46633600.0,61750000.0,0.045769425101214574
2012-07-18,16.54,17.13,16.36,17.1,4709102.0,79199008.0,61750000.0,0.07626076113360324
2012-07-19,16.99,17.1,16.75,16.91,2949410.0,49994648.0,61750000.0,0.04776372469635628
2012-07-20,16.89,17.52,16.68,16.77,3300350.0,56510812.0,61750000.0,0.05344696356275304
2012-07-23,16.59,16.66,16.26,16.5,1780929.0,29265732.0,61750000.0,0.028840955465587046
2012-07-24,16.38,16.8,16.3,16.8,1662058.0,27606656.0,61750000.0,0.02691591902834008
2012-07-25,16.69,16.77,16.18,16.18,1713753.0,28267370.0,61750000.0,0.027753085020242915
2012-07-26,16.11,16.48,15.98,15.99,1540376.0,24999972.0,61750000.0,0.02494536032388664
2012-07-27,16.01,16.19,15.83,16.01,1493567.0,23844406.0,61750000.0,0.024187319838056682
2012-07-30,16.0,16.14,15.71,15.77,1043162.0,16591867.0,61750000.0,0.016893311740890687
2012-07-31,15.66,15.66,14.19,14.19,3434357.0,49244968.0,61750000.0,0.05561711740890688
2012-08-01,14.0,14.29,13.6,14.15,1419751.0,19939308.0,61750000.0,0.02299191902834008
2012-08-02,14.14,14.14,13.49,13.59,1362792.0,18722232.0,61750000.0,0.022069506072874494
2012-08-03,13.73,13.95,13.57,13.93,861539.0,11860432.0,61750000.0,0.013952048582995952
2012-08-06,13.92,14.52,13.81,14.47,1599060.0,22870728.0,61750000.0,0.02589570850202429
2012-08-07,14.5,14.69,14.47,14.62,1215239.0,17696404.0,61750000.0,0.019679983805668017
2012-08-08,14.62,14.75,14.49,14.73,1064599.0,15586498.0,61750000.0,0.01724046963562753
2012-08-09,14.71,15.18,14.61,15.16,1597765.0,23904990.0,61750000.0,0.025874736842105263
2012-08-10,15.15,15.15,14.75,14.75,2172301.0,32330362.0,61750000.0,0.03517896356275304
2012-08-13,14.75,14.8,14.31,14.33,1149302.0,16696824.0,61750000.0,0.01861217813765182
2012-08-14,14.26,14.6,14.2,14.58,871971.0,12557505.0,61750000.0,0.014120987854251012
2012-08-15,14.65,14.65,14.31,14.31,603933.0,8728038.0,61750000.0,0.00978029149797571
2012-08-16,14.29,14.73,14.22,14.43,917286.0,13324604.0,61750000.0,0.014854834008097166
2012-08-17,14.46,14.67,14.37,14.53,684580.0,9932242.0,61750000.0,0.011086315789473684
2012-08-20,14.43,14.58,14.1,14.52,555350.0,7973595.0,61750000.0,0.008993522267206478
2012-08-21,14.5,14.77,14.42,14.72,1005062.0,14760522.0,61750000.0,0.01627630769230769
2012-08-22,14.8,14.97,14.6,14.63,887553.0,13103883.0,61750000.0,0.014373327935222672
2012-08-23,14.77,14.77,14.46,14.75,643920.0,9430354.0,61750000.0,0.010427854251012145
2012-08-24,14.6,14.75,14.4,14.43,609713.0,8860747.0,61750000.0,0.009873894736842106
2012-08-27,14.36,14.36,13.96,14.0,710164.0,9994483.0,61750000.0,0.011500631578947368
2012-08-28,14.0,14.25,14.0,14.08,458226.0,6468122.0,61750000.0,0.007420663967611336
2012-08-29,14.0,14.25,14.0,14.1,428704.0,6062966.0,61750000.0,0.006942574898785425
2012-08-30,14.15,14.4,13.85,14.2,998788.0,14168359.0,61750000.0,0.016174704453441296
2012-08-31,14.31,14.35,14.13,14.23,555190.0,7887864.0,61750000.0,0.008990931174089068
2012-09-03,14.12,14.49,14.12,14.45,816411.0,11745425.0,61750000.0,0.01322123076923077
2012-09-04,14.44,14.56,14.31,14.36,677957.0,9791966.0,61750000.0,0.01097906072874494
2012-09-05,14.26,14.61,14.18,14.5,947911.0,13676010.0,61750000.0,0.015350785425101215
2012-09-06,14.44,14.65,14.41,14.65,851321.0,12373533.0,61750000.0,0.013786574898785426
2012-09-07,14.67,15.9,14.67,15.43,4198483.0,64880136.0,61750000.0,0.06799162753036438
2012-09-10,15.41,15.44,15.15,15.3,2143203.0,32748186.0,61750000.0,0.03470774089068826
2012-09-11,15.26,16.6,15.18,15.63,2545618.0,39852072.0,61750000.0,0.041224582995951414
2012-09-12,15.57,15.74,15.35,15.56,1269690.0,19715546.0,61750000.0,0.020561781376518217
2012-09-13,15.5,15.68,15.2,15.2,951457.0,14667302.0,61750000.0,0.01540821052631579
2012-09-14,15.4,15.46,15.09,15.26,744740.0,11376389.0,61750000.0,0.012060566801619434
2012-09-17,15.3,15.38,14.85,14.85,722232.0,10850830.0,61750000.0,0.011696064777327935
2012-09-18,14.85,15.0,14.71,14.83,451636.0,6712960.0,61750000.0,0.007313943319838057
2012-09-19,14.83,15.07,14.83,14.97,378156.0,5643584.0,61750000.0,0.006123983805668016
2012-09-20,14.97,14.97,14.23,14.28,948507.0,13823440.0,61750000.0,0.015360437246963564
2012-09-21,14.3,14.45,14.16,14.25,296796.0,4245923.0,61750000.0,0.004806412955465587
2012-09-24,14.13,14.39,14.02,14.3,328867.0,4685727.0,61750000.0,0.005325781376518218
2012-09-25,14.3,14.42,14.11,14.12,336284.0,4787991.0,61750000.0,0.005445894736842105
2012-09-26,14.34,14.35,13.77,13.77,422393.0,5894045.0,61750000.0,0.006840372469635627
2012-09-27,13.8,14.29,13.78,14.1,562618.0,7897745.0,61750000.0,0.009111222672064778
2012-09-28,14.09,14.33,14.01,14.31,524506.0,7456197.0,61750000.0,0.008494024291497976
2012-10-08,14.5,14.5,14.16,14.18,469410.0,6697571.0,61750000.0,0.007601781376518219
2012-10-09,14.24,14.62,14.23,14.55,819357.0,11881380.0,61750000.0,0.01326893927125506
2012-10-10,14.52,14.68,14.43,14.65,569834.0,8297242.0,61750000.0,0.009228080971659919
2012-10-11,14.65,14.65,14.3,14.3,810430.0,11710900.0,61750000.0,0.013124372469635628
2012-10-12,14.4,14.53,14.21,14.36,388896.0,5573936.0,61750000.0,0.006297910931174089
2012-10-15,14.44,14.53,14.26,14.52,580460.0,8392280.0,61750000.0,0.009400161943319838
2012-10-16,14.49,14.68,14.41,14.45,745883.0,10858840.0,61750000.0,0.012079076923076923
2012-10-17,14.5,14.64,14.43,14.57,638213.0,9276660.0,61750000.0,0.010335433198380567
2012-10-18,14.57,14.81,14.56,14.8,1026255.0,15143596.0,61750000.0,0.016619514170040487
2012-10-19,14.91,15.09,14.71,14.86,1224588.0,18245948.0,61750000.0,0.019831384615384615
2012-10-22,14.79,14.86,14.69,14.84,604150.0,8919725.0,61750000.0,0.009783805668016194
2012-10-23,14.88,14.93,14.63,14.75,686653.0,10107674.0,61750000.0,0.011119886639676113
2012-10-24,14.6,14.95,14.6,14.88,820368.0,12160622.0,61750000.0,0.013285311740890688
2012-10-25,15.16,15.19,14.71,14.75,1312392.0,19627574.0,61750000.0,0.02125331174089069
2012-10-26,14.66,14.75,14.4,14.4,681750.0,9910097.0,61750000.0,0.011040485829959513
2012-10-29,14.4,14.48,14.24,14.34,340601.0,4897195.0,61750000.0,0.005515805668016194
2012-10-30,14.32,14.64,14.26,14.61,488129.0,7055761.0,61750000.0,0.007904923076923077
2012-10-31,14.6,14.67,14.51,14.66,397379.0,5801040.0,61750000.0,0.006435287449392713
2012-11-01,14.7,14.94,14.64,14.85,1091157.0,16173305.0,61750000.0,0.017670558704453443
2012-11-02,14.8,14.92,14.75,14.86,532063.0,7890010.0,61750000.0,0.008616404858299596
2012-11-05,14.87,15.18,14.87,15.12,1481366.0,22332580.0,61750000.0,0.02398973279352227
2012-11-06,15.08,15.12,14.8,15.01,731832.0,10943244.0,61750000.0,0.01185153036437247
2012-11-07,15.01,15.11,14.87,14.94,583694.0,8729863.0,61750000.0,0.009452534412955465
2012-11-08,14.69,14.86,14.6,14.61,675424.0,9946867.0,61750000.0,0.01093804048582996
2012-11-09,14.58,14.72,14.58,14.69,446966.0,6544601.0,61750000.0,0.007238315789473684
2012-11-12,14.69,14.83,14.56,14.8,294749.0,4344967.0,61750000.0,0.004773263157894737
2012-11-13,14.8,14.8,14.48,14.54,357251.0,5222380.0,61750000.0,0.005785441295546559
2012-11-14,14.54,14.75,14.53,14.72,379199.0,5561004.0,61750000.0,0.006140874493927126
2012-11-15,14.7,14.7,14.18,14.29,630923.0,9108527.0,61750000.0,0.010217376518218623
2012-11-16,14.25,14.38,14.05,14.38,412517.0,5855728.0,61750000.0,0.0066804372469635625
2012-11-19,14.24,14.5,14.23,14.48,281779.0,4048894.0,61750000.0,0.0045632226720647776
2012-11-20,14.51,14.52,14.36,14.4,229814.0,3321596.0,61750000.0,0.003721684210526316
2012-11-21,14.4,14.55,14.2,14.55,475748.0,6860741.0,61750000.0,0.007704421052631579
2012-11-22,14.51,14.51,14.34,14.4,291011.0,4197675.0,61750000.0,0.004712728744939271
2012-11-23,14.43,14.5,14.36,14.4,373012.0,5380709.0,61750000.0,0.0060406801619433195
2012-11-26,14.4,14.41,14.14,14.14,328255.0,4677388.0,61750000.0,0.00531587044534413
2012-11-27,14.12,14.12,13.49,13.52,629967.0,8677864.0,61750000.0,0.010201894736842106
2012-11-28,13.52,13.52,13.19,13.24,345565.0,4599344.0,61750000.0,0.0055961943319838055
2012-11-29,13.26,13.41,13.0,13.08,352931.0,4666045.0,61750000.0,0.005715481781376518
2012-11-30,13.07,13.29,13.07,13.2,245796.0,3239295.0,61750000.0,0.003980502024291498
2012-12-03,13.19,13.19,12.84,12.84,327444.0,4257264.0,61750000.0,0.005302736842105263
2012-12-04,12.85,12.94,12.5,12.88,516891.0,6572817.0,61750000.0,0.008370704453441296
2012-12-05,12.86,13.43,12.69,13.22,940940.0,12380558.0,61750000.0,0.015237894736842105
2012-12-06,13.23,13.51,13.16,13.31,717463.0,9571323.0,61750000.0,0.011618834008097167
2012-12-07,13.32,13.63,13.23,13.59,642512.0,8692790.0,61750000.0,0.010405052631578947
2012-12-10,13.57,13.8,13.55,13.75,639319.0,8746578.0,61750000.0,0.010353344129554656
2012-12-11,13.74,13.75,13.58,13.66,659668.0,8997364.0,61750000.0,0.010682882591093117
2012-12-12,13.66,13.66,13.38,13.58,507660.0,6872146.0,61750000.0,0.008221214574898786
2012-12-13,13.49,13.62,13.36,13.48,285141.0,3845567.0,61750000.0,0.004617668016194332
2012-12-14,13.52,13.99,13.48,13.95,1141051.0,15762216.0,61750000.0,0.018478558704453443
2012-12-17,14.02,14.14,13.92,14.03,882752.0,12374224.0,61750000.0,0.014295578947368421
2012-12-18,14.02,14.15,13.88,13.89,816110.0,11435791.0,61750000.0,0.013216356275303643
2012-12-19,14.18,14.57,14.02,14.03,1202146.0,17100956.0,61750000.0,0.01946795141700405
2012-12-20,13.84,14.36,13.75,14.33,1440891.0,20297590.0,61750000.0,0.023334267206477733
2012-12-21,14.38,14.68,14.2,14.58,2180339.0,31532436.0,61750000.0,0.03530913360323887
2012-12-24,14.58,14.9,14.55,14.7,1548427.0,22762236.0,61750000.0,0.02507574089068826
2012-12-25,14.65,15.85,14.62,15.63,5185885.0,79844816.0,61750000.0,0.08398194331983806
2012-12-26,15.48,15.78,15.48,15.7,3411462.0,53465276.0,61750000.0,0.05524634817813765
2012-12-27,15.75,16.15,15.41,15.58,3731140.0,59008648.0,61750000.0,0.06042331983805668
2012-12-28,15.5,16.13,15.34,16.05,3540081.0,55733368.0,61750000.0,0.05732924696356275
2012-12-31,16.09,16.3,15.7,15.79,2607401.0,41316044.0,61560202.0,0.0423553028627164
2013-01-04,15.72,15.85,15.45,15.68,1734406.0,27211278.0,61560202.0,0.028174144067948315
2013-01-07,15.76,16.11,15.75,16.06,2563302.0,40920636.0,61560202.0,0.04163894718863983
2013-01-08,16.03,16.47,16.02,16.12,2592170.0,42171168.0,61560202.0,0.04210788652058029
2013-01-09,16.15,16.29,15.73,15.87,2406861.0,38543244.0,61560202.0,0.039097678724316076
2013-01-10,15.94,16.28,15.83,16.03,2313479.0,37150664.0,61560202.0,0.03758075712617057
2013-01-11,16.03,16.83,15.91,16.12,4214264.0,68993496.0,61560202.0,0.06845760512611704
2013-01-14,16.13,16.85,16.13,16.77,3721140.0,61802208.0,61560202.0,0.06044717007263881
2013-01-15,16.76,17.1,16.69,16.84,3431891.0,57782372.0,61560202.0,0.05574853376861889
2013-01-16,17.0,17.0,16.5,16.98,2931976.0,49139800.0,61560202.0,0.04762778393742113
2013-01-17,16.87,16.95,16.5,16.52,1833894.0,30623168.0,61560202.0,0.0297902531249004
2013-01-18,16.53,16.78,16.39,16.67,1635330.0,27111114.0,61560202.0,0.02656472764660519
2013-01-21,16.59,16.8,16.28,16.6,1974637.0,32624014.0,61560202.0,0.032076519177113814
2013-01-22,16.62,16.65,15.94,16.01,2648442.0,43009680.0,61560202.0,0.04302198358608375
2013-01-23,15.8,15.97,15.5,15.82,2476979.0,38961792.0,61560202.0,0.04023669383021193
2013-01-24,15.82,16.15,15.32,15.47,2064519.0,32592086.0,61560202.0,0.03353658586110552
2013-01-25,15.47,15.78,15.46,15.7,825046.0,12927424.0,61560202.0,0.013402262715122345
2013-01-28,15.71,16.08,15.67,16.06,1185298.0,18949568.0,61560202.0,0.019254290296188435
2013-01-29,16.08,16.46,16.08,16.41,1475809.0,24043498.0,61560202.0,0.0239734268578261
2013-01-30,16.42,16.46,16.02,16.13,1415890.0,22890820.0,61560202.0,0.023000086971774393
2013-01-31,16.2,16.65,16.13,16.2,1335647.0,21754132.0,61560202.0,0.02169659872136222
2013-02-01,16.22,16.36,16.12,16.26,1240733.0,20132620.0,61560202.0,0.020154790915078543
2013-02-04,16.27,16.43,15.95,16.07,1150188.0,18529954.0,61560202.0,0.018683954285919985
2013-02-05,15.3,15.98,15.3,15.92,1797436.0,28334762.0,61560202.0,0.029198019850552148
2013-02-06,15.91,16.54,15.74,16.47,2202722.0,35826972.0,61560202.0,0.035781591489904466
2013-02-07,16.39,17.16,16.39,17.0,4427794.0,75116192.0,61560202.0,0.07192624221733386
2013-02-08,17.79,18.7,17.3,18.7,7187955.0,131844520.0,61560202.0,0.1167630184189454
2013-02-18,19.88,20.49,19.65,19.75,13988231.0,280727552.0,61560202.0,0.22722847790525444
2013-02-19,19.48,20.25,19.33,19.68,7872832.0,156374784.0,61560202.0,0.12788833928777557
2013-02-20,19.5,19.96,19.18,19.63,5552285.0,108233888.0,61560202.0,0.09019276772353671
2013-02-21,19.49,19.58,18.8,18.85,4868763.0,93366632.0,61560202.0,0.07908945782861466
2013-02-22,18.71,18.97,18.6,18.69,2862495.0,53807444.0,61560202.0,0.046499116425901266
2013-02-25,18.6,19.15,18.49,18.94,2544056.0,48132956.0,61560202.0,0.04132631013783873
2013-02-26,18.85,19.14,18.54,18.54,2161934.0,40796364.0,61560202.0,0.03511902056461738
2013-02-27,18.63,18.85,17.71,18.01,3224490.0,58657312.0,61560202.0,0.052379457754215944
2013-02-28,18.26,19.19,18.11,19.08,3967352.0,74827320.0,61560202.0,0.06444670210796255
2013-03-01,19.06,19.29,18.81,19.19,3108381.0,59148400.0,61560202.0,0.0504933528320781
2013-03-04,18.9,19.0,18.18,18.43,2625852.0,48959812.0,61560202.0,0.042655025725874
2013-03-05,18.41,18.9,18.39,18.82,1646791.0,30760128.0,61560202.0,0.026750903124067072
2013-03-06,18.89,19.59,18.89,19.4,3057300.0,59030020.0,61560202.0,0.04966357972639531
2013-03-07,19.4,20.13,19.16,19.71,4554528.0,89342456.0,61560202.0,0.07398494241458142
2013-03-08,19.51,20.28,19.31,19.38,4192486.0,83308104.0,61560202.0,0.06810383760599097
2013-03-11,19.42,19.85,19.2,19.3,2120091.0,41177284.0,61560202.0,0.03443931194377822
2013-03-12,19.26,19.38,18.18,18.42,2505074.0,46747224.0,61560202.0,0.040693076348254996
2013-03-13,18.46,18.57,18.18,18.38,1215319.0,22309012.0,61560202.0,0.019741959261277277
2013-03-14,18.38,18.76,18.35,18.38,1039181.0,19266170.0,61560202.0,0.01688072758435718
2013-03-15,18.37,18.77,18.32,18.36,1376631.0,25527478.0,61560202.0,0.02236235352184192
2013-03-18,18.32,18.75,18.2,18.47,1210337.0,22411246.0,61560202.0,0.019661030352044653
2013-03-19,18.58,18.7,18.15,18.33,1220417.0,22454304.0,61560202.0,0.01982477250480757
2013-03-20,18.5,19.39,18.49,19.3,2813204.0,53298000.0,61560202.0,0.04569842054774284
2013-03-21,19.33,19.54,19.08,19.3,2207956.0,42625648.0,61560202.0,0.035866613952956164
2013-03-22,19.21,19.48,19.17,19.36,1525315.0,29526906.0,61560202.0,0.024777615252139687
2013-03-25,19.35,19.69,19.3,19.6,2210869.0,43223868.0,61560202.0,0.0359139334857933
2013-03-26,19.65,19.94,19.3,19.75,3014963.0,59302872.0,61560202.0,0.04897584644052987
2013-03-27,19.75,20.14,19.73,19.85,2698160.0,53767112.0,61560202.0,0.04382961576376894
2013-03-28,19.73,19.73,19.03,19.07,2325640.0,44818200.0,61560202.0,0.03777830358646322
2013-03-29,19.16,19.32,19.05,19.25,1146007.0,22019608.0,61560202.0,0.018616037029897985
2013-04-01,18.97,19.18,18.89,19.05,1215180.0,23149042.0,61560202.0,0.01973970130897231
2013-04-02,19.1,19.32,18.41,18.43,1479773.0,27891792.0,61560202.0,0.024037819109170563
2013-04-03,18.4,18.56,17.95,18.12,1286253.0,23362400.0,61560202.0,0.020894229684301557
2013-04-08,18.13,18.65,17.95,18.64,1068477.0,19601274.0,61560202.0,0.01735661946008559
2013-04-09,18.54,18.9,18.54,18.69,767716.0,14373534.0,61560202.0,0.012470979221283257
2013-04-10,18.7,18.84,18.3,18.53,950689.0,17647188.0,61560202.0,0.015443240423415114
2013-04-11,18.53,18.7,18.45,18.51,529669.0,9823353.0,61560202.0,0.008604081578549727
2013-04-12,18.52,18.65,18.26,18.26,459666.0,8463437.0,61560202.0,0.007466934562690357
2013-04-15,18.58,18.58,17.95,17.95,584280.0,10569574.0,61560202.0,0.009491196926221912
2013-04-16,18.06,18.38,17.75,18.31,563395.0,10158601.0,61560202.0,0.00915193553133565
2013-04-17,18.32,18.44,18.16,18.38,656344.0,12021301.0,61560202.0,0.010661823364387271
2013-04-18,18.36,18.81,18.17,18.75,1139559.0,21265424.0,61560202.0,0.018511294033765516
2013-04-19,18.79,19.24,18.74,19.1,1601911.0,30571672.0,61560202.0,0.02602186068200361
2013-04-22,18.91,19.5,18.9,19.48,1806302.0,34914768.0,61560202.0,0.029342041470234292
2013-04-23,19.57,19.75,18.8,18.82,1890498.0,36208284.0,61560202.0,0.030709743285117875
2013-04-24,18.8,19.68,18.8,19.68,2673077.0,52046448.0,61560202.0,0.0434221609604205
2013-04-25,19.68,19.88,19.3,19.35,2625806.0,51494648.0,61560202.0,0.04265427848985941
2013-04-26,19.34,19.6,18.86,19.13,1692762.0,32403458.0,61560202.0,0.027497668055085328
2013-05-02,19.07,19.3,18.94,19.22,828270.0,15870050.0,61560202.0,0.01345463421318858
2013-05-03,19.22,19.78,19.14,19.18,2638922.0,51297376.0,61560202.0,0.04286733821958544
2013-05-06,19.15,19.78,19.12,19.78,2666064.0,51938428.0,61560202.0,0.04330823995671749
2013-05-07,19.7,20.25,19.6,20.15,3707620.0,74179688.0,61560202.0,0.060227547661393314
2013-05-08,20.2,20.25,19.91,20.15,2740646.0,55083912.0,61560202.0,0.0445197694445512
2013-05-09,20.13,20.13,19.6,19.94,2326966.0,46151916.0,61560202.0,0.03779984347679691
2013-05-10,20.39,21.93,20.37,21.93,11534404.0,248543696.0,61560202.0,0.18736787121003923
2013-05-13,22.48,22.59,21.35,21.57,9538866.0,209226080.0,61372420.0,0.1554259388826447
2013-05-14,21.28,21.28,20.3,20.62,6214877.0,128380784.0,61372420.0,0.10126498189251784
2013-05-15,20.73,21.37,20.52,21.3,4228302.0,88434400.0,61372420.0,0.06889580042631527
2013-05-16,21.1,21.54,20.82,20.86,4585453.0,96859680.0,61372420.0,0.07471520595081635
2013-05-17,20.72,20.94,20.4,20.88,4709273.0,97618280.0,61372420.0,0.07673272456911427
2013-05-20,10.3,11.06,10.26,10.81,14409478.0,152456240.0,122744840.0,0.11739375765205283
2013-05-21,10.7,10.87,10.54,10.76,11134169.0,118892120.0,122744840.0,0.09070987423992731
2013-05-22,10.7,11.07,10.68,10.71,11009809.0,119560456.0,122744840.0,0.08969671556050747
2013-05-23,10.87,11.19,10.78,11.07,15719643.0,172842736.0,122744840.0,0.12806764830195713
2013-05-24,10.97,11.09,10.8,11.0,8532607.0,93449000.0,122744840.0,0.06951499549797775
2013-05-27,11.04,11.14,10.73,10.9,9071027.0,98778216.0,122744840.0,0.07390149353732507
2013-05-28,10.79,10.86,10.35,10.46,9224631.0,97543200.0,122744840.0,0.07515290255785906
2013-05-29,10.51,10.65,10.41,10.63,4572146.0,48253584.0,122744840.0,0.03724919108615889
2013-05-30,10.55,10.7,10.49,10.59,4376580.0,46351020.0,122744840.0,0.03565591840764956
2013-05-31,10.54,10.6,10.34,10.36,6134293.0,64097668.0,122744840.0,0.0499759745501318
2013-06-03,10.3,10.46,10.15,10.17,5087132.0,52446968.0,122744840.0,0.04144477274971396
2013-06-04,10.2,10.28,9.92,9.99,4247798.0,42763272.0,122744840.0,0.034606733773900396
2013-06-05,9.97,10.05,9.85,10.01,2316599.0,23083856.0,122744840.0,0.018873290315095933
2013-06-06,9.95,9.98,9.5,9.54,4293836.0,41738296.0,122744840.0,0.03498180453043892
2013-06-07,9.51,9.82,9.51,9.6,2873337.0,27745652.0,122744840.0,0.0234090247704099
2013-06-13,9.47,9.47,8.96,9.12,2769254.0,25223188.0,122744840.0,0.022561062444661623
2013-06-14,9.12,9.39,9.12,9.29,2320279.0,21425776.0,122744840.0,0.018903271208793787
2013-06-17,9.38,9.38,9.19,9.22,2119443.0,19632396.0,122744840.0,0.01726706393523345
2013-06-18,9.27,9.37,9.18,9.3,1667142.0,15457929.0,122744840.0,0.01358217583728978
2013-06-19,9.27,9.27,8.91,9.12,2258869.0,20459022.0,122744840.0,0.018402965045210863
2013-06-20,9.11,9.11,8.61,8.65,2327902.0,20644974.0,122744840.0,0.01896537565245105
2013-06-21,8.47,8.54,8.11,8.46,2074320.0,17406140.0,122744840.0,0.016899447667209473
2013-06-24,8.46,8.52,7.8,7.82,3372041.0,27227720.0,122744840.0,0.02747195727331593
2013-06-25,7.73,7.96,7.04,7.95,3895702.0,29486244.0,122744840.0,0.03173821400557449
2013-06-26,7.92,8.17,7.8,8.11,3016285.0,24227850.0,122744840.0,0.024573619550931836
2013-06-27,8.15,8.25,7.91,7.92,2409579.0,19404530.0,122744840.0,0.019630796699885714
2013-06-28,7.9,8.08,7.78,7.83,1649105.0,13079946.0,122744840.0,0.013435228723260383
2013-07-01,7.98,8.04,7.82,8.03,1501225.0,11932838.0,122609349.0,0.012243968443222057
2013-07-02,8.08,8.08,7.91,8.03,1968949.0,15773680.0,122609349.0,0.01605871832824102
2013-07-03,8.09,8.09,7.84,7.97,2314879.0,18363136.0,122609349.0,0.01888011818739858
2013-07-04,7.88,8.12,7.78,7.97,2845672.0,22668600.0,122609349.0,0.023209257884568003
2013-07-05,8.03,8.36,7.95,8.11,3914677.0,31951182.0,122609349.0,0.031928046530937865
2013-07-08,7.99,7.99,7.49,7.5,3286504.0,25182936.0,122609349.0,0.02680467702344623
2013-07-09,7.5,7.61,7.27,7.4,1432611.0,10615886.0,122609349.0,0.011684353694757812
2013-07-10,7.32,7.67,7.32,7.62,1540538.0,11616956.0,122609349.0,0.012564604677902661
2013-07-11,7.63,7.96,7.62,7.91,2852638.0,22346844.0,122609349.0,0.023266072475435783
2013-07-12,7.92,8.19,7.87,7.9,3264738.0,26176198.0,122609349.0,0.02662715385594291
2013-07-15,7.83,8.07,7.83,8.01,2630532.0,21006568.0,122609349.0,0.021454579291502476
2013-07-16,8.05,8.27,8.03,8.27,3701183.0,30335390.0,122609349.0,0.03018679268903059
2013-07-17,8.29,8.32,8.03,8.04,2516776.0,20548262.0,122609349.0,0.02052678707233002
2013-07-18,8.01,8.14,7.96,8.05,1888563.0,15245840.0,122609349.0,0.015403091325442075
2013-07-19,8.05,8.15,7.75,7.75,2223026.0,17774194.0,122609349.0,0.018130966505661816
2013-07-22,7.68,7.83,7.55,7.83,2550398.0,19610288.0,122609349.0,0.0208010075969003
2013-07-23,7.83,8.61,7.83,8.61,8646712.0,73885560.0,122609349.0,0.07052245257415077
2013-07-24,8.65,9.1,8.55,8.99,14563508.0,128814616.0,122609349.0,0.1187797514527216
2013-07-25,8.9,8.92,8.61,8.65,5521326.0,48278708.0,122609349.0,0.04503185152708053
2013-07-26,8.62,8.84,8.51,8.74,4438914.0,38602324.0,122609349.0,0.036203715591051705
2013-07-29,8.71,8.71,8.41,8.43,3038410.0,25952564.0,122609349.0,0.024781226103728845
2013-07-30,8.45,8.64,8.29,8.52,2499313.0,21186288.0,122609349.0,0.020384359107884994
2013-07-31,8.61,8.98,8.55,8.95,5296288.0,46460248.0,122609349.0,0.043196444995397536
2013-08-01,8.86,9.35,8.86,9.27,8343471.0,76387136.0,122609349.0,0.06804922355472257
2013-08-02,9.28,9.33,9.1,9.11,5873160.0,53895988.0,122609349.0,0.04790140432113378
2013-08-05,9.1,9.31,9.01,9.22,3459118.0,31716210.0,122609349.0,0.028212514202322368
2013-08-06,9.18,9.25,9.09,9.16,3489330.0,32002628.0,122609349.0,0.028458922818357026
2013-08-07,9.2,9.33,9.02,9.05,4111561.0,37746312.0,122609349.0,0.033533829463526475
2013-08-08,9.03,9.11,8.81,8.86,3670348.0,32859982.0,122609349.0,0.029935302894398372
2013-08-09,8.86,8.95,8.72,8.92,2659475.0,23525422.0,122609349.0,0.021690637962689125
2013-08-12,8.95,9.19,8.95,9.15,3901408.0,35539256.0,122609349.0,0.03181982476719618
2013-08-13,9.2,9.73,9.13,9.65,8815392.0,82844656.0,122609349.0,0.0718982041083996
2013-08-14,9.65,9.65,9.35,9.42,7608732.0,72121128.0,122609349.0,0.062056703359545606
2013-08-15,9.18,9.57,9.18,9.37,4716353.0,44501664.0,122609349.0,0.03846650388788868
2013-08-16,9.29,9.47,9.03,9.04,4736011.0,43714036.0,122609349.0,0.03862683423920634
2013-08-19,8.92,9.16,8.92,9.15,2370449.0,21517018.0,122609349.0,0.019333346268725397
2013-08-20,9.26,9.26,9.04,9.07,2417164.0,22058620.0,122609349.0,0.019714353103693585
2013-08-21,9.08,9.17,9.01,9.16,1905955.0,17380628.0,122609349.0,0.015544940214958648
2013-08-22,9.13,9.2,9.06,9.09,1705044.0,15546635.0,122609349.0,0.013906313131146304
2013-08-23,9.09,9.16,8.79,8.98,2495731.0,22499424.0,122609349.0,0.020355144369945233
2013-08-26,8.99,9.17,8.98,9.17,2540406.0,23173470.0,122609349.0,0.020719512995701496
2013-08-27,9.15,9.22,9.11,9.2,2781550.0,25509450.0,122609349.0,0.022686279820309622
2013-08-28,9.16,9.17,9.0,9.0,2753999.0,25016198.0,122609349.0,0.02246157428011464
2013-08-29,9.0,9.07,8.88,8.89,2478572.0,22159282.0,122609349.0,0.02021519582491218
2013-08-30,8.91,8.96,8.41,8.5,4683791.0,40616168.0,122609349.0,0.038200928707320676
2013-09-02,8.55,8.62,8.45,8.56,1966690.0,16773705.0,122609349.0,0.016040293958334288
2013-09-03,8.56,8.79,8.46,8.77,2031427.0,17604270.0,122609349.0,0.016568287953310966
2013-09-04,8.75,8.77,8.65,8.73,1502277.0,13053443.0,122609349.0,0.01225254853934507
2013-09-05,8.75,8.8,8.65,8.65,2037003.0,17742508.0,122609349.0,0.016613765725156895
2013-09-06,8.62,8.8,8.62,8.78,2169750.0,19006230.0,122609349.0,0.01769644825371351
2013-09-09,8.82,8.87,8.74,8.82,2585156.0,22737244.0,122609349.0,0.02108449332032584
2013-09-10,8.84,8.85,8.73,8.8,2308480.0,20278888.0,122609349.0,0.018827928039973525
2013-09-11,8.8,8.87,8.72,8.74,2478758.0,21732028.0,122609349.0,0.020216712838105028
2013-09-12,8.72,8.94,8.72,8.88,2640202.0,23408960.0,122609349.0,0.021533447665560968
2013-09-13,8.86,8.87,8.77,8.82,2239332.0,19725196.0,122609349.0,0.01826395799556851
2013-09-16,8.82,8.97,8.81,8.85,2147232.0,19079602.0,122609349.0,0.017512791785559517
2013-09-17,8.85,8.87,8.61,8.65,1736040.0,15164784.0,122609349.0,0.01415911603934868
2013-09-18,8.65,8.85,8.61,8.85,1341798.0,11718021.0,122609349.0,0.010943684237325165
2013-09-23,8.9,9.74,8.9,9.74,10025058.0,95204112.0,122609349.0,0.08176422174788645
2013-09-24,10.48,10.71,10.03,10.58,35424352.0,365121056.0,122609349.0,0.2889204802808308
2013-09-25,10.1,10.42,9.98,10.36,18865254.0,193290448.0,122609349.0,0.15386472690593928
2013-09-26,10.1,10.95,10.06,10.31,21191958.0,224619552.0,122609349.0,0.1728412896148727
2013-09-27,10.35,10.55,9.82,10.07,11471499.0,116330896.0,122609349.0,0.09356137271391923
2013-09-30,10.1,10.22,9.86,10.18,7424239.0,74671072.0,122609349.0,0.06055198123594963
2013-10-08,10.23,10.58,9.99,10.57,10345536.0,106641584.0,122609349.0,0.08437803547917051
2013-10-09,10.55,10.55,10.24,10.43,8221677.0,85479480.0,122609349.0,0.06705587352886117
2013-10-10,10.34,10.93,10.33,10.52,12884649.0,137586960.0,122609349.0,0.10508700278638622
2013-10-11,10.46,11.51,10.42,11.22,19048732.0,211610384.0,122609349.0,0.15536117070485383
2013-10-14,11.18,11.36,10.89,11.18,12081975.0,134419952.0,122609349.0,0.0985404057564974
2013-10-15,11.18,11.39,10.71,10.87,11115554.0,122913728.0,122609349.0,0.09065829066590998
2013-10-16,10.77,10.77,10.0,10.19,8709109.0,89963552.0,122609349.0,0.07103136156444319
2013-10-17,10.44,11.21,10.44,10.81,13362232.0,146201728.0,122609349.0,0.10898216252661125
2013-10-18,10.9,10.93,10.29,10.56,7201093.0,75649680.0,122609349.0,0.05873200582771221
2013-10-21,10.51,11.07,10.34,11.06,10649312.0,115535968.0,122609349.0,0.08685562795052439
2013-10-22,11.06,11.98,11.0,11.37,17338444.0,199660112.0,122609349.0,0.141412087588851
2013-10-23,11.42,11.87,11.06,11.7,18069438.0,209247904.0,122609349.0,0.14737406362054822
2013-10-24,11.75,11.85,11.35,11.58,10563052.0,122627888.0,122609349.0,0.08615209269237699
2013-10-25,11.5,11.67,11.1,11.22,8024727.0,90814928.0,122609349.0,0.06544955230126864
2013-10-28,11.25,11.42,10.9,11.26,5672089.0,63435320.0,122609349.0,0.04626147227973619
2013-10-29,11.11,11.4,10.13,10.13,13362795.0,140027616.0,122609349.0,0.10898675434611434
2013-10-30,9.94,10.24,9.78,10.16,7186353.0,71781656.0,122609349.0,0.058611786610171135
2013-10-31,10.12,10.12,9.7,9.77,5722765.0,56310620.0,122609349.0,0.0466747849709242
2013-11-01,9.7,9.93,9.68,9.89,3827809.0,37634764.0,122609349.0,0.031219552433966517
2013-11-04,9.91,10.25,9.9,10.17,3575805.0,36224176.0,122609349.0,0.029164211613259605
2013-11-05,10.15,10.19,9.92,10.18,3867607.0,38881632.0,122609349.0,0.031544144321327405
2013-11-06,10.18,10.29,9.95,10.0,4289887.0,43500476.0,122609349.0,0.034988253628196006
2013-11-07,9.94,9.96,9.65,9.65,3667201.0,36012852.0,122609349.0,0.029909636009893503
2013-11-08,9.5,9.55,9.06,9.18,5487858.0,50711240.0,122609349.0,0.04475888702418606
2013-11-11,9.16,9.36,9.07,9.3,2204924.0,20325312.0,122609349.0,0.0179833268668607
2013-11-12,9.21,9.39,9.21,9.33,2182358.0,20315458.0,122609349.0,0.017799278911431134
2013-11-13,9.33,9.33,8.85,8.86,2705058.0,24604886.0,122609349.0,0.022062412222741676
2013-11-14,8.86,9.13,8.69,9.1,3450697.0,30772968.0,122609349.0,0.02814383265341373
2013-11-15,9.2,9.58,9.17,9.35,4076191.0,38378912.0,122609349.0,0.03324535227733735
2013-11-18,9.37,9.62,9.34,9.59,3977469.0,37936048.0,122609349.0,0.03244017713526886
2013-11-19,9.59,9.96,9.53,9.89,5175810.0,50724664.0,122609349.0,0.04221382824567481
2013-11-20,9.92,9.94,9.66,9.89,3292900.0,32213944.0,122609349.0,0.02685684270291656
2013-11-21,9.83,10.18,9.73,9.95,3961804.0,39518388.0,122609349.0,0.03231241363168807
2013-11-22,9.95,10.04,9.69,9.73,2999712.0,29404092.0,122609349.0,0.024465605799766543
2013-11-25,9.68,9.83,9.6,9.63,2098201.0,20364342.0,122609349.0,0.017112895689544848
2013-11-26,9.73,9.73,9.58,9.66,1608810.0,15528593.0,122609349.0,0.013121430079528438
2013-11-27,9.61,9.93,9.61,9.9,3407301.0,33371556.0,122609349.0,0.02778989553235455
2013-11-28,9.89,10.08,9.84,9.94,4610767.0,45975872.0,122609349.0,0.037605346065413006
2013-11-29,9.99,10.11,9.88,10.1,4343630.0,43568952.0,122609349.0,0.03542658072509626
2013-12-02,9.45,9.9,9.16,9.23,5294961.0,50338180.0,122609349.0,0.04318562200342488
2013-12-03,9.23,9.58,9.2,9.53,2470616.0,23229066.0,122609349.0,0.020150306808985666
2013-12-04,9.5,9.8,9.45,9.68,2756601.0,26718248.0,122609349.0,0.022482796152844757
2013-12-05,9.67,9.79,9.59,9.71,2155578.0,20920428.0,122609349.0,0.017580861635600072
2013-12-06,9.7,9.8,9.61,9.63,1689549.0,16343465.0,122609349.0,0.01377993614499984
2013-12-09,9.63,9.9,9.63,9.9,2537369.0,24730580.0,122609349.0,0.020694743269536485
2013-12-10,9.93,10.18,9.89,10.12,5204378.0,52277468.0,122609349.0,0.042446828422521024
2013-12-11,10.16,10.16,9.75,9.87,3267087.0,32299936.0,122609349.0,0.026646312264491347
2013-12-12,9.85,9.98,9.8,9.82,2249635.0,22254114.0,122609349.0,0.018347989108073642
2013-12-13,9.76,9.98,9.72,9.94,2203796.0,21775520.0,122609349.0,0.017974126915884694
2013-12-16,9.96,9.99,9.55,9.55,2789718.0,27061452.0,122609349.0,0.02275289790503659
2013-12-17,9.57,9.78,9.56,9.61,1944097.0,18800916.0,122609349.0,0.01585602579131221
2013-12-18,9.66,9.69,9.43,9.56,1412071.0,13516431.0,122609349.0,0.011516829764751463
2013-12-19,9.73,10.52,9.72,10.52,11299288.0,118267376.0,122609349.0,0.09215682239696094
2013-12-20,10.86,10.86,9.97,10.09,16228153.0,168140544.0,122609349.0,0.13235657094957742
2013-12-23,9.95,10.05,9.41,9.78,6744618.0,65730148.0,122609349.0,0.05500900261692116
2013-12-24,9.79,10.02,9.62,9.75,4642578.0,45598792.0,122609349.0,0.03786479610131524
2013-12-25,9.75,10.07,9.73,10.06,5956424.0,58959740.0,122609349.0,0.0485805042484974
2013-12-26,10.06,10.06,9.7,9.71,4612085.0,45551200.0,122609349.0,0.037616095653521496
2013-12-27,9.6,9.79,9.52,9.68,5130204.0,49709820.0,122609349.0,0.04184186639796938
2013-12-30,9.74,9.78,9.51,9.55,4444681.0,42689040.0,122609349.0,0.036250751156015025
2013-12-31,9.56,9.77,9.55,9.67,3328975.0,32291932.0,410609349.0,0.008107401860448142
2014-01-02,9.65,9.76,9.55,9.68,8485213.0,81843928.0,410609349.0,0.020664928893277586
2014-01-03,9.64,9.96,9.57,9.92,8099124.0,79108328.0,410609349.0,0.019724645870155284
2014-01-06,9.81,9.81,9.27,9.3,5577709.0,53165104.0,410609349.0,0.013583979550353589
2014-01-07,9.35,9.5,9.29,9.48,3203915.0,30137918.0,410609349.0,0.00780283012991017
2014-01-08,9.5,9.59,9.36,9.42,3018026.0,28510858.0,410609349.0,0.007350115157753021
2014-01-09,9.4,9.88,9.3,9.5,6812741.0,65881668.0,410609349.0,0.016591782473028883
2014-01-10,9.44,9.49,9.12,9.24,3786426.0,35167548.0,410609349.0,0.009221480244474414
2014-01-13,9.28,9.32,8.85,8.9,3313658.0,29912392.0,410609349.0,0.008070098764361062
2014-01-14,8.9,9.15,8.88,9.13,1856603.0,16739912.0,410609349.0,0.004521579950679594
2014-01-15,9.13,9.83,9.09,9.7,7381905.0,70543280.0,410609349.0,0.017977927239060502
2014-01-16,9.61,9.71,9.48,9.55,5042015.0,48373176.0,410609349.0,0.01227934778465066
2014-01-17,9.61,10.16,9.5,9.91,9485493.0,93964856.0,410609349.0,0.023101015656611365
2014-01-20,9.92,10.5,9.92,10.14,10391741.0,106665216.0,410609349.0,0.02530809643109222
2014-01-21,10.14,10.56,10.12,10.44,8125339.0,84517104.0,410609349.0,0.0197884900082974
2014-01-22,10.51,10.82,10.3,10.71,10589898.0,111630208.0,410609349.0,0.025790688949948872
2014-01-23,10.6,11.61,10.55,11.29,15132269.0,170661120.0,410609349.0,0.03685320131373823
2014-01-24,11.29,11.49,11.16,11.27,8469621.0,95665584.0,410609349.0,0.020626956060856762
2014-01-27,11.16,11.4,11.01,11.04,5323502.0,59677388.0,410609349.0,0.012964882589655795
2014-01-28,11.01,11.28,10.85,11.1,4463187.0,49336032.0,410609349.0,0.010869667266148877
2014-01-29,11.07,11.32,10.98,11.18,5908503.0,66096876.0,410609349.0,0.01438959686229648
2014-01-30,11.15,11.28,10.98,10.98,3935102.0,43453840.0,410609349.0,0.009583566495949413
2014-02-07,10.79,10.85,10.51,10.83,4722312.0,50566256.0,410609349.0,0.011500741547898851
2014-02-10,10.85,11.91,10.82,11.91,8250174.0,95767648.0,410609349.0,0.02009251377274413
2014-02-11,12.38,12.88,12.06,12.56,19918076.0,248393520.0,410609349.0,0.04850857889258629
2014-02-12,12.5,13.17,12.4,12.65,17380462.0,222860208.0,410609349.0,0.042328461449619846
2014-02-13,12.92,13.92,12.92,13.73,29244520.0,402557504.0,410609349.0,0.07122224584321386
2014-02-14,13.49,15.1,13.44,15.1,23588780.0,335815744.0,410609349.0,0.057448229217011815
2014-02-17,15.85,16.61,15.85,16.61,19274374.0,312688928.0,410609349.0,0.046940903919847184
2014-02-18,16.6,16.61,15.7,16.02,20533100.0,329665344.0,410609349.0,0.0500064113250378
2014-02-19,15.86,16.5,15.6,15.8,14757183.0,237109408.0,410609349.0,0.03593971505018021
2014-02-20,15.7,15.7,14.88,15.0,14190388.0,216128208.0,410609349.0,0.03455933975823819
2014-02-21,15.0,15.49,14.75,15.09,9296626.0,139693456.0,410609349.0,0.022641048048810987
2014-02-24,15.02,15.39,14.77,15.24,8200627.0,124290176.0,410609349.0,0.019971846768642377
2014-02-25,15.32,16.16,14.1,14.3,14522957.0,222106496.0,410609349.0,0.03536927991378978
2014-02-26,14.03,15.16,13.9,14.99,11013798.0,161307168.0,410609349.0,0.026823057065853608
2014-02-27,14.93,15.6,14.61,14.72,10266594.0,155998112.0,410609349.0,0.025003312820332302
2014-02-28,14.49,14.5,13.68,14.43,9245396.0,130351296.0,410609349.0,0.022516282258346728
2014-03-03,14.3,15.18,14.29,14.69,7808699.0,115708848.0,410609349.0,0.01901734341660107
2014-03-04,14.65,15.35,14.35,15.35,9680605.0,145655728.0,410609349.0,0.02357619236769984
2014-03-05,15.28,15.6,14.97,15.07,5863479.0,89473496.0,410609349.0,0.01427994519433117
2014-03-06,14.94,15.7,14.53,15.48,7743370.0,117707712.0,410609349.0,0.018858240853156998
2014-03-07,15.63,15.88,14.96,15.08,7952517.0,122754000.0,410609349.0,0.019367598471314886
2014-03-10,14.84,14.85,13.58,13.61,8714342.0,123574664.0,410609349.0,0.021222950771147688
2014-03-11,13.6,13.63,12.6,13.63,6173329.0,81816000.0,410609349.0,0.015034555387096167
2014-03-12,13.65,14.27,13.4,13.62,6729672.0,92806464.0,410609349.0,0.016389475827546244
2014-03-13,13.73,14.24,13.71,14.0,7746351.0,108679184.0,410609349.0,0.018865500795014777
2014-03-14,13.96,13.96,13.27,13.38,3991183.0,54075356.0,410609349.0,0.009720146435340906
2014-03-17,13.36,13.88,13.18,13.79,4896580.0,66637764.0,410609349.0,0.011925154680294432
2014-03-18,13.79,15.17,13.7,15.09,10556209.0,156868288.0,410609349.0,0.025708642595958037
2014-03-19,14.96,14.98,14.55,14.83,6487249.0,95929872.0,410609349.0,0.015799077677600564
2014-03-20,14.59,14.97,13.77,13.77,6184463.0,88559216.0,410609349.0,0.015061671184695797
2014-03-21,13.71,14.3,13.5,14.12,3906218.0,54105812.0,410609349.0,0.009513222262262713
2014-03-24,14.42,15.2,14.38,14.64,8016720.0,118790584.0,410609349.0,0.01952395876889788
2014-03-25,14.4,14.68,14.16,14.36,3385526.0,48820352.0,410609349.0,0.008245126440119122
2014-03-26,14.34,14.7,14.2,14.7,3428148.0,49915992.0,410609349.0,0.008348928265634789
2014-03-27,14.66,14.97,14.21,14.27,4550593.0,66903552.0,410609349.0,0.01108253626246586
2014-03-28,14.03,14.33,13.1,13.27,6007541.0,81234072.0,410609349.0,0.014630794487828381
2014-03-31,13.27,13.54,12.81,13.23,3465427.0,45538224.0,410609349.0,0.008439717723037038
2014-04-01,13.2,14.02,13.11,13.75,3207768.0,43786088.0,410609349.0,0.007812213744797126
2014-04-02,14.0,14.29,13.43,13.59,2232656.0,30614550.0,410609349.0,0.005437421250727537
2014-04-03,13.5,13.79,13.15,13.27,3797739.0,50773216.0,410609349.0,0.00924903197954219
2014-04-04,13.27,13.67,13.25,13.6,2472060.0,33384106.0,410609349.0,0.006020466913431141
2014-04-08,13.38,13.56,12.93,13.24,6717293.0,88528328.0,410609349.0,0.016359327950908394
2014-04-09,13.28,13.56,13.08,13.35,6943820.0,92835872.0,410609349.0,0.01691101290535886
2014-04-10,13.33,13.6,13.18,13.48,9602169.0,128844008.0,410609349.0,0.02338516895288714
2014-04-11,13.37,13.62,13.25,13.47,4383038.0,58927136.0,410609349.0,0.010674472002828167
2014-04-14,13.53,13.98,13.4,13.53,6216900.0,84796136.0,410609349.0,0.015140668411814462
2014-04-15,13.62,13.8,13.53,13.75,5376035.0,73543352.0,410609349.0,0.013092821712639573
2014-04-16,13.75,13.75,13.3,13.4,4496114.0,60714036.0,410609349.0,0.010949857841644029
2014-04-17,13.42,13.53,13.0,13.17,3387886.0,44769452.0,410609349.0,0.008250873995565065
2014-04-18,13.13,13.38,13.01,13.08,3111170.0,40954900.0,410609349.0,0.007576958507099165
2014-04-21,13.02,13.28,12.34,12.4,9125815.0,116912760.0,410609349.0,0.022225054110981773
2014-04-22,12.35,12.49,11.7,11.9,9020594.0,107965584.0,410609349.0,0.021968798377262472
2014-04-23,12.0,12.24,11.82,12.15,4503630.0,54126476.0,410609349.0,0.010968162344496447
2014-04-24,12.1,12.54,11.85,12.13,4203540.0,50888952.0,410609349.0,0.010237321703067214
2014-04-25,12.12,12.18,11.57,11.6,4021418.0,47484344.0,410609349.0,0.009793780900979925
2014-04-28,11.51,11.74,11.08,11.58,4561055.0,52114288.0,410609349.0,0.011108015468006306
2014-04-29,11.44,11.83,11.39,11.77,2281243.0,26574094.0,410609349.0,0.005555750266173311
2014-04-30,11.84,11.84,11.61,11.76,1973122.0,23122022.0,410609349.0,0.004805350888393922
2014-05-05,11.76,11.88,11.57,11.85,2126275.0,24907708.0,410609349.0,0.005178340447382263
2014-05-06,11.98,12.18,11.81,12.05,2755803.0,33264554.0,410609349.0,0.00671149599177782
2014-05-07,11.95,11.96,11.5,11.54,2560975.0,29984146.0,410609349.0,0.006237010935666738
2014-05-08,11.48,11.79,11.4,11.52,2549402.0,29617502.0,410609349.0,0.006208825995337968
2014-05-09,11.63,11.73,11.3,11.4,1848623.0,21269266.0,410609349.0,0.004502145419976787
2014-05-12,11.5,11.76,11.49,11.73,2729561.0,31806122.0,410609349.0,0.006647586097704755
2014-05-13,11.85,12.09,11.81,12.0,3482578.0,41546884.0,410609349.0,0.008481487351618971
2014-05-14,12.0,12.08,11.67,11.79,2155824.0,25473618.0,410609349.0,0.005250304225294198
2014-05-15,11.85,12.01,11.56,11.64,2995264.0,35221600.0,410609349.0,0.007294680472557872
2014-05-16,11.64,11.64,11.11,11.18,3052973.0,34374704.0,410609349.0,0.007435225251045124
2014-05-19,11.18,11.29,11.08,11.22,1265273.0,14158788.0,410609349.0,0.003081452000743412
2014-05-20,11.3,11.57,11.18,11.26,2097860.0,23791954.0,410609349.0,0.005109138418570202
2014-05-21,11.22,11.55,11.07,11.52,2159598.0,24553500.0,410609349.0,0.005259495443198006
2014-05-22,11.76,12.16,11.76,11.89,6269216.0,74997024.0,410609349.0,0.015268079051945795
2014-05-23,11.7,12.17,11.7,12.15,3972714.0,47703588.0,410609349.0,0.009675166943166703
2014-05-26,12.23,12.48,12.1,12.38,4652383.0,57226580.0,410609349.0,0.011330436122144896
2014-05-27,12.25,12.48,12.17,12.29,3186583.0,39130840.0,410609349.0,0.007760619693050389
2014-05-28,12.29,13.52,12.15,13.35,15613351.0,204699136.0,410609349.0,0.03802483074977428
2014-05-29,13.28,13.59,13.05,13.36,6680933.0,88778976.0,410609349.0,0.016270776630563276
2014-05-30,13.35,13.9,13.22,13.72,9314009.0,126478824.0,410609349.0,0.022683382691318116
2014-06-03,13.78,13.88,13.35,13.65,5279711.0,71497192.0,410609349.0,0.012858233775870505
2014-06-04,13.53,13.55,13.06,13.33,3581976.0,47505856.0,410609349.0,0.008723561722896865
2014-06-05,13.2,13.49,13.07,13.33,3373370.0,44942936.0,410609349.0,0.008215521658762817
2014-06-06,13.33,13.59,13.1,13.28,2986466.0,39686896.0,410609349.0,0.007273253780687785
2014-06-09,13.15,13.39,13.01,13.22,1797640.0,23739832.0,410609349.0,0.004377981174510472
2014-06-10,13.28,13.3,12.85,13.24,2018941.0,26438944.0,410609349.0,0.004916938703214963
2014-06-11,13.11,13.84,13.02,13.76,4707802.0,63550148.0,410609349.0,0.011465403823525703
2014-06-12,13.68,13.73,13.32,13.41,2540280.0,34276644.0,410609349.0,0.006186610232296489
2014-06-13,13.4,13.52,13.33,13.37,2320153.0,31136658.0,410609349.0,0.005650511868885869
2014-06-16,13.38,13.85,13.32,13.77,5143453.0,70200384.0,410609349.0,0.012526390381822504
2014-06-17,13.8,13.96,13.51,13.63,4873171.0,66925072.0,410609349.0,0.01186814428816135
2014-06-18,13.68,13.81,12.74,12.94,7518168.0,98901240.0,410609349.0,0.018309782810132753
2014-06-19,12.95,13.09,12.16,12.47,4178094.0,52753904.0,410609349.0,0.01017535039125473
2014-06-20,12.47,12.57,12.27,12.4,2491079.0,30854066.0,410609349.0,0.00606678587827283
2014-06-23,12.46,12.8,12.29,12.36,4224073.0,52912580.0,410609349.0,0.010287327870851766
2014-06-24,12.42,12.85,12.33,12.83,5214057.0,65922452.0,410609349.0,0.012698339705850195
2014-06-25,12.8,13.03,12.69,12.96,4347829.0,56039040.0,410609349.0,0.01058872383346537
2014-06-26,13.05,13.25,12.8,12.83,4315140.0,55985356.0,410609349.0,0.010509112884324512
2014-06-27,12.82,12.87,12.58,12.69,3741205.0,47545980.0,410609349.0,0.009111348801753658
2014-06-30,12.7,12.94,12.56,12.94,3452836.0,44006716.0,410609349.0,0.008409053540570992
2014-07-01,12.9,13.4,12.86,13.34,6277908.0,82912952.0,410609349.0,0.015289247590901785
2014-07-02,13.21,13.28,13.0,13.14,5356244.0,70192416.0,410609349.0,0.013044622615253703
2014-07-03,13.19,13.8,13.18,13.25,8786353.0,118086040.0,410609349.0,0.021398326709799294
2014-07-04,13.26,13.43,13.09,13.31,4252223.0,56383320.0,410609349.0,0.010355884517378585
2014-07-07,13.4,13.4,12.96,13.14,3599040.0,47246228.0,410609349.0,0.008765119471256851
2014-07-08,13.05,13.29,13.05,13.23,2779644.0,36640596.0,410609349.0,0.006769558478806093
2014-07-09,13.2,13.28,12.75,12.78,4162045.0,54379640.0,410609349.0,0.010136264578817469
2014-07-10,12.78,13.01,12.51,12.85,2827500.0,36319448.0,410609349.0,0.006886107213306534
2014-07-11,12.75,12.98,12.74,12.93,2064050.0,26621752.0,410609349.0,0.0050267973805925206
2014-07-14,13.3,13.3,13.0,13.2,3026139.0,39741952.0,410609349.0,0.007369873597300874
2014-07-15,13.11,13.25,12.98,13.08,2118171.0,27758346.0,410609349.0,0.0051586039264780595
2014-07-16,13.05,13.14,12.66,12.8,2651774.0,34050756.0,410609349.0,0.006458143260639689
2014-07-17,13.0,13.0,12.55,12.6,2592863.0,32792914.0,410609349.0,0.006314671125522766
2014-07-18,12.59,12.74,12.52,12.64,1793381.0,22652580.0,410609349.0,0.004367608785254424
2014-07-21,12.64,12.64,11.5,11.5,9381934.0,110835224.0,410609349.0,0.02284880756575272
2014-07-22,11.4,11.68,11.4,11.65,5796102.0,67082044.0,410609349.0,0.01411585492175435
2014-07-23,11.65,11.65,11.35,11.37,3663307.0,41921804.0,410609349.0,0.008921635634750246
2014-07-24,11.36,11.4,11.1,11.17,5775192.0,64612992.0,410609349.0,0.014064930606341357
2014-07-25,11.2,11.3,11.14,11.24,4659682.0,52172552.0,410609349.0,0.011348212142144869
2014-07-28,11.24,11.56,11.21,11.54,6206535.0,70801416.0,410609349.0,0.015115425440544462
2014-07-29,11.57,11.95,11.52,11.83,6536943.0,76945496.0,410609349.0,0.015920102686215264
2014-07-30,11.84,12.01,11.68,11.98,4546676.0,53854588.0,410609349.0,0.011072996781668506
2014-07-31,11.98,11.98,11.81,11.91,2724992.0,32405904.0,410609349.0,0.006636458732945216
2014-08-01,11.85,11.9,11.62,11.62,3865044.0,45490788.0,410609349.0,0.00941294690296981
2014-08-04,11.61,11.89,11.58,11.82,4372863.0,51295836.0,410609349.0,0.010649691758479664
2014-08-05,11.89,12.06,11.71,11.95,4762760.0,56715456.0,410609349.0,0.011599248803270673
2014-08-06,11.95,12.05,11.85,12.05,3476584.0,41693276.0,410609349.0,0.008466889534948216
2014-08-07,12.05,12.13,11.9,11.9,3647154.0,43847392.0,410609349.0,0.008882296540208586
2014-08-08,11.89,12.21,11.88,12.21,4683078.0,56689296.0,410609349.0,0.011405190874014903
2014-08-11,12.21,12.67,12.21,12.55,7319811.0,91728944.0,410609349.0,0.017826703210306105
2014-08-12,12.55,12.6,12.38,12.53,2826880.0,35271412.0,410609349.0,0.0068845972622995485
2014-08-13,12.53,12.58,12.18,12.39,4584610.0,56611684.0,410609349.0,0.011165381429247487
2014-08-14,12.34,12.62,12.22,12.38,3815909.0,47607288.0,410609349.0,0.00929328328566625
2014-08-15,12.38,12.55,12.3,12.49,2572240.0,32093936.0,410609349.0,0.006264445771301715
2014-08-18,12.54,12.65,12.48,12.61,3377357.0,42464260.0,410609349.0,0.00822523161789967
2014-08-19,12.59,12.68,12.48,12.58,3548600.0,44619960.0,410609349.0,0.008642277650624072
2014-08-20,12.58,12.86,12.51,12.6,6987509.0,88799504.0,410609349.0,0.017017413307849453
2014-08-21,12.59,12.59,12.32,12.49,3510024.0,43760036.0,410609349.0,0.008548329473131408
2014-08-22,12.51,12.56,12.38,12.48,3314098.0,41315216.0,410609349.0,0.00807117034249505
2014-08-25,13.04,13.47,12.88,13.2,17640852.0,231568432.0,410609349.0,0.04296261651850504
2014-08-26,13.1,13.25,12.69,12.73,8508154.0,110119248.0,410609349.0,0.020720799515940882
2014-08-27,12.71,12.79,12.52,12.54,4498764.0,56807868.0,410609349.0,0.010956311664496465
2014-08-28,12.7,12.93,12.61,12.72,4841180.0,61816312.0,410609349.0,0.011790233251605773
2014-08-29,12.61,13.03,12.52,12.94,4193238.0,53742256.0,410609349.0,0.010212232162302763
2014-09-01,12.99,13.07,12.88,13.02,4692026.0,60904300.0,410609349.0,0.011426982876612486
2014-09-02,13.11,13.17,12.91,13.14,6080471.0,79496624.0,410609349.0,0.014808408563537115
2014-09-03,13.21,13.48,13.15,13.19,7612603.0,101092856.0,410609349.0,0.018539770267140217
2014-09-04,13.2,13.88,13.2,13.74,15755565.0,214929760.0,410609349.0,0.03837117941510874
2014-09-05,13.66,13.87,13.52,13.82,8776940.0,119959112.0,410609349.0,0.021375402243946472
2014-09-09,13.7,14.14,13.7,13.99,7273153.0,101299096.0,410609349.0,0.017713072090815934
2014-09-10,14.0,14.01,13.73,13.79,4427508.0,61168288.0,410609349.0,0.010782774456506591
2014-09-11,13.7,14.33,13.7,13.91,7767956.0,109383360.0,410609349.0,0.018918117716798504
2014-09-12,13.9,14.14,13.73,14.09,3997656.0,55672388.0,410609349.0,0.009735910810934799
2014-09-15,14.07,14.25,13.83,14.06,4206734.0,59000476.0,410609349.0,0.010245100386158036
2014-09-16,14.06,14.15,13.28,13.29,5928351.0,81413848.0,410609349.0,0.014437934777758798
2014-09-17,13.35,13.53,13.02,13.31,3380728.0,44917328.0,410609349.0,0.008233441367648938
2014-09-18,13.34,13.57,13.13,13.49,3092785.0,41252456.0,410609349.0,0.00753218358893236
2014-09-19,13.49,13.58,13.34,13.51,2481551.0,33412038.0,410609349.0,0.00604358134086226
2014-09-22,13.37,13.45,13.09,13.1,3272695.0,43184780.0,410609349.0,0.007970337275491504
2014-09-23,13.06,13.24,12.9,13.23,3853554.0,50478708.0,410609349.0,0.009384964101243589
2014-09-24,13.15,13.44,13.1,13.41,3970413.0,52791348.0,410609349.0,0.009669563076606909
2014-09-25,13.53,14.07,13.53,13.7,6530251.0,90229512.0,410609349.0,0.015903804956959224
2014-09-26,13.96,14.25,13.96,14.02,8570104.0,120912176.0,410609349.0,0.02087167284639688
2014-09-29,14.1,14.18,13.86,14.07,4192714.0,58590860.0,410609349.0,0.010210956010161375
2014-09-30,14.04,14.12,14.0,14.07,3128033.0,43973292.0,410609349.0,0.007618026739084307
2014-10-08,14.15,14.3,13.99,14.22,3986685.0,56343372.0,410609349.0,0.009709191984325715
2014-10-09,14.23,14.85,14.23,14.75,9087511.0,132948632.0,410609349.0,0.022131768363608303
2014-10-10,14.65,15.5,14.46,15.19,9001579.0,136685456.0,410609349.0,0.021922489154040183
2014-10-13,15.21,15.21,14.6,14.9,9091295.0,134270976.0,410609349.0,0.02214098393556061
2014-10-14,14.79,14.94,14.56,14.63,5829458.0,86031240.0,410609349.0,0.014197090285930143
2014-10-15,14.62,14.67,14.05,14.5,7767736.0,111278176.0,410609349.0,0.01891758192773151
2014-10-16,14.3,14.95,14.1,14.12,4973992.0,72550184.0,410609349.0,0.012113684240540757
2014-10-17,14.01,14.38,13.45,14.14,5656174.0,78945080.0,410609349.0,0.013775073591906939
2014-10-20,14.24,14.5,14.1,14.36,4046479.0,57910732.0,410609349.0,0.009854814581925168
2014-10-21,14.36,14.36,14.05,14.09,1989695.0,28210572.0,410609349.0,0.0048457128529725705
2014-10-22,14.2,14.27,13.9,13.9,2295330.0,32324722.0,410609349.0,0.00559005781429492
2014-10-23,13.9,13.99,13.23,13.42,3779532.0,51211780.0,410609349.0,0.009204690563438681
2014-10-24,13.37,13.58,13.25,13.39,1671781.0,22360942.0,410609349.0,0.004071463555497369
2014-10-27,13.39,13.83,13.33,13.7,2312482.0,31486126.0,410609349.0,0.005631829878281705
2014-10-28,13.69,14.08,13.69,14.06,2871427.0,40109144.0,410609349.0,0.00699308724215142
2014-10-29,14.07,14.2,13.9,14.11,4332727.0,60919732.0,410609349.0,0.010551944349421036
2014-10-30,14.12,14.14,13.9,13.94,2665343.0,37285720.0,410609349.0,0.00649118926904901
2014-10-31,13.98,14.04,13.61,13.73,2005301.0,27658216.0,410609349.0,0.004883719781061293
2014-11-03,13.73,14.07,13.7,14.01,2291439.0,31950284.0,410609349.0,0.0055805816540236645
2014-11-04,14.0,14.19,13.92,14.16,3134555.0,44095784.0,410609349.0,0.007633910449515849
2014-11-05,14.16,14.25,14.14,14.22,2607349.0,37043368.0,410609349.0,0.0063499504001795146
2014-11-06,14.25,14.85,14.12,14.8,6510183.0,94899288.0,410609349.0,0.01585493125242991
2014-11-07,14.78,15.19,14.41,14.54,5919452.0,87741000.0,410609349.0,0.014416262109998863
2014-11-10,14.61,14.92,14.17,14.69,2934031.0,43194456.0,410609349.0,0.007145553327379304
2014-11-11,14.76,14.98,14.0,14.15,4135596.0,59628252.0,410609349.0,0.010071850555940459
2014-11-12,14.01,14.32,14.01,14.32,1665309.0,23590342.0,410609349.0,0.004055701615308325
2014-11-13,14.39,14.4,13.69,13.79,2177297.0,30384304.0,410609349.0,0.005302599673637728
2014-11-14,13.8,14.05,13.7,13.9,1598839.0,22254212.0,410609349.0,0.003893820254930435
2014-11-17,13.83,14.13,13.76,13.99,1888084.0,26371398.0,410609349.0,0.004598248930761681
2014-11-18,13.98,15.39,13.98,15.02,12560050.0,188221648.0,410609349.0,0.030588806685938365
2014-11-19,15.0,15.78,14.82,15.58,12187724.0,187667088.0,410609349.0,0.02968204213976628
2014-11-20,15.5,15.95,14.8,15.49,6830600.0,105351464.0,410609349.0,0.016635276368244602
2014-11-21,15.4,16.15,15.31,15.85,6689515.0,106068936.0,410609349.0,0.016291677274985768
2014-11-24,15.85,15.96,15.34,15.7,3856873.0,60281368.0,410609349.0,0.009393047209940658
2014-11-25,15.75,16.17,15.61,15.85,4705165.0,74795784.0,410609349.0,0.011458981660936318
2014-11-26,15.85,16.68,15.85,15.92,4031923.0,65387228.0,410609349.0,0.009819364828928919
2014-11-27,16.03,16.6,15.9,16.03,3604755.0,58328932.0,410609349.0,0.008779037809974462
2014-11-28,16.03,16.13,15.33,15.58,3688512.0,57760180.0,410609349.0,0.008983020013993885
2014-12-01,15.8,15.84,14.29,14.6,8079551.0,119287424.0,410609349.0,0.01967697769102671
2014-12-02,14.5,14.89,14.38,14.77,3310137.0,48695412.0,410609349.0,0.008061523703884297
2014-12-03,14.86,14.92,14.5,14.7,4400798.0,64418840.0,410609349.0,0.010717724792963738
2014-12-04,14.72,15.33,14.72,15.16,4677702.0,70894392.0,410609349.0,0.011392098137541433
2014-12-05,15.15,15.16,14.33,14.41,6495884.0,94523848.0,410609349.0,0.015820107398480106
2014-12-08,14.47,14.78,14.3,14.63,4913923.0,71592912.0,410609349.0,0.011967391906607562
2014-12-09,14.59,14.95,14.0,14.13,5419295.0,79603312.0,410609349.0,0.013198177326449526
2014-12-10,14.18,15.11,14.16,15.06,4868743.0,71783488.0,410609349.0,0.011857360315485656
2014-12-11,14.89,15.28,14.68,14.83,4462745.0,66520928.0,410609349.0,0.010868590817205188
2014-12-12,14.99,15.2,14.73,15.18,4685650.0,70168744.0,410609349.0,0.01141145473528904
2014-12-15,15.18,15.89,14.95,15.77,7385212.0,115214400.0,410609349.0,0.017985981122899373
2014-12-16,15.77,16.18,15.56,15.82,5430678.0,85998480.0,410609349.0,0.0132258995398568
2014-12-17,15.89,15.89,15.05,15.28,4209961.0,64814404.0,410609349.0,0.010252959437608908
2015-01-26,15.48,16.81,15.3,16.67,13561702.0,222072272.0,410609349.0,0.03302823482472631
2015-01-27,16.29,16.43,15.7,16.2,8443394.0,135722720.0,410609349.0,0.02056308269785645
2015-01-28,16.05,16.1,15.73,15.83,4398138.0,70069184.0,410609349.0,0.010711246616062802
2015-01-29,15.62,15.74,15.4,15.61,3632385.0,56614124.0,410609349.0,0.008846328045979294
2015-01-30,15.55,16.03,15.55,15.82,3329152.0,52851664.0,410609349.0,0.008107832927106587
2015-02-02,15.77,15.77,14.95,15.05,3836306.0,58992608.0,410609349.0,0.009342958238391206
2015-02-03,15.04,15.23,14.83,15.14,4891233.0,73267560.0,410609349.0,0.011912132570561612
2015-02-04,15.14,15.25,14.95,15.07,2607286.0,39316740.0,410609349.0,0.0063497969696739666
2015-02-05,15.16,15.22,14.9,14.97,1920001.0,28857044.0,410609349.0,0.004675979747358359
2015-02-06,15.05,15.05,14.45,14.65,2497141.0,36685464.0,410609349.0,0.0060815493024733835
2015-02-09,14.71,15.18,14.64,14.94,2032738.0,30339910.0,410609349.0,0.004950539983930078
2015-02-10,15.0,15.13,14.82,14.89,2258467.0,33726128.0,410609349.0,0.0055002814853102626
2015-02-11,14.9,15.09,14.8,14.9,2440774.0,36502892.0,410609349.0,0.005944272837294798
2015-02-12,15.08,15.92,14.91,15.83,8548157.0,133838768.0,410609349.0,0.02081822301615446
2015-02-13,15.7,16.31,15.62,16.05,6965574.0,111714464.0,410609349.0,0.016963992702465232
2015-02-16,15.98,16.2,15.68,16.06,3160567.0,50401640.0,410609349.0,0.007697260200473419
2015-02-17,16.06,16.2,15.59,15.76,3769644.0,59429008.0,410609349.0,0.00918060928028212
2015-02-25,15.76,15.96,15.52,15.96,3049332.0,47938460.0,410609349.0,0.007426357941986362
2015-02-26,15.87,15.95,15.67,15.93,2516900.0,39829336.0,410609349.0,0.006129670466904055
2015-02-27,15.81,16.17,15.81,15.94,3150840.0,50444220.0,410609349.0,0.007673571017497704
2015-03-02,16.06,17.46,16.06,17.11,11628902.0,196931104.0,410609349.0,0.028321084330693115
2015-03-03,16.93,18.23,16.82,17.26,8339779.0,146150048.0,410609349.0,0.02031073822432621
2015-03-04,17.26,18.0,17.07,17.83,5984955.0,105672320.0,410609349.0,0.014575788433886828
2015-03-05,17.81,17.82,17.21,17.61,4978062.0,86850712.0,410609349.0,0.01212359633828016
2015-03-06,17.68,17.8,16.5,16.85,3606913.0,61379200.0,410609349.0,0.00878429341364071
2015-03-09,16.85,18.49,16.8,18.1,6591009.0,117558552.0,410609349.0,0.016051775284834053
2015-03-10,17.96,18.4,17.73,17.89,4297328.0,77447832.0,410609349.0,0.010465733453136743
2015-03-11,17.83,18.18,17.55,17.8,3225040.0,57757428.0,410609349.0,0.007854278057365908
2015-03-12,17.8,18.27,17.04,17.15,4264894.0,74458408.0,410609349.0,0.010386743532232628
2015-03-13,17.18,17.45,16.9,17.26,3519464.0,60198640.0,410609349.0,0.008571319694915178
2015-03-16,17.39,17.87,17.17,17.83,5197534.0,90968776.0,410609349.0,0.012658099511514045
2015-03-17,17.83,18.28,17.48,17.79,5926035.0,105908864.0,410609349.0,0.014432294380126255
2015-03-18,17.79,18.06,17.61,18.03,5595642.0,99803264.0,410609349.0,0.013627653665528205
2015-03-19,18.02,18.88,17.85,18.72,9305860.0,171100880.0,410609349.0,0.022663536577195664
2015-03-20,18.6,19.25,18.32,18.68,5676891.0,105998536.0,410609349.0,0.013825527874183887
2015-03-23,18.68,18.93,18.5,18.74,6160311.0,115135800.0,410609349.0,0.015002851286759182
2015-03-24,18.75,18.94,17.72,18.27,6768268.0,123808704.0,410609349.0,0.01648347271313591
2015-03-25,18.35,18.88,18.15,18.39,4161574.0,76932160.0,410609349.0,0.01013511750313313
2015-03-26,18.24,18.64,17.75,17.95,5843833.0,105706888.0,410609349.0,0.014232099230648545
2015-03-27,17.92,18.4,17.8,18.4,4588145.0,83353528.0,410609349.0,0.011173990585392151
2015-03-30,18.41,18.68,17.95,18.21,8052697.0,146540480.0,410609349.0,0.019611577329185458
2015-03-31,18.2,18.37,17.98,18.12,5556302.0,101036512.0,410609349.0,0.013531844838730158
2015-04-01,18.12,19.21,18.0,19.0,9737878.0,182361552.0,410609349.0,0.023715675309672505
2015-04-02,19.0,19.8,18.8,19.21,7916943.0,152249312.0,410609349.0,0.019280961379181845
2015-04-03,19.48,20.46,19.48,20.05,9356187.0,186860736.0,410609349.0,0.022786103197080396
2015-04-07,19.95,20.38,19.5,20.19,10545623.0,209294272.0,410609349.0,0.025682861400216195
2015-04-08,20.42,21.45,20.41,21.07,13276516.0,278620704.0,410609349.0,0.03233369145718112
2015-04-09,20.65,20.7,19.18,20.5,7855157.0,157710400.0,410609349.0,0.01913048745512124
2015-04-10,20.4,21.12,19.82,20.89,7462976.0,154432352.0,410609349.0,0.018175367945652887
2015-04-13,20.89,22.06,20.7,21.97,8127554.0,174429936.0,410609349.0,0.019793884430040095
2015-04-14,21.84,21.84,20.98,21.1,7152324.0,152701632.0,410609349.0,0.01741880455819821
2015-04-15,21.12,21.12,19.75,19.95,4354560.0,88156232.0,410609349.0,0.010605116543510557
2015-04-16,19.55,20.85,19.51,20.35,4145363.0,84178480.0,410609349.0,0.010095637155110172
2015-04-17,20.35,20.68,19.82,20.1,5057222.0,101892120.0,410609349.0,0.012316382986204242
2015-04-20,20.11,20.62,19.51,19.61,8103780.0,162326608.0,410609349.0,0.019735985115136773
2015-04-21,19.94,21.57,19.81,21.57,11859239.0,246937520.0,410609349.0,0.028882048177621987
2015-04-22,23.0,23.56,22.0,23.1,17362464.0,401298464.0,410609349.0,0.04228462903312998
2015-04-23,23.32,25.33,22.66,24.46,13882799.0,330201536.0,410609349.0,0.03381023601583898
2015-04-24,24.0,24.39,23.35,24.05,7353154.0,175987104.0,410609349.0,0.017907906914218848
2015-04-27,24.05,24.66,23.47,23.67,6801566.0,162665408.0,410609349.0,0.016564566823830406
2015-04-28,23.67,23.67,21.8,22.41,6342757.0,144028288.0,410609349.0,0.015447181160017864
2015-04-29,22.28,23.22,22.03,22.98,4723120.0,108117952.0,410609349.0,0.011502709355017633
2015-04-30,23.03,23.19,22.21,22.65,6448017.0,146743136.0,410609349.0,0.015703531874526316
2015-05-04,22.65,23.2,22.41,22.98,5270665.0,120991376.0,410609349.0,0.012836203103597624
2015-05-05,22.92,22.97,21.98,22.08,4554398.0,101824936.0,410609349.0,0.011091802977920019
2015-05-06,22.15,22.53,21.1,21.51,3471197.0,76543824.0,410609349.0,0.008453770009021398
2015-05-07,21.52,22.78,20.98,22.19,4485699.0,97905112.0,410609349.0,0.010924493100131532
2015-05-08,22.46,23.3,22.2,23.29,5576654.0,126990880.0,410609349.0,0.013581410198236865
2015-05-11,23.42,23.93,22.82,23.71,7741952.0,181324272.0,410609349.0,0.018854787449079733
2015-05-12,23.55,23.98,23.12,23.53,7027107.0,164872320.0,410609349.0,0.017113850469098794
2015-05-13,23.54,23.55,22.9,23.2,6726312.0,155548208.0,410609349.0,0.016381292867250326
2015-05-14,23.18,24.29,23.11,24.18,8944372.0,212147632.0,410609349.0,0.021783166948787618
2015-05-15,24.06,24.06,22.68,23.06,9923089.0,229440624.0,410609349.0,0.02416673907734137
2015-05-18,22.7,23.62,22.52,23.29,5834843.0,135182736.0,410609349.0,0.014210204941047263
2015-05-19,23.3,24.57,23.29,24.48,9408158.0,227655936.0,410609349.0,0.022912673622538487
2015-05-20,24.45,26.1,24.31,24.86,11549543.0,292311328.0,410609349.0,0.028127813037203884
2015-05-21,25.88,27.35,25.68,27.35,12453339.0,333827712.0,410609349.0,0.0303289221989926
2015-05-22,28.72,30.03,28.3,30.03,22502230.0,658179072.0,410609349.0,0.054802040077270624
2015-05-25,30.3,32.65,28.6,32.21,20635760.0,633306240.0,410609349.0,0.050256429986936316
2015-05-26,16.15,17.38,15.38,16.8,44060708.0,728016640.0,821218698.0,0.053652830978283446
2015-05-27,17.39,18.48,16.83,18.14,50628832.0,898458624.0,821218698.0,0.06165085150070463
2015-05-28,18.2,19.48,16.98,17.01,51515852.0,947971136.0,821218698.0,0.06273097790571738
2015-05-29,16.94,17.46,15.42,16.54,31307960.0,522481408.0,821218698.0,0.03812377881342395
2015-06-01,16.7,18.0,16.7,17.5,30394148.0,529487776.0,821218698.0,0.03701102772504091
2015-06-02,17.9,18.49,17.63,18.49,34213408.0,619033088.0,821218698.0,0.041661749888700174
2015-06-03,18.53,18.75,17.58,17.9,28037192.0,506620448.0,821218698.0,0.03414095668825115
2015-06-04,17.92,18.1,16.19,17.6,21578146.0,374435136.0,821218698.0,0.0262757607109428
2015-06-05,17.8,18.29,17.6,18.01,27062048.0,486613088.0,821218698.0,0.032953521474738755
2015-06-08,18.02,18.17,17.41,17.45,23554130.0,414361824.0,821218698.0,0.028681921219480076
2015-06-09,17.46,17.95,17.4,17.63,15518283.0,272981920.0,821218698.0,0.018896650840748392
2015-06-10,17.58,17.84,17.0,17.62,16769222.0,293443648.0,821218698.0,0.02041992229456032
2015-06-11,17.63,18.3,17.38,18.24,25628022.0,455564928.0,821218698.0,0.031207304537043068
2015-06-25,18.6,19.95,17.24,18.62,67956208.0,1279113984.0,821218698.0,0.08275043927458164
2015-06-26,17.52,17.99,16.76,16.76,17350724.0,296279424.0,821218698.0,0.021128018690095632
2015-06-29,16.77,17.17,15.08,15.08,16062180.0,247224640.0,821218698.0,0.01955895553659203
2015-06-30,13.57,15.0,13.57,14.59,33887376.0,481180640.0,821218698.0,0.04126473993167652
2015-07-01,13.99,14.29,13.13,13.13,27892364.0,383371680.0,821218698.0,0.033964599281445004
2015-07-02,12.22,12.8,11.82,11.82,25707140.0,307907872.0,821218698.0,0.031303646717503256
2015-07-03,11.15,11.6,10.64,10.64,16009378.0,173513664.0,821218698.0,0.019494658413147823
2015-07-06,11.7,11.7,9.58,9.65,22655008.0,234018048.0,821218698.0,0.02758705817972011
2015-07-07,9.1,9.1,8.69,8.69,9863940.0,87165088.0,821218698.0,0.012011343657935075
2015-07-08,7.82,8.87,7.82,8.43,39931604.0,323759104.0,821218698.0,0.04862481102445624
2015-07-09,8.29,9.27,8.12,9.27,23982748.0,215582512.0,821218698.0,0.029203850397473537
2015-07-10,9.92,10.2,9.55,10.2,8935808.0,89880488.0,821218698.0,0.010881155070826213
2015-07-13,11.22,11.22,10.71,11.22,17949188.0,199685936.0,821218698.0,0.021856769754163587
2015-07-14,11.6,12.34,11.31,11.81,24563974.0,291324704.0,821218698.0,0.02991161070713955
2015-07-15,11.5,11.5,10.63,10.63,12495090.0,136764960.0,821218698.0,0.015215301393441969
2015-07-16,10.63,11.09,9.57,10.69,18460916.0,194118128.0,821218698.0,0.02247990218069779
2015-07-17,10.69,11.76,10.69,11.53,16904252.0,190141296.0,821218698.0,0.020584348653006436
2015-07-20,11.53,12.17,11.39,11.7,14935331.0,175658080.0,821218698.0,0.01818678877669685
2015-07-21,11.5,12.06,11.11,11.85,12104597.0,143191904.0,821218698.0,0.014739797120401172
2015-07-22,12.0,12.58,11.9,12.24,16930650.0,207222176.0,821218698.0,0.020616493561621266
2015-07-23,12.31,12.5,12.1,12.43,15050537.0,185386096.0,821218698.0,0.018327075402270004
2015-07-24,12.42,13.13,11.91,12.22,17788098.0,225843104.0,821218698.0,0.021660610070522286
2015-07-27,11.98,12.2,11.0,11.0,11965324.0,139105616.0,821218698.0,0.014570204050565834
2015-07-28,10.02,10.94,9.9,10.02,12660133.0,129623456.0,821218698.0,0.015416274654769246
2015-07-29,10.21,10.55,9.4,10.55,10726499.0,108293392.0,821218698.0,0.013061683843930208
2015-07-30,10.48,11.2,10.3,10.56,12928178.0,139471312.0,821218698.0,0.015742673701275127
2015-07-31,10.37,10.88,10.02,10.29,8080709.0,85051784.0,821218698.0,0.00983989894492149
2015-08-03,10.24,10.24,9.3,9.47,8101615.0,78701896.0,821218698.0,0.009865356231818287
2015-08-04,9.52,10.32,9.52,10.32,8048218.0,80041616.0,821218698.0,0.009800334575431209
2015-08-05,10.48,10.48,9.86,10.02,9776144.0,99789232.0,821218698.0,0.011904434255830838
2015-08-06,9.68,10.35,9.62,10.25,8226455.0,83546880.0,821218698.0,0.010017374202553777
2015-08-07,10.59,11.28,10.56,11.28,13477876.0,149351584.0,821218698.0,0.01641204228888612
2015-08-10,12.19,12.41,11.8,12.41,10381574.0,126557360.0,821218698.0,0.012641667834991259
2015-08-11,13.65,13.65,13.04,13.65,50068568.0,674555840.0,821218698.0,0.06096861666927121
2015-08-12,13.7,13.76,13.1,13.18,26936152.0,359365504.0,821218698.0,0.03280021761024248
2015-08-13,12.95,13.6,12.65,13.54,24522734.0,323138944.0,821218698.0,0.029861392659133047
2015-08-14,13.56,14.33,13.42,13.81,29055244.0,401436736.0,821218698.0,0.035380641077414926
2015-08-17,13.54,13.55,13.0,13.47,24030914.0,319579360.0,821218698.0,0.0292625022524755
2015-08-18,13.48,13.68,12.12,12.12,21006900.0,273053312.0,821218698.0,0.025580153071478165
2015-08-19,11.65,12.88,11.0,12.57,16910552.0,201499520.0,821218698.0,0.020592020178283862
2015-08-20,12.32,13.57,12.21,12.85,23768044.0,310193088.0,821218698.0,0.028942404816018934
2015-08-21,12.58,12.69,11.81,11.87,12477735.0,152608880.0,821218698.0,0.015194168167856304
2015-08-24,11.27,11.27,10.68,10.68,14244395.0,153166176.0,821218698.0,0.017345434333985416
2015-08-25,9.88,11.02,9.77,9.78,17523100.0,180977152.0,821218698.0,0.021337921363305343
2015-08-26,10.3,10.76,9.9,10.42,21854252.0,227762720.0,821218698.0,0.026611975656696506
2015-08-27,10.74,11.17,10.12,10.83,16730519.0,178380656.0,821218698.0,0.020372793557606017
2015-08-28,11.07,11.85,10.61,11.55,19255288.0,214321200.0,821218698.0,0.023447210891440272
2015-08-31,11.45,11.45,10.76,10.8,11633709.0,128103176.0,821218698.0,0.014166395660903474
2015-09-01,10.8,10.9,9.72,9.73,9657229.0,97363768.0,821218698.0,0.011759631171963403
2015-09-02,9.17,10.38,9.0,9.38,7516864.0,72393536.0,821218698.0,0.009153303521104193
2015-09-07,9.7,10.15,8.7,9.24,23702062.0,220842352.0,821218698.0,0.028862058374613385
2015-09-08,9.08,9.78,8.9,9.68,11913384.0,110672552.0,821218698.0,0.014506956586611962
2015-09-09,9.82,10.28,9.63,10.07,21649920.0,215861184.0,821218698.0,0.02636316008479388
2015-09-10,9.88,10.47,9.78,10.18,15526272.0,158163824.0,821218698.0,0.01890637906542162
2015-09-11,10.21,10.44,9.92,10.14,10281908.0,104589616.0,821218698.0,0.012520304305102415
2015-09-14,10.3,10.33,9.13,9.13,12030010.0,116627592.0,821218698.0,0.0146489723496286
2015-09-15,8.88,9.12,8.22,8.22,10748912.0,93043152.0,821218698.0,0.01308897620838146
2015-09-16,8.2,9.04,8.2,9.04,9954347.0,86064152.0,821218698.0,0.012121432481070955
2015-09-17,9.03,9.46,8.92,9.01,13864628.0,127548488.0,821218698.0,0.016882991137155037
2015-09-18,9.15,9.34,8.91,9.24,8650880.0,78936984.0,821218698.0,0.010534197554279262
2015-09-21,9.05,9.56,8.99,9.5,10114129.0,94481472.0,821218698.0,0.012315999409940371
2015-09-22,9.67,9.97,9.5,9.62,9368302.0,90687888.0,821218698.0,0.011407804063418927
2015-09-23,9.48,9.65,9.35,9.45,6608042.0,62555768.0,821218698.0,0.008046628767821844
2015-09-24,9.48,9.77,9.48,9.74,7475038.0,72113744.0,821218698.0,0.00910237189947665
2015-09-25,9.76,9.82,9.18,9.27,6987360.0,66044084.0,821218698.0,0.008508525216263402
2015-09-28,9.38,9.45,9.2,9.4,3896142.0,36454440.0,821218698.0,0.004744341561497179
2015-09-29,9.21,9.8,9.16,9.6,10125662.0,97418776.0,821218698.0,0.012330043172007756
2015-09-30,9.59,9.94,9.55,9.76,8425686.0,82358096.0,821218698.0,0.010259978274386539
2015-10-08,10.22,10.74,10.08,10.74,15317849.0,161695248.0,821218698.0,0.01865258187289837
2015-10-09,10.9,11.81,10.43,11.5,17380106.0,189427968.0,821218698.0,0.021163797222746625
2015-10-12,11.31,12.2,11.2,11.72,23677640.0,278398528.0,821218698.0,0.02883231964599033
2015-10-13,11.51,11.86,11.31,11.76,13378515.0,155379936.0,821218698.0,0.016291050158236897
2015-10-14,11.62,12.55,11.42,12.07,18672472.0,223992048.0,821218698.0,0.02273751443491853
2015-10-15,12.08,12.36,11.88,12.32,19513120.0,236881104.0,821218698.0,0.02376117354307975
2015-10-16,12.36,12.58,12.0,12.24,16152658.0,198372960.0,821218698.0,0.019669130816600086
2015-10-19,12.16,12.39,11.87,12.0,12569453.0,151588464.0,821218698.0,0.015305853398871343
2015-10-20,12.01,12.14,11.9,12.08,9839781.0,118462208.0,821218698.0,0.011981925185049792
2015-10-21,12.09,12.48,11.01,11.07,17883638.0,212560096.0,821218698.0,0.02177694936020563
2015-10-22,11.15,11.53,10.9,11.44,12949229.0,145321680.0,821218698.0,0.015768307555023547
2015-10-23,11.55,11.79,11.26,11.7,13294389.0,152904880.0,821218698.0,0.01618860972403237
2015-10-26,12.1,12.31,11.78,12.19,19578560.0,236180608.0,821218698.0,0.02384085998977096
2015-10-27,12.2,13.22,12.02,13.1,39445684.0,503337440.0,821218698.0,0.048033105062106125
2015-10-28,13.0,13.11,12.5,12.57,19809280.0,252848400.0,821218698.0,0.024121808293264164
2015-10-29,12.61,13.14,12.0,12.48,15220899.0,192651200.0,821218698.0,0.018534525622795794
2015-10-30,12.49,13.06,11.9,12.96,25826482.0,324113920.0,821218698.0,0.031448969760306165
2015-11-02,12.63,13.26,12.55,12.68,16872532.0,217789808.0,821218698.0,0.02054572313208582
2015-11-03,12.75,13.34,12.68,13.2,20545512.0,268444224.0,821218698.0,0.02501831978501785
2015-11-04,13.29,13.81,13.1,13.73,19347120.0,260724384.0,821218698.0,0.02355903494053176
2015-11-05,13.81,14.22,13.51,13.63,20381700.0,281057888.0,821218698.0,0.024818845515375734
2015-11-06,13.62,14.0,13.51,14.0,18975718.0,259015904.0,821218698.0,0.023106777824486408
2015-11-09,13.71,14.13,13.62,14.01,15688041.0,218266832.0,821218698.0,0.019103365569009486
2015-11-10,13.8,13.94,13.38,13.67,17330116.0,236679808.0,821218698.0,0.021102924278521482
2015-11-11,13.78,13.99,13.45,13.8,19323964.0,265061728.0,821218698.0,0.023530837823178743
2015-11-12,13.78,13.79,13.27,13.47,14642378.0,197649600.0,821218698.0,0.017830059198189373
2015-11-13,13.25,13.53,13.12,13.15,9753064.0,129371456.0,821218698.0,0.011876329683862118
2015-11-16,12.87,13.19,12.76,13.18,10604568.0,137802864.0,821218698.0,0.01291320816954901
2015-11-17,13.31,13.54,13.1,13.21,13602974.0,181782384.0,821218698.0,0.016564374426847255
2015-11-18,13.33,13.38,12.91,12.94,7438719.0,97387720.0,821218698.0,0.009058146165103514
2015-11-19,12.97,13.43,12.97,13.43,8242798.0,108885968.0,821218698.0,0.010037275113285353
2015-11-20,13.31,14.24,13.31,13.99,21853684.0,305495872.0,821218698.0,0.026611284001719113
2015-11-23,13.99,14.5,13.81,13.86,18848600.0,268519328.0,821218698.0,0.022951985927626796
2015-11-24,13.69,13.97,13.38,13.79,9378085.0,127775672.0,821218698.0,0.011419716846242583
2015-11-25,13.78,14.01,13.6,13.87,9952832.0,137478016.0,821218698.0,0.012119587661897099
2015-11-26,13.99,14.08,13.41,13.48,10742777.0,146743424.0,821218698.0,0.01308150560400416
2015-11-27,13.41,13.84,12.4,12.7,14350797.0,191796608.0,821218698.0,0.017475000307408978
2015-11-30,12.78,13.34,12.32,13.32,12802517.0,165251664.0,821218698.0,0.015589655996848722
2015-12-01,13.31,13.81,13.1,13.7,11435871.0,154882336.0,821218698.0,0.01392548784854872
2015-12-02,13.62,14.03,13.0,13.31,10318774.0,139720704.0,821218698.0,0.01256519612270202
2015-12-03,13.48,14.05,13.3,14.05,14120873.0,195175536.0,821218698.0,0.017195021295046062
2015-12-04,13.96,14.38,13.62,13.81,15357529.0,215153088.0,821218698.0,0.01870090030512189
2015-12-07,13.97,14.71,13.8,14.58,21971548.0,313776256.0,821218698.0,0.026754807280337887
2015-12-08,14.31,14.4,13.77,13.77,14626907.0,204898640.0,821218698.0,0.017811220123972384
2015-12-09,13.53,13.87,13.53,13.56,7310081.0,99899728.0,821218698.0,0.00890150336055792
2015-12-10,13.69,13.7,13.18,13.19,8553632.0,115217824.0,821218698.0,0.01041577842885404
2015-12-11,13.2,13.25,12.9,13.02,6720760.0,87753184.0,821218698.0,0.00818388574976163
2015-12-14,13.0,13.66,12.96,13.54,7564837.0,100564688.0,821218698.0,0.009211720359538137
2015-12-15,13.55,13.7,13.35,13.51,5101884.0,69063368.0,821218698.0,0.006212576518806931
2015-12-16,13.65,13.7,13.31,13.37,6448524.0,86669488.0,821218698.0,0.007852383312392627
2015-12-17,13.45,14.18,13.42,14.09,15658218.0,216618528.0,821218698.0,0.019067050029589073
2015-12-18,13.99,14.19,13.65,14.11,10854649.0,150928464.0,821218698.0,0.013217732409692406
2015-12-21,14.04,14.81,13.91,14.38,14427017.0,207502976.0,821218698.0,0.017567813586241553
2015-12-22,14.52,15.06,14.4,14.9,20488528.0,303187744.0,821218698.0,0.02494893023003234
2015-12-23,14.71,14.93,14.21,14.22,14207725.0,206161168.0,821218698.0,0.01730078118606111
2015-12-24,14.01,14.33,14.01,14.25,6696939.0,94715536.0,821218698.0,0.008154878860295993
2015-12-25,14.31,14.49,14.19,14.42,6271114.0,90072760.0,821218698.0,0.007636350725175525
2015-12-28,14.54,14.6,13.99,14.0,8357858.0,119015608.0,821218698.0,0.01017738395430446
2015-12-29,14.1,14.1,13.7,14.0,5906878.0,82196704.0,821218698.0,0.007192819664707634
2015-12-30,14.06,14.13,13.83,14.01,5466190.0,76468160.0,821218698.0,0.00665619281844457
2015-12-31,14.14,14.16,13.7,13.75,5702892.0,79197696.0,818533023.0,0.006967210655836911
2016-01-04,13.76,13.78,12.38,12.39,6925525.0,90060456.0,818533023.0,0.008460898711963146
2016-01-05,11.58,12.52,11.33,11.9,9830231.0,117236312.0,818533023.0,0.012009571665137327
2016-01-06,12.1,12.49,12.02,12.36,8821421.0,108358552.0,818533023.0,0.010777110699417683
2016-01-07,12.0,12.12,11.18,11.21,1465000.0,17152676.0,818533023.0,0.0017897872887652573
2016-01-08,11.65,11.79,10.63,11.52,7901056.0,90351664.0,818533023.0,0.00965270279632933
2016-01-11,11.28,11.28,10.37,10.37,6115419.0,66382672.0,818533023.0,0.0074711939874904714
2016-01-12,10.39,10.75,10.25,10.68,5417609.0,56918984.0,818533023.0,0.006618681040068435
2016-01-13,10.8,10.83,10.5,10.5,4380481.0,46837796.0,818533023.0,0.005351624035820971
2016-01-14,10.0,11.0,9.6,10.9,6762163.0,70488528.0,818533023.0,0.008261319714647603
2016-01-15,10.77,10.98,10.06,10.29,6155507.0,64968852.0,818533023.0,0.007520169409218814
2016-01-18,10.04,10.63,10.0,10.63,5037220.0,52361532.0,818533023.0,0.006153960632569372
2016-01-19,10.64,10.96,10.45,10.89,7326338.0,78636440.0,818533023.0,0.008950571075493432
2016-01-20,10.78,11.08,10.68,11.01,7881042.0,86084368.0,818533023.0,0.0096282517363994
2016-01-21,10.9,10.97,10.12,10.15,8299332.0,88483528.0,818533023.0,0.010139275712520641
2016-01-22,10.28,10.44,9.83,10.24,6154293.0,62202932.0,818533023.0,0.007518686268079865
2016-01-25,10.48,10.72,10.3,10.69,6059939.0,63907356.0,818533023.0,0.007403414193100918
2016-01-26,10.5,10.63,9.71,9.74,5978682.0,60774088.0,818533023.0,0.007304142694313752
2016-01-27,10.11,10.11,8.96,9.33,7576606.0,70959832.0,818533023.0,0.009256322942513707
2016-01-28,9.2,9.47,9.0,9.05,3800630.0,35072228.0,818533023.0,0.004643221340136451
2016-01-29,9.05,9.55,9.05,9.41,4490647.0,41999076.0,818533023.0,0.005486213596540503
2016-02-01,9.43,9.52,9.0,9.17,4033193.0,37468132.0,818533023.0,0.004927343047465539
2016-02-02,9.2,9.57,9.2,9.47,5366271.0,50908252.0,818533023.0,0.006555961517999745
2016-02-03,9.36,9.79,9.32,9.72,6007366.0,57354172.0,818533023.0,0.00733918587423931
2016-02-04,9.69,10.05,9.6,9.92,4861754.0,48103316.0,818533023.0,0.005939594204985423
2016-02-05,9.96,10.88,9.92,10.47,9468819.0,98252488.0,818533023.0,0.011568035416941265
2016-02-15,10.12,10.6,10.02,10.42,5163342.0,53240664.0,818533023.0,0.006308043603513844
2016-02-16,10.5,10.77,10.45,10.7,5053257.0,53858452.0,818533023.0,0.006173553000316763
2016-02-17,10.68,10.86,10.53,10.66,4786515.0,51206960.0,818533023.0,0.005847674883606987
2016-02-18,10.76,11.01,10.66,10.77,6195830.0,67281768.0,818533023.0,0.007569431929932043
2016-02-19,10.68,10.9,10.62,10.74,3471650.0,37306592.0,818533023.0,0.0042413071952504475
2016-02-22,10.91,11.0,10.76,10.95,5178550.0,56489180.0,818533023.0,0.006326623183778378
2016-02-23,10.93,10.98,10.49,10.69,5974973.0,63958964.0,818533023.0,0.007299611417143765
2016-02-24,10.69,10.75,10.32,10.66,4864963.0,51246808.0,818533023.0,0.0059435146332513945
2016-02-25,10.66,10.69,9.59,9.79,6853139.0,68986368.0,818533023.0,0.008372464894431022
2016-02-26,9.85,9.98,9.57,9.77,3208591.0,31472406.0,818533023.0,0.003919928591567649
2016-02-29,9.74,9.85,8.93,9.18,5086419.0,46939456.0,818533023.0,0.0062140669430266835
2016-03-01,9.2,9.77,9.19,9.75,6430133.0,60871320.0,818533023.0,0.007855679391447106
2016-03-02,9.65,10.28,9.65,10.22,5887686.0,58780512.0,818533023.0,0.007192973080574172
2016-03-03,10.22,10.36,10.12,10.3,4989064.0,51177908.0,818533023.0,0.006095128552925836
2016-03-04,10.29,10.29,9.76,10.26,5100762.0,51322020.0,818533023.0,0.00623158975468727
2016-03-07,10.29,10.58,10.2,10.54,5081535.0,52793160.0,818533023.0,0.006208100170932261
2016-03-08,10.47,10.55,9.99,10.54,4273496.0,43857848.0,818533023.0,0.0052209206958287865
2016-03-09,10.31,10.37,10.09,10.37,3261909.0,33400616.0,818533023.0,0.00398506707529624
2016-03-10,10.25,10.35,9.85,9.85,4727691.0,47378128.0,818533023.0,0.005775809731747378
2016-03-11,9.71,10.01,9.58,10.0,3282839.0,32033028.0,818533023.0,0.004010637210418327
2016-03-14,10.09,10.72,10.02,10.67,8101047.0,84990048.0,818533023.0,0.009897031362655236
2016-03-15,10.67,10.67,10.2,10.37,6325277.0,66000820.0,818533023.0,0.0077275770460882185
2016-03-16,10.38,10.48,9.98,10.3,5107640.0,51985716.0,818533023.0,0.006239992592210907
2016-03-17,10.22,10.56,10.16,10.53,6177165.0,64432400.0,818533023.0,0.007546628940345147
2016-03-18,10.6,10.86,10.5,10.77,7592905.0,81425288.0,818533023.0,0.009276235395086803
2016-03-21,10.9,10.95,10.71,10.9,7552987.0,82015544.0,818533023.0,0.009227467661985825
2016-03-22,10.9,11.13,10.78,10.87,6636235.0,72666768.0,818533023.0,0.008107473753077889
2016-03-23,10.83,10.89,10.66,10.85,5215219.0,56142672.0,818533023.0,0.006371421620701062
2016-03-24,10.71,10.79,10.62,10.62,3696887.0,39517008.0,818533023.0,0.004516478744437902
2016-03-25,10.55,10.78,10.52,10.69,3601805.0,38413528.0,818533023.0,0.0044003172734547085
2016-03-28,10.7,10.97,10.53,10.58,5748777.0,62142900.0,818533023.0,0.007023268259758409
2016-03-29,10.63,10.67,10.34,10.42,3742764.0,39292452.0,818533023.0,0.004572526574776935
2016-03-30,10.53,10.86,10.5,10.85,5762674.0,61651076.0,818533023.0,0.0070402461941966145
2016-03-31,10.89,11.0,10.81,10.96,6465442.0,70499608.0,818533023.0,0.007898816319350868
2016-04-01,10.9,10.96,10.64,10.87,4333545.0,46679144.0,818533023.0,0.005294282427503233
2016-04-05,10.88,11.32,10.7,11.24,7602190.0,84555200.0,818533023.0,0.009287578859234369
2016-04-06,11.09,11.32,11.05,11.23,5603516.0,62588444.0,818533023.0,0.006845803214466034
2016-04-07,11.3,11.5,11.12,11.17,8858196.0,99707248.0,818533023.0,0.01082203863630802
2016-04-08,11.22,11.43,11.06,11.32,11497150.0,129988936.0,818533023.0,0.014046042953602374
2016-04-11,11.62,12.36,11.62,12.17,15300602.0,185494176.0,818533023.0,0.018692711924953087
2016-04-12,12.3,12.39,11.86,11.96,14039944.0,168923488.0,818533023.0,0.01715256880967648
2016-04-13,12.19,12.19,11.88,11.93,12765925.0,153550528.0,818533023.0,0.01559610258998677
2016-04-14,12.05,12.15,11.98,12.09,7247859.0,87369680.0,818533023.0,0.008854693453216975
2016-04-15,12.1,12.14,11.85,11.94,6811192.0,81518960.0,818533023.0,0.008321218336477549
2016-04-18,11.9,11.9,11.51,11.7,7665291.0,89089904.0,818533023.0,0.009364669212618927
2016-04-19,11.7,11.81,11.61,11.75,4537804.0,53100744.0,818533023.0,0.005543825200073816
2016-04-20,11.76,11.85,11.01,11.19,7972996.0,90260632.0,818533023.0,0.009740591736639072
2016-04-21,11.19,11.29,11.02,11.05,4329689.0,48381736.0,818533023.0,0.005289571560755466
2016-04-22,11.01,11.3,10.95,11.27,4856881.0,54230684.0,818533023.0,0.0059336408715668885
2016-04-25,11.29,11.3,10.91,11.12,3887694.0,43080748.0,818533023.0,0.004749587238094852
2016-04-26,11.14,11.63,11.04,11.58,6204014.0,70395208.0,818533023.0,0.0075794303047929685
2016-04-27,11.5,11.63,11.27,11.33,5114613.0,58681636.0,818533023.0,0.006248511491026306
2016-04-28,11.35,11.45,11.05,11.3,4765640.0,53589940.0,818533023.0,0.005822171941864342
2016-04-29,11.3,11.5,11.26,11.36,5410282.0,61711960.0,818533023.0,0.006609729660228992
2016-05-03,11.55,11.79,11.41,11.79,7073647.0,82557816.0,818533023.0,0.008641859034684297
2016-05-04,11.7,12.14,11.64,11.88,8640664.0,102769472.0,818533023.0,0.010556280268731443
2016-05-05,11.98,11.98,11.77,11.89,5071870.0,60208208.0,818533023.0,0.006196292461617642
2016-05-06,11.95,11.99,11.5,11.53,6522973.0,76198368.0,818533023.0,0.007969101815944695
2016-05-09,11.35,11.42,11.01,11.12,4890665.0,54636000.0,818533023.0,0.005974914710313404
2016-05-10,11.14,11.21,11.03,11.15,2331137.0,25971512.0,818533023.0,0.00284794496311971
2016-05-11,11.25,11.28,11.05,11.05,2914745.0,32490024.0,818533023.0,0.0035609375774690033
2016-05-12,10.95,11.03,10.62,10.9,4135799.0,44782077.0,818533023.0,0.005052696572756357
2016-05-13,10.94,11.06,10.86,10.99,2199583.0,24117903.0,818533023.0,0.002687225729682014
2016-05-16,10.87,11.17,10.81,11.15,2924437.0,32349549.0,818533023.0,0.0035727782726244386
2016-05-17,11.12,11.25,10.96,11.03,4620721.0,51115276.0,818533023.0,0.005645124717222313
2016-05-18,10.9,10.92,10.51,10.63,4204252.0,44884198.0,818533023.0,0.005136325452809495
2016-05-19,10.63,10.83,10.55,10.57,2859993.0,30533662.0,818533023.0,0.003494047179083696
2016-05-20,10.55,10.73,10.5,10.73,2576385.0,27440247.0,818533023.0,0.0031475639071436704
2016-05-23,10.76,11.01,10.76,10.87,3899256.0,42438753.0,818533023.0,0.0047637125081513056
2016-05-24,10.87,10.87,10.66,10.7,1911626.0,20500215.0,818533023.0,0.0023354292939748627
2016-05-25,10.79,10.85,10.61,10.68,1764902.0,18981772.0,818533023.0,0.002156176904789338
2016-05-26,10.62,10.72,10.4,10.65,2787781.0,29388402.0,818533023.0,0.0034058259369701693
2016-05-27,10.64,10.66,10.52,10.6,2010004.0,21282213.0,818533023.0,0.002455617480933326
2016-05-30,10.51,10.71,10.44,10.64,2690243.0,28513492.0,818533023.0,0.0032866639761704518
2016-05-31,10.66,11.02,10.62,11.0,6438009.0,70177418.0,818533023.0,0.007865301483383158
2016-06-01,11.15,11.78,11.1,11.33,17368026.0,199974849.0,818533023.0,0.021218479294023547
2016-06-02,11.28,11.41,11.2,11.41,6463237.0,73127100.0,818533023.0,0.00789612247568416
2016-06-03,11.61,11.66,11.29,11.36,8130584.0,92657566.0,818533023.0,0.009933116650811044
2016-06-06,11.44,11.53,11.33,11.42,4361704.0,49639724.0,818533023.0,0.0053286842160795754
2016-06-07,11.47,11.49,11.25,11.37,3962063.0,44938654.0,818533023.0,0.004840443682380301
2016-06-08,11.37,11.48,11.25,11.44,4101192.0,46541553.0,818533023.0,0.005010417276713831
2016-06-13,11.32,11.42,11.1,11.11,4925836.0,55526847.0,818533023.0,0.006017883043919659
2016-06-14,11.12,11.28,11.08,11.18,3927876.0,43954994.0,818533023.0,0.0047986774994171495
2016-06-15,6.1,6.35,6.0,6.28,9265831.0,58083203.0,1473359441.0,0.006288914125198862
2016-06-16,6.32,6.53,6.29,6.4,14944423.0,96154718.0,1473359441.0,0.010143093792412872
2016-06-17,6.4,6.53,6.29,6.34,10118682.0,64713238.0,1473359441.0,0.006867762012732099
2016-06-20,6.32,6.39,6.2,6.34,7017586.0,44189023.0,1473359441.0,0.0047629830201088045
2016-06-21,6.39,6.42,6.17,6.2,8248878.0,51949803.0,1473359441.0,0.0055986867633612296
2016-06-22,6.2,6.32,6.19,6.27,6170677.0,38482159.0,1473359441.0,0.004188168092785174
2016-06-23,6.26,6.28,6.14,6.19,6968749.0,43187394.0,1473359441.0,0.004729836322404914
2016-06-24,6.22,6.25,5.89,6.04,8963415.0,54496419.0,1473359441.0,0.006083658033857876
2016-06-27,5.99,6.16,5.92,6.16,5084689.0,31008463.0,1473359441.0,0.003451085226391813
2016-06-28,6.16,6.39,6.06,6.39,10314734.0,63913609.0,1473359441.0,0.007000826623134932
2016-06-29,6.39,6.47,6.3,6.37,9348166.0,59467622.0,1473359441.0,0.00634479661911638
2016-06-30,6.37,6.45,6.18,6.41,16732393.0,105231207.0,1473359441.0,0.011356626587089552
2016-07-01,6.34,6.41,6.28,6.35,7301906.0,46251037.0,1473359441.0,0.004955956976149718
2016-07-04,6.28,6.5,6.26,6.42,13315776.0,85507358.0,1473359441.0,0.009037696864359387
2016-07-05,6.44,6.47,6.39,6.42,8344975.0,53576557.0,1473359441.0,0.0056639098157446836
2016-07-06,6.42,6.47,6.36,6.39,8610596.0,55268614.0,1473359441.0,0.005844192367719724
2016-07-07,6.43,6.46,6.34,6.44,7534890.0,48254083.0,1473359441.0,0.005114088110696133
2016-07-08,6.43,6.47,6.37,6.4,6528767.0,41820832.0,1473359441.0,0.004431211297338814
2016-07-11,6.41,6.41,6.2,6.29,10962230.0,69116904.0,1473359441.0,0.007440295758759115
2016-07-12,6.26,6.35,6.21,6.28,9179484.0,57636456.0,1473359441.0,0.006230308602610706
2016-07-13,6.32,6.46,6.31,6.46,12847082.0,82267262.0,1473359441.0,0.008719584401807895
2016-07-14,6.47,6.48,6.4,6.43,9144968.0,58766550.0,1473359441.0,0.006206881868414348
2016-07-15,6.43,6.79,6.42,6.69,32969950.0,219282145.0,1473359441.0,0.02237739758712416
2016-07-18,6.69,6.71,6.56,6.65,11346936.0,75302479.0,1473359441.0,0.007701403801572409
2016-07-19,6.61,6.65,6.53,6.61,7752284.0,51035874.0,1473359441.0,0.005261637984780117
2016-07-20,6.61,6.68,6.56,6.57,6813594.0,45024236.0,1473359441.0,0.004624529364929084
2016-07-21,6.58,6.59,6.42,6.47,17441218.0,113076995.0,1473359441.0,0.011837721003207662
2016-07-22,6.46,6.48,6.38,6.4,6994632.0,44919281.0,1473359441.0,0.004747403658168163
2016-07-25,6.4,6.58,6.37,6.55,12256220.0,79905899.0,1473359441.0,0.008318553951560826
2016-07-26,6.55,6.63,6.53,6.57,7698569.0,50638097.0,1473359441.0,0.005225180486015564
2016-07-27,6.57,6.6,6.1,6.23,12988050.0,82481005.0,1473359441.0,0.008815262344390815
2016-07-28,6.23,6.31,6.18,6.26,6738166.0,42027926.0,1473359441.0,0.004573334796990655
2016-07-29,6.24,6.27,6.15,6.22,6679177.0,41398071.0,1473359441.0,0.0045332977236476
2016-08-01,6.22,6.22,6.06,6.11,4628388.0,28323002.0,1473359441.0,0.003141384153250897
2016-08-02,6.11,6.19,6.1,6.15,4041703.0,24802081.0,1473359441.0,0.002743188720640234
2016-08-03,6.14,6.28,6.12,6.27,6863579.0,42658624.0,1473359441.0,0.004658455234346308
2016-08-04,6.26,6.38,6.21,6.38,6076758.0,38247917.0,1473359441.0,0.004124423294749839
2016-08-05,6.36,6.52,6.27,6.42,11347932.0,73176777.0,1473359441.0,0.007702079807693036
2016-08-08,6.41,6.45,6.3,6.42,8961142.0,57416625.0,1473359441.0,0.006082115301014317
2016-08-09,6.5,6.62,6.45,6.59,16399063.0,107709990.0,1473359441.0,0.011130388514610944
2016-08-10,6.6,6.63,6.51,6.52,7952070.0,52180651.0,1473359441.0,0.005397236939414297
2016-08-11,6.51,6.52,6.43,6.44,5257925.0,33982218.0,1473359441.0,0.0035686641383526453
2016-08-12,6.43,6.56,6.42,6.53,5971750.0,38938036.0,1473359441.0,0.004053152159493985
2016-08-15,6.52,6.62,6.46,6.6,11060825.0,72696385.0,1473359441.0,0.007507214256212175
2016-08-16,6.59,7.26,6.56,7.11,47488907.0,333650647.0,1473359441.0,0.03223171866857437
2016-08-17,7.11,7.12,6.96,6.98,15562049.0,109125800.0,1473359441.0,0.010562289531628284
2016-08-18,6.98,7.21,6.98,7.09,16761500.0,119229430.0,1473359441.0,0.011376382119371779
2016-08-19,7.12,7.49,7.1,7.45,25654042.0,186993416.0,1473359441.0,0.01741193715946739
2016-08-22,7.24,7.44,7.08,7.1,21190018.0,153480378.0,1473359441.0,0.014382110305424106
2016-08-23,7.19,7.2,6.96,7.14,11908198.0,84242810.0,1473359441.0,0.008082344110081961
2016-08-24,7.13,7.37,7.06,7.23,12698776.0,91980751.0,1473359441.0,0.008618926004492884
2016-08-25,7.26,7.26,7.02,7.18,13218062.0,94051692.0,1473359441.0,0.008971376320111421
2016-08-26,7.17,7.28,7.14,7.17,8579548.0,61915858.0,1473359441.0,0.00582311943796748
2016-08-29,7.15,7.23,7.1,7.14,7951794.0,57054673.0,1473359441.0,0.005397049612417015
2016-08-30,7.13,7.25,7.1,7.14,6224721.0,44736018.0,1473359441.0,0.004224848890760255
2016-08-31,7.14,7.19,7.02,7.12,6315391.0,44694703.0,1473359441.0,0.004286388524251497
2016-09-01,7.12,7.15,6.96,6.97,8957448.0,62880095.0,1473359441.0,0.0060796081056231546
2016-09-02,6.97,7.01,6.74,6.81,12004296.0,82931685.0,1473359441.0,0.008147567841186419
2016-09-05,6.83,6.97,6.82,6.92,7688450.0,53085438.0,1473359441.0,0.005218312508169553
2016-09-06,6.9,7.08,6.9,7.06,9154864.0,64190048.0,1473359441.0,0.006213598491476324
2016-09-07,7.08,7.18,6.98,7.03,9817809.0,69630598.0,1473359441.0,0.006663553187901281
2016-09-08,7.05,7.07,6.96,7.04,6201572.0,43495786.0,1473359441.0,0.004209137178223708
2016-09-09,7.1,7.14,7.04,7.1,8363992.0,59319415.0,1473359441.0,0.005676817053090034
2016-09-12,6.99,7.22,6.91,6.97,11088155.0,78399642.0,1473359441.0,0.0075257637012691465
2016-09-13,7.02,7.07,6.91,7.0,6926105.0,48359079.0,1473359441.0,0.004700892943882796
2016-09-14,6.98,7.22,6.95,7.12,11233956.0,80163120.0,1473359441.0,0.007624721902467518
2016-09-19,7.1,7.28,7.1,7.19,8911403.0,64222170.0,1473359441.0,0.006048356396964235
2016-09-20,7.18,7.19,7.06,7.1,8362742.0,59303518.0,1473359441.0,0.005675968651834227
2016-09-21,7.13,7.17,7.06,7.12,8657595.0,61672943.0,1473359441.0,0.005876091576217076
2016-09-22,7.16,7.19,6.98,7.07,15676844.0,110894193.0,1473359441.0,0.010640203309356607
2016-09-23,7.06,7.09,6.91,6.93,12312393.0,85622491.0,1473359441.0,0.0083566797465548
2016-09-26,6.9,6.9,6.75,6.76,8571247.0,58529495.0,1473359441.0,0.0058174853749079145
2016-09-27,6.78,6.93,6.5,6.64,15898677.0,105145163.0,1473359441.0,0.010790766025980215
2016-09-28,6.63,6.68,6.49,6.66,9020639.0,59693166.0,1473359441.0,0.006122497164627732
2016-09-29,6.66,6.8,6.63,6.67,7046279.0,47275744.0,1473359441.0,0.004782457561895109
2016-09-30,6.65,6.75,6.6,6.73,5098688.0,34148044.0,1473359441.0,0.0034605866417358505
2016-10-10,6.75,6.87,6.72,6.85,5441716.0,37019013.0,1473359441.0,0.0036934069505175147
2016-10-11,6.85,6.94,6.83,6.88,6378205.0,43933057.0,1473359441.0,0.004329021705437322
2016-10-12,6.86,6.92,6.83,6.88,5991443.0,41176977.0,1473359441.0,0.004066518212238476
2016-10-13,6.89,6.9,6.8,6.84,6427009.0,43952179.0,1473359441.0,0.00436214600534806
2016-10-14,6.87,6.87,6.7,6.78,6686554.0,45170283.0,1473359441.0,0.004538304648498873
2016-10-17,6.78,6.84,6.7,6.72,6827514.0,46154498.0,1473359441.0,0.004633977161313754
2016-10-18,6.72,6.89,6.69,6.89,11357970.0,77677248.0,1473359441.0,0.007708892809137672
2016-10-19,6.91,6.95,6.81,6.85,7777030.0,53473232.0,1473359441.0,0.005278433614761084
2016-10-20,6.83,7.15,6.81,7.08,21391448.0,150282030.0,1473359441.0,0.014518825077389923
2016-10-21,7.08,7.14,6.98,7.05,10648886.0,75020594.0,1473359441.0,0.007227622604279359
2016-10-24,7.05,7.15,6.99,7.11,10922613.0,77237311.0,1473359441.0,0.007413406868718059
2016-10-25,7.12,7.12,7.04,7.07,9974975.0,70569250.0,1473359441.0,0.006770225053317454
2016-10-26,7.07,7.08,6.89,6.93,9404448.0,65416770.0,1473359441.0,0.006382996394699859
2016-10-27,6.95,6.98,6.88,6.92,6754563.0,46835082.0,1473359441.0,0.004584463785303834
2016-10-28,6.94,6.96,6.86,6.9,5312351.0,36644496.0,1473359441.0,0.0036056042077515014
2016-10-31,6.76,6.85,6.62,6.65,16586211.0,111333752.0,1473359441.0,0.011257409793188409
2016-11-01,6.67,7.08,6.66,7.08,28521163.0,197722545.0,1473359441.0,0.019357912405028665
2016-11-02,7.12,7.18,7.02,7.12,24257461.0,172698642.0,1473359441.0,0.01646404830007805
2016-11-03,7.1,7.37,7.02,7.19,26140778.0,189372869.0,1473359441.0,0.0177422951063847
2016-11-04,7.18,7.47,7.15,7.34,27242169.0,201029936.0,1473359441.0,0.018489832312412625
2016-11-07,7.35,7.74,7.35,7.51,25263943.0,191281154.0,1473359441.0,0.01714716877427604
2016-11-08,7.57,7.59,7.31,7.42,22804548.0,169035075.0,1473359441.0,0.015477925729055006
2016-11-09,7.46,7.5,7.27,7.39,19059150.0,140353702.0,1473359441.0,0.012935845435696366
2016-11-10,7.5,7.55,7.31,7.34,25939498.0,191166141.0,1473359441.0,0.017605682142569582
2016-11-11,7.35,7.49,7.31,7.41,15094554.0,111899077.0,1473359441.0,0.010244990855561362
2016-11-14,7.4,7.61,7.35,7.5,13234867.0,99286076.0,1473359441.0,0.008982782226594495
2016-11-15,7.55,7.56,7.32,7.43,11008866.0,81408888.0,1473359441.0,0.007471948591531779
2016-11-16,7.43,7.44,7.32,7.34,10630406.0,78048345.0,1473359441.0,0.007215079840113503
2016-11-17,7.34,7.34,7.21,7.29,9201212.0,66785193.0,1473359441.0,0.006245055852599651
2016-11-18,7.33,7.34,7.24,7.28,10449407.0,76239044.0,1473359441.0,0.007092232016993605
2016-11-21,7.25,7.47,7.24,7.47,15912456.0,117500945.0,1473359441.0,0.01080011812270323
2016-11-22,7.48,7.66,7.39,7.61,18216920.0,137432579.0,1473359441.0,0.012364206243953475
2016-11-23,7.6,7.66,7.52,7.56,11123664.0,84378838.0,1473359441.0,0.007549864405423116
2016-11-24,7.54,7.68,7.5,7.55,10788998.0,82150062.0,1473359441.0,0.007322719561682301
2016-11-25,7.56,7.85,7.52,7.73,20650673.0,159424591.0,1473359441.0,0.014016045525173378
2016-11-28,7.71,7.89,7.64,7.67,10524760.0,81456103.0,1473359441.0,0.007143375680856685
2016-11-29,7.66,7.73,7.36,7.42,20101163.0,150765022.0,1473359441.0,0.013643081545910426
2016-11-30,7.48,7.59,7.37,7.42,12464205.0,93340121.0,1473359441.0,0.008459717739712097
2016-12-01,7.49,7.49,7.38,7.47,5523757.0,41018616.0,1473359441.0,0.0037490899004596666
2016-12-02,7.47,7.49,7.39,7.47,6783050.0,50545542.0,1473359441.0,0.00460379851056318
2016-12-05,7.47,7.47,7.15,7.16,19490450.0,141397669.0,1473359441.0,0.01322857780500013
2016-12-06,7.17,7.32,7.17,7.21,10409144.0,75358413.0,1473359441.0,0.007064904673183548
2016-12-07,7.23,7.25,7.16,7.24,5788641.0,41683498.0,1473359441.0,0.003928872235054283
2016-12-08,7.26,7.29,7.1,7.15,7028309.0,50700436.0,1473359441.0,0.004770260945441622
2016-12-09,7.15,7.2,7.06,7.11,7904742.0,56256843.0,1473359441.0,0.005365114431706418
2016-12-12,7.08,7.12,6.63,6.67,15530391.0,105952312.0,1473359441.0,0.010540802582063205
2016-12-13,6.69,6.81,6.62,6.8,11180588.0,75104080.0,1473359441.0,0.007588499919891578
2016-12-14,6.8,6.8,6.66,6.7,7164715.0,48114042.0,1473359441.0,0.004862842562801347
2016-12-15,6.69,6.92,6.68,6.77,5256459.0,35684871.0,1473359441.0,0.0035676691333598343
2016-12-16,6.78,6.83,6.73,6.8,4568862.0,30998292.0,1473359441.0,0.0031009826067283468
2016-12-19,6.8,6.86,6.74,6.78,3030071.0,20510471.0,1473359441.0,0.002056572833268321
2016-12-20,6.78,6.84,6.72,6.77,4449170.0,30099943.0,1473359441.0,0.0030197451322402733
2016-12-21,6.81,6.86,6.74,6.85,7662639.0,52103952.0,1473359441.0,0.005200794040318638
2016-12-22,6.84,6.92,6.81,6.89,6802229.0,46672074.0,1473359441.0,0.004616815700711284
2016-12-23,6.88,6.92,6.78,6.82,4643855.0,31773385.0,1473359441.0,0.0031518819310297546
2016-12-26,6.78,6.82,6.67,6.81,3602204.0,24250611.0,1473359441.0,0.002444891517819378
2016-12-27,6.78,6.85,6.77,6.84,3061350.0,20850398.0,1473359441.0,0.0020778025475726393
2016-12-28,6.81,6.86,6.8,6.86,4324060.0,29547092.0,1473359441.0,0.0029348303473490283
2016-12-29,6.85,7.02,6.8,6.97,9058780.0,62921661.0,1473359441.0,0.00614838426246593
2016-12-30,7.06,7.06,6.84,6.88,10800820.0,74979800.0,1473359441.0,0.007330743401399224
2017-01-03,6.9,7.04,6.86,7.0,5084486.0,35459711.0,1473359441.0,0.00345094744602787
2017-01-04,7.04,7.04,6.95,7.03,3678664.0,25729673.0,1473359441.0,0.002496786525834601
2017-01-05,6.99,7.03,6.95,7.0,4019267.0,28094171.0,1473359441.0,0.002727960936179999
2017-01-06,7.01,7.03,6.87,6.89,5520768.0,38294798.0,1473359441.0,0.00374706120337678
2017-01-09,6.89,6.91,6.78,6.9,4929136.0,33823565.0,1473359441.0,0.0033455081379561336
2017-01-10,6.9,6.9,6.81,6.84,3179485.0,21800019.0,1473359441.0,0.0021579832534564794
2017-01-11,6.84,6.84,6.66,6.73,6052447.0,40775418.0,1473359441.0,0.004107922908405892
2017-01-12,6.72,6.88,6.68,6.75,4967922.0,33666441.0,1473359441.0,0.0033718330108423286
2017-01-13,6.76,6.77,6.65,6.68,4347363.0,29174236.0,1473359441.0,0.002950646582920291
2017-01-16,6.69,6.7,6.28,6.49,6990083.0,45455691.0,1473359441.0,0.004744316156318029
2017-01-17,6.48,6.55,6.42,6.54,2658737.0,17275246.0,1473359441.0,0.001804540647729151
2017-01-18,6.54,6.61,6.48,6.58,2761896.0,18059180.0,1473359441.0,0.0018745568278474146
2017-01-19,6.57,6.6,6.52,6.56,1801392.0,11813773.0,1473359441.0,0.0012226425880010362
2017-01-20,6.58,6.67,6.55,6.64,2478273.0,16431196.0,1473359441.0,0.0016820559403467384
2017-01-23,6.71,6.81,6.71,6.8,3416836.0,23086451.0,1473359441.0,0.002319078362630182
2017-01-24,6.8,6.82,6.75,6.76,1656524.0,11222214.0,1473359441.0,0.001124317633499998
2017-01-25,6.74,6.81,6.73,6.76,1585258.0,10737097.0,1473359441.0,0.0010759479023829054
2017-01-26,6.75,6.8,6.75,6.79,1849582.0,12537798.0,1473359441.0,0.0012553501532149207
2017-02-03,6.8,6.8,6.73,6.77,1313760.0,8891550.0,1473359441.0,0.0008916765070635605
2017-02-06,6.81,6.83,6.75,6.78,4449432.0,30272008.0,1473359441.0,0.0030199229571434903
2017-02-07,6.8,6.8,6.74,6.79,2712700.0,18371069.0,1473359441.0,0.0018411664693028563
2017-02-08,6.79,6.79,6.7,6.78,4597050.0,30985711.0,1473359441.0,0.0031201143944073048
2017-02-09,6.77,6.84,6.73,6.83,7578166.0,51416043.0,1473359441.0,0.005143460440893187
2017-02-10,6.83,6.92,6.8,6.88,7117493.0,48779324.0,1473359441.0,0.00483079199951996
2017-02-13,6.85,6.92,6.82,6.91,3676806.0,25257267.0,1473359441.0,0.002495525462207969
2017-02-14,6.87,6.9,6.82,6.83,3906346.0,26746119.0,1473359441.0,0.0026513190816143824
2017-02-15,6.83,6.85,6.73,6.75,3873278.0,26359320.0,1473359441.0,0.002628875135432753
2017-02-16,6.76,6.77,6.71,6.76,4369746.0,29451046.0,1473359441.0,0.0029658383951672797
2017-02-17,6.77,6.78,6.64,6.66,5456700.0,36563121.0,1473359441.0,0.0037035769060511283
2017-02-20,6.69,7.22,6.66,6.98,19841189.0,137798086.0,1473359441.0,0.01346663173144862
2017-02-21,6.98,7.08,6.88,7.08,10638077.0,74212055.0,1473359441.0,0.007220286308940141
2017-02-22,7.03,7.14,7.01,7.05,7021902.0,49699838.0,1473359441.0,0.004765912379964856
2017-02-23,7.06,7.08,6.98,7.05,7061599.0,49667560.0,1473359441.0,0.004792855567686283
2017-02-24,7.05,7.05,6.99,7.03,4075353.0,28591046.0,1473359441.0,0.0027660276824465675
2017-02-27,7.08,7.09,6.93,6.94,4516570.0,31614585.0,1473359441.0,0.003065490927953405
2017-02-28,6.89,7.09,6.89,7.07,9831436.0,69013236.0,1473359441.0,0.00667280211903159
2017-03-01,7.05,7.13,7.01,7.11,8019819.0,56899377.0,1473359441.0,0.005443219608758051
2017-03-02,7.09,7.14,7.05,7.12,5915591.0,42036104.0,1473359441.0,0.004015035866594077
2017-03-03,7.11,7.14,7.04,7.14,4878301.0,34706108.0,1473359441.0,0.0033110053556849608
2017-03-06,7.14,7.25,7.14,7.24,8788232.0,63286937.0,1473359441.0,0.005964757652100998
2017-03-07,7.24,7.27,7.17,7.24,5662790.0,40898377.0,1473359441.0,0.003843454517898596
2017-03-08,7.23,7.25,7.12,7.15,6490812.0,46489169.0,1473359441.0,0.00440545044160748
2017-03-09,7.15,7.17,7.06,7.07,5318960.0,37886498.0,1473359441.0,0.0036100898748712058
2017-03-10,7.08,7.13,7.05,7.12,2820905.0,20015066.0,1473359441.0,0.001914607475610563
2017-03-13,7.07,7.3,7.01,7.28,8263153.0,59592866.0,1473359441.0,0.005608375505702549
2017-03-14,7.28,7.29,7.22,7.24,3122984.0,22656664.0,1473359441.0,0.002119634837972983
2017-03-15,7.28,7.42,7.24,7.42,10914378.0,80502315.0,1473359441.0,0.0074078176012448
2017-03-16,7.43,7.52,7.4,7.48,8268512.0,61663568.0,1473359441.0,0.005612012771566447
2017-03-17,7.48,7.61,7.4,7.43,11315339.0,85226569.0,1473359441.0,0.007679958253988614
2017-03-20,7.38,7.48,7.35,7.4,7104519.0,52659494.0,1473359441.0,0.004821986273205684
2017-03-21,7.44,7.66,7.38,7.46,6304222.0,47485107.0,1473359441.0,0.004278807889350607
2017-03-22,7.32,7.54,7.3,7.5,4490975.0,33413656.0,1473359441.0,0.0030481190638394938
2017-03-23,7.45,7.62,7.38,7.45,5148928.0,38609390.0,1473359441.0,0.0034946855850092593
2017-03-24,7.5,7.69,7.42,7.66,10043525.0,76240097.0,1473359441.0,0.006816751378185929
2017-03-27,7.61,7.68,7.55,7.65,5580111.0,42515256.0,1473359441.0,0.00378733854395548
2017-03-28,7.65,7.8,7.56,7.57,6165229.0,47280817.0,1473359441.0,0.004184470420751863
2017-03-29,7.54,7.63,7.4,7.5,5035485.0,37830925.0,1473359441.0,0.0034176894380792177
2017-03-30,7.55,7.61,7.37,7.43,10060364.0,74983425.0,1473359441.0,0.006828180361183161
2017-03-31,7.43,7.48,7.3,7.32,7465145.0,54985737.0,1473359441.0,0.005066750714227106
2017-04-05,7.33,7.37,7.19,7.28,12852615.0,93380639.0,1473359441.0,0.008723339765126601
2017-04-06,7.26,7.41,7.21,7.35,9939149.0,72609919.0,1473359441.0,0.006745909194605011
2017-04-07,7.35,7.36,7.22,7.32,7148545.0,52039394.0,1473359441.0,0.004851867644156223
2017-04-10,7.31,7.36,7.19,7.2,5866573.0,42488676.0,1473359441.0,0.0039817663203883455
2017-04-11,7.19,7.29,7.15,7.27,4567276.0,32995574.0,1473359441.0,0.0030999061552149784
2017-04-12,7.23,7.32,7.23,7.27,5797345.0,42200781.0,1473359441.0,0.003934779822678721
2017-04-13,7.27,7.46,7.27,7.46,8901094.0,66018322.0,1473359441.0,0.006041359462127341
2017-04-14,7.41,7.43,7.21,7.31,6785564.0,49876038.0,1473359441.0,0.00460550481516886
2017-04-17,7.3,7.34,7.0,7.2,3974062.0,28755965.0,1473359441.0,0.0026972793531649824
2017-04-18,7.18,7.29,7.11,7.2,8807196.0,63270501.0,1473359441.0,0.005977628917233103
2017-04-19,7.18,7.24,7.05,7.15,5509096.0,39237135.0,1473359441.0,0.0037391391718105535
2017-04-20,7.16,7.24,7.1,7.11,5683053.0,40829232.0,1473359441.0,0.0038572074416157354
2017-04-21,7.14,7.18,7.11,7.15,1780257.0,12718564.0,1473359441.0,0.0012082978195678458
2017-04-24,7.16,7.17,7.0,7.02,3831876.0,26970679.0,1473359441.0,0.0026007747283984042
2017-04-25,7.05,7.15,7.0,7.05,2984180.0,21027556.0,1473359441.0,0.0020254256476441176
2017-04-26,7.05,7.09,6.79,6.91,8020713.0,55459675.0,1473359441.0,0.005443826385336204
2017-04-27,6.9,7.02,6.7,6.99,4646375.0,31960810.0,1473359441.0,0.0031535923079614625
2017-04-28,6.97,7.27,6.97,7.1,5664917.0,40519596.0,1473359441.0,0.0038448981574754778
2017-05-02,7.1,7.18,6.99,7.02,3532309.0,24935181.0,1473359441.0,0.0023974523131996546
2017-05-03,7.0,7.04,6.8,6.9,5096112.0,35237452.0,1473359441.0,0.003458838256427883
2017-05-04,6.86,7.14,6.82,7.03,7974885.0,56123833.0,1473359441.0,0.005412721959135293
2017-05-05,7.0,7.05,6.82,6.83,3554215.0,24627147.0,1473359441.0,0.002412320375527427
2017-05-08,6.82,6.88,6.63,6.63,5453134.0,36721585.0,1473359441.0,0.003701156586948561
2017-05-09,6.66,6.73,6.56,6.73,3425344.0,22739086.0,1473359441.0,0.002324852920937709
2017-05-10,6.73,6.8,6.6,6.6,3381126.0,22637349.0,1473359441.0,0.0022948412355542776
2017-05-11,6.59,6.65,6.38,6.61,4341391.0,28286135.0,1473359441.0,0.0029465932610805456
2017-05-12,6.62,6.63,6.5,6.59,3165012.0,20818368.0,1473359441.0,0.00214816012435624
2017-05-15,6.59,6.67,6.58,6.63,1909581.0,12650373.0,1473359441.0,0.0012960727347726684
2017-05-16,6.63,6.73,6.56,6.72,2329142.0,15452271.0,1473359441.0,0.001580837598202895
2017-05-17,6.72,6.96,6.72,6.82,4188287.0,28540407.0,1473359441.0,0.002842678360385244
2017-05-18,6.82,6.89,6.75,6.87,3755544.0,25610134.0,1473359441.0,0.002548966596671776
2017-05-19,6.88,6.88,6.8,6.84,2013674.0,13765310.0,1473359441.0,0.001366722840309271
2017-05-22,6.8,6.85,6.58,6.74,6614745.0,44178971.0,1473359441.0,0.004489566371876257
2017-05-23,6.71,6.75,6.63,6.7,2699709.0,18072105.0,1473359441.0,0.0018323492047315018
2017-05-24,6.69,6.88,6.58,6.86,5556757.0,37640863.0,1473359441.0,0.0037714876936129804
2017-05-25,7.13,7.13,6.82,6.85,5027449.0,34858900.0,1473359441.0,0.003412235236085883
2017-05-26,6.97,6.99,6.81,6.91,3054241.0,20999693.0,1473359441.0,0.002072977519950612
2017-05-31,6.96,7.05,6.83,6.84,5634023.0,39311278.0,1473359441.0,0.003823929750757948
2017-06-01,6.83,6.87,6.78,6.79,2967126.0,20230729.0,1473359441.0,0.0020138507396308867
2017-06-02,6.79,6.9,6.73,6.84,3513200.0,23884693.0,1473359441.0,0.0023844826335218767
2017-06-05,6.86,7.52,6.83,7.12,18214581.0,129864205.0,1473359441.0,0.012362618715523608
2017-06-06,6.95,7.01,6.86,6.98,10310478.0,71623002.0,1473359441.0,0.006997937986539159
2017-06-07,6.87,6.94,6.81,6.91,8207404.0,56473773.0,1473359441.0,0.005570537488414546
2017-06-08,6.9,6.93,6.84,6.84,5341201.0,36719701.0,1473359441.0,0.003625185308735535
2017-06-09,6.84,6.88,6.78,6.86,3788506.0,25895802.0,1473359441.0,0.002571338598426913
2017-06-12,6.86,6.88,6.74,6.79,4306041.0,29308891.0,1473359441.0,0.0029226004735663142
2017-06-13,6.76,6.86,6.75,6.82,3637697.0,24731708.0,1473359441.0,0.0024689813624372736
2017-06-14,6.8,6.95,6.8,6.92,6986318.0,48188072.0,1473359441.0,0.004741760771735538
2017-06-15,6.9,7.05,6.9,6.98,6047698.0,42200638.0,1473359441.0,0.00410469966235483
2017-06-16,7.0,7.03,6.91,6.92,3025467.0,21056309.0,1473359441.0,0.0020534480017629316
2017-06-19,6.9,6.95,6.9,6.92,2217989.0,15357259.0,1473359441.0,0.0015053957223734925
2017-06-20,6.92,7.03,6.92,6.95,4350720.0,30380747.0,1473359441.0,0.002952925049332887
2017-06-21,6.94,6.97,6.87,6.94,3530429.0,24385615.0,1473359441.0,0.0023961763177109204
2017-06-22,6.92,7.0,6.85,6.93,3831288.0,26498138.0,1473359441.0,0.0026003756404476726
2017-06-23,6.9,6.9,6.7,6.81,5696440.0,38838274.0,1473359441.0,0.0038662934797049297
2017-06-26,6.8,6.81,6.74,6.8,3592064.0,24340391.0,1473359441.0,0.0024380092868322685
2017-06-27,6.81,6.83,6.68,6.7,5954535.0,40040956.0,1473359441.0,0.004041467977399006
2017-06-28,6.7,6.7,6.58,6.59,4597578.0,30457382.0,1473359441.0,0.0031204727590977577
2017-06-29,6.63,6.69,6.59,6.68,2286728.0,15204568.0,1473359441.0,0.001552050325511845
2017-06-30,6.67,6.67,6.59,6.65,2583080.0,17094599.0,1472266891.0,0.0017544916725292304
2017-07-03,6.63,6.74,6.62,6.72,2910708.0,19458884.0,1472266891.0,0.0019770246942271284
2017-07-04,6.71,6.72,6.63,6.66,2713200.0,18095354.0,1472266891.0,0.0018428723871913792
2017-07-05,6.66,6.68,6.61,6.67,3164368.0,21030315.0,1472266891.0,0.0021493168251923963
2017-07-06,6.68,6.72,6.62,6.66,2915220.0,19443674.0,1472266891.0,0.0019800893559590344
2017-07-07,6.66,6.66,6.54,6.57,5737224.0,37739819.0,1472266891.0,0.003896864104648265
2017-07-10,6.55,6.61,6.43,6.56,7187147.0,46676571.0,1472266891.0,0.0048816875825539435
2017-07-11,6.55,6.59,6.46,6.54,3461420.0,22689400.0,1472266891.0,0.002351081873238974
2017-07-12,6.55,6.58,6.45,6.58,2297353.0,14972034.0,1472266891.0,0.0015604188439227763
2017-07-13,6.56,6.67,6.54,6.57,4758433.0,31319512.0,1472266891.0,0.003232045106147809
2017-07-14,6.59,6.59,6.48,6.53,2857008.0,18597108.0,1472266891.0,0.001940550329199789
2017-07-17,6.5,6.54,6.23,6.36,5781535.0,37190461.0,1472266891.0,0.003926961229205554
2017-07-18,6.37,6.37,6.27,6.32,3478820.0,21981801.0,1472266891.0,0.0023629003825774413
2017-07-19,6.34,6.39,6.29,6.36,3986613.0,25239780.0,1472266891.0,0.0027078059177790747
2017-07-20,6.35,6.43,6.34,6.39,3486495.0,22288126.0,1472266891.0,0.002368113431955185
2017-07-21,6.36,6.44,6.3,6.38,6076500.0,38610894.0,1472266891.0,0.0041273087353561905
2017-07-24,6.43,6.43,6.34,6.39,3946920.0,25163918.0,1472266891.0,0.0026808454527692017
2017-07-25,6.39,6.44,6.35,6.4,3974789.0,25400972.0,1472266891.0,0.002699774765226314
2017-07-26,6.4,6.42,6.37,6.4,2352115.0,15038945.0,1472266891.0,0.0015976145455545668
2017-07-27,6.39,6.46,6.37,6.45,5602301.0,35914102.0,1472266891.0,0.0038052210738738945
2017-07-28,6.45,6.47,6.34,6.37,6515063.0,41662872.0,1472266891.0,0.0044251915463335645
2017-07-31,6.4,6.42,6.36,6.4,4304811.0,27475165.0,1472266891.0,0.0029239338507952633
2017-08-01,6.4,6.41,6.34,6.37,3833978.0,24421768.0,1472266891.0,0.0026041324595677535
2017-08-02,6.39,6.45,6.33,6.42,6849960.0,43756377.0,1472266891.0,0.004652661852191309
2017-08-03,6.42,6.45,6.37,6.43,3174145.0,20322633.0,1472266891.0,0.0021559576048362007
2017-08-04,6.41,6.42,6.34,6.35,3665276.0,23349834.0,1472266891.0,0.00248954589850924
2017-08-07,6.36,6.38,6.33,6.33,2484539.0,15782063.0,1472266891.0,0.0016875601938670507
2017-08-08,6.35,6.39,6.32,6.38,3729856.0,23690007.0,1472266891.0,0.0025334102279964943
2017-08-09,6.37,6.39,6.32,6.34,6919292.0,43880050.0,1472266891.0,0.00469975385733238
2017-08-10,6.32,6.35,6.27,6.28,3372480.0,21254280.0,1472266891.0,0.0022906716306778647
2017-08-11,6.28,6.31,6.09,6.27,5481781.0,34128421.0,1472266891.0,0.0037233609160881413
2017-08-14,6.24,6.32,6.22,6.3,2258710.0,14199574.0,1472266891.0,0.001534171564821259
2017-08-15,6.28,6.36,6.27,6.29,3285326.0,20746177.0,1472266891.0,0.002231474483385635
2017-08-16,6.29,6.29,6.15,6.26,9009795.0,55825217.0,1472266891.0,0.006119675077309063
2017-08-17,6.24,6.26,6.18,6.21,4906528.0,30433197.0,1472266891.0,0.0033326348843363347
2017-08-18,6.21,6.22,6.15,6.21,3980054.0,24590969.0,1472266891.0,0.002703350883138212
2017-08-21,6.18,6.35,6.14,6.29,8971833.0,56031078.0,1472266891.0,0.0060938903502109655
2017-08-22,6.26,6.31,6.24,6.24,2819560.0,17654377.0,1472266891.0,0.0019151147235844483
2017-08-23,6.26,6.26,6.18,6.18,2603660.0,16155229.0,1472266891.0,0.0017684701163330038
2017-08-24,6.2,6.21,6.15,6.16,2217227.0,13708490.0,1472266891.0,0.001505995287643808
2017-08-25,6.15,6.23,6.15,6.2,2253825.0,13962408.0,1472266891.0,0.001530853552285718
2017-08-28,6.2,6.31,6.2,6.27,4042913.0,25344335.0,1472266891.0,0.002746046266960438
2017-08-29,6.27,6.32,6.23,6.24,2831034.0,17699983.0,1472266891.0,0.0019229081475010906
2017-08-30,6.28,6.28,6.23,6.25,2343800.0,14645822.0,1472266891.0,0.0015919667923850636
2017-08-31,6.25,6.27,6.22,6.25,3041462.0,18971848.0,1472266891.0,0.0020658360373329893
2017-09-01,6.27,6.34,6.25,6.33,7437143.0,46934146.0,1472266891.0,0.005051491034311387
2017-09-04,6.41,6.41,6.29,6.36,9857041.0,62561149.0,1472266891.0,0.006695145465986031
2017-09-05,6.36,6.36,6.28,6.32,5861737.0,36990667.0,1472266891.0,0.003981436406559794
2017-09-06,6.29,6.33,6.26,6.33,4371070.0,27527994.0,1472266891.0,0.0029689385985112123
2017-09-07,6.34,6.34,6.21,6.26,13263033.0,83136893.0,1472266891.0,0.009008579273959915
2017-09-08,6.29,6.29,6.19,6.22,7083643.0,44058207.0,1472266891.0,0.004811385111831602
2017-09-11,6.22,6.27,6.19,6.24,4416786.0,27548906.0,1472266891.0,0.0029999900337363493
2017-09-12,6.24,6.27,6.2,6.22,7841764.0,48779315.0,1472266891.0,0.005326319601382654
2017-09-13,6.2,6.24,6.19,6.24,3127900.0,19446842.0,1472266891.0,0.0021245468597581875
2017-09-14,6.24,6.28,6.22,6.27,5266992.0,32963726.0,1472266891.0,0.003577470927450205
2017-09-15,6.27,6.27,6.19,6.2,6701247.0,41592410.0,1472266891.0,0.0045516523131538655
2017-09-18,6.2,6.26,6.16,6.22,6739459.0,41792154.0,1472266891.0,0.00457760684642062
2017-09-19,6.24,6.28,6.2,6.25,9014136.0,56270631.0,1472266891.0,0.006122623591621609
2017-09-20,6.26,6.3,6.21,6.24,6402384.0,39959729.0,1472266891.0,0.0043486571892215435
2017-09-21,6.23,6.56,6.23,6.39,24048388.0,154714651.0,1472266891.0,0.016334258514545376
2017-09-22,6.36,6.51,6.31,6.36,15227770.0,97252058.0,1472266891.0,0.010343077123507766
2017-09-25,6.35,6.35,6.1,6.11,17819360.0,110400892.0,1472266891.0,0.01210334899801805
2017-09-26,6.11,6.15,5.98,6.02,10546659.0,63624297.0,1472266891.0,0.007163551027651277
2017-09-27,6.04,6.29,6.02,6.17,9610699.0,59247938.0,1472266891.0,0.006527823901189666
2017-09-28,6.17,6.2,6.04,6.15,5347670.0,32838645.0,1472266891.0,0.003632269415749566
2017-09-29,6.16,6.24,6.16,6.18,3072311.0,19045334.0,1472266891.0,0.0020867894393204827
2017-10-09,6.23,6.26,6.19,6.22,4512620.0,28091599.0,1472266891.0,0.00306508285120432
2017-10-10,6.23,6.25,6.19,6.24,3465918.0,21544408.0,1472266891.0,0.002354137025825435
2017-10-11,6.21,6.24,6.2,6.21,3445901.0,21424276.0,1472266891.0,0.002340540985513475
2017-10-12,6.22,6.32,6.2,6.29,8634099.0,54106725.0,1472266891.0,0.005864493083951312
2017-10-13,6.3,6.42,6.26,6.38,10859456.0,69138876.0,1472266891.0,0.007376010468199818
2017-10-16,6.38,6.42,6.33,6.36,6964426.0,44400981.0,1472266891.0,0.004730409983796885
2017-10-17,6.31,6.52,6.31,6.45,9051303.0,58230849.0,1472266891.0,0.006147868335103381
2017-10-18,6.45,6.53,6.41,6.47,9135012.0,59279241.0,1472266891.0,0.006204725553391528
2017-10-19,6.46,6.52,6.4,6.44,7320295.0,47319042.0,1472266891.0,0.004972124989530855
2017-10-20,6.4,6.64,6.39,6.63,11194707.0,73569159.0,1472266891.0,0.007603721219592379
2017-10-23,6.64,6.69,6.55,6.67,9746614.0,64744710.0,1472266891.0,0.0066201407228412635
2017-10-24,6.66,6.69,6.59,6.61,7379514.0,49046821.0,1472266891.0,0.005012347995537448
2017-10-25,6.62,6.88,6.56,6.66,8950320.0,59871611.0,1472266891.0,0.006079278189785767
2017-10-26,6.62,6.64,6.55,6.57,7540690.0,49708247.0,1472266891.0,0.005121822711694737
2017-10-27,6.58,6.71,6.56,6.63,5898983.0,39094970.0,1472266891.0,0.00400673480879086
2017-10-30,6.6,6.62,6.42,6.56,6388927.0,41582552.0,1472266891.0,0.00433951686277512
2017-10-31,6.56,6.6,6.46,6.48,2559974.0,16602042.0,1472266891.0,0.0017387975071973551
2017-11-01,6.5,6.59,6.43,6.52,3252636.0,21192607.0,1472266891.0,0.0022092706287721578
2017-11-02,6.51,6.51,6.32,6.32,4904146.0,31331883.0,1472266891.0,0.0033310169711613788
2017-11-03,6.32,6.34,6.16,6.2,5779929.0,36050807.0,1472266891.0,0.003925870394378107
2017-11-06,6.18,6.28,6.18,6.27,4179735.0,26040582.0,1472266891.0,0.0028389791453919204
2017-11-07,6.26,6.32,6.23,6.28,2528658.0,15917654.0,1472266891.0,0.0017175269072868121
2017-11-08,6.29,6.44,6.25,6.38,5620559.0,35750727.0,1472266891.0,0.00381762235798319
2017-11-09,6.34,6.4,6.3,6.38,2092803.0,13292836.0,1472266891.0,0.0014214834367283207
2017-11-10,6.45,6.95,6.45,6.6,21495445.0,143527729.0,1471371941.0,0.014609117111062267
2017-11-13,6.61,7.26,6.6,7.07,35273020.0,248614619.0,1471371941.0,0.02397287797674538
2017-11-14,7.2,7.36,6.96,7.02,36437969.0,262488560.0,1768990988.0,0.02059816542151881
2017-11-15,7.07,7.13,6.94,7.07,14342640.0,100979218.0,1768990988.0,0.008107808404504998
2017-11-16,7.01,7.3,6.95,7.1,22883967.0,163645738.0,1768990988.0,0.012936169350343802
2017-11-17,7.11,7.38,7.0,7.08,22532298.0,161890914.0,1768990988.0,0.012737372972982042
2017-11-20,7.05,7.32,7.02,7.32,16013239.0,115219522.0,1768990988.0,0.009052188003571672
2017-11-21,7.25,7.64,7.23,7.59,27036952.0,203394712.0,1768990988.0,0.015283826872723446
2017-11-22,7.59,7.68,7.36,7.52,19754629.0,148247919.0,1768990988.0,0.01116717334006
2017-11-23,7.46,7.48,7.1,7.18,16587896.0,120591267.0,1768990988.0,0.009377038160468006
2017-11-24,7.18,7.26,6.95,7.13,13271451.0,94392663.0,1768990988.0,0.00750227168483461
2017-11-27,7.08,7.31,6.83,7.08,15673033.0,111221851.0,1768990988.0,0.008859871591386535
2017-11-28,7.05,7.18,7.04,7.1,5048324.0,35872022.0,1768990988.0,0.00285378729131208
2017-11-29,7.12,7.17,7.05,7.11,5240311.0,37277151.0,1768990988.0,0.002962316391404929
2017-11-30,7.09,7.2,6.82,6.89,11961271.0,83483208.0,1768990988.0,0.00676163478567139
2017-12-01,6.85,7.2,6.81,7.17,10944518.0,76444951.0,1768990988.0,0.006186870410444398
2017-12-04,7.14,7.42,7.13,7.25,19245285.0,140175107.0,1768990988.0,0.010879244230496894
2017-12-05,7.22,7.35,6.9,7.08,16748951.0,118753719.0,1768990988.0,0.009468081586405459
2017-12-06,7.15,7.17,6.92,7.17,11366751.0,80122843.0,1768990988.0,0.0064255561939584056
2017-12-07,7.16,7.39,7.1,7.23,10264533.0,74439588.0,1768990988.0,0.005802478966614159
2017-12-08,7.15,7.33,7.15,7.18,6264120.0,45246220.0,1768990988.0,0.003541069481129544
2017-12-11,7.16,7.52,7.08,7.45,14705067.0,107885854.0,1768990988.0,0.008312686214770021
2017-12-12,7.46,7.66,7.36,7.4,14350751.0,107838563.0,1768990988.0,0.008112393504177648
2017-12-13,7.36,8.09,7.31,8.06,27978713.0,215899961.0,1768990988.0,0.01581619871994509
2017-12-14,7.98,8.05,7.82,8.0,20337558.0,161525280.0,1768990988.0,0.011496699608963752
2017-12-15,7.93,8.46,7.83,8.19,25728737.0,211087841.0,1768990988.0,0.01454430077627959
2017-12-18,8.18,8.29,7.63,7.77,21519510.0,170094511.0,1768990988.0,0.012164849988483944
2017-12-19,7.85,8.04,7.78,7.91,14354084.0,113949963.0,1768990988.0,0.00811427762909553
2017-12-20,7.87,8.32,7.85,8.11,21844502.0,178612871.0,1768990988.0,0.012348566017680583
2017-12-21,8.19,8.37,8.08,8.27,18410878.0,151787036.0,1768990988.0,0.01040755895586281
2017-12-22,8.27,8.35,8.03,8.22,11331947.0,92479770.0,1768990988.0,0.006405881701416559
2017-12-25,8.19,8.34,7.95,8.06,12990761.0,105343627.0,1768990988.0,0.007343599310637076
2017-12-26,8.0,8.28,7.76,8.18,12861041.0,102898183.0,1768990988.0,0.007270269372338939
2017-12-27,8.16,8.16,7.85,7.85,12471438.0,99438002.0,1768990988.0,0.007050029132200418
2017-12-28,7.77,8.01,7.7,7.92,13349775.0,104827301.0,1768990988.0,0.007546547772463836
2017-12-29,7.92,8.16,7.86,8.1,11825195.0,95424045.0,1768990988.0,0.006684711838678966
2018-01-02,8.21,8.35,8.06,8.3,15828281.0,130642942.0,1768986013.0,0.00894765751887265
2018-01-03,8.25,8.37,8.17,8.28,9776779.0,80657703.0,1768986013.0,0.005526770097757692
2018-01-04,8.28,8.28,7.95,8.02,18684054.0,149973539.0,1768986013.0,0.010562013414856774
2018-01-05,8.02,8.06,7.8,7.95,12099225.0,95996338.0,1768986013.0,0.006839638590178045
2018-01-08,7.91,8.05,7.72,8.04,13390341.0,105423847.0,1768986013.0,0.007569500777053346
2018-01-09,8.0,8.18,7.88,7.92,12447120.0,100001096.0,1768986013.0,0.007036302101050021
2018-01-10,7.82,7.92,7.45,7.55,18688623.0,143642767.0,1768986013.0,0.010564596250428352
2018-01-11,7.54,7.64,7.32,7.46,11844593.0,87829781.0,1768986013.0,0.006695696242342194
2018-01-12,7.49,7.61,7.37,7.5,11847792.0,89061048.0,1768986013.0,0.006697504622949215
2018-01-15,7.5,7.52,7.08,7.09,15888673.0,115583997.0,1768986013.0,0.008981796850419756
2018-01-16,7.03,7.22,7.02,7.16,13461370.0,95889089.0,1768986013.0,0.007609653157839864
2018-01-17,7.17,7.21,6.9,7.09,12011912.0,84431306.0,1768986013.0,0.0067902809359295935
2018-01-18,7.08,7.61,7.08,7.46,21191967.0,157484437.0,1768986013.0,0.011979725585314733
2018-01-19,7.4,7.63,7.36,7.5,10644622.0,80261218.0,1768986013.0,0.006017357922433726
2018-01-22,7.44,7.67,7.38,7.52,6336192.0,47725812.0,1768986013.0,0.00358182142393231
2018-01-23,7.55,7.59,7.3,7.3,10056068.0,74309244.0,1768986013.0,0.0056846509390687874
2018-01-24,7.29,7.3,7.09,7.21,14540979.0,104247700.0,1768986013.0,0.008219951369395028
2018-01-25,7.21,7.36,7.13,7.25,12510761.0,90720538.0,1768986013.0,0.007072278077983876
2018-01-26,7.19,7.24,7.15,7.16,5110070.0,36663541.0,1768986013.0,0.0028887000589303134
2018-01-29,7.14,7.35,7.13,7.22,10583647.0,76535410.0,1768986013.0,0.005982889023554987
2018-01-30,7.29,7.3,7.12,7.18,5961687.0,42787848.0,1768986013.0,0.0033701153972888987
2018-01-31,7.14,7.19,7.0,7.05,6211271.0,43979196.0,1768986013.0,0.0035112041329633734
2018-02-01,7.03,7.11,6.6,6.77,15498083.0,105966162.0,1768986013.0,0.008760998044137729
2018-02-02,6.73,6.95,6.49,6.75,11814088.0,80259773.0,1768986013.0,0.00667845190022992
2018-02-05,6.7,6.83,6.5,6.68,8548486.0,56820272.0,1768986013.0,0.00483242147601989
2018-02-06,6.56,6.65,6.33,6.35,8621380.0,55616752.0,1768986013.0,0.004873628133090275
2018-02-07,6.46,6.55,6.2,6.35,5288514.0,33732953.0,1768986013.0,0.0029895736660072733
2018-02-08,6.36,6.48,6.22,6.37,4266537.0,27061513.0,1768986013.0,0.0024118545701582094
2018-02-09,6.22,6.23,6.0,6.07,6212052.0,37803663.0,1768986013.0,0.0035116456288227307
2018-02-12,6.14,6.44,6.11,6.4,7481159.0,47149144.0,1768986013.0,0.004229066224957201
2018-02-13,6.47,6.47,6.33,6.38,2931480.0,18795684.0,1768986013.0,0.0016571527295620285
2018-02-14,6.38,6.43,6.34,6.37,1664449.0,10645788.0,1768986013.0,0.0009409056870818797
2018-02-22,6.48,6.57,6.3,6.5,4789621.0,30920405.0,1768986013.0,0.0027075516509468297
2018-02-23,6.48,6.53,6.38,6.41,2564288.0,16511455.0,1768986013.0,0.0014495807096016875
2018-02-26,6.55,6.81,6.45,6.74,8068552.0,53786205.0,1768986013.0,0.004561116900136847
2018-02-27,6.74,6.92,6.66,6.77,5377180.0,36671570.0,1768986013.0,0.0030396961651951737
2018-02-28,6.77,6.92,6.66,6.84,4863190.0,33138307.0,1768986013.0,0.0027491398825435485
2018-03-01,6.75,7.05,6.75,7.04,6030912.0,42198325.0,1768986013.0,0.0034092479848228173
2018-03-02,7.0,7.18,6.86,6.89,7283816.0,51039141.0,1768986013.0,0.004117509096438514
2018-03-05,6.88,6.98,6.8,6.9,2950641.0,20260670.0,1768986013.0,0.0016679843584495317
2018-03-06,6.9,7.05,6.86,7.0,4207473.0,29343008.0,1768986013.0,0.002378465951160689
2018-03-07,7.05,7.09,6.91,6.92,2416460.0,16924571.0,1768986013.0,0.0013660141924479988
2018-03-08,6.97,7.15,6.92,6.94,7215716.0,50461545.0,1768986013.0,0.004079012466448484
2018-03-09,6.75,6.76,6.41,6.65,19554251.0,129080721.0,1768986013.0,0.01105393194536242
2018-03-12,6.65,7.17,6.6,7.01,21637944.0,150185495.0,1768986013.0,0.012231834418693055
2018-03-13,7.14,7.18,7.03,7.03,11006496.0,78196790.0,1768986013.0,0.0062219237004221585
2018-03-14,7.02,7.27,7.01,7.06,12767667.0,91004745.0,1768986013.0,0.007217505908001773
2018-03-15,7.12,7.24,7.01,7.13,8677619.0,61798116.0,1768986013.0,0.004905419792033143
2018-03-16,7.13,7.44,7.04,7.34,14591072.0,106556022.0,1768986013.0,0.008248268721613685
2018-03-19,7.3,7.48,7.2,7.3,8354731.0,61267581.0,1768986013.0,0.004722892628094511
2018-03-20,7.19,7.56,7.1,7.53,12802291.0,93869718.0,1768986013.0,0.007237078702668069
2018-03-21,7.54,7.95,7.52,7.57,20355805.0,157111625.0,1768986013.0,0.011507046890370184
2018-03-22,7.51,7.74,7.45,7.47,7557792.0,57202547.0,1768986013.0,0.004272386522255674
2018-03-23,7.28,7.6,7.12,7.3,13063633.0,95670582.0,1768986013.0,0.0073848141839434655
2018-03-26,7.31,7.4,6.98,7.34,9832875.0,70563582.0,1768986013.0,0.005558480919430537
2018-03-27,7.35,7.57,7.31,7.36,8891345.0,65928931.0,1768986013.0,0.005026238158277626
2018-03-28,7.28,7.47,7.13,7.32,7513777.0,54872624.0,1768986013.0,0.0042475050366607954
2018-03-29,7.3,7.41,7.13,7.19,7818811.0,56460009.0,1768986013.0,0.004419939413054025
2018-03-30,7.21,7.33,7.16,7.3,7507976.0,54307581.0,1768986013.0,0.0042442257569167115
2018-04-02,7.32,7.42,6.96,7.0,15889461.0,113346039.0,1768986013.0,0.008982242303348275
2018-04-03,6.8,7.1,6.73,6.98,6527039.0,45356309.0,1768986013.0,0.0036897063922686876
2018-04-04,7.0,7.1,6.8,6.81,7559269.0,52488868.0,1768986013.0,0.00427322146384885
2018-04-09,6.81,6.85,6.59,6.63,11829882.0,79073675.0,1768986013.0,0.006687380178850516
2018-04-10,6.66,6.73,6.43,6.5,10402686.0,68006183.0,1768986013.0,0.005880592567466501
2018-04-11,6.57,6.61,6.48,6.59,6944423.0,45498126.0,1768986013.0,0.003925651728711548
2018-04-12,6.56,6.59,6.22,6.25,18320550.0,115925010.0,1768986013.0,0.010356526205049198
2018-04-13,6.3,6.42,6.25,6.28,12451134.0,78575222.0,1768986013.0,0.0070385711975666145
2018-04-16,6.25,6.4,6.15,6.33,10842019.0,68081645.0,1768986013.0,0.006128945576914519
2018-04-17,6.33,6.52,6.28,6.34,10019119.0,64259685.0,1768986013.0,0.0056637638321451215
2018-04-18,6.39,6.51,6.25,6.46,7210219.0,46186075.0,1768986013.0,0.004075905036565148
2018-04-19,6.5,6.51,6.38,6.43,8236288.0,52970979.0,1768986013.0,0.004655937321987181
2018-04-20,6.43,6.43,6.16,6.19,6311858.0,39551562.0,1768986013.0,0.0035680655209341106
2018-04-23,6.23,6.23,5.73,5.92,18667513.0,110923271.0,1768986013.0,0.010552662860427038
2018-04-24,5.95,6.1,5.81,6.07,18630608.0,111474769.0,1768986013.0,0.010531800626509533
2018-04-25,6.07,6.09,5.95,5.98,7251770.0,43696683.0,1768986013.0,0.0040993936338150115
2018-04-26,5.98,6.09,5.96,6.03,6247077.0,37711158.0,1768986013.0,0.003531445107022449
2018-04-27,6.03,6.08,5.9,5.93,7358460.0,43921981.0,1768986013.0,0.004159705020799393
2018-05-02,5.93,6.02,5.78,5.83,9182286.0,53819376.0,1768986013.0,0.005190705823856619
2018-05-03,5.86,6.1,5.78,6.09,10562440.0,62830100.0,1768986013.0,0.0059709007998809994
2018-05-04,6.11,6.3,6.03,6.2,13539266.0,83674471.0,1768986013.0,0.007653687423474275
2018-05-07,6.26,6.29,6.13,6.27,8783965.0,54799718.0,1768986013.0,0.004965536717332994
2018-05-08,6.23,6.31,6.17,6.23,7355144.0,46042950.0,1768986013.0,0.004157830500607808
2018-05-09,6.23,6.32,6.17,6.3,7118400.0,44482974.0,1768986013.0,0.004024000160367577
2018-05-10,6.25,6.31,6.17,6.27,6804089.0,42500523.0,1768986013.0,0.003846321536743547
2018-05-11,6.26,6.39,6.24,6.31,6301602.0,39900451.0,1768986013.0,0.0035622678493162285
2018-05-14,6.32,6.36,6.18,6.24,6102028.0,38229225.0,1768986013.0,0.0034494495463260623
2018-05-15,6.24,6.31,6.23,6.28,2807898.0,17611337.0,1768986013.0,0.0015872923693942174
2018-05-16,6.29,6.38,6.24,6.31,3721900.0,23562506.0,1768986013.0,0.0021039736734198814
2018-05-17,6.31,6.31,6.17,6.18,3506840.0,21785029.0,1768986013.0,0.0019824012028522467
2018-05-18,6.21,6.31,6.18,6.26,4332798.0,27082064.0,1768986013.0,0.0024493116215498307
2018-05-21,6.36,6.36,6.29,6.33,5023859.0,31794851.0,1768986013.0,0.002839965360427075
2018-05-22,6.38,6.38,6.24,6.3,3492439.0,21943973.0,1768986013.0,0.0019742603809948835
2018-05-23,6.24,6.27,6.06,6.1,7842640.0,48300697.0,1768986013.0,0.004433409841776969
2018-05-24,6.12,6.14,6.07,6.11,3935792.0,24003064.0,1768986013.0,0.0022248858787330614
2018-05-25,6.1,6.1,5.55,5.62,25248473.0,145143569.0,1768986013.0,0.014272850556450386
2018-05-28,5.62,5.75,5.6,5.64,9395249.0,53149271.0,1768986013.0,0.005311092869562445
2018-05-29,5.61,5.68,5.36,5.41,9879179.0,54433703.0,1768986013.0,0.005584656366641379
2018-05-30,5.37,5.41,5.12,5.17,11121558.0,58975759.0,1768986013.0,0.006286967742124256
2018-05-31,5.2,5.29,5.15,5.28,9707134.0,50741124.0,1768986013.0,0.005487400086074056
2018-06-01,5.28,5.29,5.1,5.17,5594787.0,28974404.0,1768986013.0,0.0031627084436421714
2018-06-04,5.1,5.15,4.65,4.91,27338614.0,131546093.0,1768986013.0,0.015454398055774792
2018-06-05,4.86,5.13,4.81,5.09,15289823.0,76565613.0,1768986013.0,0.008643269583613153
2018-06-06,5.23,5.23,5.1,5.13,8412931.0,43417490.0,1768986013.0,0.004755792831698325
2018-06-07,5.18,5.22,5.12,5.12,8344460.0,43194502.0,1768986013.0,0.0047170864770427106
2018-06-08,5.04,5.19,5.01,5.12,6085640.0,31079092.0,1768986013.0,0.003440185482122294
2018-06-11,5.16,5.16,4.88,4.99,8456381.0,42272354.0,1768986013.0,0.004780354925282272
2018-06-12,4.99,5.04,4.87,4.94,8898967.0,43930030.0,1768986013.0,0.005030546841299418
2018-06-13,4.94,5.15,4.94,5.07,10374608.0,52688102.0,1768986013.0,0.005864720197762242
2018-06-14,5.05,5.05,4.82,4.87,9520708.0,46923200.0,1768986013.0,0.00538201428956126
2018-06-15,4.84,4.92,4.63,4.67,8748462.0,41667864.0,1768986013.0,0.004945467027839072
2018-06-19,4.65,4.75,4.22,4.31,9997211.0,44728076.0,1768986013.0,0.005651379336259342
2018-06-20,4.32,4.46,4.3,4.4,7673901.0,33692753.0,1768986013.0,0.004338022428445284
2018-06-21,4.47,4.52,4.37,4.4,6947022.0,30939782.0,1768986013.0,0.003927120931961829
2018-06-22,4.4,4.59,4.25,4.49,8633880.0,38783560.0,1768986013.0,0.004880694328022367
2018-06-25,4.54,4.56,4.42,4.45,4219428.0,18921840.0,1768986013.0,0.0023852240599937405
2018-06-26,4.38,4.48,4.33,4.4,4961613.0,21777651.0,1768986013.0,0.002804777970847642
2018-06-27,4.43,4.44,4.32,4.35,3806280.0,16571402.0,1768986013.0,0.0021516733156894665
2018-06-28,4.34,4.39,4.28,4.29,3849160.0,16695794.0,1768986013.0,0.002175913190784511
2018-06-29,4.27,4.4,4.24,4.35,5261770.0,22753089.0,1768986013.0,0.0029744554006261663
2018-07-02,4.37,4.37,4.1,4.19,6833007.0,29030041.0,1768983563.0000002,0.003862674104451246
2018-07-03,4.19,4.21,4.03,4.08,12606104.0,51635513.0,1768983563.0000002,0.007126184925439015
2018-07-04,4.09,4.1,3.77,3.79,19341629.0,75693557.0,1768983563.0000002,0.010933752808419961
2018-07-05,3.8,3.83,3.52,3.58,21439817.0,78367075.0,1768983563.0000002,0.01211985088410909
2018-07-06,3.66,3.7,3.54,3.62,16985648.0,61418399.0,1768983563.0000002,0.009601925283689026
2018-07-09,3.71,3.98,3.68,3.98,19078829.0,74315421.0,1768983563.0000002,0.010785192920416072
2018-07-10,4.2,4.25,3.93,3.94,32611318.0,132814918.0,1768983563.0000002,0.018435059930514457
2018-07-11,4.0,4.0,3.81,3.88,16602256.0,64655222.0,1768983563.0000002,0.009385195174931084
2018-07-12,3.89,4.12,3.84,3.96,15696690.0,62621896.0,1768983563.0000002,0.00887328199555464
2018-07-13,4.05,4.07,3.94,3.99,15292764.0,61045297.0,1768983563.0000002,0.008644944090981358
2018-07-16,4.06,4.06,3.95,4.0,8761182.0,35062075.0,1768983563.0000002,0.004952664447114481
2018-07-17,4.0,4.03,3.97,4.0,5659540.0,22631193.0,1768983563.0000002,0.003199317460249346
2018-07-18,4.02,4.19,4.0,4.13,16436930.0,67991044.0,1768983563.0000002,0.009291736986026476
2018-07-19,4.15,4.31,4.11,4.25,15316100.0,64973389.0,1768983563.0000002,0.008658135847246421
2018-07-20,4.26,4.29,4.16,4.26,10799000.0,45655967.0,1768983563.0000002,0.0061046355804946495
2018-07-23,4.3,4.32,4.19,4.21,11465477.0,48809836.0,1768983563.0000002,0.006481392614273827
2018-07-24,4.21,4.57,4.21,4.44,12318593.0,54265229.0,1768983563.0000002,0.006963655998651016
2018-07-25,4.45,4.75,4.44,4.61,16787676.0,77382692.0,1768983563.0000002,0.009490012429244939
2018-07-26,4.58,4.6,4.45,4.51,9401360.0,42384747.0,1768983563.0000002,0.0053145547514620965
2018-07-27,4.59,4.71,4.5,4.58,9679005.0,44401318.0,1768983563.0000002,0.005471506464189797
2018-07-30,4.51,4.56,4.29,4.4,13933677.0,61137894.0,1768983563.0000002,0.007876657133190105
2018-07-31,4.4,4.44,4.33,4.35,5866211.0,25603560.0,1768983563.0000002,0.0033161478278812017
2018-08-01,4.38,4.4,4.22,4.22,8857547.0,38235097.0,1768983563.0000002,0.005007139232531127
2018-08-02,4.14,4.23,3.98,4.07,11506192.0,47003987.0,1768983563.0000002,0.0065044086562832575
2018-08-03,4.08,4.16,4.01,4.05,7503182.0,30767458.0,1768983563.0000002,0.004241521604234374
2018-08-06,4.06,4.13,3.85,3.89,9670126.0,38619712.0,1768983563.0000002,0.00546648719765408
2018-08-07,3.92,4.2,3.85,4.2,11170038.0,45254508.0,1768983563.0000002,0.0063143820178051015
2018-08-08,4.14,4.23,4.11,4.12,6220390.0,25810155.0,1768983563.0000002,0.0035163639335635813
2018-08-09,4.12,4.33,4.05,4.21,9756100.0,41211154.0,1768983563.0000002,0.005515087988412246
2018-08-10,4.18,4.25,4.14,4.16,4860353.0,20322307.0,1768983563.0000002,0.0027475399442137153
2018-08-13,4.13,4.13,4.02,4.1,5360506.0,21793576.0,1768983563.0000002,0.0030302746233035515
2018-08-14,4.1,4.14,4.05,4.09,3550820.0,14490406.0,1768983563.0000002,0.0020072656831125117
2018-08-15,4.09,4.11,3.91,3.92,6164153.0,24555788.0,1768983563.0000002,0.0034845733611827794
2018-08-16,3.88,3.96,3.79,3.88,4383827.0,17062410.0,1768983563.0000002,0.0024781615226347918
2018-08-17,3.93,3.98,3.76,3.78,6267641.0,24013782.0,1768983563.0000002,0.0035430747526962745
2018-08-20,3.79,3.84,3.73,3.79,3938685.0,14849339.0,1768983563.0000002,0.002226524362566957
2018-08-21,3.81,3.95,3.81,3.91,6192438.0,24136424.0,1768983563.0000002,0.0035005627692200323
2018-08-22,3.88,3.94,3.85,3.9,3749647.0,14603178.0,1768983563.0000002,0.00211966186595935
2018-08-23,3.9,3.92,3.72,3.8,9432176.0,35959788.0,1768983563.0000002,0.005331974924630772
2018-08-24,3.79,3.97,3.79,3.92,13396115.0,52465335.0,1768983563.0000002,0.007572775281914815
2018-08-27,3.98,4.08,3.92,4.07,11032195.0,44577652.0,1768983563.0000002,0.006236459869243001
2018-08-28,4.04,4.12,4.0,4.05,7629096.0,31011291.0,1768983563.0000002,0.004312700332309419
2018-08-29,4.03,4.13,4.03,4.12,6417329.0,26348124.0,1768983563.0000002,0.003627692836849722
2018-08-30,4.12,4.16,4.0,4.04,6576338.0,26762445.0,1768983563.0000002,0.003717580048537737
2018-08-31,4.04,4.06,3.96,3.99,5759196.0,23011753.0,1768983563.0000002,0.003255652636044306
2018-09-03,4.0,4.04,3.87,4.04,4088243.0,16215569.0,1768983563.0000002,0.0023110689581913313
2018-09-04,4.0,4.07,3.96,4.02,5272820.0,21166847.0,1768983563.0000002,0.0029807060451471244
2018-09-05,4.02,4.04,3.89,3.9,5108602.0,20218368.0,1768983563.0000002,0.002887874204628774
2018-09-06,3.9,3.98,3.89,3.95,5536280.0,21872461.0,1768983563.0000002,0.0031296390287601553
2018-09-07,3.96,4.05,3.93,3.94,4776780.0,19057813.0,1768983563.0000002,0.0027002964300578973
2018-09-10,3.98,3.99,3.87,3.87,4954200.0,19333092.0,1768983563.0000002,0.002800591313351847
2018-09-11,3.9,3.94,3.81,3.83,4673120.0,17959040.0,1768983563.0000002,0.0026416978075674744
2018-09-12,3.83,3.85,3.75,3.82,5430785.0,20642541.0,1768983563.0000002,0.003070003087417042
2018-09-13,3.83,3.87,3.81,3.87,3613400.0,13888487.0,1768983563.0000002,0.0020426419304157206
2018-09-14,3.87,3.97,3.85,3.92,6128796.0,24037408.0,1768983563.0000002,0.0034645861771639306
2018-09-17,3.9,4.0,3.86,3.99,6275659.0,24726247.0,1768983563.0000002,0.0035476072990509745
2018-09-18,3.93,4.02,3.92,4.02,5945771.0,23680563.0,1768983563.0000002,0.00336112280767416
2018-09-19,4.0,4.14,3.98,4.08,8109146.0,33086090.0,1768983563.0000002,0.00458407085832261
2018-09-20,4.06,4.11,4.0,4.03,5175080.0,20943940.0,1768983563.0000002,0.0029254539772114317
2018-09-21,4.01,4.07,4.01,4.07,6014041.0,24330564.0,1768983563.0000002,0.003399715591365277
2018-09-25,4.05,4.07,4.0,4.02,3213060.0,12967095.0,1768983563.0000002,0.0018163311786521103
2018-09-26,4.02,4.11,4.02,4.1,8978302.0,36651707.0,1768983563.0000002,0.00507540159659471
2018-09-27,4.1,4.1,3.95,3.96,9182112.0,36792245.0,1768983563.0000002,0.005190614651290572
2018-09-28,3.96,4.0,3.91,3.94,4175504.0,16460740.0,1768983563.0000002,0.002360397285387326
2018-10-08,3.89,3.9,3.83,3.84,5009776.0,19327016.0,1768983563.0000002,0.0028320082248271287
2018-10-09,3.8,3.85,3.8,3.81,3349920.0,12796405.0,1768983563.0000002,0.00189369764087514
2018-10-10,3.84,3.84,3.67,3.7,7323408.0,27286139.0,1768983563.0000002,0.004139896013267817
2018-10-11,3.6,3.65,3.43,3.46,7980039.0,28185011.0,1768983563.0000002,0.004511087138914246
2018-10-12,3.4,3.65,3.24,3.63,11899551.0,41301608.0,1768983563.0000002,0.006726773074035622
2018-10-15,3.63,3.65,3.41,3.46,4970510.0,17495203.0,1768983563.0000002,0.0028098112972686786
2018-10-16,3.46,3.5,3.22,3.32,5549416.0,18703524.0,1768983563.0000002,0.0031370647619748397
2018-10-17,3.37,3.4,3.29,3.37,2538500.0,8510808.0,1768983563.0000002,0.0014350048542536964
2018-10-18,3.34,3.36,3.27,3.3,2226704.0,7388432.0,1768983563.0000002,0.0012587477049383978
2018-10-19,3.27,3.43,3.22,3.38,6377097.0,21109645.0,1768983563.0000002,0.0036049498329906184
2018-10-22,3.42,3.57,3.4,3.51,6249500.0,21863892.0,1768983563.0000002,0.0035328197111122615
2018-10-23,3.5,3.5,3.31,3.33,10901516.0,37022174.0,1768983563.0000002,0.006162587503929226
2018-10-24,3.34,3.41,3.31,3.37,13165392.0,44209786.0,1768983563.0000002,0.007442348405811614
2018-10-25,3.3,3.36,3.26,3.35,6375274.0,21175759.0,1768983563.0000002,0.0036039192976944573
2018-10-26,3.36,3.42,3.36,3.39,5356119.0,18183894.0,1768983563.0000002,0.003027794668095511
2018-10-29,3.39,3.4,3.27,3.28,10551601.0,34901803.0,1768983563.0000002,0.005964781822000456
2018-10-30,3.31,3.36,3.24,3.32,7406512.0,24455964.0,1768983563.0000002,0.004186874403422593
2018-10-31,3.32,3.39,3.29,3.38,7539876.0,25296905.0,1768983563.0000002,0.004262264589509924
2018-11-01,3.4,3.49,3.4,3.42,8438000.0,28997058.0,1768983563.0000002,0.0047699708332451015
2018-11-02,3.45,3.58,3.41,3.57,12416287.0,43586388.0,1768983563.0000002,0.0070188820629533445
2018-11-05,3.69,3.77,3.61,3.63,18270074.0,67436139.0,1768983563.0000002,0.010328006648640633
2018-11-06,3.65,3.67,3.58,3.64,6045784.0,21875693.0,1768983563.0000002,0.0034176597942758833
2018-11-07,3.62,3.68,3.61,3.63,5431820.0,19824621.0,1768983563.0000002,0.0030705881691677423
2018-11-08,3.67,3.69,3.56,3.58,7145065.0,25891293.0,1768983563.0000002,0.004039079361417446
2018-11-09,3.59,3.64,3.56,3.59,5016150.0,18053246.0,1768983563.0000002,0.002835611423937238
2018-11-12,3.58,3.84,3.57,3.83,13513888.0,50454854.0,1768983563.0000002,0.0076393519321807275
2018-11-13,3.79,4.21,3.78,4.05,43424334.0,178058352.0,1768983563.0000002,0.02454761870503598
2018-11-14,3.97,4.05,3.92,3.95,27083898.0,107596023.0,1768983563.0000002,0.015310429427658846
2018-11-15,3.94,4.01,3.84,3.98,17595236.0,69226540.0,1768983563.0000002,0.009946523171849278
2018-11-16,3.99,4.08,3.88,4.02,18885082.0,75234377.0,1768983563.0000002,0.010675668443166872
2018-11-19,4.01,4.2,4.0,4.15,30761150.0,126942182.0,1768983563.0000002,0.01738916666236994
2018-11-20,4.11,4.2,4.04,4.04,19516988.0,80445583.0,1768983563.0000002,0.011032882615879907
2018-11-21,4.01,4.24,3.97,4.23,18353221.0,76333228.0,1768983563.0000002,0.010375009346539642
2018-11-22,4.2,4.5,4.2,4.29,20441622.0,88944593.0,1768983563.0000002,0.011555574866582295
2018-11-23,4.31,4.32,4.16,4.18,14093660.0,59382556.0,1768983563.0000002,0.007967094943549793
2018-11-26,4.22,4.4,4.11,4.18,10926300.0,46304878.0,1768983563.0000002,0.006176597809348892
2018-11-27,4.18,4.25,4.11,4.22,7864019.0,32908966.0,1768983563.0000002,0.0044455014531980695
2018-11-28,4.25,4.46,4.22,4.4,15214226.0,65920110.0,1768983563.0000002,0.008600546844086192
2018-11-29,4.39,4.47,4.29,4.3,8275040.0,36227749.0,1768983563.0000002,0.004677850135569631
2018-11-30,4.3,4.43,4.16,4.38,14281767.0,61194848.0,1768983563.0000002,0.008073431149229959
2018-12-03,4.55,4.66,4.4,4.44,25921227.0,116778254.0,1768983563.0000002,0.014653175723148308
2018-12-04,4.44,4.45,4.33,4.37,12773750.0,55805967.0,1768983563.0000002,0.007220954601939395
2018-12-05,4.32,4.41,4.22,4.35,10596890.0,45778901.0,1768983563.0000002,0.005990383529640517
2018-12-06,4.32,4.38,4.22,4.26,9585804.0,40989007.0,1768983563.0000002,0.005418820276511522
2018-12-07,4.25,4.43,4.23,4.37,7308033.0,31720481.0,1768983563.0000002,0.004131204581463937
2018-12-10,4.31,4.43,4.17,4.41,17734086.0,76610194.0,1768983563.0000002,0.01002501457386351
2018-12-11,4.41,4.5,4.33,4.4,11077020.0,48954916.0,1768983563.0000002,0.006261799279363908
2018-12-12,4.41,4.46,4.39,4.4,6060820.0,26768508.0,1768983563.0000002,0.0034261595906077955
2018-12-13,4.4,4.66,4.38,4.57,15042546.0,68443952.0,1768983563.0000002,0.008503496761999026
2018-12-14,4.57,4.62,4.42,4.46,6607006.0,29844812.0,1768983563.0000002,0.003734916557842544
2018-12-17,4.43,4.46,4.22,4.33,12112125.0,52403950.0,1768983563.0000002,0.006846940386183791
2018-12-18,4.32,4.4,4.27,4.33,5248060.0,22768324.0,1768983563.0000002,0.0029667093068405175
2018-12-19,4.34,4.36,4.26,4.27,5415617.0,23328896.0,1768983563.0000002,0.0030614286719633016
2018-12-20,4.26,4.32,4.2,4.28,6598569.0,28220131.0,1768983563.0000002,0.0037301471523056764
2018-12-21,4.28,4.3,4.13,4.16,6047541.0,25425758.0,1768983563.0000002,0.00341865302001113
2018-12-24,4.2,4.42,4.19,4.4,11625833.0,50333702.0,1768983563.0000002,0.006572041280182318
2018-12-25,4.38,4.5,4.29,4.41,10019569.0,43892394.0,1768983563.0000002,0.005664026059692675
2018-12-26,4.47,4.48,4.27,4.28,11042840.0,47937314.0,1768983563.0000002,0.006242477449181363
2018-12-27,4.32,4.39,4.2,4.26,6575807.0,28256565.0,1768983563.0000002,0.003717279876161291
2018-12-28,4.29,4.49,4.17,4.45,13596638.0,59397807.0,1768983563.0000002,0.007686130207417873
2019-01-02,4.48,4.5,4.27,4.4,10931165.0,47707781.0,1769006513.0,0.006179267809173973
2019-01-03,4.31,4.46,4.31,4.32,8692544.0,37915256.0,1769006513.0,0.004913799884918795
2019-01-04,4.3,4.5,4.26,4.47,9853752.0,43437191.0,1769006513.0,0.005570218044754028
2019-01-07,4.54,4.58,4.39,4.48,13220272.0,59222907.0,1769006513.0,0.007473274916088452
2019-01-08,4.46,4.51,4.36,4.51,11039347.0,48909115.0,1769006513.0,0.006240421908497518
2019-01-09,4.49,4.68,4.45,4.64,18259285.0,83453696.0,1769006513.0,0.01032177375595677
2019-01-10,4.64,4.9,4.6,4.79,19141463.0,91553304.0,1769006513.0,0.010820459313933571
2019-01-11,4.8,4.8,4.62,4.67,12020282.0,56217766.0,1769006513.0,0.006794933716561167
2019-01-14,4.61,4.72,4.58,4.66,10988305.0,51216399.0,1769006513.0,0.00621156842512993
2019-01-15,4.65,4.65,4.48,4.57,13768282.0,62493782.0,1769006513.0,0.007783058964916315
2019-01-16,4.57,4.57,4.48,4.5,5436950.0,24524830.0,1769006513.0,0.003073448266043778
2019-01-17,4.54,4.61,4.51,4.55,8155616.0,37146483.0,1769006513.0,0.00461028036927301
2019-01-18,4.56,4.59,4.48,4.54,3862300.0,17486397.0,1769006513.0,0.0021833158734108063
2019-01-21,4.54,4.79,4.52,4.65,24581656.0,114449968.0,1769006513.0,0.013895740812346008
2019-01-22,4.63,4.63,4.51,4.54,9530974.0,43220597.0,1769006513.0,0.0053877551778126215
2019-01-23,4.54,4.54,4.47,4.52,6723194.0,30246347.0,1769006513.0,0.0038005479067447618
2019-01-24,4.51,4.74,4.51,4.72,15786999.0,73842841.0,1769006513.0,0.00892421756730977
2019-01-25,4.77,5.05,4.7,4.84,19695528.0,95788744.0,1769006513.0,0.011133666187920926
2019-01-28,5.05,5.32,4.9,4.94,55188184.0,284901517.0,1769006513.0,0.03119727575587507
2019-01-29,4.96,5.09,4.81,4.94,16024375.0,79282304.0,1769006513.0,0.009058403619342695
2019-01-30,4.86,5.18,4.78,5.08,21908543.0,111019949.0,1769006513.0,0.012384659320923598
2019-01-31,5.05,5.35,5.0,5.13,21568598.0,112052039.0,1769006513.0,0.012192492136969312
2019-02-01,5.12,5.43,5.1,5.35,20161979.0,107140243.0,1769006513.0,0.011397345827635175
2019-02-11,5.38,5.6,5.34,5.46,19168875.0,104665389.0,1769006513.0,0.010835955017198967
2019-02-12,5.42,5.44,5.3,5.38,16964050.0,90654904.0,1769006513.0,0.009589591601464047
2019-02-13,5.38,5.38,5.22,5.33,23710878.0,125231057.0,1769006513.0,0.013403499549467176
2019-02-14,5.33,5.48,5.26,5.31,20188254.0,108096253.0,1769006513.0,0.011412198797257904
2019-02-15,5.3,5.32,5.18,5.2,17977693.0,94158513.0,1769006513.0,0.010162592883568428
2019-02-18,5.2,5.52,5.2,5.43,30610593.0,165134451.0,1769006513.0,0.01730383284349163
2019-02-19,5.46,5.48,5.08,5.23,26628183.0,140203369.0,1769006513.0,0.015052620103044244
2019-02-20,5.21,5.23,5.13,5.2,14108466.0,73150482.0,1769006513.0,0.00797536125295204
2019-02-21,5.22,5.3,5.08,5.1,17523425.0,91051455.0,1769006513.0,0.00990580016027335
2019-02-22,5.09,5.2,5.07,5.19,13362866.0,68689933.0,1769006513.0,0.0075538817419831625
2019-02-25,5.27,5.5,5.21,5.47,35681176.0,192248773.0,1769006513.0,0.02017017785846897
2019-02-26,5.48,5.49,5.18,5.34,34110548.0,181482294.0,1769006513.0,0.019282319058369687
2019-02-27,5.33,5.34,5.16,5.27,21267037.0,111300856.0,1769006513.0,0.012022023007667694
2019-02-28,5.27,5.27,5.15,5.2,13261744.0,68835610.0,1769006513.0,0.007496718583308008
2019-03-01,5.19,5.29,5.19,5.28,12573168.0,66035879.0,1769006513.0,0.00710747411476602
2019-03-04,5.29,5.56,5.29,5.38,24116395.0,131029305.0,1769006513.0,0.01363273386659374
2019-03-05,5.38,5.92,5.31,5.9,38057918.0,214366607.0,1769006513.0,0.02151372407072647
2019-03-06,5.9,5.95,5.64,5.73,26891267.0,154820403.0,1769006513.0,0.015201338605812131
2019-03-07,5.74,5.84,5.6,5.68,19462404.0,110827787.0,1769006513.0,0.011001883744901735
2019-03-08,5.59,5.79,5.43,5.48,19812102.0,110846184.0,1769006513.0,0.011199564192899046
2019-03-11,5.46,5.79,5.36,5.74,32614945.0,182670444.0,1769006513.0,0.0184368710687726
2019-03-12,5.81,6.14,5.81,5.96,29751394.0,177852239.0,1769006513.0,0.016818137062449584
2019-03-13,5.96,6.25,5.81,6.09,26134277.0,158343976.0,1769006513.0,0.014773420452635721
2019-03-14,6.08,6.2,5.82,5.84,13466602.0,79899810.0,1769006513.0,0.0076125225662185
2019-03-15,5.9,6.22,5.86,6.13,17671200.0,107953690.0,1769006513.0,0.009989335748703374
2019-03-18,6.12,6.62,6.12,6.6,28515654.0,185058419.0,1769006513.0,0.016119586779610687
2019-03-19,6.61,6.85,6.43,6.63,23142035.0,153110632.0,1769006513.0,0.013081938833992297
2019-03-20,6.85,7.29,6.6,6.98,74419430.0,525069220.0,1769006513.0,0.04206848841601749
2019-03-21,6.68,7.16,6.68,6.91,30664084.0,210615782.0,1769006513.0,0.01733407071972719
2019-03-22,6.85,6.95,6.69,6.81,11229989.0,76244259.0,1769006513.0,0.0063481897423630345
2019-03-25,6.7,7.27,6.64,7.0,28386175.0,199774070.0,1769006513.0,0.016046393719523856
2019-03-26,7.0,7.09,6.78,6.83,11073280.0,76357949.0,1769006513.0,0.0062596038616167604
2019-03-27,6.88,6.95,6.71,6.82,10985387.0,74820631.0,1769006513.0,0.006209918911700468
2019-03-28,6.84,6.85,6.55,6.59,15276875.0,101892772.0,1769006513.0,0.008635850059190823
2019-03-29,6.63,6.76,6.41,6.67,16408527.0,108520240.0,1769006513.0,0.009275560536051006
2019-04-01,6.7,6.94,6.69,6.87,17836189.0,122094137.0,1769006513.0,0.010082602222731331
2019-04-02,6.99,6.99,6.62,6.66,22410933.0,150772211.0,1769006513.0,0.012668654883578713
2019-04-03,6.73,6.73,6.24,6.33,50025608.0,317946892.0,1769006513.0,0.028278928105902344
2019-04-04,6.41,6.42,6.1,6.25,33595387.0,208628785.0,1769006513.0,0.018991104189337714
2019-04-08,6.22,6.3,5.91,6.05,42969976.0,262272564.0,1769006513.0,0.024290456640054213
2019-04-09,6.06,6.13,6.0,6.09,24049160.0,145752994.0,1769006513.0,0.013594726657741819
2019-04-10,6.1,6.17,6.01,6.1,27247011.0,165150217.0,1769006513.0,0.01540243679136754
2019-04-11,6.16,6.23,6.04,6.1,21481698.0,131517997.0,1769006513.0,0.012143368519073395
2019-04-12,6.07,6.08,5.73,5.92,35606652.0,209535871.0,1769006513.0,0.020128050257777655
2019-04-15,5.96,6.02,5.71,5.76,39755522.0,232522507.0,1769006513.0,0.02247336101243625
2019-04-16,5.74,5.74,5.48,5.7,37181709.0,208132282.0,1769006513.0,0.021018412723051404
2019-04-17,5.72,5.84,5.65,5.8,30367187.0,175611517.0,1769006513.0,0.017166238098525306
2019-04-18,5.8,5.81,5.6,5.63,28467350.0,161380703.0,1769006513.0,0.016092281057644698
2019-04-19,5.66,5.68,5.56,5.64,21127992.0,118605764.0,1769006513.0,0.011943422392589009
2019-04-22,5.65,5.68,5.58,5.63,15878913.0,89191957.0,1769006513.0,0.008976175544470706
2019-04-23,5.63,5.63,5.43,5.45,27406927.0,150339502.0,1769006513.0,0.0154928355540769
2019-04-24,5.47,5.62,5.44,5.61,23382330.0,129253827.0,1769006513.0,0.013217774964743727
2019-04-25,5.59,5.66,5.33,5.35,20432387.0,112300874.0,1769006513.0,0.011550204507358984
2019-04-26,5.34,5.47,5.19,5.4,17422712.0,92522876.0,1769006513.0,0.009848868204817061
2019-04-29,5.38,5.38,5.15,5.3,15167520.0,80083398.0,1769006513.0,0.00857403287581904
2019-04-30,5.25,5.35,5.24,5.29,9817900.0,51927724.0,1769006513.0,0.0055499513019599605
2019-05-06,5.17,5.17,4.76,4.77,22607459.0,111294768.0,1769006513.0,0.01277974887817725
2019-05-07,4.79,5.04,4.79,4.99,20801813.0,102884474.0,1769006513.0,0.011759036977610042
2019-05-08,4.92,5.22,4.85,5.07,17110483.0,86934818.0,1769006513.0,0.00967236857199745
2019-05-09,5.07,5.18,5.04,5.13,17048710.0,87284620.0,1769006513.0,0.009637448971902118
2019-05-10,5.13,5.3,5.07,5.3,15648856.0,81923812.0,1769006513.0,0.008846126842948486
2019-05-13,5.28,5.35,5.2,5.28,14696608.0,77506295.0,1769006513.0,0.008307831481680928
2019-05-14,5.21,5.24,5.01,5.05,21338936.0,108840245.0,1769006513.0,0.012062666724619345
2019-05-15,5.09,5.28,5.03,5.19,19594498.0,100490140.0,1769006513.0,0.011076555035837791
2019-05-16,5.22,5.28,5.1,5.19,12398103.0,64529168.0,1769006513.0,0.0070085117883339305
2019-05-17,5.12,5.24,4.93,4.97,13152049.0,66834156.0,1769006513.0,0.007434709201661374
2019-05-20,4.95,5.05,4.86,4.98,10886807.0,53991000.0,1769006513.0,0.006154192717774352
2019-05-21,5.02,5.15,4.95,5.09,10712767.0,54423817.0,1769006513.0,0.0060558098126120355
2019-05-22,5.1,5.12,5.0,5.02,7983727.0,40200748.0,1769006513.0,0.004513113400843652
2019-05-23,5.03,5.03,4.85,4.9,9921310.0,48726959.0,1769006513.0,0.005608407841967058
2019-05-24,4.9,4.96,4.79,4.88,8762040.0,42430782.0,1769006513.0,0.00495308521229848
2019-05-27,4.93,5.2,4.88,5.18,23825242.0,121124333.0,1769006513.0,0.01346814826565876
2019-05-28,5.16,5.38,5.11,5.3,23102021.0,122583879.0,1769006513.0,0.013059319358198429
2019-05-29,5.3,5.34,5.23,5.29,12252486.0,64956804.0,1769006513.0,0.006926196093660171
2019-05-30,5.28,5.29,5.21,5.26,8088157.0,42418942.0,1769006513.0,0.0045721465356753045
2019-05-31,5.34,5.6,5.34,5.46,28724990.0,157187513.0,1769006513.0,0.016237922126858782
2019-06-03,5.45,5.46,5.25,5.3,22020895.0,117667715.0,1769006513.0,0.012448170675559294
2019-06-04,5.3,5.34,5.22,5.25,8409698.0,44393339.0,1769006513.0,0.004753910140069676
2019-06-05,5.3,5.32,5.17,5.19,6426316.0,33604775.0,1769006513.0,0.0036327260260347045
2019-06-06,5.2,5.23,5.03,5.08,14594373.0,74874977.0,1769006513.0,0.008250039156300156
2019-06-10,5.06,5.2,5.04,5.17,9327419.0,47965165.0,1769006513.0,0.0052726877665260465
2019-06-11,5.15,5.44,5.15,5.41,15644863.0,83917846.0,1769006513.0,0.008843869643797067
2019-06-12,5.39,5.49,5.36,5.4,8106520.0,43852682.0,1769006513.0,0.0045825269383844265
2019-06-13,5.37,5.39,5.3,5.36,6203575.0,33173495.0,1769006513.0,0.003506812979156058
2019-06-14,5.35,5.39,5.2,5.22,6127330.0,32379250.0,1769006513.0,0.0034637125160205673
2019-06-17,5.25,5.29,5.15,5.24,5485700.0,28612567.0,1769006513.0,0.003101006106923248
2019-06-18,5.25,5.27,5.18,5.27,6149705.0,32137961.0,1769006513.0,0.003476360858372939
2019-06-19,5.33,5.45,5.31,5.35,8397264.0,45068853.0,1769006513.0,0.004746881336100541
2019-06-20,5.35,5.45,5.31,5.43,11077647.0,59939307.0,1769006513.0,0.0062620724788705175
2019-06-21,5.47,5.56,5.44,5.47,15045720.0,82908035.0,1769006513.0,0.00850518067029864
2019-06-24,5.47,5.73,5.45,5.72,19221771.0,108218616.0,1769006513.0,0.01086585654645354
2019-06-25,5.77,5.98,5.71,5.83,28839156.0,169248981.0,1769006513.0,0.016302458915819718
2019-06-26,5.83,6.14,5.8,6.04,27329078.0,164734356.0,1769006513.0,0.015448828367315344
2019-06-27,6.0,6.18,5.91,6.07,28831723.0,174492887.0,1769006513.0,0.016298257122358033
2019-06-28,6.05,6.16,5.92,6.04,14300865.0,85901276.0,1769006513.0,0.008084122299667304
2019-07-01,6.22,6.26,6.07,6.12,21036608.0,129406488.0,1769006513.0,0.011891764018621225
2019-07-02,6.14,6.16,5.96,6.06,15924203.0,96494762.0,1769006513.0,0.009001777485259039
2019-07-03,6.12,6.13,5.95,6.04,10656478.0,64352108.0,1769006513.0,0.006023990257632251
2019-07-04,6.01,6.06,5.92,5.96,8366010.0,50082544.0,1769006513.0,0.004729213792329322
2019-07-05,5.98,6.1,5.98,6.01,8907810.0,53759172.0,1769006513.0,0.005035487396195923
2019-07-08,6.05,6.06,5.71,5.82,12419911.0,72414893.0,1769006513.0,0.007020839611798535
2019-07-09,5.87,5.89,5.77,5.85,5576872.0,32526156.0,1769006513.0,0.003152544639613772
2019-07-10,5.9,6.18,5.82,6.03,12959217.0,78030807.0,1769006513.0,0.007325703384790195
2019-07-11,6.0,6.02,5.72,5.75,13368123.0,78196382.0,1769006513.0,0.007556853466485796
2019-07-12,5.9,6.06,5.79,6.02,17986478.0,107193222.0,1769006513.0,0.010167558947817169
2019-07-15,6.04,6.16,5.95,6.05,14278643.0,86892028.0,1769006513.0,0.008071560446538615
2019-07-16,6.05,6.15,5.99,6.04,6776802.0,41062669.0,1769006513.0,0.003830851921798436
2019-07-17,6.07,6.07,5.9,6.05,10113680.0,60469578.0,1769006513.0,0.005717152495300056
2019-07-18,5.99,6.0,5.8,5.86,8704400.0,51155461.0,1769006513.0,0.004920501951820683
2019-07-19,5.87,5.99,5.85,5.96,6697573.0,39775700.0,1769006513.0,0.0037860646361565996
2019-07-22,5.95,5.99,5.74,5.81,7294571.0,42436815.0,1769006513.0,0.004123541064656329
2019-07-23,5.78,5.88,5.74,5.78,5631870.0,32621276.0,1769006513.0,0.0031836344064381634
2019-07-24,5.77,5.86,5.72,5.78,7721659.0,44794053.0,1769006513.0,0.004364969231744145
2019-07-25,5.81,5.96,5.76,5.88,8310201.0,48678291.0,1769006513.0,0.0046976655760905045
2019-07-26,5.87,5.89,5.72,5.8,6353580.0,36712955.0,1769006513.0,0.0035916091621534915
2019-07-29,5.72,5.79,5.67,5.7,7432675.0,42487746.0,1769006513.0,0.00420160974274491
2019-07-30,5.71,5.77,5.7,5.74,4653160.0,26725047.0,1769006513.0,0.002630380366496706
2019-07-31,5.73,5.79,5.68,5.76,4573383.0,26212902.0,1769006513.0,0.0025852833024589323
2019-08-01,5.76,5.76,5.53,5.6,10631699.0,59716608.0,1769006513.0,0.006009982960418869
2019-08-02,5.49,5.6,5.45,5.55,4278090.0,23694370.0,1769006513.0,0.0024183574048831104
2019-08-05,5.51,5.66,5.51,5.58,4758653.0,26624438.0,1769006513.0,0.002690014403581792
2019-08-06,5.5,5.58,5.26,5.53,10187604.0,55359042.0,1769006513.0,0.005758940922565162
2019-08-07,5.56,5.67,5.51,5.56,6660351.0,37115198.0,1769006513.0,0.0037650234473726894
2019-08-08,5.59,5.78,5.59,5.63,8301248.0,47162522.0,1769006513.0,0.004692604543282425
2019-08-09,5.69,5.74,5.41,5.45,8960214.0,49528826.0,1769006513.0,0.005065110803241005
2019-08-12,5.49,5.79,5.46,5.74,15457187.0,87450754.0,1769006513.0,0.008737778457235109
2019-08-13,5.75,5.77,5.66,5.68,6872762.0,39186384.0,1769006513.0,0.0038850970584301064
2019-08-14,5.77,5.88,5.69,5.7,8598437.0,49656687.0,1769006513.0,0.004860602228885067
2019-08-15,5.54,5.69,5.51,5.66,9981557.0,56206460.0,1769006513.0,0.005642464810981733
2019-08-16,5.68,5.73,5.54,5.57,7548140.0,42137468.0,1769006513.0,0.004266880842173587
2019-08-19,5.57,5.67,5.51,5.66,10436999.0,58370324.0,1769006513.0,0.005899921183614093
2019-08-20,5.67,5.73,5.62,5.73,6632958.0,37608661.0,1769006513.0,0.0037495384845991236
2019-08-21,5.68,6.03,5.66,6.01,21453279.0,127070739.0,1769006513.0,0.012127303569741012
2019-08-22,6.02,6.16,5.94,6.08,19118501.0,115702520.0,1769006513.0,0.010807479146912559
2019-08-23,6.06,6.27,6.01,6.25,20943519.0,129097967.0,1769006513.0,0.011839141826833963
2019-08-26,6.17,6.65,6.17,6.61,38373404.0,248068307.0,1769006513.0,0.021692064849961352
2019-08-27,6.59,6.66,6.49,6.59,26627555.0,174848132.0,1769006513.0,0.015052265101524813
2019-08-28,6.59,6.69,6.5,6.58,16829998.0,111154618.0,1769006513.0,0.009513813474580463
2019-08-29,6.61,6.77,6.56,6.69,11900448.0,79446174.0,1769006513.0,0.006727192869300646
2019-08-30,6.69,6.75,6.46,6.48,20123355.0,131936239.0,1769006513.0,0.011375512103612023
2019-09-02,6.57,7.03,6.51,6.9,33656362.0,230464766.0,1769006513.0,0.01902557268877619
2019-09-03,6.92,7.06,6.8,6.9,20476212.0,141334984.0,1769006513.0,0.011574978299698323
2019-09-04,6.92,7.05,6.79,6.9,14021922.0,96752068.0,1769006513.0,0.007926438877955674
2019-09-05,6.91,7.1,6.9,6.97,19741620.0,138520817.0,1769006513.0,0.01115972149052229
2019-09-06,6.97,7.08,6.94,7.02,13109918.0,91996257.0,1769006513.0,0.007410893008962031
2019-09-09,7.08,7.62,7.08,7.54,38470321.0,287384878.0,1769006513.0,0.021746850968207825
2019-09-10,7.73,7.86,7.5,7.57,31305209.0,239037058.0,1769006513.0,0.01769649165785745
2019-09-11,7.68,7.68,7.42,7.45,24517215.0,184666700.0,1769006513.0,0.013859313021082132
2019-09-12,7.51,7.56,7.21,7.27,30343180.0,221783897.0,1769006513.0,0.017152667204453645
2019-09-16,7.4,7.52,7.12,7.15,28700397.0,207731050.0,1769006513.0,0.016224019973407527
2019-09-17,7.18,7.26,6.9,6.95,22255666.0,156533193.0,1769006513.0,0.012580884149633428
2019-09-18,6.94,7.03,6.86,6.95,17954935.0,124608476.0,1769006513.0,0.010149728035512326
2019-09-19,7.01,7.08,6.75,7.03,18653379.0,129580332.0,1769006513.0,0.010544550776337362
2019-09-20,7.03,7.11,6.91,7.0,15349297.0,107492666.0,1769006513.0,0.00867678942231232
2019-09-23,7.06,7.08,6.82,6.9,18900121.0,130614854.0,1769006513.0,0.010684031325553407
2019-09-24,6.92,7.34,6.92,7.18,30390827.0,218046582.0,1769006513.0,0.017179601531517933
2019-09-25,7.16,7.29,7.02,7.08,26640893.0,190015500.0,1769006513.0,0.015059804926789436
2019-09-26,7.07,7.12,6.71,6.73,23190266.0,159142646.0,1769006513.0,0.013109203289858097
2019-09-27,6.74,7.19,6.71,7.15,22399108.0,156823767.0,1769006513.0,0.01266197034063718
2019-09-30,7.27,7.38,6.97,6.98,20386404.0,144945559.0,1769006513.0,0.01152421082126338
2019-10-08,6.99,7.45,6.99,7.35,34870445.0,254463625.0,1769006513.0,0.019711880506796075
2019-10-09,7.26,7.45,7.06,7.21,34012006.0,245813292.0,1769006513.0,0.019226614345427228
2019-10-10,7.22,7.28,7.09,7.25,22648468.0,163007693.0,1769006513.0,0.012802930816569583
2019-10-11,7.17,7.24,7.01,7.11,18765349.0,133593491.0,1769006513.0,0.010607846190558372
2019-10-14,7.05,7.17,6.8,6.92,27223244.0,189599509.0,1769006513.0,0.015389001566666363
2019-10-15,6.96,7.04,6.7,6.77,22516447.0,153574481.0,1769006513.0,0.012728300791733716
2019-10-16,6.76,6.84,6.64,6.71,17543735.0,117745847.0,1769006513.0,0.00991728118075052
2019-10-17,6.74,6.75,6.48,6.58,23049378.0,151711390.0,1769006513.0,0.013029560847071906
2019-10-18,6.61,6.63,6.34,6.45,15187787.0,98135960.0,1769006513.0,0.00858548958886733
2019-10-21,6.44,6.56,6.09,6.48,21254912.0,135266417.0,1769006513.0,0.012015168878013056
2019-10-22,6.49,6.61,6.36,6.56,14946402.0,97011755.0,1769006513.0,0.008449037293058287
2019-10-23,6.56,6.64,6.5,6.52,8312674.0,54564544.0,1769006513.0,0.004699063535895529
2019-10-24,6.53,6.56,6.37,6.54,9891964.0,63894390.0,1769006513.0,0.005591818869691182
2019-10-25,6.51,6.58,6.35,6.52,11347369.0,73302781.0,1769006513.0,0.006414543370310361
2019-10-28,6.5,6.79,6.48,6.66,20977355.0,140157949.0,1769006513.0,0.01185826894691597
2019-10-29,6.66,6.66,6.51,6.58,14276263.0,93869986.0,1769006513.0,0.008070215058614653
2019-10-30,6.5,6.58,6.21,6.35,29303242.0,185459395.0,1769006513.0,0.01656480164694566
2019-10-31,6.38,6.69,6.36,6.38,27601287.0,180685424.0,1769006513.0,0.015602705132606825
2019-11-01,6.37,6.62,6.37,6.56,15838549.0,103550755.0,1769006513.0,0.008953358217511549
2019-11-04,6.57,6.68,6.53,6.6,17765803.0,117304121.0,1769006513.0,0.010042813788102768
2019-11-05,6.63,6.66,6.43,6.63,18985277.0,124351381.0,1769006513.0,0.010732169079357144
2019-11-06,6.64,6.82,6.51,6.6,21047902.0,140227132.0,1769006513.0,0.011898148393080564
2019-11-07,6.6,6.6,6.4,6.45,17538160.0,113489787.0,1769006513.0,0.009914129694331995
2019-11-08,6.5,6.58,6.37,6.41,15338573.0,98761425.0,1769006513.0,0.00867072726260788
2019-11-11,6.34,6.34,6.13,6.19,15627279.0,96967559.0,1769006513.0,0.008833929601252972
2019-11-12,6.23,6.29,6.12,6.17,10658662.0,65862023.0,1769006513.0,0.006025224848903651
2019-11-13,6.17,6.2,6.1,6.13,8134588.0,49915144.0,1769006513.0,0.004598393471262477
2019-11-14,6.14,6.28,6.13,6.18,10206554.0,63380624.0,1769006513.0,0.005769653149942925
2019-11-15,6.23,6.23,5.94,6.02,15094880.0,91410097.0,1769006513.0,0.00853297027968602
2019-11-18,6.04,6.06,5.91,6.02,15988985.0,95601898.0,1769006513.0,0.009038398040086808
2019-11-19,6.02,6.18,5.99,6.15,11178242.0,68119558.0,1769006513.0,0.006318937730219651
2019-11-20,6.15,6.17,5.97,6.0,10470091.0,63368368.0,1769006513.0,0.0059186277286476
2019-11-21,6.0,6.06,5.96,5.98,7059420.0,42374890.0,1769006513.0,0.003990612780745596
2019-11-22,6.01,6.12,5.96,5.99,10349159.0,62527537.0,1769006513.0,0.005850266194017116
2019-11-25,6.0,6.0,5.81,5.92,10330860.0,60760638.0,1769006513.0,0.005839921969806789
2019-11-26,5.91,5.97,5.86,5.89,5256854.0,31039723.0,1769006513.0,0.0029716419704329264
2019-11-27,5.91,6.01,5.86,5.97,7437783.0,44375773.0,1769006513.0,0.004204497239180035
2019-11-28,5.91,5.96,5.76,5.88,16467188.0,96145015.0,1769006513.0,0.009308720956642402
2019-11-29,5.96,6.02,5.86,5.9,11028526.0,65349527.0,1769006513.0,0.006234304915755841
2019-12-02,5.98,5.98,5.8,5.86,9606889.0,56405310.0,1769006513.0,0.0054306690955636975
2019-12-03,5.85,5.89,5.71,5.87,13673095.0,79424017.0,1769006513.0,0.007729250796715411
2019-12-04,5.82,5.91,5.81,5.89,9187208.0,53931572.0,1769006513.0,0.005193428024422429
2019-12-05,5.92,5.94,5.82,5.91,11656279.0,68524920.0,1769006513.0,0.006589166808793993
2019-12-06,5.93,6.08,5.88,6.07,17631940.0,105697115.0,1769006513.0,0.00996714250084844
2019-12-09,6.09,6.17,6.0,6.03,14583995.0,88404232.0,1769006513.0,0.00824417258660483
2019-12-10,6.01,6.04,5.88,5.95,16737963.0,99242757.0,1769006513.0,0.009461787097445242
2019-12-11,5.94,5.95,5.8,5.82,16930723.0,98942953.0,1769006513.0,0.009570752213505276
2019-12-12,5.83,5.89,5.78,5.86,9995840.0,58513399.0,1769006513.0,0.005650538834392635
2019-12-13,5.89,6.05,5.87,6.03,16630067.0,99233329.0,1769006513.0,0.009400794670788191
2019-12-16,6.05,6.25,5.98,6.19,24369514.0,148764080.0,1769006513.0,0.01377581926404134
2019-12-17,6.19,6.25,6.14,6.2,15409480.0,95590012.0,1769006513.0,0.008710810212828199
2019-12-18,6.21,6.24,6.14,6.16,14038380.0,86828685.0,1769006513.0,0.007935742405036583
2019-12-19,6.18,6.19,6.08,6.13,9851729.0,60304338.0,1769006513.0,0.00556907446501866
2019-12-20,6.14,6.15,6.05,6.09,14465113.0,88037237.0,1769006513.0,0.008176969894513893
2019-12-23,6.09,6.15,5.92,6.1,27878436.0,169076746.0,1769006513.0,0.01575937442577409
2019-12-24,6.07,6.1,5.98,6.02,15320459.0,92189995.0,1769006513.0,0.008660487616870634
2019-12-25,6.01,6.02,5.94,5.97,14247446.0,85068103.0,1769006513.0,0.008053925124242887
2019-12-26,5.96,6.08,5.96,6.03,15436905.0,93242486.0,1769006513.0,0.008726313264851163
2019-12-27,6.09,6.09,5.97,5.98,14222640.0,85742969.0,1769006513.0,0.008039902564225324
2019-12-30,5.99,6.21,5.92,6.11,24907559.0,151767380.0,1769006513.0,0.01407997020754892
2019-12-31,6.13,6.41,6.12,6.32,33962892.0,213662434.0,1769006513.0,0.01919885073933586
2020-01-02,6.38,6.62,6.25,6.53,36803929.0,239757836.0,1769006513.0,0.020804857828129433
2020-01-03,6.53,6.91,6.53,6.86,40707095.0,275234823.0,1769006513.0,0.023011274803599324
2020-01-06,6.7,6.94,6.68,6.8,30909686.0,210720576.0,1769006513.0,0.01747290683943344
2020-01-07,6.83,6.93,6.73,6.79,22779449.0,154586790.0,1769006513.0,0.01287697294080002
2020-01-08,6.73,6.85,6.63,6.65,20355035.0,136514320.0,1769006513.0,0.011506478269252138
2020-01-09,6.8,6.83,6.67,6.72,15407971.0,103726712.0,1769006513.0,0.008709957191661283
2020-01-10,6.76,6.86,6.66,6.68,17377380.0,117116551.0,1769006513.0,0.009823242521888894
2020-01-13,6.69,6.76,6.65,6.73,14965239.0,100239379.0,1769006513.0,0.008459685642774115
2020-01-14,6.71,6.81,6.62,6.65,15869739.0,106230755.0,1769006513.0,0.008970989582783973
2020-01-15,6.66,6.69,6.47,6.54,22016833.0,143896810.0,1769006513.0,0.01244587447146386
2020-01-16,6.58,6.68,6.48,6.57,18223275.0,119450101.0,1769006513.0,0.010301417697493803
2020-01-17,6.73,6.74,6.39,6.4,32499830.0,211260792.0,1769006513.0,0.01837179782050921
2020-01-20,6.42,6.63,6.42,6.57,26503162.0,173680270.0,1769006513.0,0.014981947101514148
2020-01-21,6.59,6.62,6.38,6.4,18839110.0,121230132.0,1769006513.0,0.010649542475709359
2020-01-22,6.35,6.49,6.32,6.43,15101302.0,96721372.0,1769006513.0,0.008536600565924542
2020-01-23,6.35,6.39,6.01,6.18,32819380.0,203141445.0,1769006513.0,0.018552435934417615
2020-02-03,5.56,5.58,5.56,5.56,11608140.0,64549134.0,1769006513.0,0.006561954359520213
2020-02-04,5.4,5.63,5.39,5.52,27108564.0,149695065.0,1769006513.0,0.015324174219136975
2020-02-05,5.58,5.64,5.5,5.56,31453748.0,175087984.0,1769006513.0,0.01778045912711685
2020-02-06,5.56,5.75,5.52,5.72,23519749.0,133278130.0,1769006513.0,0.013295456419837388
2020-02-07,5.68,5.78,5.6,5.7,17940068.0,101629146.0,1769006513.0,0.010141323883299915
2020-02-10,5.64,5.86,5.64,5.85,19263954.0,111806808.0,1769006513.0,0.010889702134183154
2020-02-11,5.85,5.97,5.8,5.86,18454193.0,108442506.0,1769006513.0,0.010431953112882631
2020-02-12,5.85,6.12,5.82,6.06,21738271.0,131006123.0,1769006513.0,0.01228840642487787
2020-02-13,6.05,6.1,5.92,5.94,12860320.0,77056493.0,1769006513.0,0.007269797994237232
2020-02-14,5.95,5.98,5.84,5.9,9733071.0,57482006.0,1769006513.0,0.005501998397673508
2020-02-17,5.9,6.07,5.89,6.04,18600428.0,111625851.0,1769006513.0,0.010514618156185386
2020-02-18,6.08,6.13,6.0,6.07,13295162.0,80562641.0,1769006513.0,0.007515609412569755
2020-02-19,6.08,6.18,6.02,6.03,14320713.0,87252797.0,1769006513.0,0.008095342156606294
2020-02-20,6.03,6.3,6.0,6.22,29920647.0,184865723.0,1769006513.0,0.016913813928959798
2020-02-21,6.22,6.27,6.1,6.15,21231475.0,131329678.0,1769006513.0,0.012001920198696295
2020-02-24,6.1,6.36,5.99,6.35,35980535.0,221159677.0,1769006513.0,0.0203394022212964
2020-02-25,6.19,6.19,5.91,6.05,46868991.0,284124128.0,1769006513.0,0.026494527100703782
2020-02-26,5.93,6.01,5.85,5.92,26061162.0,154493018.0,1769006513.0,0.014732089344206953
2020-02-27,5.93,5.97,5.85,5.86,19309569.0,113888345.0,1769006513.0,0.010915487793910683
2020-02-28,5.7,5.85,5.49,5.65,31685426.0,179969876.0,1769006513.0,0.017911424162178877
2020-03-02,5.76,5.91,5.68,5.8,28116651.0,162638843.0,1769006513.0,0.015894034755314663
2020-03-03,5.9,5.97,5.77,5.85,26147540.0,153312651.0,1769006513.0,0.014780917881222069
2020-03-04,5.8,5.98,5.76,5.95,22082205.0,129818170.0,1769006513.0,0.012482828546827402
2020-03-05,6.02,6.25,5.98,6.18,35434679.0,217066500.0,1769006513.0,0.020030835805068627
2020-03-06,6.09,6.38,6.07,6.29,37640697.0,236436326.0,1769006513.0,0.021277873610632658
2020-03-09,6.2,6.41,6.07,6.16,34960814.0,216987016.0,1769006513.0,0.019762965112384526
2020-03-10,6.04,6.38,6.03,6.38,34885928.0,217078135.0,1769006513.0,0.019720632877059396
2020-03-11,6.4,6.49,6.16,6.18,26203892.0,165080944.0,1769006513.0,0.014812773049411605
2020-03-12,6.05,6.15,5.89,5.96,24032576.0,144355231.0,1769006513.0,0.013585351904241406
2020-03-13,5.6,5.91,5.54,5.79,22807532.0,130651476.0,1769006513.0,0.012892847953013726
2020-03-16,5.82,5.86,5.48,5.54,18898624.0,107358318.0,1769006513.0,0.010683185087855016
2020-03-17,5.64,5.67,5.31,5.54,21914780.0,120741725.0,1769006513.0,0.012388185028689038
2020-03-18,5.61,5.8,5.51,5.52,27485827.0,155593851.0,1769006513.0,0.015537436859623366
2020-03-19,5.59,5.59,5.38,5.51,16242842.0,88908124.0,1769006513.0,0.009181900620848647
2020-03-20,5.51,5.62,5.47,5.6,13264107.0,73657512.0,1769006513.0,0.007498054361318228
2020-03-23,5.43,5.49,5.33,5.4,15112572.0,81653751.0,1769006513.0,0.00854297137344683
2020-03-24,5.46,5.52,5.28,5.43,18778604.0,101108584.0,1769006513.0,0.01061533909683237
2020-03-25,5.47,5.6,5.41,5.55,18412440.0,101516933.0,1769006513.0,0.0104083505994418
2020-03-26,5.5,5.54,5.41,5.43,12816979.0,70046905.0,1769006513.0,0.007245297801795035
2020-03-27,5.48,5.51,5.33,5.35,10574202.0,57198527.0,1769006513.0,0.005977480536274317
2020-03-30,5.27,5.28,5.0,5.1,21864248.0,111352092.0,1769006513.0,0.012359619842733727
2020-03-31,5.2,5.21,5.0,5.06,14905701.0,75717144.0,1769006513.0,0.00842602946369141
2020-04-01,5.07,5.14,4.99,5.05,11911255.0,60351817.0,1769006513.0,0.006733301947995711
2020-04-02,5.05,5.13,4.99,5.13,15519633.0,78563510.0,1769006513.0,0.00877307849685684
2020-04-03,5.13,5.18,5.1,5.12,10031670.0,51539538.0,1769006513.0,0.005670793140827741
2020-04-07,5.24,5.38,5.2,5.28,16191574.0,85623563.0,1769006513.0,0.009152919382157187
2020-04-08,5.3,5.3,5.24,5.28,6929700.0,36537948.0,1769006513.0,0.00391728348599924
2020-04-09,5.29,5.39,5.28,5.32,9193090.0,49040685.0,1769006513.0,0.005196753054577364
2020-04-10,5.31,5.43,5.28,5.37,15737819.0,84532190.0,1769006513.0,0.008896416652141517
2020-04-13,5.33,5.38,5.29,5.33,6525470.0,34748210.0,1769006513.0,0.0036887766958718935
2020-04-14,5.42,5.48,5.36,5.47,12082615.0,65726491.0,1769006513.0,0.006830169878520961
2020-04-15,5.47,5.68,5.45,5.61,13254963.0,74340478.0,1769006513.0,0.0074928853583028044
2020-04-16,5.6,5.66,5.56,5.65,12827786.0,72066933.0,1769006513.0,0.0072514068804901
2020-04-17,5.66,5.7,5.6,5.64,12236837.0,69036704.0,1769006513.0,0.0069173498854156
2020-04-20,5.65,5.68,5.6,5.66,9075692.0,51109858.0,1769006513.0,0.0051303892514272505
2020-04-21,5.62,5.66,5.55,5.61,11707306.0,65502900.0,1769006513.0,0.006618011812825926
2020-04-22,5.6,5.83,5.58,5.76,13040127.0,74949517.0,1769006513.0,0.0073714409213144596
2020-04-23,5.79,5.82,5.61,5.62,10467977.0,59411222.0,1769006513.0,0.005917432707609257
2020-04-24,5.67,5.86,5.6,5.64,16283132.0,93465418.0,1769006513.0,0.009204676116418571
2020-04-27,5.67,5.9,5.67,5.78,16132960.0,93684543.0,1769006513.0,0.009119785530150843
2020-04-28,5.76,5.91,5.6,5.85,16502499.0,95804979.0,1769006513.0,0.009328681878063837
2020-04-29,5.81,5.93,5.76,5.87,11791166.0,68914681.0,1769006513.0,0.0066654169520290515
2020-04-30,6.18,6.18,5.92,5.92,22683662.0,136903214.0,1769006513.0,0.012822825599172907
2020-05-06,5.87,6.17,5.87,6.13,26147523.0,159181434.0,1769006513.0,0.014780908271308325
2020-05-07,6.13,6.17,6.02,6.06,21543229.0,130893111.0,1769006513.0,0.012178151319220157
2020-05-08,6.09,6.17,6.06,6.1,15447994.0,94306170.0,1769006513.0,0.008732581755056546
2020-05-11,6.14,6.14,6.04,6.06,13960874.0,84854387.0,1769006513.0,0.00789192911241701
2020-05-12,6.04,6.08,5.9,5.99,13898607.0,83081683.0,1769006513.0,0.007856730259534098
2020-05-13,5.99,6.14,5.94,6.03,17138576.0,103765369.0,1769006513.0,0.009688249237101593
2020-05-14,6.01,6.02,5.9,5.91,11875902.0,70693198.0,1769006513.0,0.006713317284434441
2020-05-15,5.91,5.96,5.85,5.86,8416458.0,49660854.0,1769006513.0,0.004757731494004963
2020-05-18,5.88,5.97,5.82,5.94,9930469.0,58793230.0,1769006513.0,0.005613585324318136
2020-05-19,6.03,6.15,5.88,6.09,26350689.0,160137961.0,1769006513.0,0.014895755785156908
2020-05-20,6.1,6.12,6.01,6.04,12938469.0,78463792.0,1769006513.0,0.007313974767711892
2020-05-21,6.12,6.13,5.95,5.97,10186788.0,61476782.0,1769006513.0,0.005758479646705518
2020-05-22,5.95,5.98,5.87,5.9,14672585.0,86701377.0,1769006513.0,0.008294251542984568
2020-05-25,5.91,6.12,5.87,6.06,15620475.0,94268237.0,1769006513.0,0.008830083374599763
2020-05-26,6.1,6.12,6.0,6.07,14081656.0,85033311.0,1769006513.0,0.00796020585369094
2020-05-27,6.05,6.07,5.88,5.92,12298532.0,73316761.0,1769006513.0,0.006952225392965526
2020-05-28,5.92,5.99,5.85,5.93,9186472.0,54365171.0,1769006513.0,0.005193011971686279
2020-05-29,5.89,5.99,5.88,5.93,6860105.0,40730336.0,1769006513.0,0.0038779421950042308
2020-06-01,5.98,6.1,5.95,6.08,15316321.0,92685229.0,1769006513.0,0.00865814845080788
2020-06-02,6.08,6.12,6.02,6.07,15052180.0,91263579.0,1769006513.0,0.008508832437520823
2020-06-03,6.08,6.16,6.02,6.05,16725325.0,101864675.0,1769006513.0,0.009454642974511197
2020-06-04,6.07,6.18,6.0,6.05,15704478.0,95469571.0,1769006513.0,0.008877569350136135
2020-06-05,6.04,6.08,5.96,6.05,16766077.0,100906426.0,1769006513.0,0.009477679633619302
2020-06-08,6.06,6.08,5.93,5.95,19667634.0,117775962.0,1769006513.0,0.011117898015336476
2020-06-09,5.99,5.99,5.9,5.93,11187258.0,66475421.0,1769006513.0,0.006324034376237483
2020-06-10,5.94,5.95,5.85,5.89,13030823.0,76627044.0,1769006513.0,0.007366181472052048
2020-06-11,5.89,6.01,5.8,5.87,16718141.0,98901793.0,1769006513.0,0.00945058193802139
2020-06-12,5.75,5.85,5.72,5.8,13162792.0,76272350.0,1769006513.0,0.007440782101857643
2020-06-15,5.8,5.86,5.73,5.75,14503220.0,83988199.0,1769006513.0,0.008198511364101461
2020-06-16,5.79,5.89,5.76,5.86,21435031.0,125201197.0,1769006513.0,0.012116988175271914
2020-06-17,5.87,5.88,5.77,5.81,10089080.0,58566368.0,1769006513.0,0.005703246384825492
2020-06-18,5.8,5.84,5.78,5.8,8847615.0,51324972.0,1769006513.0,0.005001459822211519
2020-06-19,5.81,5.82,5.78,5.8,10815787.0,62745550.0,1769006513.0,0.006114045889892097
2020-06-22,5.79,5.84,5.74,5.75,13174590.0,76205668.0,1769006513.0,0.007447451381994996
2020-06-23,5.75,5.76,5.6,5.62,20369391.0,115108247.0,1769006513.0,0.011514593558763228
2020-06-24,5.63,5.73,5.57,5.67,17456503.0,98712631.0,1769006513.0,0.0098679698868921
2020-06-29,5.65,5.85,5.64,5.81,19519363.0,112373663.0,1769006513.0,0.011034082043540786
2020-06-30,5.85,6.0,5.81,5.98,22171057.0,131487551.0,1769006513.0,0.012533055608936585
2020-07-01,5.98,6.02,5.91,5.96,15589814.0,92966491.0,1769006513.0,0.008812751047231447
2020-07-02,5.95,6.06,5.92,6.02,21306533.0,127773455.0,1769006513.0,0.012044349663736936
2020-07-03,6.04,6.11,6.01,6.03,20556522.0,124196212.0,1769006513.0,0.01162037666279638
2020-07-06,6.11,6.4,6.09,6.33,41852209.0,264054647.0,1769006513.0,0.023658595201565547
2020-07-07,6.38,6.49,6.29,6.39,35133671.0,225207188.0,1769006513.0,0.019860679280608164
2020-07-08,6.39,6.43,6.3,6.4,27713914.0,176778526.0,1769006513.0,0.015666371941729533
2020-07-09,6.42,6.58,6.41,6.54,35129723.0,228242356.0,1769006513.0,0.019858447519463713
2020-07-10,6.44,6.58,6.23,6.27,38652505.0,246311935.0,1769006513.0,0.021849837587341884
2020-07-13,6.26,6.57,6.26,6.57,39064484.0,253058361.0,1769006513.0,0.022082724802268718
2020-07-14,6.65,6.75,6.46,6.69,49637476.0,327023293.0,1769006513.0,0.028059521338800183
2020-07-15,6.89,6.9,6.5,6.52,43025157.0,283755736.0,1769006513.0,0.0243216498547736
2020-07-16,6.51,6.6,6.17,6.24,30516010.0,195437150.0,1769006513.0,0.017250366109873107
2020-07-17,6.23,6.3,6.08,6.17,23083975.0,143027645.0,1769006513.0,0.013049118152116153
2020-07-20,6.25,6.79,6.24,6.78,65185241.0,431748304.0,1769006513.0,0.03684850254703387
2020-07-21,6.85,7.03,6.71,7.01,67549021.0,467916518.0,1769006513.0,0.03818472148270717
2020-07-22,6.93,7.09,6.85,6.95,45209288.0,315254304.0,1769006513.0,0.025556315179038575
2020-07-23,6.99,7.07,6.79,7.03,50466269.0,350005626.0,1769006513.0,0.028528028941180048
2020-07-24,6.99,7.25,6.61,6.7,55367685.0,381968957.0,1769006513.0,0.031298745704504936
2020-07-27,6.88,7.14,6.67,6.72,53145764.0,365956782.0,1769006513.0,0.030042718107279234
2020-07-28,6.86,7.06,6.78,7.05,64230099.0,447446797.0,1769006513.0,0.0363085712392739
2020-07-29,7.01,7.22,6.96,7.18,53880741.0,383426253.0,1769006513.0,0.030458192552737084
2020-07-30,7.19,7.44,7.09,7.33,68788226.0,499922854.0,1769006513.0,0.03888523049208242
2020-07-31,7.32,7.92,7.32,7.58,90419870.0,690029805.0,1769006513.0,0.05111336184209967
2020-08-03,7.7,7.9,7.63,7.71,67879363.0,525166690.0,1769006513.0,0.03837146019597498
2020-08-04,7.65,7.69,7.38,7.5,50275152.0,378757932.0,1769006513.0,0.028419992595018782
2020-08-05,7.49,7.72,7.38,7.65,39269636.0,297188167.0,1769006513.0,0.022198694980158053
2020-08-06,7.66,7.72,7.45,7.57,34625694.0,262031944.0,1769006513.0,0.019573525448066002
2020-08-07,7.57,7.68,7.33,7.56,34305292.0,258702139.0,1769006513.0,0.01939240570789238
2020-08-10,7.54,7.59,7.36,7.51,32313099.0,241483154.0,1769006513.0,0.018266240832093533
2020-08-11,7.57,7.71,7.34,7.36,30636419.0,231256639.0,1769006513.0,0.017318431998333744
2020-08-12,7.35,7.44,6.99,7.22,40369044.0,289883052.0,1769006513.0,0.02282017827709377
2020-08-13,7.3,7.33,7.06,7.13,27459970.0,197457082.0,1769006513.0,0.015522820180820894
2020-08-14,7.19,7.38,7.06,7.3,36922396.0,266567935.0,1769006513.0,0.02087182592526724
2020-08-17,7.36,7.64,7.32,7.57,34635729.0,260518848.0,1769006513.0,0.019579198123619346
2020-08-18,7.58,7.64,7.48,7.55,24504712.0,184945057.0,1769006513.0,0.013852245212168985
2020-08-19,7.56,7.78,7.4,7.43,37024092.0,280184870.0,1769006513.0,0.020929313559853467
2020-08-20,7.33,7.75,7.3,7.6,54110456.0,410222876.0,1769006513.0,0.030588047925406366
2020-08-21,7.46,7.52,6.88,7.0,105006780.0,745391915.0,1769006513.0,0.05935918224626684
2020-08-24,7.0,7.32,6.91,7.09,67699959.0,485249079.0,1769006513.0,0.038270045080382356
2020-09-01,7.15,7.15,6.59,6.89,62671707.0,430441022.0,1769006513.0,0.035427629315913096
2020-09-02,6.91,7.36,6.8,6.88,79348772.0,555269510.0,1769006513.0,0.044854991441176224
2020-09-03,6.9,6.92,6.58,6.58,55066594.0,367731779.0,1769006513.0,0.031128542261053847
2020-09-04,6.49,6.7,6.42,6.68,27852765.0,183985339.0,1769006513.0,0.015744862890733742
2020-09-07,6.66,6.82,6.61,6.64,32226251.0,216193995.0,1769006513.0,0.018217146609227887
2020-09-08,6.66,6.71,6.51,6.68,27121089.0,178941959.0,1769006513.0,0.015331254464409087
2020-09-09,6.59,6.62,6.41,6.42,29417717.0,191353714.0,1769006513.0,0.01662951311022109
2020-09-10,6.48,6.53,6.22,6.24,30744575.0,195045428.0,1769006513.0,0.017379571400142155
2020-09-11,6.21,6.86,6.19,6.86,75757923.0,504969228.0,1769006513.0,0.04282512384396179
2020-09-14,6.99,7.5,6.98,7.3,131197429.0,955975477.0,1769006513.0,0.07416446917287296
2020-09-15,7.36,7.39,7.12,7.19,61637477.0,445376416.0,1769006513.0,0.03484299042826645
2020-09-16,7.18,7.35,7.12,7.22,55789955.0,403379535.0,1769006513.0,0.031537450308980294
2020-09-17,7.18,7.42,7.14,7.3,51012199.0,371274275.0,1769006513.0,0.028836637188797056
2020-09-18,7.29,7.45,7.24,7.35,45427523.0,333474461.0,1769006513.0,0.025679681033486394
2020-09-21,7.33,7.54,7.3,7.41,41787173.0,310082227.0,1769006513.0,0.02362183106332068
2020-09-22,7.35,7.49,7.22,7.37,37473978.0,276538983.0,1769006513.0,0.021183629186559135
2020-09-23,7.44,7.55,7.35,7.45,35191655.0,261881877.0,1769006513.0,0.01989345700051699
2020-09-24,7.35,7.45,7.2,7.21,42047619.0,306592632.0,1769006513.0,0.023769058333591334
2020-09-25,7.3,7.43,7.09,7.21,30982840.0,224173290.0,1769006513.0,0.01751425999413491
2020-09-28,7.29,7.61,7.15,7.19,53882314.0,396439783.0,1769006513.0,0.030459081752402795
2020-09-29,7.29,7.44,7.07,7.12,43425428.0,312456226.0,1769006513.0,0.02454791866557701
2020-09-30,7.19,7.51,6.9,7.43,61684518.0,450348888.0,1769006513.0,0.034869582190170265
2020-10-09,7.88,8.17,7.71,8.17,112075547.0,905803909.0,1769006513.0,0.06335507878370372
2020-10-12,8.15,8.65,7.99,8.47,127150552.0,1061260078.0,1769006513.0,0.07187681394364658
2020-10-13,8.42,8.83,8.35,8.64,70724470.0,606252030.0,1769006513.0,0.039979768011176336
2020-10-14,8.58,9.5,8.53,9.5,84320332.0,768886884.0,1769006513.0,0.047665359839181104
2020-10-15,9.8,9.8,9.2,9.46,152196414.0,1448181677.0,1769006513.0,0.08603496532180377
2020-10-16,9.26,9.47,8.9,8.97,98091832.0,893288359.0,1769006513.0,0.05545023790423998
2020-10-19,8.94,9.05,8.66,8.72,73881992.0,651487013.0,1769006513.0,0.04176468060295943
2020-10-20,8.8,8.86,8.58,8.78,52477103.0,457242938.0,1769006513.0,0.029664731370042163
2020-10-21,8.79,8.84,8.1,8.21,90913419.0,760930569.0,1769006513.0,0.0513923596843196
2020-10-22,8.16,8.27,7.93,8.01,78090648.0,626830540.0,1769006513.0,0.044143787728383566
2020-10-23,8.05,8.21,7.85,7.99,66285393.0,533183645.0,1769006513.0,0.03747040641901808
2020-10-26,7.87,8.21,7.83,8.13,57909527.0,466704418.0,1769006513.0,0.03273562113787424
2020-10-27,7.83,7.83,7.32,7.36,139738329.0,1043351243.0,1769006513.0,0.07899254636605173
2020-10-28,7.33,7.43,7.17,7.39,70504137.0,516556356.0,1769006513.0,0.03985521618031488
2020-10-29,7.23,7.75,7.2,7.6,92082247.0,692493959.0,1769006513.0,0.05205308534666769
2020-10-30,7.6,7.6,7.13,7.16,71418019.0,521883883.0,1769006513.0,0.04037182366213255
2020-11-02,7.17,7.22,7.01,7.16,50466606.0,360150239.0,1769006513.0,0.028528219443587768
2020-11-03,7.21,7.37,7.18,7.29,51958075.0,378213082.0,1769006513.0,0.029371330528278276
2020-11-04,7.3,7.44,7.13,7.17,57819255.0,418883708.0,1769006513.0,0.03268459136532303
2020-11-05,7.3,7.52,7.21,7.52,68784300.0,507766248.0,1769006513.0,0.03888301116729693
2020-11-06,7.6,7.6,7.29,7.43,55715472.0,411945546.0,1769006513.0,0.03149534588513977
2020-11-09,7.47,7.67,7.47,7.56,57628694.0,435668224.0,1769006513.0,0.03257686931987005
2020-11-10,7.56,7.61,7.4,7.6,42141016.0,315092556.0,1769006513.0,0.02382185463440405
2020-11-11,7.58,7.71,7.32,7.32,41578404.0,310209839.0,1769006513.0,0.02350381623496035
2020-11-12,7.3,7.35,7.17,7.21,29504818.0,213418992.0,1769006513.0,0.01667875035121479
2020-11-13,7.19,7.26,7.11,7.23,20489768.0,147244296.0,1769006513.0,0.011582641357974469
2020-11-16,7.19,7.28,7.02,7.27,32545647.0,232642441.0,1769006513.0,0.018397697668623564
2020-11-17,7.24,7.26,7.1,7.13,20486283.0,146284941.0,1769006513.0,0.01158067132565724
2020-11-18,7.11,7.3,7.09,7.26,29052977.0,209791171.0,1769006513.0,0.016423329584428725
2020-11-19,7.22,7.28,7.15,7.28,21546688.0,155502219.0,1769006513.0,0.01218010665402225
2020-11-20,7.23,7.49,7.21,7.43,35725754.0,263334712.0,1769006513.0,0.0201953773134582
2020-11-23,7.46,7.64,7.45,7.47,41131516.0,309118735.0,1769006513.0,0.023251195344807643
2020-11-24,7.45,7.57,7.4,7.53,28300867.0,212073701.0,1769006513.0,0.01599817004178548
2020-11-25,7.61,8.0,7.6,7.71,78879233.0,617624754.0,1769006513.0,0.04458956618889509
2020-11-26,7.88,8.13,7.88,8.03,71405374.0,570647312.0,1769006513.0,0.0403646755821752
2020-11-27,7.95,7.96,7.75,7.86,41567247.0,325096584.0,1769006513.0,0.023497509305099997
2020-11-30,7.82,7.86,7.6,7.7,34411724.0,265339062.0,1769006513.0,0.019452570551389485
2020-12-01,7.62,7.95,7.61,7.88,39437208.0,308270713.0,1769006513.0,0.022293421595785838
2020-12-02,7.85,7.85,7.66,7.67,41505326.0,320288798.0,1769006513.0,0.0234625060422262
2020-12-03,7.61,7.67,7.51,7.6,24543257.0,185938345.0,1769006513.0,0.013874034278357684
2020-12-04,7.59,7.77,7.52,7.7,22647147.0,173222871.0,1769006513.0,0.01280218406974288
2020-12-07,7.68,7.73,7.52,7.61,25939774.0,197467168.0,1769006513.0,0.014663470037772552
2020-12-08,7.59,7.72,7.57,7.58,17865683.0,136162158.0,1769006513.0,0.01009927485778567
2020-12-09,7.54,7.6,7.11,7.13,49677910.0,361235360.0,1769006513.0,0.028082378235992397
2020-12-10,7.15,7.63,7.01,7.42,49964152.0,366822577.0,1769006513.0,0.028244187702433858
2020-12-11,7.43,7.44,7.08,7.2,33317396.0,240344311.0,1769006513.0,0.018833958922795668
2020-12-14,7.35,7.65,7.35,7.58,50240968.0,378463411.0,1769006513.0,0.028400668754349576
2020-12-15,7.51,7.64,7.37,7.55,31839008.0,238236945.0,1769006513.0,0.01799824238408556
2020-12-16,7.58,7.93,7.52,7.82,63729865.0,496537302.0,1769006513.0,0.036025794439796956
2020-12-17,7.72,7.82,7.54,7.78,47822750.0,368146617.0,1769006513.0,0.027033676613716345
2020-12-18,7.75,7.92,7.72,7.86,59522227.0,466551114.0,1769006513.0,0.03364726277861929
2020-12-21,7.97,8.09,7.83,8.0,67215347.0,533791237.0,1769006513.0,0.03799609922634581
2020-12-22,7.92,8.03,7.61,7.66,61160419.0,478885408.0,1769006513.0,0.03457331476766587
2020-12-23,7.8,8.43,7.78,8.43,147678900.0,1216785446.0,1769006513.0,0.08348126415292627
2020-12-24,8.5,9.0,8.39,8.67,143425442.0,1242451096.0,1769006513.0,0.08107683094776712
2020-12-25,8.62,9.38,8.43,9.0,113888782.0,1012507872.0,1769006513.0,0.06438008066282343
2020-12-28,9.09,9.28,8.73,8.99,113525685.0,1010772986.0,1769006513.0,0.06417482590692983
2020-12-29,8.88,8.88,8.18,8.19,105283259.0,883909211.0,1769006513.0,0.059515472795774835
2020-12-30,8.32,8.51,8.2,8.29,70604578.0,589616794.0,1769006513.0,0.03991199437715128
2020-12-31,8.49,8.69,8.35,8.42,73146874.0,622054585.0,1769006513.0,0.041349126451746425
2021-01-04,8.4,8.94,8.35,8.83,86937557.0,761277675.0,1769006513.0,0.04914484845653024
2021-01-05,8.73,8.78,8.56,8.68,76368764.0,662077091.0,1769006513.0,0.0431704255686932
2021-01-06,8.65,8.68,8.14,8.43,78372339.0,655402733.0,1769006513.0,0.044303024564387235
2021-01-07,8.32,8.63,8.2,8.36,76603580.0,642690585.0,1769006513.0,0.0433031644807743
2021-01-08,8.48,8.53,7.92,8.01,74998469.0,605980734.0,1769006513.0,0.04239581281858175
2021-01-11,8.07,8.09,7.58,7.61,64591285.0,502151250.0,1769006513.0,0.03651274572780502
2021-01-12,7.61,7.84,7.6,7.72,43023914.0,332218557.0,1769006513.0,0.024320947200492302
2021-01-13,7.8,8.07,7.7,7.85,56243874.0,444039332.0,1769006513.0,0.03179404574639912
2021-01-14,7.78,7.82,7.48,7.7,43683865.0,334243723.0,1769006513.0,0.024694010270158908
2021-01-15,7.67,8.02,7.63,7.95,42072858.0,329867310.0,1769006513.0,0.02378332566376481
2021-01-18,7.94,8.15,7.83,8.06,46308001.0,370708435.0,1769006513.0,0.026177405600088934
2021-01-19,8.07,8.18,7.88,7.93,34325226.0,274335139.0,1769006513.0,0.019403674179689127
2021-01-20,7.85,8.09,7.83,7.95,31750557.0,252943371.0,1769006513.0,0.01794824200288289
2021-01-21,7.93,8.23,7.9,8.18,50060818.0,407345164.0,1769006513.0,0.028298831933130368
2021-01-22,8.25,8.62,8.25,8.59,75188015.0,639290643.0,1769006513.0,0.04250296109565539
2021-01-25,8.69,9.1,8.51,8.64,92696596.0,814162286.0,1769006513.0,0.05240037010536433
2021-01-26,8.55,8.74,8.37,8.5,60699544.0,518807044.0,1769006513.0,0.03431278717965919
2021-01-27,8.56,8.68,8.21,8.64,49984066.0,421723608.0,1769006513.0,0.02825544486844973
2021-01-28,8.42,8.43,7.98,8.01,57042945.0,467457627.0,1769006513.0,0.032245751827822695
2021-01-29,8.07,8.81,8.03,8.23,68882093.0,575064841.0,1769006513.0,0.03893829247874567
2021-02-01,8.33,8.77,8.03,8.66,72034817.0,605399540.0,1769006513.0,0.040720492813697176
2021-02-02,8.65,9.02,8.58,8.79,77484008.0,681688102.0,1769006513.0,0.04380086078292466
2021-02-03,8.8,8.84,8.36,8.37,61226961.0,524790332.0,1769006513.0,0.034610930231210514
2021-02-04,8.45,8.67,8.11,8.28,56244709.0,472106059.0,1769006513.0,0.0317945177627506
2021-02-05,8.23,8.3,7.45,7.45,97151134.0,737256408.0,1769006513.0,0.05491847163142694
2021-02-09,7.55,7.9,7.4,7.58,50116895.0,382196690.0,1769006513.0,0.028330531646832892
2021-02-10,7.66,7.69,7.42,7.49,36348649.0,273179117.0,1769006513.0,0.02054749303232215
2021-02-18,7.65,7.79,7.56,7.68,34690150.0,265850259.0,1769006513.0,0.019609961718665532
2021-02-19,7.66,7.86,7.4,7.86,39416646.0,302653523.0,1769006513.0,0.02228179812246966
2021-02-22,7.86,8.15,7.8,7.95,48285055.0,385514570.0,1769006513.0,0.027295012565055492
2021-02-23,8.16,8.44,8.02,8.13,58010370.0,474097258.0,1769006513.0,0.0327926265809062
2021-02-24,7.96,8.06,7.86,7.93,43181955.0,343492546.0,1769006513.0,0.02441028604624476
2021-02-25,7.95,8.0,7.62,7.65,39492723.0,305175175.0,1769006513.0,0.02232480361704581
2021-02-26,7.48,7.73,7.42,7.61,32504156.0,247460145.0,1769006513.0,0.018374243260912176
2021-03-01,7.71,7.78,7.62,7.78,28379017.0,218404356.0,1769006513.0,0.016042347380549188
2021-03-02,7.87,8.0,7.77,7.97,45807602.0,361615265.0,1769006513.0,0.025894535527919788
2021-03-03,7.89,7.97,7.79,7.94,32892734.0,258865542.0,1769006513.0,0.018593902146927823
2021-03-04,7.88,7.98,7.71,7.75,29035824.0,226917197.0,1769006513.0,0.01641363318146246
2021-03-05,7.63,7.84,7.57,7.77,21476928.0,166065332.0,1769006513.0,0.012140672090335035
2021-03-08,7.78,7.91,7.6,7.65,27595332.0,214525123.0,1769006513.0,0.0155993388363517
2021-03-09,7.62,7.66,7.2,7.3,32496242.0,240487023.0,1769006513.0,0.01836976956342048
2021-03-10,7.38,7.5,7.25,7.3,23906058.0,176484166.0,1769006513.0,0.013513832665012918
2021-03-11,7.35,7.57,7.25,7.54,32629003.0,243044260.0,1769006513.0,0.018444817902148674
2021-03-12,8.29,8.29,8.08,8.27,138585045.0,1141749722.0,1769006513.0,0.07834060755659863
2021-03-15,8.03,8.45,7.97,8.28,115488581.0,953763251.0,1769006513.0,0.06528442950961594
2021-03-16,8.29,8.59,8.23,8.52,87932865.0,741466957.0,1769006513.0,0.049707485164018725
2021-03-17,8.43,8.74,8.32,8.59,67856674.0,580286798.0,1769006513.0,0.038358634352862894
2021-03-18,8.73,9.06,8.62,8.99,101120256.0,898948580.0,1769006513.0,0.05716217281106189
2021-03-19,8.83,9.66,8.8,9.35,109442040.0,1021246824.0,1769006513.0,0.061866386130145355
2021-03-22,9.48,9.86,9.42,9.85,106014000.0,1026737528.0,1769006513.0,0.05992855267684365
2021-03-23,10.05,10.05,9.06,9.18,129331917.0,1209360710.0,1769006513.0,0.07310991567841672
2021-03-24,9.08,9.43,9.0,9.04,85511620.0,787479934.0,1769006513.0,0.04833878189345027
2021-03-25,8.9,9.13,8.57,8.74,75305371.0,661375938.0,1769006513.0,0.04256930115666567
2021-03-26,8.88,9.61,8.8,9.61,87131658.0,809996714.0,1769006513.0,0.049254571625197856
2021-03-29,9.74,10.26,9.64,9.96,133639092.0,1328234361.0,1769006513.0,0.07554471451513531
2021-03-30,9.9,9.9,9.4,9.48,88605171.0,845577383.0,1769006513.0,0.05008753237982002
2021-03-31,9.41,9.48,9.22,9.27,56172582.0,523309269.0,1769006513.0,0.03175374515989699
2021-04-01,9.34,9.37,9.13,9.17,47884359.0,441258407.0,1769006513.0,0.027068503506408517
2021-04-02,9.19,9.25,8.9,8.96,54328686.0,490212612.0,1769006513.0,0.030711410953408964
2021-04-06,9.06,9.35,8.96,8.97,65569397.0,595723859.0,1769006513.0,0.03706566172489835
2021-04-07,8.97,9.08,8.76,8.96,60608948.0,540755863.0,1769006513.0,0.03426157425345782
2021-04-08,8.96,8.98,8.64,8.77,55097130.0,482500479.0,1769006513.0,0.0311458039272917
2021-04-09,8.7,8.91,8.53,8.57,62714031.0,543749512.0,1769006513.0,0.03545155460939787
2021-04-12,8.51,8.6,8.33,8.38,47644544.0,402408401.0,1769006513.0,0.02693293871439805
2021-04-13,8.42,8.47,8.23,8.27,41071572.0,342196563.0,1769006513.0,0.0232173096583732
2021-04-14,8.3,8.44,8.23,8.38,34296800.0,286440223.0,1769006513.0,0.019387605273333438
2021-04-15,8.3,8.48,8.06,8.39,52461213.0,431191299.0,1769006513.0,0.029655748927138067
2021-04-16,8.36,8.41,8.25,8.36,30508650.0,254361349.0,1769006513.0,0.017246205582511612
2021-04-19,8.39,8.63,8.37,8.61,43979024.0,375180850.0,1769006513.0,0.02486086041900288
2021-04-20,8.6,8.77,8.52,8.55,50538907.0,435913754.0,1769006513.0,0.02856909040673498
2021-04-21,8.55,8.57,8.33,8.39,37470336.0,316684591.0,1769006513.0,0.021181570403862045
2021-04-22,8.4,8.67,8.38,8.55,41035297.0,351096053.0,1769006513.0,0.023196803798313657
2021-04-23,8.58,8.61,8.42,8.53,28316524.0,240870163.0,1769006513.0,0.016007020772342402
2021-04-26,8.72,9.08,8.61,8.9,78836139.0,699337202.0,1769006513.0,0.04456520562284668
2021-04-27,8.92,9.03,8.66,8.89,44918879.0,395934119.0,1769006513.0,0.025392150153152094
2021-04-28,8.84,8.84,8.66,8.76,35128275.0,307092024.0,1769006513.0,0.019857628980928462
2021-04-29,8.74,8.75,8.45,8.55,31934648.0,274021877.0,1769006513.0,0.018052306628223252
2021-04-30,8.5,8.67,8.46,8.55,25600738.0,219011125.0,1769006513.0,0.014471816701558973
2021-05-06,8.5,8.69,8.43,8.57,26755052.0,229782030.0,1769006513.0,0.015124337758727065
2021-05-07,8.55,8.57,8.21,8.34,34459746.0,288834408.0,1769006513.0,0.019479716861845155
2021-05-10,8.28,8.43,8.18,8.35,26224345.0,217819083.0,1769006513.0,0.01482433490622202
2021-05-11,8.24,8.58,8.2,8.58,32529486.0,276141055.0,1769006513.0,0.018388562032388627
2021-05-12,8.51,8.51,8.35,8.44,23787754.0,200337846.0,1769006513.0,0.01344695670998923
2021-05-13,8.35,8.4,8.15,8.16,26051961.0,215127279.0,1769006513.0,0.014726888119716041
2021-05-14,8.2,8.33,8.17,8.3,18732276.0,154677590.0,1769006513.0,0.010589150386016696
2021-05-17,8.29,8.38,8.24,8.27,19125546.0,158830461.0,1769006513.0,0.010811461608225294
2021-05-18,8.26,8.29,8.12,8.16,20008519.0,163450563.0,1769006513.0,0.011310596570991822
2021-05-19,8.14,8.23,8.1,8.17,19188739.0,156561166.0,1769006513.0,0.010847183918762656
2021-05-20,8.25,8.73,8.23,8.65,56961767.0,484653829.0,1769006513.0,0.03219986279383472
2021-05-21,8.75,8.78,8.56,8.62,40322168.0,348622721.0,1769006513.0,0.02279367978788216
2021-05-24,8.58,8.8,8.58,8.64,28843049.0,250429333.0,1769006513.0,0.01630465958606677
2021-05-25,8.61,8.61,8.27,8.41,44999782.0,376940462.0,1769006513.0,0.02543788373265305
2021-05-26,8.4,8.41,8.27,8.35,23667649.0,197289801.0,1769006513.0,0.013379062669397871
2021-05-27,8.3,8.41,8.24,8.39,30355635.0,253349080.0,1769006513.0,0.017159707879492697
2021-05-28,8.32,8.51,8.31,8.33,24685945.0,207156322.0,1769006513.0,0.013954694241422502
2021-05-31,8.33,8.4,8.22,8.38,24829860.0,206447539.0,1769006513.0,0.014036047814143915
2021-06-01,8.4,8.52,8.38,8.45,28340442.0,239123380.0,1769006513.0,0.016020541355689175
2021-06-02,8.7,8.86,8.49,8.51,57449995.0,496305059.0,1769006513.0,0.03247585273305322
2021-06-03,8.51,8.59,8.35,8.38,34066264.0,287746321.0,1769006513.0,0.019257285798359298
2021-06-04,8.38,8.4,8.29,8.31,23945667.0,199500174.0,1769006513.0,0.013536223198744096
2021-06-07,8.3,8.38,8.24,8.27,23161218.0,191786585.0,1769006513.0,0.013092782773717239
2021-06-08,8.2,8.26,8.13,8.18,24812442.0,202998337.0,1769006513.0,0.014026201609581072
2021-06-09,8.17,8.28,8.12,8.25,17786543.0,146202010.0,1769006513.0,0.010054537882868721
2021-06-10,8.28,8.41,8.25,8.37,24564568.0,204847381.0,1769006513.0,0.01388608115316758
2021-06-11,8.38,8.46,8.23,8.26,28527106.0,238475942.0,1769006513.0,0.016126060469738926
2021-06-15,8.2,8.49,8.17,8.44,30675106.0,255167438.0,1769006513.0,0.01734030133556665
2021-06-16,8.39,8.4,8.14,8.21,20271704.0,167866178.0,1769006513.0,0.01145937216795312
2021-06-17,8.23,8.27,8.1,8.12,25909160.0,211165547.0,1769006513.0,0.014646164278989288
2021-06-18,8.14,8.14,7.87,8.05,26544210.0,211543917.0,1769006513.0,0.015005151086179183
2021-06-21,8.1,8.43,8.0,8.29,28179548.0,232060138.0,1769006513.0,0.015929589740295094
2021-06-22,8.27,8.27,8.15,8.19,15977370.0,131106887.0,1769006513.0,0.009031832207844448
2021-06-23,8.3,8.45,8.25,8.34,25227277.0,210292881.0,1769006513.0,0.01426070329001666
2021-06-24,8.35,8.74,8.3,8.62,59811609.0,511385547.0,1769006513.0,0.03381084725265791
2021-06-25,8.6,8.94,8.56,8.86,64564825.0,569063079.0,1769006513.0,0.03649778817970921
2021-06-28,8.98,9.02,8.74,8.9,42965050.0,380413401.0,1769006513.0,0.02428767202622504
2021-06-29,8.88,8.95,8.74,8.81,31520128.0,278005569.0,1769006513.0,0.01781798301383642
2021-06-30,8.75,8.78,8.54,8.65,36828464.0,317688150.0,1769006513.0,0.020818727194816155
2021-07-01,8.65,8.65,8.3,8.33,26102631.0,221053209.0,1769006513.0,0.01475553131555938
2021-07-02,8.21,8.28,8.01,8.17,24737710.0,202094245.0,1769006513.0,0.01398395642876867
2021-07-05,8.23,8.31,8.05,8.14,26087676.0,212419203.0,1769006513.0,0.014747077417911123
2021-07-06,8.1,8.4,8.1,8.39,30938693.0,255718889.0,1769006513.0,0.017489304178723505
2021-07-07,8.33,8.53,8.25,8.46,26913870.0,226381203.0,1769006513.0,0.015214115834066462
2021-07-08,8.49,8.66,8.45,8.46,32927406.0,281468295.0,1769006513.0,0.018613501848650345
2021-07-09,8.45,8.59,8.38,8.56,28579564.0,242713187.0,1769006513.0,0.016155714402392368
2021-07-12,8.64,8.73,8.48,8.53,29620957.0,254142385.0,1769006513.0,0.01674440245545891
2021-07-13,8.54,8.92,8.46,8.91,60047564.0,525613225.0,1769006513.0,0.033944230028959764
2021-07-14,8.95,9.05,8.78,8.85,54274715.0,482774721.0,1769006513.0,0.030680901738432437
2021-07-15,8.82,8.94,8.59,8.8,38580327.0,338074506.0,1769006513.0,0.021809036154747045
2021-07-16,8.8,9.13,8.76,8.89,51407941.0,460958346.0,1769006513.0,0.029060345805521633
2021-07-19,8.87,9.16,8.83,8.99,49024523.0,441760892.0,1769006513.0,0.027713025723608516
2021-07-20,8.89,9.02,8.69,9.0,31889937.0,284344023.0,1769006513.0,0.01802703198979121
2021-07-21,9.04,9.08,8.82,8.87,33543451.0,297937414.0,1769006513.0,0.018961745337565075
2021-07-22,8.88,9.53,8.88,9.37,66116765.0,616512151.0,1769006513.0,0.03737508285816017
2021-07-23,9.3,9.53,9.23,9.4,55239969.0,519157043.0,1769006513.0,0.031226549249002113
2021-07-26,9.53,9.59,9.08,9.31,56385854.0,527101141.0,1769006513.0,0.031874305484821015
2021-07-27,9.4,10.24,9.35,9.93,136295991.0,1374640439.0,1769006513.0,0.07704663041000347
2021-07-28,9.94,10.04,9.18,9.72,107271113.0,1028470996.0,1769006513.0,0.06063918488241315
2021-07-29,9.93,10.64,9.52,10.42,103642400.0,1055997777.0,1769006513.0,0.05858791318084876
2021-07-30,10.35,11.2,10.31,11.0,111812648.0,1213659485.0,1769006513.0,0.06320646485940891
2021-08-02,11.22,11.36,10.58,10.98,95172555.0,1034114982.0,1769006513.0,0.05380000260066877
2021-08-03,10.95,11.17,10.25,10.28,83225788.0,883654698.0,1769006513.0,0.04704662610815385
2021-08-04,10.39,10.96,10.34,10.81,74734958.0,797615141.0,1769006513.0,0.04224685293739221
2021-08-05,10.96,11.25,10.62,10.71,71498776.0,780253057.0,1769006513.0,0.04041747470943314
2021-08-06,10.62,11.44,10.53,11.29,91637451.0,1010552252.0,1769006513.0,0.05180164704119436
2021-08-09,11.3,11.33,10.58,10.82,88692950.0,958333212.0,1769006513.0,0.05013715288678533
2021-08-10,10.75,11.05,10.5,10.81,59759474.0,647048544.0,1769006513.0,0.03378137590836558
2021-08-11,10.82,10.88,10.49,10.66,49326499.0,526570294.0,1769006513.0,0.02788372944786326
2021-08-12,10.65,10.67,10.26,10.47,51427183.0,534613950.0,1769006513.0,0.02907122309730015
2021-08-13,10.42,10.63,10.34,10.48,34273110.0,359443391.0,1769006513.0,0.019374213575888626
2021-08-16,10.5,10.79,10.17,10.23,42554283.0,441263535.0,1769006513.0,0.024055469941619147
2021-08-17,10.2,10.63,10.08,10.14,53567214.0,554948433.0,1769006513.0,0.030280959174738775
2021-08-18,10.14,10.57,10.07,10.3,38379750.0,397365083.0,1769006513.0,0.021695652174232555
2021-08-19,10.26,10.44,9.95,10.32,28459337.0,289899810.0,1769006513.0,0.01608775139653768
2021-08-20,10.21,11.21,10.1,10.98,73879877.0,800677129.0,1769006513.0,0.041763485016632046
2021-08-23,11.25,12.08,11.14,12.08,65581983.0,769842079.0,1769006513.0,0.037072776452802124
2021-08-24,12.02,12.64,11.6,12.09,107152883.0,1304921244.0,1769006513.0,0.06057235075877869
2021-08-25,12.19,12.76,11.87,12.55,72614897.0,903052030.0,1769006513.0,0.041048405682155904
2021-08-26,12.51,12.8,12.21,12.28,56778895.0,706043869.0,1769006513.0,0.032096487255838614
2021-08-27,12.18,12.45,11.9,12.34,51035227.0,621061856.0,1769006513.0,0.02884965466489495
2021-08-30,12.41,13.44,12.28,13.13,62385671.0,812204512.0,1769006513.0,0.03526593629901463
2021-08-31,13.12,13.12,12.55,12.72,45674809.0,581989300.0,1769006513.0,0.0258194690999422
2021-09-01,12.66,12.86,12.1,12.32,50874171.0,633372753.0,1769006513.0,0.028758611472675794
2021-09-02,12.5,13.55,12.45,13.55,33018046.0,436395312.0,1769006513.0,0.01866473964756963
2021-09-03,14.8,14.91,14.55,14.91,92105267.0,1370320086.0,1769006513.0,0.05206609830045323
2021-09-06,15.6,15.75,14.25,14.43,165434485.0,2454727601.0,1769006513.0,0.0935183018175807
2021-09-07,14.51,14.91,13.99,14.73,104962669.0,1530449337.0,1769006513.0,0.059334246781261
2021-09-08,14.97,15.9,14.76,15.17,114967545.0,1757793993.0,1769006513.0,0.06498989356745234
2021-09-09,15.24,15.31,14.16,14.4,74530954.0,1082415283.0,1769006513.0,0.04213153171132502
2021-09-10,14.49,14.55,13.87,14.12,49211710.0,694698074.0,1769006513.0,0.02781884048382811
2021-09-13,14.45,15.53,14.33,15.53,50396679.0,764531618.0,1769006513.0,0.028488690476630257
2021-09-14,15.7,16.82,15.2,16.26,114765219.0,1846654140.0,1769006513.0,0.06487552089640046
2021-09-15,16.34,17.89,15.6,17.67,97767534.0,1662600405.0,1769006513.0,0.05526691579795218
2021-09-16,17.61,18.82,16.83,16.95,133320647.0,2355036649.0,1769006513.0,0.07536470104562018
2021-09-17,16.9,18.65,16.88,18.53,117657800.0,2138708448.0,1769006513.0,0.06651066524366155
2021-09-22,18.58,20.28,18.35,20.03,108110975.0,2066761598.0,1769006513.0,0.06111394966921753
2021-09-23,19.65,19.92,18.65,18.96,85271415.0,1634224759.0,1769006513.0,0.04820299663871277
2021-09-24,18.81,18.93,17.75,18.45,55271043.0,1018910093.0,1769006513.0,0.031244115040745472
2021-09-27,18.72,18.99,17.0,17.42,64569594.0,1141448300.0,1769006513.0,0.036500484043158525
2021-09-28,17.38,18.58,17.37,18.12,59624367.0,1079615975.0,1769006513.0,0.03370500140154091
2021-09-29,17.95,18.29,16.89,16.92,55063640.0,958207562.0,1769006513.0,0.03112687239721881
2021-09-30,17.1,17.88,16.5,17.75,54643604.0,946586284.0,1769006513.0,0.030889430648467036
2021-10-08,17.88,17.99,16.17,16.89,58626609.0,986444088.0,1769006513.0,0.03314097973589541
2021-10-11,17.32,17.75,16.11,16.96,48765406.0,826832919.0,1769006513.0,0.02756654972247691
2021-10-12,16.96,17.99,16.1,17.63,62910459.0,1069689859.0,1769006513.0,0.03556259320567012
2021-10-13,17.4,17.46,16.57,17.04,48645370.0,825895865.0,1769006513.0,0.027498694686829566
2021-10-14,16.73,18.4,16.66,18.16,56808794.0,1014881756.0,1769006513.0,0.03211338883295564
2021-10-15,17.98,18.0,16.34,16.66,79922620.0,1351472861.0,1769006513.0,0.04517938142831473
2021-10-18,17.0,17.4,16.58,16.98,54309628.0,922837091.0,1769006513.0,0.030700637674814485
2021-10-19,16.71,17.6,16.43,17.21,51717416.0,887838011.0,1769006513.0,0.029235288632314945
2021-10-20,17.35,18.93,16.87,18.93,67118688.0,1228889243.0,1769006513.0,0.037941458952672605
2021-10-21,19.07,19.07,17.7,18.01,71013758.0,1303194470.0,1769006513.0,0.04014329934804485
2021-10-22,18.19,18.19,17.05,17.11,48492261.0,839042667.0,1769006513.0,0.027412143846640546
2021-10-25,17.11,18.78,17.08,18.12,70841824.0,1283676232.0,1769006513.0,0.04004610694160853
2021-10-26,18.36,18.92,17.54,18.15,48265235.0,881953750.0,1769006513.0,0.027283808536209726
2021-10-27,17.84,19.96,17.68,19.83,90640623.0,1740982593.0,1769006513.0,0.05123815109435948
2021-10-28,19.84,21.81,19.52,21.25,95889796.0,2016293734.0,1769006513.0,0.05420545107964789
2021-10-29,21.21,21.85,19.61,21.34,78677172.0,1634654254.0,1769006513.0,0.044475343319439774
2021-11-01,21.9,23.47,20.92,21.68,86893654.0,1947904552.0,1769006513.0,0.0491200305716455
2021-11-02,22.07,22.24,20.53,21.14,67613815.0,1437924937.0,1769006513.0,0.03822134882100346
2021-11-03,21.09,21.1,19.72,20.07,53023462.0,1074134621.0,1769006513.0,0.029973582126658908
2021-11-04,20.79,22.08,20.6,22.08,57477374.0,1242504222.0,1769006513.0,0.032491329781780175
2021-11-05,22.4,23.67,21.88,21.95,94962331.0,2144888641.0,1769006513.0,0.05368116527674989
2021-11-08,22.11,22.2,20.23,20.97,76877361.0,1611460365.0,1769006513.0,0.04345792988044245
2021-11-09,21.61,22.0,20.1,20.83,58747716.0,1223646667.0,1769006513.0,0.03320944019610854
2021-11-10,20.5,20.5,19.5,20.11,54086996.0,1074636874.0,1769006513.0,0.0305747862444416
2021-11-11,20.0,20.68,19.5,19.77,40033455.0,797338636.0,1769006513.0,0.02263047349221376
2021-11-12,19.77,20.31,19.3,20.14,40909077.0,817940941.0,1769006513.0,0.023125453015220187
2021-11-15,19.81,19.85,18.38,18.7,50634950.0,958961959.0,1769006513.0,0.028623382462357277
2021-11-16,18.77,20.1,18.72,19.25,64733295.0,1252714110.0,1769006513.0,0.03659302242489822
2021-11-17,19.19,20.64,19.1,20.48,63971937.0,1284822267.0,1769006513.0,0.03616263508917901
2021-11-18,20.18,21.48,19.71,20.99,60599803.0,1255882616.0,1769006513.0,0.034256404685153355
2021-11-19,20.54,20.99,20.14,20.76,40865985.0,836093901.0,1769006513.0,0.023101093579749866
2021-11-22,20.62,20.7,19.71,20.17,65798302.0,1317239807.0,1769006513.0,0.03719505921344225
2021-11-23,20.01,20.06,18.98,19.06,62027905.0,1194424757.0,1769006513.0,0.0350636950990129
2021-11-24,19.06,19.3,17.98,18.4,72468398.0,1338295863.0,1769006513.0,0.04096559140254562
2021-11-25,18.7,19.07,18.1,18.79,50110317.0,935855375.0,1769006513.0,0.028326813175503555
2021-11-26,18.62,19.68,18.42,19.31,54007116.0,1030206341.0,1769006513.0,0.030529630955632325
2021-11-29,18.7,19.5,18.55,19.27,33517328.0,643653966.0,1769006513.0,0.018946978291876984
2021-11-30,19.36,21.01,19.36,20.79,78623175.0,1607023817.0,1769006513.0,0.04444481940694811
2021-12-01,20.6,21.2,19.74,20.67,52038101.0,1058826937.0,1769006513.0,0.029416568349287926
2021-12-02,20.25,20.4,19.57,19.93,34456868.0,687958174.0,1769006513.0,0.01947808995997744
2021-12-03,19.71,20.8,19.71,20.31,34168456.0,695706545.0,1769006513.0,0.01931505381631119
2021-12-06,20.34,20.6,19.31,19.37,46802444.0,933105564.0,1769006513.0,0.026456908810713914
2021-12-07,19.36,19.58,18.7,19.46,33995895.0,649683623.0,1769006513.0,0.019217506973644476
2021-12-08,19.47,20.27,19.4,19.73,27018120.0,536122234.0,1769006513.0,0.015273047216870252
2021-12-09,19.6,19.72,19.07,19.55,29786591.0,576213076.0,1769006513.0,0.016838033540920037
2021-12-10,19.25,19.76,19.22,19.55,19909818.0,388696133.0,1769006513.0,0.01125480197709142
2021-12-13,19.58,20.13,19.35,20.1,33273712.0,660454175.0,1769006513.0,0.018809264836211488
2021-12-14,20.1,21.05,20.1,20.33,42359314.0,875679556.0,1769006513.0,0.02394525610206162
2021-12-15,20.22,21.8,20.05,21.28,54481697.0,1151342283.0,1769006513.0,0.030797906395271704
2021-12-16,21.48,21.48,20.65,20.92,27900711.0,583301975.0,1769006513.0,0.015771966239222095
2021-12-17,20.93,21.35,20.3,20.46,25879085.0,539643654.0,1769006513.0,0.014629163211000568
2021-12-20,19.88,20.15,19.19,19.23,32268930.0,630688000.0,1769006513.0,0.018241272580323167
2021-12-21,19.01,19.34,18.68,19.08,21505550.0,408363915.0,1769006513.0,0.012156851793343285
2021-12-22,19.09,19.29,18.6,19.0,17646273.0,333487057.0,1769006513.0,0.009975244788711526
2021-12-23,19.28,19.88,19.01,19.73,26995610.0,525115393.0,1769006513.0,0.015260322560496984
2021-12-24,19.8,19.97,19.22,19.47,19914617.0,389648552.0,1769006513.0,0.011257514799212049
2021-12-27,19.47,19.58,18.01,18.13,39730049.0,738318544.0,1769006513.0,0.022458961404626554
2021-12-28,18.31,18.8,18.13,18.68,33232751.0,614242916.0,1769006513.0,0.018786110031693254
2021-12-29,18.51,19.32,18.43,18.88,26874011.0,509139277.0,1769006513.0,0.015191583978074364
2021-12-30,18.68,18.83,17.71,18.18,37349759.0,675946329.0,1769006513.0,0.02111340954684207
2021-12-31,18.25,19.65,18.25,19.39,46687316.0,896967469.0,1769001263.0,0.026391906538734904
2022-01-04,19.46,19.55,18.26,18.93,34770823.0,655980940.0,1769001263.0,0.019655623615006994
2022-01-05,18.88,18.92,17.06,17.24,68519943.0,1205855424.0,1769001263.0,0.038733688004156046
2022-01-06,17.03,17.87,16.9,17.58,36975309.0,645575792.0,1769001263.0,0.020901799096115174
2022-01-07,17.55,17.65,17.2,17.21,18822658.0,327158191.0,1769001263.0,0.010640273918221617
2022-01-10,17.11,17.3,16.51,17.03,24326830.0,411885822.0,1769001263.0,0.013751731278441716
2022-01-11,17.08,17.22,16.6,16.72,16159666.0,271891479.0,1769001263.0,0.009134909249637998
2022-01-12,16.88,17.08,16.7,17.03,17139324.0,289752521.0,1769001263.0,0.0096887008271175
2022-01-13,16.97,16.99,16.33,16.37,23560399.0,388357716.0,1769001263.0,0.013318474945599856
2022-01-14,16.28,16.7,16.13,16.6,23422113.0,386283138.0,1769001263.0,0.013240303152909621
2022-01-17,16.43,16.8,16.15,16.58,18813260.0,309376098.0,1769001263.0,0.010634961316022531
2022-01-18,16.58,17.1,16.3,16.85,21849507.0,367029299.0,1769001263.0,0.012351323572797246
2022-01-19,16.75,16.76,16.05,16.37,23063014.0,376723459.0,1769001263.0,0.013037307820169713
2022-01-20,16.36,17.07,16.23,16.78,28934015.0,485059062.0,1769001263.0,0.01635613021040562
2022-01-21,16.78,17.5,16.39,17.1,28691716.0,493010777.0,1769001263.0,0.016219160833917393
2022-01-24,17.09,17.93,16.9,17.72,29913338.0,527449825.0,1769001263.0,0.016909732415493477
2022-01-25,17.67,17.96,17.33,17.37,18586168.0,327769863.0,1769001263.0,0.01050658831553361
2022-01-26,17.6,18.64,17.57,18.21,36479282.0,664094369.0,1769001263.0,0.0206213996354846
2022-01-27,18.12,18.78,18.03,18.12,23279771.0,426718516.0,1769001263.0,0.013159838541053659
2022-01-28,18.02,19.93,17.61,19.93,62719844.0,1215338929.0,1769001263.0,0.035454945856644084
2022-02-07,20.19,20.69,19.5,19.75,51810419.0,1036490105.0,1769001263.0,0.02928794912906741
2022-02-08,19.7,21.6,18.8,20.51,59596173.0,1185391249.0,1769001263.0,0.033689163623847565
2022-02-09,20.0,21.14,19.3,20.88,39499821.0,805152500.0,1769001263.0,0.02232888230560862
2022-02-10,20.49,21.11,19.01,19.42,46524038.0,928678287.0,1769001263.0,0.026299607000337115
2022-02-11,19.04,19.4,18.3,18.65,36690586.0,689401035.0,1769001263.0,0.02074084782606512
2022-02-14,18.31,19.81,18.04,19.4,33280191.0,638759478.0,1769001263.0,0.01881298317648516
2022-02-15,19.34,21.34,18.95,21.16,50733867.0,1044630158.0,1769001263.0,0.028679384272435084
2022-02-16,21.18,21.87,20.8,21.1,42855497.0,910565679.0,1769001263.0,0.024225814812207966
2022-02-17,21.1,22.44,20.7,21.41,43885168.0,940935946.0,1769001263.0,0.024807878274533488
2022-02-18,21.13,21.66,20.96,21.17,22584996.0,480151491.0,1769001263.0,0.012767088680139625
2022-02-21,21.38,21.6,20.69,21.21,19930632.0,421448494.0,1769001263.0,0.011266601339899665
2022-02-22,21.0,21.2,20.58,20.93,18602425.0,388055069.0,1769001263.0,0.010515778246790319
2022-02-23,20.9,21.41,20.8,21.16,20662340.0,436021292.0,1769001263.0,0.011680229083024685
2022-02-24,20.85,21.5,19.81,20.33,34707753.0,713428058.0,1769001263.0,0.01961997072921253
2022-02-25,20.82,20.98,20.03,20.5,29735279.0,609708622.0,1769001263.0,0.01680907731494367
2022-02-28,20.4,20.8,19.51,20.68,37193160.0,750901817.0,1769001263.0,0.021024948245048258
2022-03-01,21.21,21.44,20.14,20.18,39982803.0,831168072.0,1769001263.0,0.022601907548779405
2022-03-02,20.18,20.3,19.3,20.14,24369982.0,483116686.0,1769001263.0,0.013776124703648671
2022-03-03,20.25,20.65,19.89,20.18,25063845.0,508251341.0,1769001263.0,0.014168359019424849
2022-03-04,19.9,21.1,19.7,20.44,34994397.0,724703814.0,1769001263.0,0.019782007922738265
2022-03-07,20.39,20.43,19.0,19.16,36084842.0,701603294.0,1769001263.0,0.02039842636336207
2022-03-08,19.05,19.38,18.35,18.7,24991663.0,471945646.0,1769001263.0,0.014127555204577601
2022-03-09,18.78,19.2,17.66,18.4,37620206.0,693093571.0,1769001263.0,0.021266353386430566
2022-03-10,18.9,19.75,18.86,19.21,31543408.0,608082067.0,1769001263.0,0.017831195861616522
2022-03-11,18.92,19.54,17.95,18.28,54778580.0,1011857552.0,1769001263.0,0.030965823001789457
2022-03-14,17.9,18.09,16.45,16.45,73354870.0,1241175060.0,1769001263.0,0.04146682737557774
2022-03-15,16.01,16.07,14.81,14.81,88585367.0,1350285090.0,1769001263.0,0.050076486010965614
2022-03-16,15.31,15.48,14.28,15.14,63111373.0,942904702.0,1769001263.0,0.03567627356747682
2022-03-17,15.29,15.72,15.01,15.17,63011574.0,967667364.0,1769001263.0,0.03561985811877852
2022-03-18,15.25,15.45,14.93,15.28,39786632.0,604344890.0,1769001263.0,0.022491013902684816
2022-03-21,15.31,15.34,14.66,14.88,53850766.0,805061789.0,1769001263.0,0.030441338356466736
2022-03-22,14.79,14.8,14.16,14.3,66549548.0,953699865.0,1769001263.0,0.0376198419932954
2022-03-23,14.57,15.01,14.24,14.71,74039379.0,1089045872.0,1769001263.0,0.041853773961946575
2022-03-24,14.45,14.58,14.01,14.06,46931223.0,665018505.0,1769001263.0,0.026529784902703035
2022-03-25,14.07,14.14,13.66,13.77,41028524.0,566865258.0,1769001263.0,0.023193043927182317
2022-03-28,13.56,13.67,13.28,13.52,39801892.0,535245162.0,1769001263.0,0.022499640239092355
2022-03-29,13.55,13.75,13.2,13.38,22715295.0,305392838.0,1769001263.0,0.012840745495838574
2022-03-30,13.8,14.01,13.56,13.75,40158877.0,552211246.0,1769001263.0,0.022701440547247365
2022-03-31,13.6,13.6,13.21,13.28,30224407.0,403664339.0,1769001263.0,0.017085576834887765
2022-04-01,13.18,13.41,13.01,13.31,25994113.0,345293431.0,1769001263.0,0.014694230888177721
2022-04-06,13.36,13.39,12.99,13.16,25237111.0,330440014.0,1769001263.0,0.014266304681547307
2022-04-07,13.06,13.08,12.72,12.75,27592761.0,354843528.0,1769001263.0,0.015597931769255046
2022-04-08,12.8,13.0,12.52,12.63,24109454.0,307424095.0,1769001263.0,0.013628850642601265
2022-04-11,12.47,12.49,12.12,12.2,39345283.0,484230880.0,1769001263.0,0.022241523408115284
2022-04-12,12.23,12.43,11.87,12.26,31972176.0,388085013.0,1769001263.0,0.018073574433620967
2022-04-13,12.0,12.19,11.82,11.83,26421680.0,317348147.0,1769001263.0,0.014935930546025846
2022-04-14,11.92,11.98,11.25,11.35,47083389.0,538112201.0,1769001263.0,0.026615802930605368
2022-04-15,11.37,11.38,10.9,11.01,40513632.0,448720345.0,1769001263.0,0.022901980257093803
2022-04-18,10.9,11.3,10.66,11.3,43486370.0,480639811.0,1769001263.0,0.02458244146544739
2022-04-19,11.21,11.66,11.16,11.24,37871398.0,429947625.0,1769001263.0,0.02140834989330361
2022-04-20,11.33,11.33,10.59,10.65,44334635.0,480900160.0,1769001263.0,0.025061957799178802
2022-04-21,10.65,10.7,10.01,10.12,39200063.0,404069828.0,1769001263.0,0.022159431889563326
2022-04-22,10.13,10.28,10.01,10.13,31063786.0,314725500.0,1769001263.0,0.017560069995269417
2022-04-25,9.94,9.98,9.46,9.48,42648617.0,414658763.0,1769001263.0,0.024108867467778624
2022-04-26,9.39,9.53,9.0,9.03,32766512.0,304430202.0,1769001263.0,0.01852260520404162
2022-04-27,8.88,9.91,8.81,9.8,50934853.0,480476402.0,1769001263.0,0.02879299979335289
2022-04-28,9.85,10.01,9.54,9.7,33556999.0,328044972.0,1769001263.0,0.018969460170475863
2022-04-29,9.8,10.12,9.5,10.05,45004416.0,442695864.0,1769001263.0,0.025440578783803843
2022-05-05,9.51,9.73,9.07,9.5,72008777.0,674766036.0,1769001263.0,0.040705893492626634
2022-05-06,9.31,9.54,9.15,9.43,34102248.0,319768259.0,1769001263.0,0.019277684370991883
2022-05-09,9.46,9.56,9.2,9.29,21518919.0,201558090.0,1769001263.0,0.01216444524381326
2022-05-10,9.18,10.22,9.12,10.22,36665526.0,363221176.0,1769001263.0,0.020726681640588517
2022-05-11,10.3,11.24,10.3,10.9,102802961.0,1121736145.0,1769001263.0,0.05811355997884327
2022-05-12,11.0,11.28,10.63,10.8,96732629.0,1049701018.0,1769001263.0,0.054682057623833366
2022-05-13,10.76,10.97,10.54,10.94,63739779.0,687610557.0,1769001263.0,0.036031505648506705
2022-05-16,10.98,11.14,10.55,10.63,46076242.0,496404377.0,1769001263.0,0.02604647207648715
2022-05-17,10.58,10.93,10.43,10.92,51764136.0,555925732.0,1769001263.0,0.02926178577861196
2022-05-18,10.9,11.2,10.7,11.05,49773899.0,544486671.0,1769001263.0,0.028136723269258628
2022-05-19,10.8,12.16,10.75,12.11,115255659.0,1352130201.0,1769001263.0,0.06515295461380347
2022-05-20,12.38,12.77,12.15,12.69,109823517.0,1363546973.0,1769001263.0,0.06208221514424097
2022-05-23,12.6,13.31,12.18,13.02,83333757.0,1052915621.0,1769001263.0,0.04710779960590678
2022-05-24,12.71,13.7,12.6,12.62,97782361.0,1281500021.0,1769001263.0,0.05527546138331954
2022-05-25,12.58,13.0,12.13,12.79,64313374.0,809041683.0,1769001263.0,0.03635575357980963
2022-05-26,12.74,13.58,12.53,13.21,80054850.0,1053784694.0,1769001263.0,0.04525426390269344
2022-05-27,13.06,13.48,12.82,13.02,50230824.0,660372118.0,1769001263.0,0.028395018732103643
2022-05-30,12.86,12.99,12.69,12.83,33791051.0,432492720.0,1769001263.0,0.019101767594385262
2022-05-31,13.15,13.89,12.98,13.64,81222327.0,1092181145.0,1769001263.0,0.045914227818162956
2022-06-01,13.45,13.91,13.3,13.71,46241910.0,626328961.0,1769001263.0,0.02614012265970892
2022-06-02,13.59,15.08,13.54,15.08,75935039.0,1105440984.0,1769001263.0,0.04292537297074841
2022-06-06,14.9,15.6,14.65,15.05,66526349.0,1001537606.0,1769001263.0,0.0376067278138512
2022-06-07,15.0,15.26,14.61,14.88,48549113.0,723778794.0,1769001263.0,0.027444363107840247
2022-06-08,14.91,14.98,13.44,14.04,91560682.0,1288022470.0,1769001263.0,0.051758403973508074
2022-06-09,13.95,14.27,13.48,13.53,49826459.0,686984572.0,1769001263.0,0.02816643494957188
2022-06-10,13.5,14.19,13.29,13.9,49108402.0,680405466.0,1769001263.0,0.027760523990083778
2022-06-13,13.98,14.67,13.86,14.3,60011590.0,861885898.0,1769001263.0,0.033923994999431495
2022-06-14,14.02,14.21,13.36,14.09,54940746.0,756224016.0,1769001263.0,0.03105749393690512
2022-06-15,14.0,14.3,13.65,13.88,44971801.0,627328681.0,1769001263.0,0.02542214182692757
2022-06-16,13.88,14.77,13.88,14.43,58458234.0,842069955.0,1769001263.0,0.033045897265704775
2022-06-17,14.57,15.87,14.45,15.87,109213279.0,1707179404.0,1769001263.0,0.06173725326503625
2022-06-20,16.39,17.46,16.03,16.56,144813431.0,2454033568.0,1769001263.0,0.0818616888686755
2022-06-21,16.39,17.19,15.9,16.55,75213271.0,1239358866.0,1769001263.0,0.04251736421739344
2022-06-22,16.39,17.02,16.1,16.42,53464579.0,887796314.0,1769001263.0,0.030223030428667363
2022-06-23,16.55,16.89,15.92,16.76,51371579.0,846786280.0,1769001263.0,0.0290398769489177
2022-06-24,16.92,18.05,16.61,17.69,67972639.0,1192817884.0,1769001263.0,0.03842430213120769
2022-06-27,17.74,19.04,17.19,18.3,47550353.0,847750847.0,1769001263.0,0.026879773347001843
2022-06-28,18.23,18.23,17.5,17.79,33167920.0,591972093.0,1769001263.0,0.0187495174219104
2022-06-29,17.69,17.7,16.01,16.01,72984780.0,1209213195.0,1769001263.0,0.04125761893251967
2022-06-30,15.8,16.8,15.71,16.49,47635447.0,782789947.0,1768801250.0,0.02693092115352135
2022-07-01,16.41,16.77,15.68,15.9,49947660.0,801064641.0,1768801250.0,0.02823814150968064
2022-07-04,15.76,16.49,15.18,16.4,46201618.0,742721015.0,1768801250.0,0.026120299270480502
2022-07-05,16.4,16.43,15.89,16.24,26388231.0,425683089.0,1768801250.0,0.014918708927868521
2022-07-06,16.45,17.16,15.75,16.13,60233409.0,993914580.0,1768801250.0,0.03405323746803096
2022-07-07,15.7,16.46,15.6,16.27,41096805.0,662350992.0,1768801250.0,0.023234269537066417
2022-07-08,16.49,16.64,15.5,15.53,47460424.0,751343870.0,1768801250.0,0.026831971087763536
2022-07-11,15.31,16.01,15.23,15.6,33101136.0,515988634.0,1768801250.0,0.018713880940552253
2022-07-12,15.58,17.16,15.46,16.58,100926209.0,1681523339.0,1768801250.0,0.05705910090237668
2022-07-13,17.1,18.24,17.08,18.24,52347006.0,939294335.0,1768801250.0,0.029594622911986296
2022-07-14,18.82,19.4,18.4,18.57,119045746.0,2240421866.0,1768801250.0,0.06730306528220736
2022-07-15,18.88,20.1,18.48,19.15,93563627.0,1813322495.0,1768801250.0,0.052896630981010447
2022-07-18,19.23,19.38,18.1,18.88,66076880.0,1234745361.0,1768801250.0,0.03735687093165498
2022-07-19,18.52,19.2,17.81,18.59,62650592.0,1161728502.0,1768801250.0,0.035419803101111556
2022-07-20,18.3,19.93,18.28,19.58,82898799.0,1605884346.0,1768801250.0,0.046867220949781664
2022-07-21,19.0,19.93,18.68,18.7,59891842.0,1141794163.0,1768801250.0,0.03386013097853702
2022-07-22,18.55,19.31,18.24,18.48,39264788.0,731774191.0,1768801250.0,0.02219853021926573
2022-07-25,18.26,18.3,16.88,17.34,61362075.0,1068639385.0,1768801250.0,0.03469133403201745
2022-07-26,17.1,17.79,17.02,17.49,40699854.0,709319693.0,1768801250.0,0.023009851446000505
2022-07-27,17.52,17.89,16.93,17.89,43043443.0,750977959.0,1768801250.0,0.024334810369452193
2022-07-28,18.0,18.1,17.28,17.4,41051705.0,718744457.0,1768801250.0,0.023208772042647527
2022-07-29,17.3,18.41,17.24,17.83,49331833.0,885357880.0,1768801250.0,0.027889980855678388
2022-08-01,17.74,18.14,17.16,17.94,42683058.0,757174704.0,1768801250.0,0.024131065036278102
2022-08-02,17.5,17.69,16.8,17.18,44808222.0,770956765.0,1768801250.0,0.02533253637173764
2022-08-03,17.01,17.79,16.56,16.76,46941535.0,809841635.0,1768801250.0,0.026538614782186522
2022-08-04,16.7,17.23,15.94,16.23,45901074.0,748125281.0,1768801250.0,0.025950385324524167
2022-08-05,16.24,16.56,15.74,16.31,32173564.0,519635303.0,1768801250.0,0.018189473803232558
2022-08-08,16.01,16.95,15.75,16.68,40538528.0,672931432.0,1768801250.0,0.02291864504279381
2022-08-09,16.6,17.49,16.25,17.01,50701771.0,868540038.0,1768801250.0,0.028664481665195567
2022-08-10,16.99,17.45,16.6,16.97,30659780.0,518650258.0,1768801250.0,0.017333648989675918
2022-08-11,17.11,17.32,16.7,17.1,29704597.0,506193943.0,1768801250.0,0.016793631845296357
2022-08-12,16.82,17.12,16.55,16.61,27997740.0,469278379.0,1768801250.0,0.015828652314667915
2022-08-15,16.62,17.38,16.43,17.3,42998617.0,737834593.0,1768801250.0,0.024309467782205604
2022-08-16,17.8,18.3,17.42,17.62,71926599.0,1291307974.0,1768801250.0,0.04066403673109118
2022-08-17,17.59,18.34,17.52,17.96,47008437.0,843757038.0,1768801250.0,0.026576438138541568
2022-08-18,18.0,18.3,17.7,17.92,35997264.0,648543209.0,1768801250.0,0.02035122035333252
2022-08-19,17.88,17.91,17.23,17.5,42125483.0,734627944.0,1768801250.0,0.02381583742096519
2022-08-22,17.25,17.46,16.5,16.67,45207873.0,755089246.0,1768801250.0,0.025558480920340822
2022-08-23,16.59,16.83,16.38,16.47,31270513.0,517091508.0,1768801250.0,0.017678929727124513
2022-08-24,16.49,16.49,15.43,15.62,40270049.0,638783975.0,1768801250.0,0.0227668591934792
2022-08-25,15.62,15.75,14.67,14.95,49272635.0,739369670.0,1768801250.0,0.02785651299149636
2022-08-26,14.85,15.26,14.59,14.68,42158973.0,628105997.0,1768801250.0,0.023834771147973804
2022-08-29,14.42,15.22,14.22,15.05,35595979.0,530462155.0,1768801250.0,0.020124352015241962
2022-08-30,15.05,15.15,14.7,14.83,24257574.0,362273547.0,1768801250.0,0.013714132099352598
2022-08-31,14.8,14.96,13.79,13.85,40719623.0,573626877.0,1768801250.0,0.02302102794194656
2022-09-01,14.43,14.8,13.92,14.01,41650541.0,592567987.0,1768801250.0,0.023547326755903184
2022-09-02,13.99,14.06,13.51,13.67,29879462.0,409422975.0,1768801250.0,0.016892492585020506
2022-09-05,13.74,14.36,13.72,14.1,32796539.0,462247448.0,1768801250.0,0.018541675612226076
2022-09-06,14.28,14.49,13.75,14.44,36941091.0,524245370.0,1768801250.0,0.02088481733038124
2022-09-07,14.29,15.0,14.18,14.84,31966715.0,472363635.0,1768801250.0,0.018072530760592804
2022-09-08,14.84,14.98,14.45,14.46,22409579.0,328200362.0,1768801250.0,0.01266935954505912
2022-09-09,14.53,14.85,14.3,14.76,27898265.0,408855242.0,1768801250.0,0.01577241366151228
2022-09-13,14.75,14.79,14.31,14.52,20101231.0,291095512.0,1768801250.0,0.0113643242845967
2022-09-14,14.23,14.52,13.93,14.2,29662359.0,420313324.0,1768801250.0,0.016769752395866973
2022-09-15,14.29,14.3,13.16,13.36,38405788.0,520039845.0,1768801250.0,0.021712890580555616
2022-09-16,13.38,13.57,13.02,13.25,25046044.0,335155411.0,1768801250.0,0.014159897275061287
2022-09-19,13.25,13.63,13.08,13.37,19343372.0,258471764.0,1768801250.0,0.01093586517987818
2022-09-20,13.5,13.83,13.42,13.82,23622712.0,323266918.0,1768801250.0,0.013355209919712573
2022-09-21,13.75,13.75,13.35,13.53,17682518.0,240129010.0,1768801250.0,0.00999689365891165
2022-09-22,13.4,14.57,13.29,13.81,37228724.0,520684829.0,1768801250.0,0.021047431982536197
2022-09-23,13.7,13.95,13.17,13.39,26658920.0,358675132.0,1768801250.0,0.015071744210945124
2022-09-26,13.13,13.8,13.1,13.42,23970692.0,324045911.0,1768801250.0,0.013551942028534863
2022-09-27,13.59,14.35,13.55,13.78,43169151.0,601357910.0,1768801250.0,0.02440587997096904
2022-09-28,13.61,14.04,12.73,12.99,36874731.0,491129329.0,1768801250.0,0.020847300396242937
2022-09-29,13.06,13.29,12.35,12.96,35041614.0,450192025.0,1768801250.0,0.019810939188334473
2022-09-30,12.9,13.11,12.64,12.65,17387496.0,222651296.0,1768801250.0,0.009830101601296359
2022-10-10,12.65,12.81,12.14,12.18,20132707.0,248788847.0,1768801250.0,0.01138211938735344
2022-10-11,12.17,12.79,12.1,12.66,21914009.0,273838989.0,1768801250.0,0.012389186744412353
2022-10-12,12.7,13.93,12.52,13.93,40463851.0,536627661.0,1768801250.0,0.022876426054086064
2022-10-13,13.98,14.38,13.86,14.05,52318020.0,742775735.0,1768801250.0,0.029578235542291706
2022-10-14,14.1,14.84,13.95,14.68,51328220.0,740522127.0,1768801250.0,0.029018647516220377
2022-10-17,14.5,15.05,14.23,14.95,46177896.0,680511125.0,1768801250.0,0.02610688792762895
2022-10-18,15.05,15.1,14.47,14.6,48285444.0,710385351.0,1768801250.0,0.02729839997568975
2022-10-19,14.5,14.6,14.08,14.13,33551800.0,479104093.0,1768801250.0,0.018968665925580955
2022-10-20,14.06,14.07,13.56,13.58,36649886.0,503246199.0,1768801250.0,0.020720183231439936
2022-10-21,13.68,14.65,13.68,14.26,54057997.0,768261378.0,1768801250.0,0.030561939618710694
2022-10-24,14.28,14.49,13.78,13.91,38064685.0,536993758.0,1768801250.0,0.021520046415616226
2022-10-25,13.75,14.35,13.4,14.09,33237619.0,463215889.0,1768801250.0,0.018791042238352103
2022-10-26,13.92,14.08,13.23,13.42,59154334.0,799559590.0,1768801250.0,0.03344317740616703
2022-10-27,13.3,13.31,12.39,12.42,69370995.0,882261609.0,1768801250.0,0.03921921414291176
2022-10-28,11.99,12.93,11.8,12.2,59322290.0,739596671.0,1768801250.0,0.03353813211065969
2022-10-31,12.25,12.4,11.56,11.74,51223661.0,608990335.0,1768801250.0,0.028959534600057527
2022-11-01,11.74,12.5,11.74,12.49,47050936.0,571961815.0,1768801250.0,0.026600465145532885
2022-11-02,12.44,12.59,12.07,12.47,40875349.0,503037565.0,1768801250.0,0.02310906835915002
2022-11-03,12.29,12.95,12.26,12.77,45431442.0,573089582.0,1768801250.0,0.0256848766926188
2022-11-04,12.68,13.33,12.61,13.14,60012587.0,786290867.0,1768801250.0,0.0339283947249585
2022-11-07,13.12,13.19,12.52,12.95,60814418.0,785111491.0,1768801250.0,0.03438171360405812
2022-11-08,12.96,13.95,12.95,13.5,71684483.0,966402241.0,1768801250.0,0.04052715532624143
2022-11-09,13.34,13.46,12.9,13.32,47272753.0,621269193.0,1768801250.0,0.026725870416475565
2022-11-10,13.2,13.78,13.13,13.53,41302853.0,561489229.0,1768801250.0,0.02335075973063678
2022-11-11,13.9,14.15,13.57,13.57,40749337.0,564932285.0,1780746270.0,0.02288329207057668
2022-11-14,13.53,13.65,13.15,13.25,23717506.0,316866412.0,1780746270.0,0.01331885760457047
2022-11-15,13.35,14.0,13.25,13.91,44146501.0,602129339.0,1780746270.0,0.024791011355031506
2022-11-16,13.84,14.53,13.75,13.98,34237693.0,484632079.0,1780746270.0,0.01922659818346833
2022-11-17,13.89,14.21,13.61,14.18,20606429.0,285516001.0,1780746270.0,0.011571793998479076
2022-11-18,14.07,14.58,13.91,14.16,27245776.0,389090304.0,1780746270.0,0.01530020107805701
2022-11-21,14.09,14.31,13.85,13.94,15403173.0,215342112.0,1780746270.0,0.008649841507178898
2022-11-22,13.9,14.48,13.8,14.33,30374885.0,432304175.0,1780746270.0,0.017057390775834673
2022-11-23,14.22,14.53,13.88,14.46,29401240.0,419956643.0,1780746270.0,0.016510628434448442
2022-11-24,14.46,14.71,14.21,14.23,18209873.0,262889914.0,1780746270.0,0.010225978460143005
2022-11-25,14.1,14.16,13.82,13.95,15716845.0,219609305.0,1780746270.0,0.008825987882035547
2022-11-28,13.66,14.17,13.62,14.01,24944143.0,347584222.0,1780746270.0,0.014007690719464486
2022-11-29,13.9,14.0,13.64,13.86,19003180.0,262574578.0,1780746270.0,0.010671469776544864
2022-11-30,13.89,14.19,13.79,14.16,18004791.0,251759017.0,1780746270.0,0.010110812137205825
2022-12-01,14.17,15.15,14.07,14.73,42906808.0,630218833.0,1780746270.0,0.024094846482536784
2022-12-02,14.51,15.29,14.51,15.14,39244325.0,589846830.0,1780746270.0,0.022038134045902002
2022-12-05,15.29,15.35,14.84,14.97,20232405.0,303192821.0,1780746270.0,0.011361756214713284
2022-12-06,14.93,15.11,14.77,14.91,16029288.0,239420875.0,1780746270.0,0.009001444096805549
2022-12-07,15.85,16.0,14.86,15.04,72640244.0,1106969014.0,1780746270.0,0.040792023672187726
2022-12-08,14.94,15.21,14.5,14.81,34316511.0,509348526.0,1780746270.0,0.019270859402108983
2022-12-09,14.68,14.9,14.27,14.42,41444678.0,601362783.0,1780746270.0,0.0232737693731067
2022-12-12,14.23,14.23,13.73,14.05,25029135.0,349030013.0,1780746270.0,0.014055419023845548
2022-12-13,13.92,14.65,13.92,13.98,29758064.0,424484360.0,1780746270.0,0.016711007346375067
2022-12-14,13.98,14.09,13.6,13.65,22089667.0,305363014.0,1780746270.0,0.012404724565280151
2022-12-15,13.65,13.98,13.47,13.81,15481218.0,211732712.0,1780746270.0,0.008693668638149106
2022-12-16,13.73,13.76,13.22,13.32,18613816.0,249675746.0,1780746270.0,0.010452817626848097
2022-12-19,13.21,13.4,12.95,13.02,14519533.0,190078604.0,1780746270.0,0.008153622582064991
2022-12-20,12.98,14.32,12.82,14.32,69742218.0,974881955.0,1780746270.0,0.039164601479131554
2022-12-21,14.32,14.51,13.91,14.26,49535220.0,705885901.0,1780746270.0,0.02781711287818674
2022-12-22,14.26,14.3,13.45,13.57,30419785.0,418902021.0,1780746270.0,0.01708260492383342
2022-12-23,13.51,13.53,13.0,13.15,24757220.0,326507993.0,1780746270.0,0.013902721806627735
2022-12-26,13.13,14.47,13.12,14.47,34148070.0,479579626.0,1780746270.0,0.0191762692840008
2022-12-27,14.75,15.3,14.66,15.08,62692838.0,940241273.0,1780746270.0,0.035205935318342686
2022-12-28,15.06,15.35,14.82,15.19,39646157.0,597200834.0,1780746270.0,0.02226378775455753
2022-12-29,15.08,15.24,14.86,15.03,24419176.0,367659216.0,1780746270.0,0.013712889034999917
2022-12-30,15.2,15.43,14.89,15.13,26507895.0,403007611.0,1780746270.0,0.014885834914594543
2023-01-03,15.08,16.52,15.08,16.34,54106057.0,859596177.0,1780546257.0,0.030387335789389718
2023-01-04,16.34,16.41,15.9,16.16,34854051.0,562173093.0,1780546257.0,0.01957492025999075
2023-01-05,16.01,16.64,16.01,16.34,23721993.0,389771044.0,1780546257.0,0.01332287375671364
2023-01-06,16.34,16.88,16.18,16.24,28946837.0,476535258.0,1780546257.0,0.01625727884698252
2023-01-09,16.25,16.5,15.95,16.12,27597816.0,445031684.0,1780546257.0,0.01549963439113281
2023-01-10,16.03,16.25,15.88,15.96,19032330.0,304415387.0,1780546257.0,0.010689039908498147
2023-01-11,15.91,16.01,15.56,15.66,21641138.0,340553951.0,1780546257.0,0.012154212739444713
2023-01-12,15.59,16.25,15.59,15.74,22808873.0,363686916.0,1780546257.0,0.012810042373417542
2023-01-13,15.83,15.92,15.38,15.54,16233420.0,251766293.0,1780546257.0,0.00911710096616715
2023-01-16,15.55,15.83,15.35,15.49,18199482.0,283061919.0,1780546257.0,0.010221291319139259
2023-01-17,15.52,15.84,15.46,15.65,17298768.0,270721660.0,1780546257.0,0.00971542746052904
2023-01-18,15.58,16.31,15.57,16.02,25835761.0,412672594.0,1780546257.0,0.014510019550702411
2023-01-19,15.9,15.98,15.56,15.74,17591522.0,276288561.0,1780546257.0,0.009879845542254845
2023-01-20,15.78,16.29,15.72,16.1,19100661.0,306207064.0,1780546257.0,0.010727416333559482
2023-01-30,16.19,16.6,16.08,16.37,28436607.0,464037133.0,1780546257.0,0.015970720720231195
2023-01-31,16.2,16.73,16.15,16.34,21023742.0,344124945.0,1780546257.0,0.01180746746530607
2023-02-01,16.35,16.75,16.15,16.36,22963082.0,376045501.0,1780546257.0,0.012896650064396501
2023-02-02,16.32,16.87,16.2,16.43,24470804.0,404142988.0,1780546257.0,0.013743425032512368
2023-02-03,16.3,16.34,15.52,15.86,27838706.0,440120391.0,1780546257.0,0.01563492433322388
2023-02-06,15.74,16.1,15.7,16.09,23185268.0,370748077.0,1780546257.0,0.013021435365045953
2023-02-07,15.94,16.6,15.93,16.36,20469513.0,334347236.0,1780546257.0,0.0114961983826742
2023-02-08,16.36,16.77,16.28,16.53,21799196.0,361398583.0,1780546257.0,0.012242982126580045
2023-02-09,16.45,16.86,16.24,16.73,22653604.0,377848051.0,1780546257.0,0.012722839359516848
2023-02-10,16.72,16.94,16.51,16.6,16292162.0,271646667.0,1780546257.0,0.009150091965288381
2023-02-13,16.62,16.75,16.18,16.25,20896475.0,341224729.0,1780546257.0,0.011735991085796317
2023-02-14,16.28,16.39,15.81,15.95,21418906.0,341664063.0,1780546257.0,0.01202940160402696
2023-02-15,15.95,16.04,15.67,15.76,16612251.0,262778376.0,1780546257.0,0.009329862077264753
2023-02-16,15.66,15.75,15.15,15.31,27255220.0,420724051.0,1780546257.0,0.01530722377632675
2023-02-17,15.28,15.33,14.71,14.78,22666237.0,338588280.0,1780546257.0,0.012729934373168043
2023-02-20,14.78,15.07,14.72,14.99,19557867.0,292239267.0,1780546257.0,0.010984194835214551
2023-02-21,14.99,15.35,14.78,15.23,23947297.0,361573914.0,1780546257.0,0.013449410205353627
2023-02-22,15.05,15.93,15.05,15.76,34645500.0,539835810.0,1780546257.0,0.019457792721641155
2023-02-23,15.78,15.78,15.4,15.51,16490292.0,256070567.0,1780546257.0,0.009261366805366855
2023-02-24,15.5,15.64,15.28,15.43,10565396.0,162662250.0,1780546257.0,0.005933794732073619
2023-02-27,15.36,15.79,15.21,15.47,12653697.0,196056592.0,1780546257.0,0.007106637612055029
2023-02-28,15.43,15.52,15.15,15.31,11425221.0,174571846.0,1780546257.0,0.006416694289790642
2023-03-01,15.31,15.31,14.95,15.13,14405184.0,217038143.0,1780546257.0,0.008090317195280819
2023-03-02,15.13,15.32,14.82,14.9,15760141.0,236030704.0,1780546257.0,0.008851295459492238
2023-03-03,14.9,15.02,14.78,14.94,10899176.0,162470947.0,1780546257.0,0.006121254057372125
2023-03-06,14.94,15.33,14.51,15.28,26473675.0,396842531.0,1780546257.0,0.014868288254754395
2023-03-07,15.26,15.26,14.92,14.93,11539178.0,173656029.0,1780546257.0,0.006480695435254845
2023-03-08,14.82,15.04,14.73,14.81,9232280.0,136978660.0,1780546257.0,0.005185082928176912
2023-03-09,14.61,14.79,14.48,14.51,12040741.0,175217462.0,1780546257.0,0.0067623859546828945
2023-03-10,14.42,14.48,14.16,14.2,12197513.0,173958004.0,1780546257.0,0.006850433091556576
2023-03-13,14.43,14.55,14.13,14.44,11680552.0,167531418.0,1780546257.0,0.006560094664252242
2023-03-14,14.43,14.51,14.0,14.42,14455090.0,206798238.0,1780546257.0,0.00811834567238654
2023-03-15,14.48,14.75,14.48,14.55,11427496.0,166834268.0,1780546257.0,0.006417971987570778
2023-03-16,14.5,14.55,13.5,13.66,28571096.0,396470764.0,1780546257.0,0.01604625315836431
2023-03-17,13.81,13.97,13.5,13.6,18361087.0,251157810.0,1780546257.0,0.010312052791560809
2023-03-20,13.59,14.0,13.28,13.82,19166773.0,262382207.0,1780546257.0,0.01076454651186296
2023-03-21,13.71,14.03,13.58,14.01,16129205.0,222327640.0,1780546257.0,0.009058571175328921
2023-03-22,14.01,14.5,13.8,13.97,34777952.0,489869386.0,1780546257.0,0.01953218112883882
2023-03-23,13.97,14.07,13.68,13.73,17582748.0,242443543.0,1780546257.0,0.009874917841014
2023-03-24,13.78,14.05,13.52,13.79,20119711.0,277945951.0,1780546257.0,0.011299740695251142
2023-03-27,13.76,15.14,13.66,14.87,53005652.0,772445703.0,1780546257.0,0.02976932039345496
2023-03-28,14.71,15.04,14.57,14.66,26473621.0,391917867.0,1780546257.0,0.01486825792698291
2023-03-29,14.66,14.93,14.62,14.75,15082068.0,222638198.0,1780546257.0,0.0084704724410875
2023-03-30,14.67,15.1,14.43,14.91,23964943.0,355743286.0,1780546257.0,0.013459320647124306
2023-03-31,14.82,15.05,14.7,14.76,13624158.0,201919893.0,1780546257.0,0.007651673157289954
2023-04-03,14.74,14.94,14.58,14.78,15749246.0,232953147.0,1780546257.0,0.008845176550782527
2023-04-04,14.68,14.82,14.2,14.38,23532200.0,339439911.0,1780546257.0,0.013216281187577145
2023-04-06,14.28,14.38,13.69,14.08,27373785.0,383322513.0,1780546257.0,0.015373812891624303
2023-04-07,14.07,14.35,13.91,14.05,12687318.0,179401346.0,1780546257.0,0.00712552001955656
2023-04-10,14.05,14.46,14.02,14.36,17012857.0,242879979.0,1780546257.0,0.00955485258140081
2023-04-11,14.26,14.3,13.76,13.92,21225511.0,295373279.0,1780546257.0,0.011920786060207364
2023-04-12,13.88,14.04,13.71,13.85,13834556.0,191545126.0,1780546257.0,0.007769838017749404
2023-04-13,14.19,14.37,13.71,13.73,20367607.0,283676203.0,1780546257.0,0.011438965384879636
2023-04-14,13.67,13.82,13.55,13.66,13034751.0,178217593.0,1780546257.0,0.007320647216412081
2023-04-17,13.67,14.2,13.61,13.79,24442718.0,340441592.0,1780546257.0,0.013727651221588005
2023-04-18,13.78,14.07,13.7,13.9,17234700.0,239472833.0,1780546257.0,0.009679445244538794
2023-04-19,13.9,13.9,13.44,13.51,19809033.0,269183592.0,1780546257.0,0.011125256039894053
2023-04-20,13.42,13.48,12.9,13.15,19352303.0,253215207.0,1780546257.0,0.010868744871928368
2023-04-21,13.1,13.29,12.74,12.96,17173680.0,221890182.0,1780546257.0,0.009645174862761232
2023-04-24,12.76,12.99,12.5,12.61,14687621.0,186492854.0,1780546257.0,0.008248940987776876
2023-04-25,12.7,13.04,12.45,12.95,20625132.0,263830357.0,1780546257.0,0.011583597965464145
2023-04-26,12.89,14.0,12.86,13.6,38421641.0,522834226.0,1780546257.0,0.021578569413150606
2023-04-27,13.61,14.09,13.35,13.91,28210582.0,390636045.0,1780546257.0,0.01584377933967935
2023-04-28,13.82,14.0,13.64,13.78,14847917.0,204529916.0,1780546257.0,0.008338967292552625
2023-05-04,13.92,14.45,13.8,14.19,23295858.0,331928000.0,1780546257.0,0.013083545517795553
2023-05-05,14.06,14.2,13.73,13.99,17166255.0,238798821.0,1780546257.0,0.009641004794182104
2023-05-08,14.0,15.05,14.0,14.59,33094610.0,482752595.0,1780546257.0,0.018586773508350366
2023-05-09,14.55,14.55,13.94,14.0,25479294.0,360782182.0,1780546257.0,0.014309818630002602
2023-05-10,13.97,14.78,13.81,14.48,35826331.0,518811886.0,1780546257.0,0.020120977401824388
2023-05-11,14.61,14.97,14.51,14.77,30045219.0,443687370.0,1780546257.0,0.016874158074737397
2023-05-12,14.6,15.25,14.58,14.95,31182755.0,467431135.0,1780546257.0,0.01751302718332018
2023-05-15,14.89,15.84,14.89,15.73,45240382.0,704038160.0,1780546257.0,0.025408147540196144
2023-05-16,15.65,16.42,15.61,15.82,55500175.0,889088524.0,1780546257.0,0.031170307865806823
2023-05-17,16.15,16.16,15.63,15.97,26315634.0,417130602.0,1780546257.0,0.014779528415250827
2023-05-18,15.94,16.3,15.71,15.84,19741587.0,312979253.0,1780546257.0,0.011087376653309828
2023-05-19,15.62,15.84,15.44,15.65,19713855.0,307873832.0,1780546257.0,0.011071801657776308
2023-05-22,15.65,16.26,15.61,15.8,21123120.0,336730712.0,1780546257.0,0.011863280674094838
2023-05-23,15.9,16.06,15.6,15.77,18741643.0,296710485.0,1780546257.0,0.010525782706469726
2023-05-24,15.66,16.45,15.65,16.02,25917690.0,417751612.0,1780546257.0,0.014556032957923879
2023-05-25,15.89,16.36,15.78,16.1,24858957.0,401142514.0,1780546257.0,0.013961421615568846
2023-05-26,16.1,16.1,15.5,15.95,22511985.0,355140240.0,1780546257.0,0.012643302532296974
2023-05-29,15.77,15.94,15.61,15.7,18513483.0,291168682.0,1780546257.0,0.010397642255693444
2023-05-30,15.74,15.85,15.42,15.64,23535630.0,367204017.0,1780546257.0,0.013218207562691812
2023-05-31,15.7,15.82,15.4,15.56,16652661.0,260026574.0,1780546257.0,0.00935255735959237
2023-06-01,15.99,16.18,15.66,15.8,30326974.0,483286882.0,1780546257.0,0.017032398838712114
2023-06-02,15.71,17.15,15.71,16.36,40850978.0,678027882.0,1780546257.0,0.022942946772317414
2023-06-05,16.25,16.35,15.76,15.8,23616349.0,375517811.0,1780751520.0,0.013262012546253506
2023-06-06,15.75,15.79,15.25,15.34,28294049.0,437611326.0,1780751520.0,0.01588882484851115
2023-06-07,15.2,15.46,14.98,15.14,16900124.0,256618087.0,1780751520.0,0.009490444798272586
2023-06-08,15.07,15.44,14.83,14.9,13447439.0,201960439.0,1780751520.0,0.007551552728704115
2023-06-09,15.18,15.95,14.75,15.58,31077628.0,476807903.0,1792496528.0,0.017337622424672277
2023-06-12,15.48,15.48,14.74,15.22,34899989.0,526199614.0,1792496528.0,0.01947004552301147
2023-06-13,15.22,15.5,15.22,15.39,16399929.0,252207371.0,1792496528.0,0.009149211027091039
2023-06-14,15.44,15.53,15.09,15.11,14275849.0,217532651.0,1792496528.0,0.007964226862926454
2023-06-15,15.14,16.11,15.05,16.01,25535439.0,402772719.0,1792496528.0,0.014245739727312877
2023-06-16,16.01,16.41,15.89,16.31,22734604.0,368573217.0,1792496528.0,0.012683206714696632
2023-06-19,16.2,16.4,15.99,16.17,19071591.0,308336879.0,1792496528.0,0.010639680859677515
2023-06-20,16.2,16.37,16.1,16.24,12988661.0,210986072.0,1792496528.0,0.007246128958750206
2023-06-21,16.23,16.34,15.9,15.9,11658360.0,187733959.0,1792496528.0,0.006503979125141156
2023-06-26,15.63,15.83,15.18,15.57,24436195.0,378991080.0,1792496528.0,0.013632492235432659
2023-06-27,15.63,15.97,15.21,15.47,16286380.0,252061980.0,1792496528.0,0.009085864181936089
2023-06-28,15.5,15.5,15.02,15.46,11660790.0,178214123.0,1792496528.0,0.006505334776302563
2023-06-29,15.38,15.56,15.04,15.26,9515659.0,145792509.0,1792496528.0,0.005308606656336017
2023-06-30,15.25,15.54,15.05,15.23,14707210.0,224942125.0,1792296515.0,0.008205790658472602
2023-07-03,15.36,16.43,15.06,16.21,50113273.0,791601074.0,1792296515.0,0.027960369604356453
2023-07-04,16.1,16.2,15.7,15.88,24837813.0,395712013.0,1792296515.0,0.013858093675978608
2023-07-05,16.03,16.33,15.65,15.72,20376654.0,324558782.0,1792296515.0,0.011369019483921721
2023-07-06,16.2,16.48,15.17,15.37,57123202.0,898338750.0,1792296515.0,0.03187151317983788
2023-07-07,15.13,15.14,14.3,14.4,52228824.0,764132999.0,1792296515.0,0.029140727308728825
2023-07-10,14.44,14.74,14.36,14.43,21163439.0,307342800.0,1792296515.0,0.01180800097689193
2023-07-11,14.38,14.7,14.28,14.53,18394693.0,267307029.0,1792296515.0,0.010263197437506595
2023-07-12,14.53,14.59,14.21,14.32,18173191.0,260405782.0,1792296515.0,0.010139611859927095
2023-07-13,14.39,14.83,14.36,14.69,21155728.0,309576380.0,1792296515.0,0.011803698675383521
2023-07-14,14.7,14.72,14.31,14.33,19696690.0,284233682.0,1792296515.0,0.010989638062204233
2023-07-17,14.3,14.5,14.24,14.4,10930904.0,157466186.0,1792296515.0,0.006098825673384742
2023-07-18,14.42,14.48,14.2,14.29,12158693.0,174028905.0,1792296515.0,0.006783862434726656
2023-07-19,14.24,14.3,13.8,13.98,27410541.0,382357399.0,1792296515.0,0.015293530267228132
2023-07-20,14.0,14.28,13.98,14.0,14320798.0,202381579.0,1792296515.0,0.007990194635846848
2023-07-21,13.96,14.08,13.83,13.85,9391727.0,130832082.0,1792296515.0,0.005240052034582012
2023-07-24,13.86,13.96,13.69,13.78,7564856.0,104393874.0,1792296515.0,0.00422076142908753
2023-07-25,13.9,14.02,13.8,13.9,10728967.0,149030149.0,1792296515.0,0.0059861562583019366
2023-07-26,13.9,13.97,13.75,13.79,12464630.0,172536004.0,1792296515.0,0.006954557962748703
2023-07-27,13.75,14.24,13.75,13.87,22930109.0,321396219.0,1792296515.0,0.012793702832145495
2023-07-28,13.81,13.99,13.6,13.95,15775371.0,217705838.0,1792296515.0,0.008801764031773504
2023-07-31,13.93,14.31,13.89,14.26,24993545.0,353352118.0,1792296515.0,0.013944983316557975
2023-08-01,14.25,14.38,14.15,14.35,14867619.0,212505607.0,1792296515.0,0.008295289800304053
2023-08-02,14.34,14.34,14.0,14.06,13261914.0,187112040.0,1792296515.0,0.007399397303408805
2023-08-03,14.06,14.24,14.0,14.17,7952661.0,112363325.0,1792296515.0,0.004437134666860634
2023-08-04,14.13,14.24,14.04,14.06,11137895.0,157159887.0,1792296515.0,0.006214314934379036
2023-08-07,14.07,14.16,13.96,14.11,9763218.0,137295539.0,1792296515.0,0.005447322983831166
2023-08-08,14.06,14.14,13.76,13.84,14348274.0,198728209.0,1792296515.0,0.00800552468853068
2023-08-09,13.8,13.94,13.7,13.73,9899152.0,136509739.0,1792296515.0,0.005523166461103117
2023-08-10,13.74,14.09,13.74,13.83,8812302.0,122326318.0,1792296515.0,0.004916765683718355
2023-08-11,13.82,13.83,13.55,13.58,9870499.0,134787252.0,1792296515.0,0.005507179709044963
2023-08-14,13.45,13.79,13.36,13.69,11568724.0,156867136.0,1792296515.0,0.0064546931287203894
2023-08-15,13.7,13.79,13.23,13.4,14300054.0,192058300.0,1792296515.0,0.007978620658089044
2023-08-16,13.4,13.58,13.21,13.28,8048157.0,107508307.0,1792296515.0,0.004490416029180305
2023-08-17,13.27,13.43,13.08,13.4,8158720.0,108683713.0,1792296515.0,0.00455210392461205
2023-08-18,13.41,13.55,13.27,13.27,7903046.0,105869564.0,1786866124.0000002,0.004422852889677369
2023-08-21,13.27,13.48,13.22,13.3,7918535.0,105556558.0,1786866124.0000002,0.004431521138401748
2023-08-22,13.3,13.46,12.96,13.27,12431097.0,163865787.0,1786866124.0000002,0.0069569268973392875
2023-08-23,13.23,13.23,13.01,13.01,7196557.0,94199888.0,1786866124.0000002,0.004027474080649144
2023-08-24,13.07,13.22,12.9,13.05,8025730.0,105087501.0,1786866124.0000002,0.0044915116427603164
2023-08-25,12.99,13.12,12.75,12.84,10200748.0,131560715.0,1786866124.0000002,0.0057087365768427305
2023-08-28,13.49,13.55,12.92,12.95,14101075.0,185426185.0,1786866124.0000002,0.007891511742599916
2023-08-29,12.96,13.64,12.96,13.53,23036801.0,309399643.0,1786866124.0000002,0.012892292651690562
2023-08-30,13.48,13.53,13.21,13.33,19364335.0,258319673.0,1786866124.0000002,0.01083703739183988
2023-08-31,13.33,13.39,13.01,13.01,14544593.0,190516238.0,1786866124.0000002,0.008139721719857284
2023-09-01,13.05,13.25,13.0,13.19,10046946.0,132022389.0,1786866124.0000002,0.0056226629768487335
2023-09-04,13.29,13.35,13.05,13.2,12300327.0,162157442.0,1786866124.0000002,0.006883742903170063
2023-09-05,13.15,13.31,13.11,13.23,8794053.0,116106621.0,1786866124.0000002,0.004921495170726063
2023-09-06,13.18,13.21,13.06,13.17,8128998.0,106730977.0,1786866124.0000002,0.004549304444701644
2023-09-07,13.13,13.21,12.88,12.91,10515628.0,136687432.0,1786866124.0000002,0.00588495571031375
2023-09-08,12.83,12.92,12.75,12.83,5740760.0,73662184.0,1786866124.0000002,0.0032127532795512325
2023-09-11,12.84,12.93,12.8,12.89,7626362.0,98113447.0,1786866124.0000002,0.004268009728075185
2023-09-12,12.88,12.98,12.81,12.87,8517339.0,109767807.0,1786866124.0000002,0.004766635219953389
2023-09-13,12.83,12.9,12.57,12.67,10332789.0,130846801.0,1786866124.0000002,0.0057826318722017465
2023-09-14,12.64,12.65,12.42,12.49,9635551.0,120526146.0,1786866124.0000002,0.005392430283713856
2023-09-15,12.56,12.61,12.28,12.41,10341629.0,128584991.0,1786866124.0000002,0.005787579081106358
2023-09-18,12.41,12.75,12.29,12.56,13160536.0,165531696.0,1786866124.0000002,0.007365149421792944
2023-09-19,12.56,12.58,12.4,12.44,7032366.0,87502609.0,1786866124.0000002,0.0039355863909141964
2023-09-20,12.44,12.49,12.2,12.25,11191608.0,137832063.0,1786866124.0000002,0.006263260492591889
2023-09-21,12.17,12.31,12.04,12.14,12302238.0,149453115.0,1786866124.0000002,0.006884812373330325
2023-09-22,12.13,12.28,12.07,12.21,13686463.0,167077548.0,1786866124.0000002,0.007659478690749413
2023-09-25,12.21,12.21,11.7,11.96,22547462.0,268090600.0,1786866124.0000002,0.012618439455064624
2023-09-26,12.0,12.47,11.93,11.99,19691183.0,239159549.0,1786866124.0000002,0.011019954285058682
2023-09-27,11.89,12.85,11.89,12.54,48728902.0,608059836.0,1786866124.0000002,0.027270594783518315
2023-09-28,12.51,13.26,12.5,12.91,42159787.0,544904268.0,1786866124.0000002,0.023594261726571295
2023-10-09,12.88,13.25,12.8,12.97,20058634.0,261412067.0,1786866124.0000002,0.011225594201258694
2023-10-10,13.01,13.05,12.79,12.82,11832551.0,152073194.0,1786866124.0000002,0.006621957202653867
2023-10-11,12.91,12.99,12.66,12.71,11155079.0,142531610.0,1786866124.0000002,0.006242817438963323
2023-10-12,12.73,13.47,12.57,13.24,37021751.0,484218064.0,1786866124.0000002,0.02071881631351583
2023-10-13,13.3,13.3,12.94,13.23,18727200.0,245313268.0,1786866124.0000002,0.010480471787152196
2023-10-16,13.14,13.33,12.9,12.99,14795492.0,192863305.0,1786866124.0000002,0.00828013458942266
2023-10-17,13.02,13.31,12.98,13.07,13813233.0,181446805.0,1786866124.0000002,0.007730424128853202
2023-10-18,13.0,13.04,12.65,12.76,13256677.0,169420647.0,1786866124.0000002,0.007418953676464683
2023-10-19,12.66,12.83,12.51,12.63,8926400.0,112918819.0,1786866124.0000002,0.004995561715624085
2023-10-20,12.52,13.45,12.52,13.18,34894907.0,458902909.0,1786866124.0000002,0.019528551429407476
2023-10-23,13.17,13.21,12.7,12.89,20759900.0,267751466.0,1786866124.0000002,0.011618050015704477
2023-10-24,12.96,13.12,12.49,13.0,27290704.0,349562025.0,1786866124.0000002,0.015272942742295783
2023-10-25,13.06,13.18,12.9,12.91,16803312.0,218652848.0,1786866124.0000002,0.009403788999247936
2023-10-26,12.76,12.98,12.55,12.7,20155114.0,256030554.0,1786866124.0000002,0.011279588173556978
2023-10-27,12.59,13.02,12.25,12.86,23283427.0,297213873.0,1786866124.0000002,0.013030314183739037
2023-10-30,12.79,13.43,12.72,13.17,26536789.0,347940469.0,1786866124.0000002,0.014851022493277731
2023-10-31,13.02,13.73,13.02,13.34,33598685.0,450460875.0,1786866124.0000002,0.018803135024345
2023-11-01,13.35,14.15,13.29,13.87,44312277.0,610748642.0,1786866124.0000002,0.02479887911289318
2023-11-02,13.87,13.95,13.62,13.82,22513002.0,310234044.0,1786866124.0000002,0.012599154294560905
2023-11-03,13.83,14.28,13.8,13.92,24742610.0,347485630.0,1786866124.0000002,0.013846929922546339
2023-11-06,13.97,14.39,13.87,13.95,24233484.0,341209596.0,1786866124.0000002,0.013562003148703712
2023-11-07,13.9,14.04,13.74,13.88,14612582.0,202494240.0,1786866124.0000002,0.008177771016940493
2023-11-08,14.0,14.08,13.65,13.79,17415213.0,241017436.0,1786866124.0000002,0.009746232672996825
2023-11-09,13.72,13.91,13.67,13.76,10738742.0,148250760.0,1786866124.0000002,0.006009819009809601
2023-11-10,13.7,13.95,13.62,13.85,12169514.0,168192912.0,1786866124.0000002,0.0068105348445231355
2023-11-13,13.76,13.87,13.5,13.77,14302266.0,195892704.0,1786866124.0000002,0.008004106075940135
2023-11-14,13.7,13.82,13.62,13.74,8109660.0,111229354.0,1786866124.0000002,0.0045384821454033
2023-11-15,13.86,14.03,13.73,13.87,14993888.0,208303207.0,1786866124.0000002,0.008391164731712154
2023-11-16,13.89,13.94,13.61,13.65,9679511.0,132588900.0,1786866124.0000002,0.0054170320148729835
2023-11-17,13.63,13.7,13.51,13.62,8054378.0,109526193.0,1786866124.0000002,0.00450754418130096
2023-11-20,13.61,13.65,13.34,13.4,15411090.0,207062257.0,1786866124.0000002,0.008624647248615027
2023-11-21,13.35,13.43,13.2,13.24,15792419.0,209888749.0,1786866124.0000002,0.008838053835084065
2023-11-22,13.2,13.39,12.88,13.23,22684200.0,297779060.0,1786866124.0000002,0.012694963374883477
2023-11-23,13.21,13.28,12.92,13.02,19102702.0,249098816.0,1786866124.0000002,0.010690617357072912
2023-11-24,13.0,13.02,12.72,12.79,18722731.0,240054713.0,1786866124.0000002,0.010477970760388089
2023-11-27,12.68,12.78,12.48,12.62,17521606.0,220340875.0,1786866124.0000002,0.009805774346864275
2023-11-28,12.6,12.91,12.53,12.85,14669865.0,187370796.0,1786866124.0000002,0.008209828818714567
2023-11-29,12.81,12.85,12.69,12.74,8624401.0,109941531.0,1786866124.0000002,0.0048265512923227815
2023-11-30,12.74,12.74,12.38,12.49,16796131.0,210112019.0,1786866124.0000002,0.009399770231471464
2023-12-01,12.51,12.55,12.25,12.33,13300441.0,163971538.0,1786866124.0000002,0.007443445718376604
2023-12-04,12.33,12.43,12.16,12.3,11690990.0,143546649.0,1786866124.0000002,0.006542734143859117
2023-12-05,12.28,12.58,12.2,12.29,18771600.0,233304914.0,1786866124.0000002,0.01050531975947852
2023-12-06,12.23,12.47,12.19,12.3,10745652.0,132698130.0,1786866124.0000002,0.0060136861154126385
2023-12-07,12.26,12.31,11.95,12.07,12939307.0,156012466.0,1786866124.0000002,0.00724134104184293
2023-12-08,12.12,12.23,12.01,12.01,9134496.0,110603950.0,1786866124.0000002,0.00511202035637226
2023-12-11,11.96,12.36,11.85,12.31,17310937.0,211403832.0,1786866124.0000002,0.009687875754927008
2023-12-12,12.26,12.3,12.03,12.13,12329486.0,149356226.0,1786866124.0000002,0.006900061417248066
2023-12-13,12.08,12.2,11.94,12.15,10085949.0,121896250.0,1786866124.0000002,0.005644490577403771
2023-12-14,12.24,12.24,12.03,12.1,7053742.0,85415562.0,1786866124.0000002,0.00394754923452788
2023-12-15,12.11,12.25,12.0,12.04,11159762.0,135010456.0,1786866124.0000002,0.00624543822847693
2023-12-18,11.97,12.01,11.62,11.74,19501718.0,229942709.0,1786866124.0000002,0.010913922278824284
2023-12-19,11.67,11.67,11.32,11.38,21463989.0,246029245.0,1786866124.0000002,0.01201208569109344
2023-12-20,11.36,11.55,10.72,10.88,35298576.0,388966278.0,1786866124.0000002,0.019754460351501964
2023-12-21,10.8,11.18,10.69,11.04,21983108.0,240655130.0,1786866124.0000002,0.01230260493762654
2023-12-22,11.0,11.2,10.75,10.99,20649364.0,226364702.0,1786866124.0000002,0.011556189757392255
2023-12-25,10.95,11.08,10.9,10.97,12809993.0,140738244.0,1786866124.0000002,0.007168971882081524
2023-12-26,10.95,10.96,10.66,10.76,12489068.0,134561840.0,1786866124.0000002,0.006989369730756616
2023-12-27,10.8,10.84,10.62,10.79,9906743.0,106457056.0,1786866124.0000002,0.005544199907838198
2023-12-28,10.75,11.49,10.73,11.4,27084304.0,304696347.0,1786866124.0000002,0.015157433249319351
2023-12-29,11.39,11.65,11.31,11.6,20107290.0,232416991.0,1786866124.0000002,0.011252823997238641
2024-01-02,11.56,11.65,11.47,11.56,11417979.0,132248879.0,1786866124.0000002,0.006389946536364018
2024-01-03,11.5,11.64,11.27,11.45,12650258.0,144549924.0,1786866124.0000002,0.007079577943803471
2024-01-04,11.45,11.45,11.15,11.2,12331177.0,138555651.0,1786866124.0000002,0.0069010077668247285
2024-01-05,11.16,11.32,10.82,10.89,16311199.0,179480068.0,1786866124.0000002,0.00912838336399062
2024-01-08,10.86,10.94,10.57,10.58,13004339.0,139458688.0,1786866124.0000002,0.007277735486354768
2024-01-09,10.59,10.84,10.38,10.54,16459996.0,173893654.0,1786866124.0000002,0.00921165597070774
2024-01-10,10.46,10.61,10.2,10.27,20000552.0,207494771.0,1786866124.0000002,0.01119308924791055
2024-01-11,10.2,10.55,10.16,10.43,23616100.0,244946779.0,1786866124.0000002,0.013216490974228126
2024-01-12,10.45,10.64,10.32,10.38,17258903.0,180562214.0,1786866124.0000002,0.0096587554983498
2024-01-15,10.31,10.43,10.2,10.22,12002564.0,123305402.0,1786866124.0000002,0.006717103110742055
2024-01-16,10.19,10.6,10.18,10.58,28789517.0,301085146.0,1786866124.0000002,0.01611173697532138
2024-01-17,10.55,10.61,10.19,10.19,15506660.0,161188790.0,1786866124.0000002,0.008678131949408426
2024-01-18,10.08,10.19,9.85,10.15,22260098.0,222717174.0,1786866124.0000002,0.01245761934876773
2024-01-19,10.11,10.25,9.8,9.8,13600014.0,136875348.0,1786866124.0000002,0.007611098457424222
2024-01-22,9.9,10.03,9.36,9.45,24511847.0,239047073.0,1786866124.0000002,0.013717785944214361
2024-01-23,9.45,9.76,9.3,9.61,19344870.0,185487266.0,1786866124.0000002,0.01082614401838646
2024-01-24,9.64,10.09,9.53,9.83,25510629.0,249960828.0,1786866124.0000002,0.014276743320251114
2024-01-25,9.84,9.96,9.57,9.91,20076245.0,196676831.0,1786866124.0000002,0.011235450003975786
2024-01-26,9.83,9.95,9.72,9.75,14006940.0,137650250.0,1786866124.0000002,0.007838830123794993
2024-01-29,9.72,10.11,9.48,9.52,13666865.0,132023172.0,1786866124.0000002,0.0076485108853068156
2024-01-30,9.45,9.63,9.13,9.16,18569420.0,173512463.0,1786866124.0000002,0.010392171943151124
2024-01-31,9.07,9.2,8.9,8.91,17109870.0,154882767.0,1786866124.0000002,0.00957535081682482
2024-02-01,8.9,9.2,8.81,8.97,15248046.0,137285028.0,1786866124.0000002,0.008533401464831843
2024-02-02,8.93,9.09,8.41,8.62,20007347.0,174254185.0,1786866124.0000002,0.011196891995026706
2024-02-05,8.58,8.58,7.9,8.15,22355759.0,184147037.0,1786866124.0000002,0.012511154976711616
2024-02-06,8.0,8.97,7.95,8.97,28495568.0,246171890.0,1786866124.0000002,0.01594723164610176
2024-02-07,9.1,9.87,9.1,9.87,47871316.0,467299724.0,1786866124.0000002,0.026790656198035345
2024-02-08,9.87,10.38,9.79,9.88,36895628.0,372817647.0,1786866124.0000002,0.020648232961855622
2024-02-19,9.88,9.96,9.61,9.73,29049280.0,282854587.0,1786866124.0000002,0.01625711048512776
2024-02-20,9.7,9.9,9.57,9.84,19949437.0,194938298.0,1786866124.0000002,0.011164483299589375
2024-02-21,9.74,10.13,9.67,9.78,20814415.0,205938309.0,1786866124.0000002,0.01164855873668127
2024-02-22,9.76,9.91,9.7,9.79,18777170.0,183713471.0,1786866124.0000002,0.010508436948799639
2024-02-23,9.82,9.85,9.56,9.76,26348988.0,255430507.0,1786866124.0000002,0.014745921726366556
2024-02-26,9.83,9.94,9.64,9.79,27512939.0,269173143.0,1786866124.0000002,0.015397314119096252
2024-02-27,9.79,9.96,9.7,9.96,27491190.0,269694756.0,1786866124.0000002,0.015385142530129469
2024-02-28,9.99,10.35,9.6,9.6,49424273.0,496407641.0,1786866124.0000002,0.027659751525962666
2024-02-29,9.6,10.12,9.53,9.99,46358098.0,459010448.0,1786866124.0000002,0.025943800364979102
2024-03-01,10.09,10.2,9.85,10.17,32138681.0,324098387.0,1786866124.0000002,0.017986059821905268
2024-03-04,10.17,10.3,9.85,9.94,38407521.0,384457404.0,1786866124.0000002,0.02149434727321519
2024-03-05,9.84,9.85,9.56,9.63,30269201.0,292712051.0,1786866124.0000002,0.01693982587360305
2024-03-06,9.57,10.59,9.55,10.59,68107992.0,700830536.0,1786866124.0000002,0.03811588964904457
2024-03-07,10.8,10.88,10.39,10.42,86308403.0,917245944.0,1786866124.0000002,0.0483015497584082
2024-03-08,10.41,10.86,10.41,10.67,65947997.0,701733723.0,1786866124.0000002,0.03690707217190491
2024-03-11,10.9,11.41,10.71,11.28,77445708.0,850623457.0,1786866124.0000002,0.04334163984632124
2024-03-12,11.16,11.47,11.06,11.3,59716397.0,674435152.0,1786866124.0000002,0.03341962567756419
2024-03-13,11.18,11.64,11.12,11.21,44263688.0,500821851.0,1786866124.0000002,0.024771686812727328
2024-03-14,11.08,11.18,10.69,10.84,42830827.0,466809340.0,1786866124.0000002,0.02396980189210862
2024-03-15,10.81,11.36,10.63,10.86,56629868.0,619975057.0,1786866124.0000002,0.03169228362404166
2024-03-18,10.9,11.03,10.71,11.02,38121647.0,416591916.0,1786866124.0000002,0.02133436102905267
2024-03-19,10.97,10.99,10.78,10.81,23395563.0,254405318.0,1786866124.0000002,0.013093069864477433
2024-03-20,10.86,10.86,10.66,10.82,20217343.0,217448395.0,1786866124.0000002,0.011314413949905962
2024-03-21,10.83,11.02,10.65,10.94,31425029.0,340843652.0,1786866124.0000002,0.017586672318602867
2024-03-22,10.85,10.94,10.6,10.81,26895604.0,289723749.0,1786866124.0000002,0.01505182936693247
2024-03-25,10.75,10.88,10.62,10.62,20428029.0,219417594.0,1786866124.0000002,0.011432322055706507
2024-03-26,10.6,10.64,10.35,10.56,20734383.0,217630520.0,1786866124.0000002,0.011603769706924052
2024-03-27,10.57,10.57,10.03,10.05,19767716.0,202671545.0,1786866124.0000002,0.01106278513789766
2024-03-28,10.0,10.3,9.91,10.13,15380247.0,156292800.0,1786866124.0000002,0.008607386302433476
2024-03-29,10.04,10.33,10.03,10.14,12629332.0,128196083.0,1786866124.0000002,0.00706786693774715
2024-04-01,10.16,10.34,10.15,10.34,18743018.0,192532847.0,1786866124.0000002,0.010489324157112958
2024-04-02,10.8,10.96,10.51,10.57,35473123.0,379728868.0,1786866124.0000002,0.019852143662890325
2024-04-03,10.39,10.55,10.26,10.3,18498702.0,191273438.0,1786866124.0000002,0.01035259539119227
2024-04-08,10.18,10.24,9.96,10.0,18795347.0,189906933.0,1786866124.0000002,0.01051860950719999
2024-04-09,10.0,10.39,10.0,10.29,16430804.0,168064112.0,1786866124.0000002,0.009195318988542199
2024-04-10,10.23,10.3,10.01,10.08,12475084.0,125989717.0,1786866124.0000002,0.006981543738751856
2024-04-11,10.0,10.36,9.91,10.25,19003841.0,193252450.0,1786866124.0000002,0.010635290884276677
2024-04-12,10.24,10.43,10.07,10.09,12398200.0,126311274.0,1786866124.0000002,0.006938516452618136
2024-04-15,10.1,10.25,9.95,10.1,17366700.0,175507108.0,1786866124.0000002,0.009719082905396217
2024-04-16,10.01,10.08,9.55,9.6,25435950.0,247267310.0,1786866124.0000002,0.014234950038148463
2024-04-17,9.72,9.95,9.72,9.95,16863231.0,166115994.0,1786866124.0000002,0.009437322009469132
2024-04-18,9.9,10.03,9.81,9.92,13121273.0,130436225.0,1786866124.0000002,0.007343176315093653
2024-04-19,9.85,9.92,9.43,9.53,23890511.0,229235684.0,1786866124.0000002,0.013370062076346128
2024-04-22,9.5,9.65,9.33,9.43,13343669.0,126474252.0,1786866124.0000002,0.007467637793775757
2024-04-23,9.48,9.49,9.12,9.21,20619013.0,190412804.0,1786866124.0000002,0.011539204153606751
2024-04-24,9.18,9.32,9.09,9.3,15031451.0,138653065.0,1786866124.0000002,0.008412186452083636
2024-04-25,9.28,9.39,9.17,9.27,11209642.0,104090403.0,1786866124.0000002,0.006273353022612901
2024-04-26,9.27,9.42,9.14,9.4,19512478.0,181473909.0,1786866124.0000002,0.010919943994640304
2024-04-29,9.6,10.34,9.6,10.34,45487706.0,465544101.0,1786866124.0000002,0.02545669504225264
2024-04-30,10.29,10.51,10.22,10.38,46954763.0,486497380.0,1786866124.0000002,0.02627771737867475
2024-05-06,10.49,10.65,10.4,10.59,29847835.0,315219715.0,1786866124.0000002,0.01670401301983606
2024-05-07,10.55,10.6,10.47,10.57,14356651.0,151318386.0,1786866124.0000002,0.008034542043844801
2024-05-08,10.57,10.7,10.45,10.59,20798600.0,220347968.0,1786866124.0000002,0.011639708045637557
2024-05-09,10.6,10.88,10.56,10.79,22003203.0,236685590.0,1786866124.0000002,0.012313850883660268
2024-05-10,10.76,10.93,10.66,10.89,21054714.0,227836276.0,1786866124.0000002,0.011783039432673243
2024-05-13,10.82,11.3,10.72,11.08,35794691.0,395820353.0,1786866124.0000002,0.02003210566210275
2024-05-14,11.19,11.28,10.97,11.07,26479089.0,294878414.0,1786866124.0000002,0.014818731322033835
2024-05-15,11.07,11.15,10.78,10.84,25980336.0,283114506.0,1786866124.0000002,0.014539609683707898
2024-05-16,10.81,10.96,10.68,10.74,26309540.0,284577120.0,1786866124.0000002,0.01472384508644924
2024-05-17,10.7,10.85,10.6,10.85,16903532.0,181563982.0,1786866124.0000002,0.009459876021467402
2024-05-20,10.85,11.05,10.79,10.93,17396718.0,190049295.0,1786866124.0000002,0.009735882149389271
2024-05-21,10.91,10.91,10.68,10.77,19823449.0,213736547.0,1786866124.0000002,0.011093975499196378
2024-05-22,10.75,10.88,10.64,10.78,18020191.0,193618467.0,1786866124.0000002,0.010084801965835465
2024-05-23,10.7,10.77,10.48,10.53,13194551.0,139637543.0,1786866124.0000002,0.007384185542934384
2024-05-24,10.5,10.7,10.32,10.35,13353700.0,140303207.0,1786866124.0000002,0.0074732515327488504
2024-05-27,10.35,10.64,10.27,10.56,11972180.0,125219462.0,1786866124.0000002,0.006700099038869013
2024-05-28,10.53,11.23,10.53,10.79,31667475.0,346663703.0,1786866124.0000002,0.01772235455956296
2024-05-29,10.6,10.91,10.56,10.81,16042407.0,173125543.0,1786866124.0000002,0.008977956873505537
2024-05-30,10.86,11.18,10.75,10.79,17555231.0,191326523.0,1786866124.0000002,0.009824592208789335
2024-05-31,10.77,10.85,10.62,10.67,13513781.0,144367018.0,1786866124.0000002,0.007562839106126564
2024-06-03,10.64,10.78,10.51,10.64,11862000.0,126053774.0,1786866124.0000002,0.006638438012046614
2024-06-04,10.64,10.83,10.45,10.8,12728042.0,135523800.0,1786866124.0000002,0.007123108905051914
2024-06-05,10.91,10.91,10.59,10.6,11891800.0,127676660.0,1786866124.0000002,0.006655115254734102
2024-06-06,10.6,10.68,10.27,10.35,16823442.0,175742508.0,1786866124.0000002,0.009415054532647236
2024-06-07,10.37,10.44,9.99,10.02,26297400.0,266043692.0,1786866124.0000002,0.014717051068790645
2024-06-11,9.96,10.08,9.85,10.06,13170372.0,131860791.0,1786866124.0000002,0.007370654031157848
2024-06-12,10.06,10.17,9.93,10.1,14215480.0,142681453.0,1786866124.0000002,0.00795553724426643
2024-06-13,10.11,10.3,10.04,10.15,15153900.0,154702582.0,1786866124.0000002,0.008480713689997739
2024-06-14,10.11,10.21,9.97,10.14,11046657.0,111209712.0,1786866124.0000002,0.006182140257531682
2024-06-17,10.09,10.33,10.05,10.12,11794900.0,120042334.0,1786866124.0000002,0.006600886234048947
2024-06-18,10.09,10.15,9.8,9.85,19766411.0,195899949.0,1786866124.0000002,0.011062054808981312
2024-06-19,9.84,9.85,9.51,9.57,17320180.0,166459591.0,1786866124.0000002,0.009693048498355212
2024-06-20,9.51,9.59,9.13,9.27,25430900.0,236412141.0,1786866124.0000002,0.014232123861115852
2024-06-21,9.26,9.39,9.11,9.14,21073004.0,194202665.0,1786866124.0000002,0.011793275230282443
2024-06-24,9.06,9.13,8.92,9.01,15422760.0,139146577.0,1786866124.0000002,0.008631178235935934
2024-06-25,9.02,9.09,8.89,8.99,13734623.0,123152208.0,1786866124.0000002,0.007686430905777247
2024-06-26,8.94,9.09,8.83,9.08,15233580.0,136192343.0,1786866124.0000002,0.008525305726821199
2024-06-27,9.02,9.04,8.76,8.79,17025627.0,151058719.0,1786866124.0000002,0.009528205147169715
2024-06-28,8.74,9.08,8.72,8.94,16036470.0,144077775.0,1786866124.0000002,0.008974634296665417
2024-07-01,8.91,9.26,8.87,9.18,16817400.0,152576149.0,1786866124.0000002,0.009411673193710397
2024-07-02,9.14,9.17,8.94,8.97,12292800.0,111244118.0,1786866124.0000002,0.006879530500293931
2024-07-03,8.93,8.98,8.7,8.71,14011600.0,122973347.0,1786866124.0000002,0.007841438041611224
2024-07-04,8.72,8.8,8.58,8.62,10726319.0,92891488.0,1786866124.0000002,0.006002866614309377
2024-07-05,8.59,8.66,8.49,8.63,7401400.0,63499339.0,1786866124.0000002,0.004142112215677104
2024-07-08,8.63,8.64,8.3,8.33,12319321.0,103625779.0,1786866124.0000002,0.00689437268664678
2024-07-09,8.35,8.62,8.31,8.58,14628863.0,124023057.0,1786866124.0000002,0.008186882499765829
2024-07-10,8.34,8.34,7.77,7.94,43415803.0,343360226.0,1786866124.0000002,0.02429717728534205
2024-07-11,8.04,8.24,7.97,8.02,25978683.0,209901389.0,1786866124.0000002,0.014538684600413857
2024-07-12,7.95,8.04,7.84,7.87,19741189.0,156348325.0,1786866124.0000002,0.011047939593710714
2024-07-15,7.8,7.8,7.65,7.7,13179901.0,101362672.0,1786866124.0000002,0.007375986831344729
2024-07-16,7.69,7.7,7.56,7.68,12337021.0,94258616.0,1786866124.0000002,0.006904278297236328
2024-07-17,7.71,7.76,7.56,7.57,12002584.0,91403978.0,1786866124.0000002,0.006717114303522382
2024-07-18,7.52,7.57,7.41,7.54,15309860.0,114747426.0,1786866124.0000002,0.008567994990989038
2024-07-19,7.54,7.72,7.47,7.71,17163698.0,131197200.0,1786866124.0000002,0.009605475065797373
2024-07-22,7.72,8.48,7.72,8.48,54287093.0,444438831.0,1786866124.0000002,0.03038117532749196
2024-07-23,8.5,8.58,8.21,8.38,46315227.0,387141390.0,1786866124.0000002,0.02591980808070879
2024-07-24,8.3,8.69,8.23,8.44,37524120.0,317370849.0,1786866124.0000002,0.020999961606524918
2024-07-25,8.42,9.01,8.36,8.83,49818903.0,432032553.0,1786866124.0000002,0.02788060187098829
2024-07-26,8.76,9.0,8.6,8.75,38986293.0,342069508.0,1786866124.0000002,0.021818250665991135
2024-07-29,8.65,8.68,8.4,8.43,31628225.0,268516490.0,1786866124.0000002,0.017700388728170882
2024-07-30,8.42,8.51,8.2,8.29,19894800.0,164966744.0,1786866124.0000002,0.011133906302652586
2024-07-31,8.22,8.57,8.12,8.51,29059382.0,243259896.0,1786866124.0000002,0.016262763958471014
2024-08-01,8.46,8.56,8.32,8.41,19073299.0,161046157.0,1786866124.0000002,0.010674162291074917
2024-08-02,8.32,8.45,8.15,8.16,16693460.0,138184764.0,1786866124.0000002,0.009342311534022903
2024-08-05,8.1,8.2,7.86,7.9,22922932.0,184629506.0,1786866124.0000002,0.012828567116536816
2024-08-06,7.97,8.18,7.91,8.04,19140913.0,154291000.0,1786866124.0000002,0.010712001723526992
2024-08-07,8.05,8.07,7.95,7.95,11375253.0,90816110.0,1786866124.0000002,0.006366035399751078
2024-08-08,7.9,8.22,7.85,8.11,21386080.0,172025229.0,1786866124.0000002,0.011968484774967952
2024-08-09,8.16,8.23,7.92,7.92,12232384.0,98347389.0,1786866124.0000002,0.006845719349481606
2024-08-12,8.13,8.24,7.83,7.86,20725724.0,165441700.0,1786866124.0000002,0.011598923792681402
2024-08-13,7.85,7.99,7.75,7.92,12562261.0,98933075.0,1786866124.0000002,0.007030331389280956
2024-08-14,7.96,8.02,7.73,7.73,12840600.0,100387552.0,1786866124.0000002,0.007186100753455214
2024-08-15,7.7,7.85,7.64,7.73,13587600.0,105281917.0,1786866124.0000002,0.007604151098675145
2024-08-16,7.73,7.75,7.52,7.53,15823000.0,120168000.0,1786866124.0000002,0.00885516815584333
2024-08-19,7.5,7.57,7.3,7.32,16940013.0,125529053.0,1786866124.0000002,0.009480292212423183
2024-08-20,7.38,7.41,7.05,7.18,17506200.0,125998386.0,1786866124.0000002,0.009797152548178253
2024-08-21,7.13,7.22,7.07,7.19,10475500.0,74996410.0,1786866124.0000002,0.0058624985158653095
2024-08-22,7.31,7.35,7.04,7.07,14829690.0,105807543.0,1786866124.0000002,0.008299273124504092
2024-08-23,7.0,7.09,6.83,6.88,16960140.0,117451963.0,1786866124.0000002,0.009491556066905434
2024-08-26,6.88,7.08,6.88,6.92,16424617.0,114504026.0,1786866124.0000002,0.009191856501947987
2024-08-27,6.86,6.87,6.55,6.6,28608900.0,190711184.0,1786866124.0000002,0.016010656655103723
2024-08-28,6.58,6.8,6.38,6.73,30320690.0,199317071.0,1786866124.0000002,0.01696864112691634
2024-08-29,6.68,7.17,6.64,6.99,37053515.0,256944685.0,1786866124.0000002,0.020736592687231443
2024-08-30,6.9,7.29,6.8,7.17,30328790.0,216008094.0,1786866124.0000002,0.016973174202948846
2024-09-02,7.17,7.19,6.87,6.89,19813738.0,139182532.0,1786866124.0000002,0.01108854084470852
2024-09-03,6.89,7.12,6.88,7.08,16138793.0,113468480.0,1786866124.0000002,0.009031898239736285
2024-09-04,7.02,7.14,7.0,7.02,14114878.0,99801695.0,1786866124.0000002,0.007899236439942715
2024-09-05,7.02,7.17,7.01,7.05,11975007.0,84668992.0,1786866124.0000002,0.006701681138368259
2024-09-06,7.04,7.06,6.87,6.88,11330667.0,78451397.0,1786866124.0000002,0.0063410833345677094
2024-09-09,6.81,6.9,6.8,6.83,8541667.0,58409562.0,1786866124.0000002,0.004780250117943362
2024-09-10,6.83,6.89,6.7,6.81,8218076.0,55694636.0,1786866124.0000002,0.004599155969000842
2024-09-11,6.76,6.9,6.73,6.86,9318335.0,63740776.0,1786866124.0000002,0.005214903833500623
2024-09-12,6.82,7.07,6.82,6.88,13582166.0,94658389.0,1786866124.0000002,0.007601110020260252
2024-09-13,7.02,7.45,6.84,6.86,43209744.0,307769420.0,1786866124.0000002,0.0241818586292702
2024-09-18,6.82,6.94,6.75,6.89,18762924.0,128385249.0,1786866124.0000002,0.010500464331372594
2024-09-19,6.97,7.03,6.83,6.9,19249973.0,133031890.0,1786866124.0000002,0.01077303595465107
2024-09-20,6.87,6.93,6.65,6.76,19903250.0,133838086.0,1786866124.0000002,0.011138635252340818
2024-09-23,6.7,6.79,6.66,6.7,9157750.0,61533139.0,1786866124.0000002,0.005125034202058665
2024-09-24,6.72,7.07,6.71,7.07,34120438.0,236119320.0,1786866124.0000002,0.01909512836004719
2024-09-25,7.15,7.36,7.07,7.08,29563012.0,213054183.0,1786866124.0000002,0.01654461495627973
2024-09-26,7.07,7.38,7.02,7.38,24503000.0,176670354.0,1786866124.0000002,0.013712834817836637
2024-09-27,7.49,8.11,7.49,7.89,42553725.0,330742369.0,1786866124.0000002,0.023814724801397597
2024-09-30,8.21,8.68,8.15,8.68,53920288.0,455425181.0,1786866124.0000002,0.030175896938096518
2024-10-08,9.55,9.55,8.81,9.12,71784483.0,657972691.0,1786866124.0000002,0.040173397455936094
2024-10-09,9.0,9.0,8.5,8.59,55897399.0,487049550.0,1786866124.0000002,0.031282365393368435
2024-10-10,8.57,8.98,8.56,8.72,45357178.0,399389298.0,1786866124.0000002,0.025383646480725375
2024-10-11,8.59,8.59,8.12,8.24,27186319.0,226739136.0,1786866124.0000002,0.015214524823573182
2024-10-14,8.3,8.43,8.08,8.37,22625384.0,187112188.0,1786866124.0000002,0.012662047646497325
2024-10-15,8.28,8.34,8.02,8.03,24905587.0,203379356.0,1786866124.0000002,0.013938138210515427
2024-10-16,7.95,8.06,7.72,7.88,32638775.0,256797870.0,1786866124.0000002,0.018265931936152145
2024-10-17,7.92,8.03,7.71,7.73,19403276.0,152898336.0,1786866124.0000002,0.010858830294775905
2024-10-18,7.7,8.09,7.68,7.92,30203733.0,237771684.0,1786866124.0000002,0.01690318742648008
2024-10-21,7.97,8.15,7.9,7.94,34881096.0,278478884.0,1786866124.0000002,0.019520822254952545
2024-10-22,7.94,8.73,7.87,8.73,45611235.0,384079873.0,1786866124.0000002,0.025525826690304412
2024-10-23,9.05,9.6,9.01,9.6,148047146.0,1410671697.0,1786866124.0000002,0.08285295916214928
2024-10-24,9.3,9.35,8.97,9.14,139607734.0,1279891939.0,1786866124.0000002,0.07812993493182369
2024-10-25,9.12,9.87,9.11,9.77,118302402.0,1126153440.0,1786866124.0000002,0.06620663988814866
2024-10-28,9.6,9.87,9.3,9.58,97501449.0,922386517.0,1786866124.0000002,0.054565615011905606
2024-10-29,9.49,9.52,9.01,9.02,68340000.0,628357301.0,1786866124.0000002,0.03824573037795191
2024-10-30,8.89,9.36,8.87,8.91,58331264.0,530117838.0,1786866124.0000002,0.03264445120791824
2024-10-31,9.16,9.27,8.98,9.16,55941296.0,511385549.0,1786866124.0000002,0.03130693186726953
2024-11-01,9.02,9.35,8.93,9.06,53958084.0,492965528.0,1786866124.0000002,0.03019704905435881
2024-11-04,9.12,9.68,9.12,9.49,63892673.0,605669305.0,1786866124.0000002,0.035756832670246534
2024-11-05,9.4,9.6,9.37,9.56,51371938.0,487684976.0,1786866124.0000002,0.028749740850758886
2024-11-06,9.55,10.08,9.48,9.8,74239500.0,728935244.0,1786866124.0000002,0.04154732075495992
2024-11-07,9.59,9.85,9.5,9.75,47811916.0,463864785.0,1786866124.0000002,0.02675741364046364
2024-11-08,9.79,9.95,9.46,9.48,51333810.0,496952021.0,1786866124.0000002,0.028728402934343162
2024-11-11,9.38,9.6,9.35,9.6,40044879.0,379935909.0,1786866124.0000002,0.022410676693762198
2024-11-12,9.6,9.71,9.22,9.31,42698892.0,404288494.0,1786866124.0000002,0.023895965918485338
2024-11-13,9.23,9.4,9.1,9.29,27600249.0,254940197.0,1786866124.0000002,0.01544617620161453
2024-11-14,9.33,9.33,9.01,9.04,27180476.0,248093693.0,1786866124.0000002,0.015211254852800598
2024-11-15,9.0,9.08,8.64,8.66,30404538.0,269285160.0,1786866124.0000002,0.017015565739159983
2024-11-18,8.66,9.19,8.55,8.65,45449630.0,400591593.0,1786866124.0000002,0.02543538622706577
2024-11-19,8.69,8.81,8.47,8.73,26982577.0,233032334.0,1786866124.0000002,0.015100502851102234
2024-11-20,8.69,9.08,8.66,8.85,34592692.0,305755654.0,1786866124.0000002,0.01935942012407864
2024-11-21,8.81,8.87,8.61,8.7,22032103.0,192170427.0,1786866124.0000002,0.012330024451233034
2024-11-22,8.7,8.96,8.33,8.33,37228070.0,322274745.0,1786866124.0000002,0.020834280475731933
2024-11-25,8.38,8.6,8.34,8.47,24989249.0,210928416.0,1786866124.0000002,0.013984958729902026
2024-11-26,8.46,8.74,8.46,8.58,31007349.0,268291771.0,1786866124.0000002,0.017352922294250173
2024-11-27,8.55,9.15,8.53,9.13,61060769.0,545508914.0,1786866124.0000002,0.03417198870126433
2024-11-28,9.03,9.4,9.01,9.03,34096883.0,312795401.0,1786866124.0000002,0.019081946063016858
2024-11-29,9.0,9.27,8.93,9.18,33919503.0,311803492.0,1786866124.0000002,0.018982677294295158
2024-12-02,9.23,9.45,9.18,9.38,31636468.0,295583721.0,1786866124.0000002,0.017705001832582726
2024-12-03,9.35,9.8,9.3,9.52,37784685.0,361342781.0,1786866124.0000002,0.021145783946822417
2024-12-04,9.39,9.44,9.01,9.05,32893500.0,301369051.0,1786866124.0000002,0.018408485984594106
2024-12-05,9.06,9.14,8.8,9.1,28384960.0,254485383.0,1786866124.0000002,0.01588533109378036
2024-12-06,9.1,9.14,8.92,9.08,20164940.0,182319599.0,1786866124.0000002,0.011285087186531718
2024-12-09,9.07,9.08,8.94,9.01,18718020.0,168510558.0,1786866124.0000002,0.010475334300982023
2024-12-10,9.22,9.3,8.97,8.97,24391160.0,221560672.0,1786866124.0000002,0.013650244790247082
2024-12-11,8.97,9.07,8.94,8.96,16812040.0,151071542.0,1786866124.0000002,0.009408673528582713
2024-12-12,8.95,9.07,8.87,9.0,20114336.0,180649501.0,1786866124.0000002,0.011256767213747904
2024-12-13,8.99,9.1,8.92,8.96,22823807.0,205696350.0,1786866124.0000002,0.012773092899040262
2024-12-16,8.98,9.2,8.78,8.82,28355152.0,254030840.0,1786866124.0000002,0.015868649373980744
2024-12-17,8.79,8.87,8.53,8.6,19563705.0,169601735.0,1786866124.0000002,0.01094861262253131
2024-12-18,8.62,8.67,8.52,8.55,12309910.0,105707842.0,1786866124.0000002,0.006889105923863829
2024-12-19,8.5,8.56,8.4,8.5,15479060.0,131128339.0,1786866124.0000002,0.008662685912556926
2024-12-20,8.82,9.05,8.53,8.7,30925135.0,270032407.0,1786866124.0000002,0.017306912132159263
2024-12-23,8.64,8.66,8.4,8.43,19910574.0,169303989.0,1786866124.0000002,0.011142734048496628
2024-12-24,8.46,8.95,8.46,8.62,36937704.0,322631096.0,1786866124.0000002,0.02067178033310793
2024-12-25,8.62,8.66,8.25,8.31,25028559.0,209044180.0,1786866124.0000002,0.014006958139635086
2024-12-26,8.28,8.32,8.05,8.07,32841758.0,267138979.0,1786866124.0000002,0.018379529142609676
2024-12-27,8.06,8.12,8.01,8.04,19152823.0,154433815.0,1786866124.0000002,0.010718667024211825
2024-12-30,8.02,8.05,7.87,7.92,19104784.0,151799667.0,1786866124.0000002,0.01069178252550497
2024-12-31,7.93,8.09,7.88,7.91,27133024.0,217095063.0,1786866124.0000002,0.015184698862196347
2025-01-02,7.91,7.92,7.43,7.52,36298562.0,277770232.0,1786866124.0000002,0.020314091532914413
2025-01-03,7.58,7.89,7.48,7.62,37605652.0,289652462.0,1786866124.0000002,0.021045590094806676
2025-01-06,7.6,7.68,7.42,7.49,22157933.0,166683564.0,1786866124.0000002,0.012400443828661446
2025-01-07,7.47,7.57,7.38,7.5,27512948.0,205211367.0,1786866124.0000002,0.0153973191558474
2025-01-08,7.46,7.6,7.22,7.56,31040767.0,230493617.0,1786866124.0000002,0.017371624310898847
2025-01-09,7.53,7.86,7.48,7.62,28371044.0,217845303.0,1786866124.0000002,0.015877543157228714
2025-01-10,7.57,7.8,7.45,7.71,31690084.0,242574754.0,1786866124.0000002,0.017735007438083816
2025-01-13,7.63,8.0,7.59,7.7,25127555.0,195356137.0,1786866124.0000002,0.01406236016369853
2025-01-14,7.68,7.87,7.63,7.87,29516430.0,229844937.0,1786866124.0000002,0.016518545851619715
2025-01-15,7.85,7.85,7.58,7.61,26692810.0,204639799.0,1786866124.0000002,0.01493833793224903
2025-01-16,7.61,7.8,7.48,7.59,27192916.0,207414231.0,1786866124.0000002,0.0152182167621641
2025-01-17,7.6,8.35,7.56,8.04,84551281.0,690885049.0,1786866124.0000002,0.047318195730706
2025-01-20,7.88,8.04,7.83,7.83,54105952.0,426653923.0,1786866124.0000002,0.030279801756429733
2025-01-21,7.88,7.95,7.66,7.89,35063818.0,273400937.0,1786866124.0000002,0.019623080615299635
2025-01-22,7.74,7.95,7.6,7.64,45674713.0,353991687.0,1786866124.0000002,0.02556135145578483
2025-01-23,7.71,7.73,7.43,7.44,37449567.0,282504708.0,1786866124.0000002,0.02095823883893833
2025-01-24,7.42,7.46,7.3,7.35,30725097.0,226037745.0,1786866124.0000002,0.017194963062604905
2025-01-27,7.36,7.4,7.16,7.16,19845397.0,144540709.0,1786866124.0000002,0.011106258456327418
2025-02-05,7.2,7.22,7.1,7.12,21987000.0,156981583.0,1786866124.0000002,0.012304783052678207
2025-02-06,7.12,7.23,7.05,7.22,29794793.0,212945752.0,1786866124.0000002,0.016674328647130362
2025-02-07,7.22,7.49,7.2,7.4,40140952.0,295473746.0,1786866124.0000002,0.022464442892980826
2025-02-10,7.46,7.49,7.3,7.39,32711980.0,240661241.0,1786866124.0000002,0.01830690031034468
2025-02-11,7.39,7.39,7.26,7.29,23345594.0,170386652.0,1786866124.0000002,0.013065105262469007
2025-02-12,7.29,7.34,7.22,7.33,20733281.0,151162413.0,1786866124.0000002,0.011603152984728025
2025-02-13,7.32,7.35,7.28,7.29,18210805.0,133037302.0,1786866124.0000002,0.010191476997299657
2025-02-14,7.29,7.41,7.27,7.34,21631987.0,159011919.0,1786866124.0000002,0.012106103926563666
2025-02-17,7.36,7.42,7.28,7.4,27596100.0,202748705.0,1786866124.0000002,0.015443854259335657
2025-02-18,7.47,7.48,7.21,7.25,26091881.0,191468140.0,1786866124.0000002,0.014602034617787626
2025-02-19,7.19,7.44,7.19,7.41,28457362.0,208897541.0,1786866124.0000002,0.015925850077842762
2025-02-20,7.4,7.4,7.26,7.35,20206817.0,147725710.0,1786866124.0000002,0.01130852318961977
2025-02-21,7.32,7.37,7.23,7.28,24167097.0,175830713.0,1786866124.0000002,0.013524850393324708
2025-02-24,7.27,7.34,7.21,7.3,17801540.0,129851862.0,1786866124.0000002,0.009962436335269624
2025-02-25,7.24,7.47,7.21,7.4,38805937.0,286394940.0,1786866124.0000002,0.021717316411556747
2025-02-26,7.39,7.54,7.36,7.47,28940880.0,215415288.0,1786866124.0000002,0.01619644561575448
2025-02-27,7.5,7.53,7.28,7.37,29463065.0,217396112.0,1786866124.0000002,0.016488680715511732
2025-02-28,7.34,7.4,7.21,7.23,20204871.0,147223503.0,1786866124.0000002,0.011307434132093936
2025-03-03,7.22,7.4,7.22,7.33,27823699.0,204470023.0,1786866124.0000002,0.015571227539819875
2025-03-04,7.29,7.31,7.22,7.3,16204602.0,117738225.0,1786866124.0000002,0.009068727523763833
2025-03-05,7.27,7.43,7.26,7.37,20646235.0,151612903.0,1786866124.0000002,0.011554438646910067
2025-03-06,7.37,7.45,7.34,7.43,24496740.0,181613187.0,1786866124.0000002,0.013709331477594231
2025-03-07,7.4,7.54,7.31,7.47,32646145.0,242080932.0,1786866124.0000002,0.018270056475702706
2025-03-10,7.48,7.5,7.35,7.42,18890581.0,140018560.0,1786866124.0000002,0.010571906169283893
2025-03-11,7.34,7.43,7.31,7.43,14671060.0,108148171.0,1786866124.0000002,0.008210497587339115
2025-03-12,7.43,7.46,7.37,7.39,13779993.0,101953361.0,1786866124.0000002,0.00771182172794944
2025-03-13,7.39,7.45,7.3,7.36,19771202.0,145563204.0,1786866124.0000002,0.011064736039508687
2025-03-14,7.36,7.61,7.36,7.5,29813050.0,223089926.0,1786866124.0000002,0.016684545976652025
2025-03-17,7.51,7.89,7.5,7.66,45888582.0,353810893.0,1786866124.0000002,0.025681040892574444
2025-03-18,7.64,7.7,7.56,7.63,22078114.0,168246390.0,1786866124.0000002,0.012355774002014713
2025-03-19,7.62,7.69,7.54,7.59,19998811.0,152157791.0,1786866124.0000002,0.011192114916383068
2025-03-20,7.58,7.84,7.55,7.71,41839442.0,323425029.0,1786866124.0000002,0.023414984165875872
2025-03-21,7.65,8.05,7.65,7.86,61365552.0,484760922.0,1786866124.0000002,0.03434255715958718
2025-03-24,8.05,8.1,7.68,7.88,52376362.0,412019613.0,1786866124.0000002,0.02931185571012593
2025-03-25,7.8,7.89,7.7,7.75,26557235.0,206629286.0,1786866124.0000002,0.014862464872606201
2025-03-26,7.72,7.81,7.68,7.72,21176266.0,164114889.0,1786866124.0000002,0.011851064674389672
2025-03-27,7.72,7.72,7.4,7.5,33465601.0,250741875.0,1786866124.0000002,0.01872865602549192
2025-03-28,7.47,7.52,7.37,7.38,18019529.0,133678356.0,1786866124.0000002,0.010084431484806635
2025-03-31,7.32,7.39,7.25,7.29,16589036.0,121245560.0,1786866124.0000002,0.009283871789378664
2025-04-01,7.36,7.45,7.33,7.38,14526970.0,107313817.0,1786866124.0000002,0.008129859201471995
2025-04-02,7.37,7.47,7.32,7.4,12201757.0,90420509.0,1786866124.0000002,0.006828579285327588
2025-04-03,7.34,7.4,7.32,7.35,12163515.0,89448358.0,1786866124.0000002,0.0068071775700640005
2025-04-07,7.0,7.02,6.62,6.62,28663906.0,193321381.0,1786866124.0000002,0.016041440158837548
2025-04-08,6.62,6.75,6.45,6.64,23989116.0,159000226.0,1786866124.0000002,0.013425245281554175
2025-04-09,6.55,6.67,6.1,6.6,29919162.0,193348823.0,1786866124.0000002,0.016743930391955875
2025-04-10,6.7,6.78,6.61,6.64,25026416.0,167459404.0,1786866124.0000002,0.014005758833223029
2025-04-11,6.6,6.69,6.55,6.64,13894379.0,92166987.0,1786866124.0000002,0.0077758365964746435
2025-04-14,6.68,6.92,6.68,6.87,27132960.0,185421533.0,1786866124.0000002,0.0151846630452993
2025-04-15,6.83,7.12,6.79,7.02,27322302.0,189710900.0,1786866124.0000002,0.015290626215934685
2025-04-16,6.97,7.03,6.79,6.84,16977600.0,116877081.0,1786866124.0000002,0.009501327364131057
2025-04-17,6.79,6.89,6.73,6.82,10904720.0,74583197.0,1786866124.0000002,0.006102706774466781
2025-04-18,6.83,6.95,6.82,6.86,9825264.0,67601737.0,1786866124.0000002,0.00549860108042431
2025-04-21,6.84,6.99,6.82,6.94,11397200.0,79102644.0,1786866124.0000002,0.006378317797243101
2025-04-22,6.97,7.0,6.91,6.91,9342916.0,64962682.0,1786866124.0000002,0.005228660320161735
2025-04-23,6.94,6.98,6.84,6.84,11881679.0,81654389.0,1786866124.0000002,0.006649451148249537
2025-04-24,6.84,6.94,6.79,6.88,13906871.0,95664797.0,1786866124.0000002,0.007782827607066996
2025-04-25,6.7,6.84,6.6,6.76,23844155.0,159616970.0,1786866124.0000002,0.013344119450103805
2025-04-28,6.76,6.8,6.46,6.48,29602357.0,195085416.0,1786866124.0000002,0.016566633953378367
2025-04-29,6.47,6.5,6.39,6.42,16636558.0,106994424.0,1786866124.0000002,0.009310466954714061
2025-04-30,6.45,6.47,6.41,6.43,12991148.0,83643541.0,1786866124.0000002,0.00727035328808998
2025-05-06,6.43,6.58,6.43,6.57,13904408.0,90857355.0,1786866124.0000002,0.007781449216169705
2025-05-07,6.64,6.76,6.62,6.72,21423586.0,143213014.0,1786866124.0000002,0.011989474595915501
2025-05-08,6.68,6.76,6.64,6.7,14208767.0,95353648.0,1786866124.0000002,0.007951780387549614
2025-05-09,6.71,6.73,6.52,6.54,22310100.0,146766952.0,1786866124.0000002,0.012485602418863696
2025-05-12,6.6,6.68,6.58,6.67,15770188.0,104780251.0,1786866124.0000002,0.008825612500111395
2025-05-13,6.73,6.8,6.67,6.7,17414326.0,117012125.0,1786866124.0000002,0.009745736273189316
2025-05-14,6.66,6.7,6.59,6.68,13706880.0,90981704.0,1786866124.0000002,0.007670904840546408
2025-05-15,6.66,6.67,6.58,6.59,12100860.0,79966328.0,1786866124.0000002,0.006772113387494047
2025-05-16,6.57,6.61,6.53,6.55,9607620.0,63023161.0,1786866124.0000002,0.005376799006347942
2025-05-19,6.55,6.61,6.48,6.6,11284874.0,73989332.0,1786866124.0000002,0.006315455785091597
2025-05-20,6.6,6.64,6.54,6.61,12074724.0,79422733.0,1786866124.0000002,0.006757486662162497
2025-05-21,6.61,6.64,6.55,6.57,9875973.0,65020251.0,1786866124.0000002,0.005526979815304842
2025-05-22,6.55,6.56,6.44,6.45,14753400.0,95741523.0,1786866124.0000002,0.00825657826394609
2025-05-23,6.44,6.49,6.33,6.34,18316892.0,117252042.0,1786866124.0000002,0.010250847421628101
2025-05-26,6.34,6.4,6.32,6.36,7972300.0,50701026.0,1786866124.0000002,0.004461610130116272
2025-05-27,6.37,6.39,6.31,6.36,7964325.0,50536116.0,1786866124.0000002,0.004457147008960812
2025-05-28,6.36,6.38,6.33,6.37,7417158.0,47144134.0,1786866124.0000002,0.0041509310072968845
2025-05-29,6.37,6.69,6.36,6.62,32719955.0,215352616.0,1786866124.0000002,0.018311363431500142
2025-05-30,6.58,6.72,6.53,6.62,21909809.0,145288857.0,1786866124.0000002,0.012261583957366465
2025-06-03,6.54,6.67,6.49,6.64,18575007.0,122528985.0,1786866124.0000002,0.01039529864633552
2025-06-04,6.65,6.73,6.58,6.72,20675567.0,137553652.0,1786866124.0000002,0.0115708539785379
2025-06-05,6.72,6.79,6.64,6.68,16241800.0,108941120.0,1786866124.0000002,0.009089544975894343
2025-06-06,6.68,6.71,6.6,6.62,10616818.0,70469150.0,1786866124.0000002,0.005941585582379085
2025-06-09,6.61,6.86,6.61,6.75,24888501.0,168255648.0,1786866124.0000002,0.013928576218281922
2025-06-10,6.75,6.77,6.52,6.6,23272600.0,154201600.0,1786866124.0000002,0.013024254972108922
2025-06-11,6.61,6.72,6.59,6.66,14168385.0,94417021.0,1786866124.0000002,0.007929181044791019
2025-06-12,6.65,6.67,6.59,6.66,14639400.0,97122084.0,1786866124.0000002,0.0081927794160812
2025-06-13,6.65,6.99,6.61,6.81,63810874.0,437087308.0,1786866124.0000002,0.03571105475834741
2025-06-16,6.84,7.22,6.83,7.1,47821101.0,338513078.0,1786866124.0000002,0.026762553924828895
2025-06-17,7.05,7.25,7.03,7.12,28309819.0,201169310.0,1786866124.0000002,0.015843279258452154
2025-06-18,7.12,7.2,7.05,7.1,21657199.0,154030698.0,1786866124.0000002,0.0121202135454441
2025-06-19,7.08,7.15,6.9,6.94,22819060.0,159701779.0,1786866124.0000002,0.012770436292629608
2025-06-20,6.93,6.97,6.78,6.79,17624869.0,120814827.0,1786866124.0000002,0.00986356435061052
2025-06-23,6.81,7.07,6.78,6.97,25633300.0,178360953.0,1786866124.0000002,0.014345394798026849
2025-06-24,6.97,7.02,6.92,7.01,16377997.0,114366630.0,1786866124.0000002,0.009165766131005346
2025-06-25,7.0,7.07,6.95,7.06,18608100.0,130474566.0,1786866124.0000002,0.010413818780303877
2025-06-26,7.08,7.22,7.02,7.04,22262849.0,157878060.0,1786866124.0000002,0.012459158915701733
2025-06-27,7.01,7.12,7.0,7.05,16241300.0,114775883.0,1786866124.0000002,0.009089265156386164
2025-06-30,7.07,7.16,7.05,7.14,19094500.0,135628443.0,1786866124.0000002,0.010686027197860737
2025-07-01,7.1,7.13,7.03,7.08,12395425.0,87550606.0,1786866124.0000002,0.006936963454347741
2025-07-02,7.31,7.38,6.98,7.07,32269164.0,229717520.0,1786866124.0000002,0.018059083199676796
2025-07-03,7.05,7.09,6.99,7.07,18923216.0,133266790.0,1786866124.0000002,0.010590169988582759
2025-07-04,7.08,7.09,6.92,6.93,17543200.0,122479764.0,1786866124.0000002,0.009817859191783523
2025-07-07,6.91,6.96,6.87,6.88,11684564.0,80609168.0,1786866124.0000002,0.006539137903539996
2025-07-08,6.89,7.2,6.86,7.11,32978980.0,233335173.0,1786866124.0000002,0.018456323927712445
2025-07-09,7.1,7.18,7.05,7.07,18253500.0,129572977.0,1786866124.0000002,0.010215370785103092
2025-07-10,7.06,7.1,6.98,7.05,15767200.0,110801836.0,1786866124.0000002,0.008823940298730515
2025-07-11,7.05,7.09,6.98,7.04,13786500.0,97076953.0,1786866124.0000002,0.0077154632990288855
2025-07-14,7.04,7.18,7.02,7.09,20108976.0,142953462.0,1786866124.0000002,0.011253767548620222
2025-07-15,7.01,7.01,6.65,6.69,58520107.0,394813417.0,1786866124.0000002,0.032750135118684465
2025-07-16,6.67,6.72,6.63,6.71,15047179.0,100629518.0,1786866124.0000002,0.008420988454532924
2025-07-17,6.71,6.72,6.64,6.67,21482540.0,143186865.0,1786866124.0000002,0.01202246755448591
2025-07-18,6.67,6.71,6.6,6.66,23130033.0,153789067.0,1786866124.0000002,0.012944468916463715
2025-07-21,6.66,6.7,6.64,6.7,19540259.0,130464250.0,1786866124.0000002,0.010935491326153764
2025-07-22,6.7,6.77,6.66,6.77,24338272.0,163642700.0,1786866124.0000002,0.013620646601949905
2025-07-23,6.78,6.79,6.67,6.69,22475940.0,151496629.0,1786866124.0000002,0.012578412953336619
2025-07-24,6.68,6.83,6.67,6.83,22235354.0,150298456.0,1786866124.0000002,0.012443771640946951
2025-07-25,6.83,6.83,6.74,6.75,17025427.0,115350529.0,1786866124.0000002,0.009528093219366443
2025-07-28,6.75,6.76,6.71,6.72,12788236.0,86034190.0,1786866124.0000002,0.007156795816002609
2025-07-29,6.71,6.73,6.64,6.7,15206940.0,101554524.0,1786866124.0000002,0.008510396943425404
2025-07-30,6.68,6.71,6.61,6.64,17055340.0,113641237.0,1786866124.0000002,0.00954483370126278
2025-07-31,6.63,6.66,6.48,6.5,27295252.0,178860671.0,1786866124.0000002,0.015275487980542183
2025-08-01,6.5,6.59,6.48,6.52,12931880.0,84598389.0,1786866124.0000002,0.007237184602868434
2025-08-04,6.5,6.52,6.46,6.5,14064037.0,91201045.0,1786866124.0000002,0.007870783832712024
2025-08-05,6.53,6.57,6.5,6.57,11495783.0,75175089.0,1786866124.0000002,0.006433488690392789
2025-08-06,6.58,6.59,6.53,6.58,10022317.0,65737194.0,1786866124.0000002,0.005608879627514836
2025-08-07,6.59,6.6,6.54,6.56,9871232.0,64757402.0,1786866124.0000002,0.005524326566728285
2025-08-08,6.56,6.69,6.55,6.66,24461200.0,162471431.0,1786866124.0000002,0.013689441906952845
2025-08-11,6.65,6.72,6.62,6.7,18049358.0,120716214.0,1786866124.0000002,0.010101124957025599
2025-08-12,6.69,6.7,6.63,6.66,16564840.0,110151492.0,1786866124.0000002,0.00927033076373885
2025-08-13,6.66,6.69,6.64,6.67,14763083.0,98368019.0,1786866124.0000002,0.008261997248541491
2025-08-14,6.68,6.69,6.51,6.53,24013624.0,158134707.0,1786866124.0000002,0.013438960914567094
2025-08-15,6.52,6.9,6.52,6.87,70335397.0,477428436.0,1786866124.0000002,0.039362432392276964
2025-08-18,6.94,6.97,6.83,6.86,33551260.0,230392452.0,1786866124.0000002,0.01877659414399419
2025-08-19,6.86,6.91,6.8,6.87,24643948.0,169079720.0,1786866124.0000002,0.01379171481791436
2025-08-20,6.88,7.01,6.81,7.01,35961374.0,248337618.0,1786866124.0000002,0.020125387972266463
2025-08-21,6.99,7.0,6.92,6.98,24860829.0,172840406.0,1786866124.0000002,0.013913089887421246
2025-08-22,6.95,7.02,6.92,6.99,22266716.0,155281928.0,1786866124.0000002,0.012461323039777992
2025-08-25,7.05,7.23,7.02,7.15,46484412.0,332541467.0,1786866124.0000002,0.026014490607691433
2025-08-26,7.14,7.15,7.06,7.1,20904140.0,148538774.0,1786866124.0000002,0.011698772347424053
2025-08-27,7.11,7.12,6.86,6.87,33310080.0,233239829.0,1786866124.0000002,0.018641620406028805
2025-08-28,6.87,6.98,6.68,6.89,34109404.0,233324489.0,1786866124.0000002,0.019088953303140685
2025-08-29,6.89,6.9,6.81,6.81,17841795.0,122091873.0,1786866124.0000002,0.009984964603873143
2025-09-01,6.82,6.85,6.73,6.83,18632649.0,126413162.0,1786866124.0000002,0.010427557358516467
2025-09-02,6.82,6.87,6.68,6.71,22587386.0,152337023.0,1786866124.0000002,0.012640782483153729
2025-09-03,6.72,7.15,6.62,7.01,67023820.0,463571662.0,1786866124.0000002,0.03750914469740095
2025-09-04,7.03,7.14,6.94,7.08,46369371.0,326515710.0,1786866124.0000002,0.025950109175610515
2025-09-05,7.06,7.65,7.03,7.59,110014308.0,819442296.0,1786866124.0000002,0.061568299114500416
2025-09-08,7.68,7.79,7.54,7.72,66768062.0,510364147.0,1786866124.0000002,0.03736601254185509
2025-09-09,7.65,7.74,7.47,7.51,48163497.0,365471077.0,1786866124.0000002,0.02695417208547404
2025-09-10,7.48,7.57,7.29,7.51,44802776.0,332412824.0,1786866124.0000002,0.025073381490778094
2025-09-11,7.52,7.52,7.39,7.48,27124386.0,201744836.0,1786866124.0000002,0.01517986470037304
2025-09-12,7.45,7.48,7.33,7.36,26358806.0,194653866.0,1786866124.0000002,0.014751416262229165
2025-09-15,7.36,7.45,7.31,7.33,20258529.0,149059676.0,1786866124.0000002,0.011337463242433711
2025-09-16,7.33,7.46,7.23,7.39,28932576.0,212429149.0,1786866124.0000002,0.016191798373362636
2025-09-17,7.4,8.03,7.36,7.81,72849875.0,557144758.0,1786866124.0000002,0.040769632386852495
2025-09-18,7.8,8.3,7.69,7.98,109032340.0,873129962.0,1786866124.0000002,0.061018751508884715
2025-09-19,7.96,8.05,7.77,7.99,54248145.0,428812083.0,1786866124.0000002,0.030359378507082823
2025-09-22,8.0,8.07,7.77,7.88,42798359.0,337700259.0,1786866124.0000002,0.023951631532525487
2025-09-23,7.88,7.97,7.64,7.81,39843684.0,308863055.0,1786866124.0000002,0.022298080121865915
2025-09-24,7.75,8.04,7.71,7.96,34973371.0,277630299.0,1786866124.0000002,0.019572462945187042
2025-09-25,7.9,8.05,7.83,7.92,34544120.0,274192991.0,1786866124.0000002,0.019332237337776066
2025-09-26,7.91,8.54,7.89,8.25,78047477.0,644581275.0,1786866124.0000002,0.043678413257556385
2025-09-29,8.25,8.41,8.03,8.13,54757007.0,448042443.0,1786866124.0000002,0.030644157536225132
2025-09-30,8.1,8.39,8.04,8.21,43654440.0,357859753.0,1786866124.0000002,0.024430727861288838
2025-10-09,8.26,8.71,8.12,8.53,56765068.0,475716151.0,1786866124.0000002,0.03176794681905335
2025-10-10,8.43,8.6,8.35,8.47,41172821.0,348770412.0,1786866124.0000002,0.023041917045151836
2025-10-13,8.1,8.6,8.06,8.55,43839880.0,368597670.0,1786866124.0000002,0.02453450732048239
2025-10-14,8.5,8.75,8.25,8.39,48429644.0,410262371.0,1786866124.0000002,0.02710311833076085
2025-10-15,8.3,8.67,8.21,8.55,40575239.0,342882582.0,1786866124.0000002,0.022707486842478187
2025-10-16,8.49,8.51,8.19,8.24,39258666.0,326777801.0,1786866124.0000002,0.021970681223793795
2025-10-17,8.21,8.25,7.72,7.79,48369146.0,382848941.0,1786866124.0000002,0.027069261289549184
2025-10-20,7.96,8.0,7.67,7.71,33233256.0,258890981.0,1786866124.0000002,0.018598626698236066
2025-10-21,7.76,8.2,7.73,7.91,36062320.0,287603160.0,1786866124.0000002,0.020181881292411805
2025-10-22,7.94,8.09,7.81,7.92,24340035.0,193002826.0,1786866124.0000002,0.013621633245535746
2025-10-23,7.86,7.94,7.69,7.91,24217996.0,188898955.0,1786866124.0000002,0.013553335459618348
2025-10-24,7.9,8.16,7.9,8.1,31345507.0,252892602.0,1786866124.0000002,0.017542168704743993
2025-10-27,8.12,8.16,7.82,7.86,35704970.0,283880906.0,1786866124.0000002,0.019981894289916032
2025-10-28,7.88,7.89,7.71,7.76,24437320.0,190078892.0,1786866124.0000002,0.013676077727242199
2025-10-29,7.67,7.77,7.45,7.76,43924569.0,333867832.0,1786866124.0000002,0.02458190258913879
2025-10-30,7.73,7.93,7.55,7.63,39352698.0,305088252.0,1786866124.0000002,0.022023305199780033
2025-10-31,7.63,7.92,7.63,7.66,40489683.0,314253177.0,1786866124.0000002,0.022659606366794604
2025-11-03,7.7,7.72,7.4,7.52,47327760.0,354052702.0,1786866124.0000002,0.02648646105285949
2025-11-04,7.49,7.51,7.27,7.34,34488600.0,254002250.0,1786866124.0000002,0.019301166179587832
2025-11-05,7.27,7.59,7.23,7.51,37549596.0,280371422.0,1786866124.0000002,0.021014218970105674
2025-11-06,7.55,7.63,7.42,7.47,28215380.0,211891523.0,1786866124.0000002,0.015790427509386258
2025-11-07,7.42,7.57,7.36,7.5,23995445.0,180029777.0,1786866124.0000002,0.01342878723688871
2025-11-10,7.52,7.67,7.51,7.57,26477880.0,200669870.0,1786866124.0000002,0.014818054718463059
2025-11-11,7.6,7.8,7.58,7.62,28289739.0,216822155.0,1786866124.0000002,0.015832041707003672
2025-11-12,7.58,7.63,7.25,7.31,40268800.0,297831413.0,1786866124.0000002,0.02253599162194425
2025-11-13,7.32,7.49,7.3,7.42,28122045.0,209066914.0,1786866124.0000002,0.01573819360179442
2025-11-14,7.37,7.63,7.33,7.46,24932533.0,186960679.0,1786866124.0000002,0.013953218243450227
2025-11-17,7.47,7.48,7.28,7.41,21671400.0,159491879.0,1786866124.0000002,0.01212816097911541
2025-11-18,7.38,7.46,7.19,7.23,28654011.0,209128887.0,1786866124.0000002,0.01603590253077068
2025-11-19,7.2,7.29,7.11,7.13,17257285.0,123676670.0,1786866124.0000002,0.009657850002421333
2025-11-20,7.14,7.22,7.1,7.13,12793410.0,91503693.0,1786866124.0000002,0.007159691388273248
2025-11-21,7.06,7.1,6.88,6.89,27619200.0,192690849.0,1786866124.0000002,0.015456781920613543
2025-11-24,6.92,7.08,6.92,7.01,20526900.0,143879124.0,1786866124.0000002,0.011487654124892905
2025-11-25,7.05,7.05,6.96,6.96,20145132.0,140808904.0,1786866124.0000002,0.011274001856895687
2025-11-26,6.96,7.07,6.91,6.96,19821420.0,138471310.0,1786866124.0000002,0.011092839991632186
2025-11-27,6.96,7.09,6.93,6.97,20169502.0,141500069.0,1786866124.0000002,0.011287640259724348
2025-11-28,6.97,7.09,6.92,7.06,16882099.0,118897018.0,1786866124.0000002,0.009447881278429786
2025-12-01,7.05,7.08,6.99,7.05,18007450.0,126487658.0,1786866124.0000002,0.01007767160512804
2025-12-02,7.03,7.04,6.93,7.0,13207440.0,92131427.0,1786866124.0000002,0.007391398730216231
2025-12-03,7.0,7.08,6.99,7.02,21744799.0,152933659.0,1786866124.0000002,0.01216923792327712
2025-12-04,7.02,7.04,6.93,6.95,14897706.0,103869250.0,1786866124.0000002,0.008337337531840745
2025-12-05,6.95,7.15,6.93,7.09,22066816.0,155981140.0,1786866124.0000002,0.012349451200407893
2025-12-08,7.07,7.11,6.97,6.98,23233513.0,162956761.0,1786866124.0000002,0.01300238036187651
2025-12-09,6.97,6.99,6.75,6.77,32866600.0,225153033.0,1786866124.0000002,0.018393431695054058
2025-12-10,6.78,6.79,6.67,6.78,13089038.0,87960004.0,1786866124.0000002,0.007325136351401331
2025-12-11,6.79,6.91,6.77,6.81,20736209.0,142098968.0,1786866124.0000002,0.011604791607767923
2025-12-12,6.82,6.88,6.76,6.84,17670304.0,120571109.0,1786866124.0000002,0.009888991549318778
2025-12-15,6.81,6.95,6.77,6.81,20878219.0,142651154.0,1786866124.0000002,0.011684265944481019
2025-12-16,6.79,6.8,6.54,6.6,22970233.0,152413543.0,1786866124.0000002,0.012855038601649597
2025-12-17,6.58,6.66,6.53,6.65,12695800.0,83740227.0,1786866124.0000002,0.007105065023886478
2025-12-18,6.63,6.72,6.58,6.65,12836486.0,85344065.0,1786866124.0000002,0.007183798398541915
2025-12-19,6.64,6.7,6.61,6.67,13306010.0,88605364.0,1786866124.0000002,0.0074465623480587054
2025-12-22,6.67,6.76,6.65,6.69,15472870.0,103699190.0,1786866124.0000002,0.008659221747045667
2025-12-23,6.69,6.73,6.58,6.6,16512496.0,109560020.0,1786866124.0000002,0.009241037019066572
2025-12-24,6.6,6.73,6.54,6.72,19380700.0,129457753.0,1786866124.0000002,0.01084619588434259
2025-12-25,6.72,6.9,6.69,6.87,25147270.0,171436342.0,1786866124.0000002,0.01407339344690604
2025-12-26,6.86,6.9,6.82,6.88,18234500.0,125232075.0,1786866124.0000002,0.010204737643792277
2025-12-29,6.89,6.98,6.85,6.88,18141680.0,125471046.0,1786866124.0000002,0.010152791950293864
2025-12-30,6.83,6.97,6.82,6.84,17431802.0,119913735.0,1786866124.0000002,0.0097555165246392
2025-12-31,6.84,6.89,6.69,6.86,19079666.0,129395967.0,1786785299.0,0.010678208518213245
2026-01-05,6.86,6.95,6.82,6.94,19376418.0,133870693.0,1786785299.0,0.01084429002793133
2026-01-06,6.93,7.08,6.91,7.07,27479705.0,192883800.0,1786785299.0,0.015379410730197642
2026-01-07,7.04,7.13,6.96,6.99,22448900.0,157679977.0,1786785299.0,0.012563848612681025
2026-01-08,7.0,7.28,6.97,7.22,38398700.0,275093978.0,1786785299.0,0.02149038276814253
2026-01-09,7.27,7.41,7.14,7.19,39140587.0,284025056.0,1786785299.0,0.021905590460088064
2026-01-12,7.19,7.32,7.17,7.26,34046563.0,247305171.0,1786785299.0,0.019054646923194772
2026-01-13,7.24,7.39,7.11,7.26,43215288.0,313349391.0,1786785299.0,0.024186055271546086
2026-01-14,7.34,7.34,7.05,7.14,40392013.0,290745037.0,1786785299.0,0.02260596895587062
2026-01-15,7.24,7.45,7.15,7.2,33920355.0,246853126.0,1786785299.0,0.018984012807237678
2026-01-16,7.2,7.25,7.11,7.15,22361427.0,159872259.0,1786785299.0,0.012514893094606775
2026-01-19,7.1,7.32,7.09,7.3,33495487.0,243222500.0,1786785299.0,0.018746229342017886
2026-01-20,7.31,7.36,7.19,7.25,23859077.0,173070204.0,1786785299.0,0.01335307438076252
2026-01-21,7.21,7.32,7.19,7.22,21197400.0,153716205.0,1786785299.0,0.011863428701737936
2026-01-22,7.22,7.33,7.19,7.31,25206422.0,183623644.0,1786785299.0,0.014107135319563651
2026-01-23,7.31,7.54,7.31,7.52,42894892.0,320739405.0,1786785299.0,0.024006741058372676
2026-01-26,7.53,7.57,7.32,7.36,31519589.0,233436074.0,1786785299.0,0.017640389708623857
2026-01-27,7.31,7.53,7.27,7.45,38106434.0,282890510.0,1786785299.0,0.02132681191261581
2026-01-28,7.43,7.43,7.28,7.38,27243780.0,200112839.0,1786785299.0,0.015247371922775149
2026-01-29,7.36,7.52,7.28,7.5,33139719.0,246465961.0,1786785299.0,0.018547118682108656
2026-01-30,7.33,7.98,7.27,7.87,115162549.0,887486979.0,1786785299.0,0.06445237100643954
2026-02-02,7.89,8.35,7.86,7.98,90881564.0,736982439.0,1786785299.0,0.05086316976687864
2026-02-03,8.06,8.7,8.01,8.59,115259081.0,966151859.0,1786785299.0,0.06450639652369336
2026-02-04,8.55,8.86,8.42,8.8,63428308.0,548575913.0,1786785299.0,0.03549856159858633
2026-02-05,8.69,8.8,8.45,8.63,59767887.0,514635453.0,1786785299.0,0.03344995452640558
2026-02-06,8.56,9.14,8.52,8.93,77708636.0,695291698.0,1786785299.0,0.043490751823115376
2026-02-09,9.05,9.56,9.01,9.37,90555832.0,841707891.0,1786785299.0,0.050680869184832035
2026-02-10,9.36,9.41,8.97,9.15,50532152.0,462209646.0,1786785299.0,0.02828104307119666
2026-02-11,9.31,9.82,9.31,9.56,85521886.0,817570591.0,1786785299.0,0.047863549161650004
2026-02-12,9.57,9.84,9.41,9.68,46750900.0,451102210.0,1786785299.0,0.02616481119816959
2026-02-13,9.6,9.67,9.39,9.46,38652467.0,368274840.0,1786785299.0,0.021632407106568656
2026-02-24,9.56,9.75,9.3,9.69,48049794.0,458974855.0,1786785299.0,0.026891755840442472
2026-02-25,9.71,10.06,9.68,9.81,42958029.0,421445061.0,1786785299.0,0.024042076585274165
2026-02-26,9.76,10.55,9.67,10.38,65846957.0,669484687.0,1786785299.0,0.036852193174441376
2026-02-27,10.37,10.44,10.03,10.12,50993548.0,520232613.0,1786785299.0,0.02853926995511955
2026-03-02,9.9,10.26,9.77,9.87,46984393.0,466081924.0,1786785299.0,0.026295488901937735
2026-03-03,9.93,10.74,9.93,10.32,95331823.0,992226145.0,1786785299.0,0.05335382099536739
2026-03-04,10.17,10.75,10.1,10.37,50232460.0,521626256.0,1786785299.0,0.0281133161483438
2026-03-05,10.64,10.75,10.25,10.43,48959328.0,513195114.0,1786785299.0,0.027400789578580477
2026-03-06,10.4,10.95,10.3,10.67,54256041.0,580607882.0,1786785299.0,0.030365170919172645
2026-03-09,10.48,10.79,10.1,10.72,49945050.0,520246936.0,1786785299.0,0.027952463022811114
2026-03-10,10.58,11.3,10.53,10.87,60131927.0,659242913.0,1786785299.0,0.033653694729665444
2026-03-11,10.96,11.24,10.77,11.05,56434672.0,621277353.0,1786785299.0,0.03158447298149614
2026-03-12,11.0,11.58,10.7,11.29,82747016.0,920565031.0,1786785299.0,0.04631055339794353
2026-03-13,11.5,12.42,11.31,12.42,114574232.0,1375159507.0,1786785299.0,0.06412311096589116
2026-03-16,12.8,13.4,11.94,12.19,154064194.0,1917672271.0,1786785299.0,0.0862242341518168
2026-03-17,11.99,12.75,11.58,11.79,140798935.0,1702067862.0,1786785299.0,0.07880014184065659
2026-03-18,11.8,11.88,10.98,11.62,128205738.0,1458685319.0,1786785299.0,0.07175217865949098
2026-03-19,11.66,11.66,11.1,11.2,72009965.0,816713915.0,1786785299.0,0.040301408927139376
2026-03-20,11.14,11.83,10.93,11.19,90973995.0,1034912548.0,1786785299.0,0.05091490010070874
2026-03-23,11.08,11.48,10.89,10.95,66968992.0,743788614.0,1786785299.0,0.03748015614269949
2026-03-24,11.1,11.26,10.5,11.25,68284225.0,747870136.0,1786785299.0,0.03821624514048568
2026-03-25,11.12,11.58,11.01,11.26,50423921.0,569077069.0,1786785299.0,0.028220470040927956
2026-03-26,11.18,11.5,10.82,10.94,59544229.0,662324474.0,1786785299.0,0.03332478112133829
2026-03-27,10.71,11.03,10.64,10.89,50632590.0,551010267.0,1786785299.0,0.02833725463732954
2026-03-30,10.85,11.46,10.76,11.19,57959946.0,645812680.0,1786785299.0,0.032438114435146805
2026-03-31,11.18,11.72,10.92,11.13,75240471.0,852596719.0,1786785299.0,0.042109407908218974
2026-04-01,11.2,11.67,11.2,11.52,70676012.0,811902945.0,1786785299.0,0.03955484301306645
2026-04-02,11.48,11.8,11.19,11.29,57476675.0,660541999.0,1786785299.0,0.032167644893971115
2026-04-03,11.3,11.34,10.2,10.99,103193788.0,1105183753.0,1786785299.0,0.057753882381813795
2026-04-07,11.07,11.1,10.78,11.06,46025562.0,503124911.0,1786785299.0,0.02575886539124699
2026-04-08,11.2,11.29,10.96,11.07,58993474.0,654883948.0,1786785299.0,0.03301654319241184
2026-04-09,10.91,11.53,10.71,11.31,67866427.0,757659549.0,1786785299.0,0.03798241850208999
2026-04-10,11.4,11.73,11.35,11.39,51983600.0,597838442.0,1786785299.0,0.029093366745905826
2026-04-13,11.33,11.98,11.28,11.66,54751406.0,636346851.0,1786785299.0,0.03064240904077418
2026-04-14,11.68,11.96,11.16,11.94,56156200.0,651080693.0,1786785299.0,0.03142862213575891
2026-04-15,11.92,12.12,11.76,11.86,44645200.0,530985505.0,1786785299.0,0.024986326015210853
2026-04-16,11.88,12.28,11.8,12.16,44433420.0,535670854.0,1786785299.0,0.024867800303073794
2026-04-17,12.29,12.88,12.28,12.61,79865231.0,1011079236.0,1786785299.0,0.04469772112222869
2026-04-20,12.57,12.61,12.07,12.25,74426408.0,913961764.0,1786785299.0,0.04165380588347901
2026-04-21,12.17,12.38,11.86,12.22,43449526.0,529001463.0,1786785299.0,0.02431714992524124
2026-04-22,12.18,13.08,12.08,13.05,65826346.0,836551061.0,1786785299.0,0.03684065793290367
2026-04-23,13.1,13.18,12.52,12.68,44319544.0,563687199.0,1786785299.0,0.024804067967653453
2026-04-24,12.63,13.24,12.1,12.29,56880414.0,716246760.0,1786785299.0,0.031833938879972844
2026-04-27,12.2,12.41,11.8,11.88,56563820.0,678539958.0,1786785299.0,0.03165675251058801
2026-04-28,11.81,11.86,11.26,11.37,60395393.0,693715860.0,1786785299.0,0.03380114725244334
2026-04-29,11.22,12.0,11.15,11.84,51320180.0,599745180.0,1786785299.0,0.028722074235064544
2026-04-30,11.84,12.1,11.28,12.02,65281403.0,766553848.0,1786785299.0,0.036535672773072216
2026-05-06,12.02,12.19,11.62,11.66,56232194.0,659782957.0,1786785299.0,0.03147115326697122
2026-05-07,11.66,11.8,11.37,11.69,40566860.0,472431703.0,1786785299.0,0.022703824585250297
2026-05-08,11.66,11.8,11.5,11.68,45530216.0,529966620.0,1786785299.0,0.02548163790326775
2026-05-11,11.68,11.82,11.28,11.31,53939657.0,619200822.0,1786785299.0,0.03018810207929744
2026-05-12,11.31,11.86,11.12,11.56,58706703.0,678275370.0,1786785299.0,0.03285604769238702
2026-05-13,11.56,11.9,11.4,11.48,43014891.0,499204545.0,1786785299.0,0.024073900218495137
2026-05-14,11.51,11.91,11.26,11.67,64607633.0,750572598.0,1786785299.0,0.03615858773639932
2026-05-15,11.87,12.84,11.81,12.44,135906794.0,1694973937.0,1786785299.0,0.07606218501801094
2026-05-18,12.38,12.56,11.77,12.05,83814115.0,1007431104.0,1786785299.0,0.04690777064648325
2026-05-19,11.98,12.1,11.6,11.96,50794602.0,601478821.0,1786785299.0,0.02842792697501369
2026-05-20,11.95,12.19,11.79,11.81,35678275.0,425303925.0,1786785299.0,0.01996785792896766
2026-05-21,11.82,12.03,11.19,11.23,49802896.0,578409769.0,1786785299.0,0.027872904499423017
2026-05-22,11.31,11.79,11.11,11.63,48660670.0,561938745.0,1786785299.0,0.027233641348646444
2026-05-25,11.71,12.55,11.58,12.44,69992774.0,851549067.0,1786785299.0,0.03917245907450238
2026-05-26,12.46,12.79,11.83,12.17,66479704.0,806544070.0,1786785299.0,0.03720631910124082
2026-05-27,12.22,12.28,11.64,11.89,53942856.0,644331016.0,1786785299.0,0.03018989244549409
2026-05-28,11.9,12.05,11.33,11.49,49377676.0,575538569.0,1786785299.0,0.027634924032358517
2026-05-29,11.49,11.75,10.8,11.03,60338913.0,667791316.0,1786785299.0,0.03376953741099702
2026-06-01,11.03,11.25,10.55,10.6,46602306.0,504533373.0,1786785299.0,0.02608164843648627
2026-06-02,10.61,10.71,10.17,10.55,50729215.0,529535462.0,1786785299.0,0.028391332203366197
2026-06-03,10.52,10.85,10.31,10.5,40157188.0,424217660.0,1786785299.0,0.02247454577921284
2026-06-04,10.4,10.46,9.88,9.99,55135336.0,555198149.0,1786785299.0,0.030857280967588708
2026-06-05,10.05,10.11,9.47,9.77,49631516.0,485577678.0,1786785299.0,0.027776989226280847
2026-06-08,9.64,9.67,9.09,9.27,43317226.0,404187224.0,1786785299.0,0.0242431063341763
2026-06-09,9.4,9.56,9.17,9.42,40768208.0,382543417.0,1786785299.0,0.022816511879080553
2026-06-10,9.42,9.44,8.8,9.19,41204200.0,373633093.0,1786785299.0,0.023060521050324582
2026-06-11,9.14,9.77,9.1,9.7,51087287.0,487247490.0,1786785299.0,0.028591732329895335
2026-06-12,9.99,9.99,9.28,9.58,47487657.0,455132110.0,1786785299.0,0.026577147812094238
2026-06-15,9.62,9.88,9.3,9.45,44659001.0,424928008.0,1786785299.0,0.024994049942650663
2026-06-16,9.38,9.88,9.32,9.55,42316366.0,405772301.0,1786785299.0,0.023682960691294563
2026-06-17,9.5,9.56,9.13,9.2,38028747.0,353026526.0,1786785299.0,0.02128333326969017
2026-06-18,9.16,9.32,9.02,9.07,32174860.0,294493512.0,1786785299.0,0.018007121514827282
2026-06-22,9.13,9.21,8.86,9.21,30596734.0,276229490.0,1786785299.0,0.017123900681925187
2026-06-23,9.22,9.78,9.16,9.28,56056245.0,532162597.0,1786785299.0,0.031372680887498165
2026-06-24,9.28,9.32,8.8,8.96,42926279.0,384724595.0,1786785299.0,0.024024307242747244
2026-06-25,8.95,9.08,8.7,8.79,32127559.0,283036060.0,1786785299.0,0.017980648832280323
2026-06-26,8.79,9.01,8.45,8.46,35602276.0,308023334.0,1786785299.0,0.01992532399943369
2026-06-29,8.37,8.63,8.1,8.41,37844134.0,316551040.0,1786785299.0,0.021180011958448514
2026-06-30,8.4,8.79,8.33,8.43,32721760.0,279509397.0,1786868599.0,0.01831234821537093
2026-07-01,8.36,8.5,8.08,8.31,38076861.0,315633665.0,1786868599.0,0.021309267520459686
2026-07-02,8.16,8.41,8.16,8.2,37247900.0,307359975.0,1786868599.0,0.02084534924439623
2026-07-03,8.24,8.61,8.2,8.52,43720360.0,367611336.0,1786868599.0,0.02446758537503406
2026-07-06,8.43,8.72,7.85,7.95,59650015.0,484531793.0,1786868599.0,0.03338242948215802
2026-07-07,8.12,8.26,7.77,7.78,29095202.0,231152047.0,1786868599.0,0.01628278767464087
2026-07-08,7.78,8.12,7.43,7.55,42817900.0,326556602.0,1786868599.0,0.02396253424788064
2026-07-09,7.55,7.59,7.28,7.52,36872510.0,273844186.0,1786868599.0,0.020635266645032135
2026-07-10,7.48,7.73,7.38,7.56,38535708.0,291792333.0,1786868599.0,0.021566055848519616
2026-07-13,7.6,7.75,7.17,7.36,52020867.0,385033864.0,1786868599.0,0.029112866513582962
2026-07-14,7.28,7.7,7.22,7.62,54932282.0,407454951.0,1786868599.0,0.030742205683586474
2026-07-15,7.27,7.4,6.86,6.86,81445472.0,565693639.0,1786868599.0,0.04558000070378986
2026-07-16,6.71,6.87,6.2,6.3,104708011.0,684226342.0,1786868599.0,0.058598607115597987
2026-07-17,6.26,6.38,6.08,6.14,79447219.0,495096478.0,1786868599.0,0.04446170190939709
2026-07-20,6.14,6.29,5.93,6.04,66369398.0,404136699.0,1786868599.0,0.037142853166227695
2026-07-21,6.0,6.08,5.8,6.07,63610538.0,379984331.0,1786868599.0,0.03559888960811046
2026-07-22,6.05,6.22,5.99,6.06,50338458.0,306069897.0,1786868599.0,0.028171326099843786
2026-07-23,6.03,6.35,6.0,6.33,57518265.0,358781595.0,1786868599.0,0.03218942066147976
2026-07-24,6.28,6.51,6.06,6.08,42038450.0,262424273.0,1786868599.0,0.023526324220777245
2026-07-27,6.08,6.33,6.04,6.32,35639300.0,221929226.0,1786868599.0,0.01994511516960179
2026-07-28,6.4,6.6,6.33,6.41,61483532.0,396160441.0,1786868599.0,0.03440853571124846
2026-07-29,6.3,6.51,6.2,6.45,65836024.0,416302211.0,1786868599.0,0.03684435667896585
2026-07-30,6.36,6.51,6.23,6.3,41082835.0,261676198.0,1786868599.0,0.022991525522912837
2026-07-31,6.32,6.47,6.32,6.38,42305728.0,270612049.0,1786868599.0,0.023675903210608716
2026-08-03,6.47,6.87,6.45,6.79,67839883.0,456099480.0,1786868599.0,0.03796579280533879
2026-08-04,6.77,6.98,6.7,6.92,50314878.0,344785155.0,1786868599.0,0.02815812983011629
2026-08-05,6.9,6.98,6.82,6.9,47105054.0,325251162.0,1786868599.0,0.026361789572194504
2026-08-06,6.88,6.94,6.58,6.65,54631995.0,366279358.0,1786868599.0,0.030574153595051227
2026-08-07,6.61,6.69,6.48,6.67,43288995.0,284882752.0,1786868599.0,0.02422617702511879
2026-08-10,6.63,6.74,6.54,6.71,34894527.0,232056498.0,1786868599.0,0.019528311717788488
2026-08-11,6.68,6.69,6.51,6.61,27136934.0,179322411.0,1786868599.0,0.015186866015322485
2026-08-12,6.61,6.75,6.59,6.72,28826998.0,192992068.0,1786868599.0,0.016132690459798045
2026-08-13,6.75,6.79,6.61,6.64,30124237.0,201548275.0,1786868599.0,0.01685867501217419
2026-08-14,6.65,6.65,6.49,6.54,28682769.0,187426705.0,1786868599.0,0.016051974395908
2026-08-17,6.58,6.58,6.43,6.55,31375199.0,204006893.0,1786868599.0,0.017558761185662315
2026-08-18,6.53,6.53,6.33,6.37,36119582.0,230930056.0,1786868599.0,0.020213899343361846
2026-08-19,6.38,6.39,6.06,6.08,40844532.0,252253664.0,1786868599.0,0.022858162051120134
2026-08-20,6.12,6.18,6.06,6.11,28474129.0,173993876.0,1786868599.0,0.015935211473264016
2026-08-21,6.07,6.18,6.04,6.15,24202690.0,148200531.0,1786868599.0,0.013544750863910614
2026-08-24,6.13,6.2,5.97,6.04,27763139.0,168006721.0,1786868599.0,0.015537314280153177
2026-08-25,6.03,6.16,5.99,6.12,23234998.0,141349002.0,1786868599.0,0.013003193415007233
2026-08-26,6.12,6.23,6.12,6.2,20125234.0,124693455.0,1786868599.0,0.011262850559499927
2026-08-27,6.16,6.21,6.08,6.2,21129207.0,129973844.0,1786868599.0,0.011824712243432288
2026-08-28,6.18,6.22,6.14,6.16,23190572.0,143064990.0,1786868599.0,0.012978330926503679
2026-08-31,6.25,6.32,6.17,6.3,36672940.0,229529625.0,1786868599.0,0.020523579641235835
2026-09-01,6.3,6.4,6.27,6.29,28877109.0,182571005.0,1786868599.0,0.016160734491702824
2026-09-02,6.28,6.28,6.15,6.17,23061777.0,142831628.0,1786868599.0,0.012906252319228316
2026-09-03,6.21,6.26,6.14,6.17,20196696.0,125021076.0,1786868599.0,0.011302843427492566
2026-09-04,6.2,6.29,6.16,6.2,27035297.0,168715130.0,1786868599.0,0.015129986063401633
2026-09-07,6.18,6.33,6.14,6.3,33024853.0,206924574.0,1786868599.0,0.01848197064881098
2026-09-08,6.28,6.39,6.26,6.34,25230165.0,159705117.0,1786868599.0,0.01411976516578766
2026-09-09,6.32,6.35,6.23,6.28,24425995.0,153144752.0,1786868599.0,0.013669720881361798
2026-09-10,6.23,6.91,6.19,6.91,73504695.0,486529238.0,1786868599.0,0.04113603822974786
