date,open,high,low,close,volume,amount,outstanding_share,turnover
1997-01-28,17.95,18.0,16.8,17.0,4162600.0,73097887.0,11250000.0,0.3700088888888889
1997-01-29,16.68,17.18,16.45,16.5,1105200.0,18348820.0,11250000.0,0.09824
1997-01-30,16.4,16.45,16.09,16.27,517200.0,8408234.0,11250000.0,0.04597333333333333
1997-01-31,16.28,16.55,16.28,16.4,309000.0,5073932.0,11250000.0,0.027466666666666667
1997-02-17,16.6,16.7,16.3,16.58,256300.0,4232878.0,11250000.0,0.02278222222222222
1997-02-18,16.31,16.58,14.92,14.92,312300.0,4869522.0,11250000.0,0.02776
1997-02-19,14.9,15.98,14.89,15.65,260300.0,4005706.0,11250000.0,0.023137777777777778
1997-02-20,14.09,15.05,14.09,14.92,446600.0,6559032.0,11250000.0,0.039697777777777776
1997-02-21,15.0,15.25,14.93,15.21,220600.0,3336081.0,11250000.0,0.019608888888888888
1997-02-24,15.5,15.64,15.35,15.56,416100.0,6440597.0,11250000.0,0.03698666666666667
1997-02-25,15.65,16.53,15.6,16.4,380700.0,6109944.0,11250000.0,0.03384
1997-02-26,16.39,16.4,15.88,16.24,265600.0,4307246.0,11250000.0,0.023608888888888888
1997-02-27,16.3,16.4,15.96,16.22,740200.0,11919270.0,11250000.0,0.06579555555555555
1997-02-28,16.24,16.35,16.0,16.2,262400.0,4235644.0,11250000.0,0.023324444444444443
1997-03-03,16.3,16.6,16.15,16.48,559800.0,9188365.0,11250000.0,0.04976
1997-03-04,16.5,17.38,16.38,17.12,1040100.0,17668022.0,11250000.0,0.09245333333333333
1997-03-05,17.12,17.15,16.63,16.68,511000.0,8612766.0,11250000.0,0.045422222222222225
1997-03-06,16.67,17.05,16.67,16.94,397500.0,6727551.0,11250000.0,0.035333333333333335
1997-03-07,17.01,17.1,16.8,16.88,490000.0,8296458.0,11250000.0,0.043555555555555556
1997-03-10,17.02,17.1,16.8,16.96,436500.0,7382121.0,11250000.0,0.0388
1997-03-11,17.0,17.63,16.89,17.38,717100.0,12447005.0,11250000.0,0.06374222222222223
1997-03-12,17.4,17.7,16.9,17.4,811100.0,14136653.0,11250000.0,0.07209777777777777
1997-03-13,17.3,18.4,17.3,18.11,1729000.0,31285736.0,11250000.0,0.1536888888888889
1997-03-14,18.05,18.47,17.75,18.12,1084300.0,19508042.0,11250000.0,0.09638222222222222
1997-03-17,18.35,18.5,18.0,18.35,1416700.0,25776185.0,11250000.0,0.1259288888888889
1997-03-18,18.51,20.19,18.3,20.19,1971500.0,38461118.0,11250000.0,0.17524444444444445
1997-03-19,20.3,22.21,20.3,21.12,2014600.0,42823322.0,11250000.0,0.17907555555555554
1997-03-20,21.09,21.5,20.1,20.6,1209300.0,25080355.0,11250000.0,0.10749333333333333
1997-03-21,20.39,21.09,20.2,21.02,788600.0,16272414.0,11250000.0,0.07009777777777777
1997-03-24,21.5,21.6,20.8,21.06,1095400.0,23184773.0,11250000.0,0.0973688888888889
1997-03-25,21.29,23.13,20.8,22.6,1320900.0,29422692.0,11250000.0,0.11741333333333333
1997-03-26,22.7,23.5,22.58,22.85,752000.0,17238522.0,11250000.0,0.06684444444444444
1997-03-27,23.0,23.2,22.0,22.46,585900.0,13230118.0,11250000.0,0.05208
1997-03-28,22.4,22.4,21.85,21.99,579100.0,12769249.0,11250000.0,0.05147555555555555
1997-03-31,22.22,22.3,21.7,22.0,474100.0,10417542.0,11250000.0,0.04214222222222222
1997-04-01,22.0,22.1,21.85,22.0,393900.0,8660061.0,11250000.0,0.035013333333333334
1997-04-02,22.05,23.0,21.95,22.48,418900.0,9417744.0,11250000.0,0.037235555555555556
1997-04-03,22.58,22.7,22.07,22.27,278300.0,6215882.0,11250000.0,0.02473777777777778
1997-04-04,22.33,22.78,22.0,22.2,607100.0,13604260.0,11250000.0,0.05396444444444445
1997-04-07,22.22,23.0,22.08,22.96,687200.0,15305008.0,11250000.0,0.06108444444444444
1997-04-08,22.68,22.8,21.9,21.99,439600.0,9794275.0,11250000.0,0.03907555555555556
1997-04-09,22.0,22.6,21.83,22.5,551800.0,12284946.0,11250000.0,0.04904888888888889
1997-04-10,22.5,24.0,22.38,23.39,2602500.0,60606904.0,11250000.0,0.23133333333333334
1997-04-11,22.28,24.5,22.0,23.48,3476500.0,81874427.0,11250000.0,0.3090222222222222
1997-04-14,22.5,23.2,21.13,21.59,2814700.0,62475759.0,11250000.0,0.25019555555555556
1997-04-15,21.0,21.0,19.7,20.28,1372900.0,27875803.0,11250000.0,0.12203555555555555
1997-04-16,20.58,21.9,20.2,21.06,1054800.0,22550733.0,11250000.0,0.09376
1997-04-17,21.1,21.8,21.1,21.3,799800.0,17165392.0,11250000.0,0.07109333333333333
1997-04-18,21.3,21.75,21.3,21.7,683900.0,14760746.0,11250000.0,0.06079111111111111
1997-04-21,22.0,23.77,22.0,23.24,1768900.0,40711736.0,11250000.0,0.15723555555555555
1997-04-22,23.4,23.5,22.7,23.3,698800.0,16150575.0,11250000.0,0.062115555555555556
1997-04-23,23.48,23.6,23.0,23.37,760700.0,17645568.0,11250000.0,0.06761777777777778
1997-04-24,23.0,24.4,22.6,23.88,1547100.0,36542854.0,11250000.0,0.13752
1997-04-25,23.74,25.65,23.5,25.55,2507700.0,62407357.0,11250000.0,0.22290666666666667
1997-04-28,25.8,28.0,25.7,26.18,1827600.0,48717042.0,11250000.0,0.16245333333333334
1997-04-29,26.5,27.0,24.5,25.15,1215500.0,30901705.0,11250000.0,0.10804444444444444
1997-04-30,25.3,26.23,24.9,26.19,733100.0,18837182.0,11250000.0,0.06516444444444444
1997-05-05,26.3,27.2,26.3,27.17,1165000.0,31282509.0,11250000.0,0.10355555555555555
1997-05-06,27.5,29.89,27.0,29.55,1437400.0,40970164.0,11250000.0,0.12776888888888888
1997-05-07,30.0,31.26,28.3,30.13,1561900.0,47162089.0,11250000.0,0.13883555555555555
1997-05-08,30.0,30.09,28.0,28.1,989800.0,28921603.0,11250000.0,0.08798222222222223
1997-05-09,27.8,29.7,27.8,29.63,861700.0,24807093.0,11250000.0,0.07659555555555556
1997-05-12,30.0,30.0,28.5,28.85,1070900.0,31088175.0,11250000.0,0.09519111111111112
1997-05-13,29.01,31.0,27.5,28.99,495700.0,14081730.0,11250000.0,0.044062222222222225
1997-05-14,28.3,29.1,27.7,27.77,494500.0,13926707.0,11250000.0,0.04395555555555555
1997-05-15,27.7,29.95,27.5,29.9,826200.0,23915922.0,11250000.0,0.07344
1997-05-16,29.4,30.99,27.0,28.45,1369400.0,40116213.0,11250000.0,0.12172444444444444
1997-05-19,28.0,28.4,26.5,27.5,398500.0,10983805.0,11250000.0,0.03542222222222222
1997-05-20,27.5,28.28,27.0,27.76,510200.0,14147812.0,11250000.0,0.04535111111111111
1997-05-21,27.5,28.15,26.95,27.4,457200.0,12582495.0,11250000.0,0.04064
1997-05-22,24.66,26.4,24.66,24.66,562400.0,14113648.0,11250000.0,0.04999111111111111
1997-05-23,24.6,25.38,24.3,25.18,374700.0,9382002.0,11250000.0,0.033306666666666665
1997-05-26,25.5,26.0,24.3,25.5,314800.0,7974094.0,11250000.0,0.02798222222222222
1997-05-27,25.8,26.3,25.3,26.2,247400.0,6450331.0,11250000.0,0.02199111111111111
1997-05-28,26.2,26.3,25.8,25.85,246600.0,6431667.0,11250000.0,0.02192
1997-05-29,25.78,26.25,25.7,25.89,176700.0,4595788.0,11250000.0,0.015706666666666667
1997-05-30,25.88,26.23,25.88,26.2,170400.0,4445815.0,11250000.0,0.015146666666666666
1997-06-02,26.5,27.9,26.5,27.45,315900.0,8628815.0,11250000.0,0.02808
1997-06-03,27.9,28.0,27.0,27.3,198600.0,5460175.0,11250000.0,0.017653333333333333
1997-06-04,27.5,27.8,27.3,27.4,198100.0,5454827.0,11250000.0,0.01760888888888889
1997-06-05,27.5,27.6,27.3,27.4,198900.0,5454389.0,11250000.0,0.01768
1997-06-06,25.5,26.5,25.01,25.95,409600.0,10651599.0,11250000.0,0.036408888888888886
1997-06-09,26.2,26.2,25.7,25.98,152800.0,3955448.0,11250000.0,0.013582222222222223
1997-06-10,25.95,25.95,25.1,25.24,147100.0,3745569.0,11250000.0,0.013075555555555556
1997-06-11,25.25,25.25,23.0,24.13,228900.0,5488864.0,11250000.0,0.020346666666666666
1997-06-12,24.5,24.75,24.25,24.28,135100.0,3307888.0,11250000.0,0.012008888888888888
1997-06-13,23.5,25.38,23.3,25.3,186600.0,4594230.0,11250000.0,0.016586666666666666
1997-06-16,25.4,26.2,25.4,25.58,134800.0,3491383.0,11250000.0,0.011982222222222222
1997-06-17,25.6,26.0,25.6,25.68,121900.0,3137124.0,11250000.0,0.010835555555555555
1997-06-18,25.97,26.0,25.5,25.6,87900.0,2270739.0,11250000.0,0.007813333333333334
1997-06-19,26.0,26.0,25.48,25.5,88200.0,2257975.0,11250000.0,0.00784
1997-06-20,25.98,26.99,25.8,26.88,203800.0,5407603.0,11250000.0,0.018115555555555555
1997-06-23,27.15,28.1,26.6,27.55,525400.0,14467294.0,11250000.0,0.04670222222222222
1997-06-24,27.56,28.8,27.55,28.78,606500.0,17288660.0,11250000.0,0.05391111111111111
1997-06-25,28.92,30.85,28.8,30.17,1004900.0,30052260.0,11250000.0,0.08932444444444444
1997-06-26,30.0,30.2,29.0,29.86,447600.0,13283071.0,11250000.0,0.039786666666666665
1997-06-27,29.9,30.95,29.0,30.03,980300.0,29935967.0,11250000.0,0.08713777777777777
1997-07-02,30.5,31.9,28.3,31.79,1073200.0,33171956.0,11250000.0,0.09539555555555555
1997-07-03,31.88,32.0,30.02,30.62,508600.0,15692967.0,11250000.0,0.04520888888888889
1997-07-04,29.8,30.88,29.3,30.45,438800.0,13281827.0,11250000.0,0.039004444444444446
1997-07-07,30.65,30.75,28.67,28.72,558700.0,16366133.0,11250000.0,0.049662222222222226
1997-07-08,28.8,29.88,27.85,29.6,406800.0,11752165.0,11250000.0,0.03616
1997-07-09,29.8,29.95,28.8,29.45,137000.0,4022130.0,11250000.0,0.012177777777777777
1997-07-10,29.5,30.0,29.0,29.14,175900.0,5232875.0,11250000.0,0.015635555555555555
1997-07-11,29.1,30.8,28.91,30.75,308700.0,9294424.0,11250000.0,0.02744
1997-07-14,31.2,32.7,31.0,32.53,634800.0,20327564.0,11250000.0,0.05642666666666667
1997-07-15,32.7,32.9,31.88,32.22,461900.0,14934532.0,11250000.0,0.041057777777777776
1997-07-16,32.2,33.7,32.2,32.71,361400.0,11895907.0,11250000.0,0.03212444444444444
1997-07-17,33.0,33.0,32.2,32.89,229000.0,7486280.0,11250000.0,0.020355555555555557
1997-07-18,33.0,33.15,32.39,33.11,455600.0,14941365.0,11250000.0,0.04049777777777778
1997-07-21,33.5,33.6,32.5,32.57,312500.0,10224970.0,11250000.0,0.027777777777777776
1997-07-22,32.34,32.35,31.0,32.3,332700.0,10531184.0,11250000.0,0.029573333333333333
1997-07-23,34.5,35.55,33.43,33.63,1290700.0,44138958.0,11250000.0,0.1147288888888889
1997-07-24,33.5,33.98,32.68,32.75,383200.0,12741556.0,11250000.0,0.03406222222222222
1997-07-25,32.2,33.49,32.0,32.7,253700.0,8320714.0,11250000.0,0.022551111111111112
1997-07-28,32.81,32.81,29.9,30.61,272200.0,8444650.0,11250000.0,0.024195555555555557
1997-07-29,30.0,31.5,29.5,30.5,261600.0,7979821.0,11250000.0,0.023253333333333334
1997-07-30,30.56,30.85,30.2,30.58,226500.0,6921962.0,11250000.0,0.020133333333333333
1997-07-31,30.68,31.05,30.3,30.43,207200.0,6340654.0,11250000.0,0.01841777777777778
1997-08-01,30.98,31.0,30.01,30.5,144000.0,4380614.0,11250000.0,0.0128
1997-08-04,30.5,30.6,30.0,30.56,236500.0,7193147.0,11250000.0,0.021022222222222223
1997-08-05,30.6,30.95,30.1,30.2,205500.0,6292419.0,11250000.0,0.018266666666666667
1997-08-06,30.05,30.6,29.5,29.6,381100.0,11480328.0,11250000.0,0.033875555555555555
1997-08-07,30.6,30.6,28.9,29.56,364600.0,10866150.0,11250000.0,0.03240888888888889
1997-08-08,29.6,29.99,29.05,29.3,159400.0,4670653.0,11250000.0,0.014168888888888889
1997-08-11,29.0,29.0,27.45,27.53,305300.0,8553216.0,11250000.0,0.027137777777777778
1997-08-12,27.5,27.5,26.5,26.7,190300.0,5116250.0,11250000.0,0.016915555555555555
1997-08-13,26.7,27.33,26.6,26.95,113600.0,3060521.0,11250000.0,0.010097777777777778
1997-08-14,26.91,28.3,26.9,28.25,197500.0,5422577.0,11250000.0,0.017555555555555557
1997-08-15,28.1,28.28,27.5,28.28,137900.0,3845542.0,11250000.0,0.012257777777777777
1997-08-18,27.5,28.99,27.0,28.33,271800.0,7606425.0,11250000.0,0.02416
1997-08-19,27.85,28.6,27.61,28.04,143300.0,4022739.0,11250000.0,0.012737777777777778
1997-08-20,28.04,28.88,28.04,28.88,82800.0,2350989.0,11250000.0,0.00736
1997-08-21,28.6,28.99,28.3,28.88,78100.0,2238627.0,11250000.0,0.006942222222222222
1997-08-22,28.96,30.98,28.5,29.43,220300.0,6394614.0,11250000.0,0.019582222222222223
1997-08-25,29.5,30.48,29.5,30.0,237400.0,7096228.0,11250000.0,0.021102222222222224
1997-08-26,29.98,30.5,29.68,30.16,219200.0,6613924.0,11250000.0,0.019484444444444443
1997-08-27,30.0,30.5,27.5,30.2,191900.0,5751909.0,11250000.0,0.01705777777777778
1997-08-29,29.7,30.5,28.21,28.95,96800.0,2828349.0,11250000.0,0.008604444444444444
1997-09-01,28.3,29.38,28.21,28.95,77800.0,2228320.0,12500000.0,0.006224
1997-09-02,28.85,29.17,28.45,29.0,72100.0,2078632.0,12500000.0,0.005768
1997-09-03,29.0,30.45,28.96,30.29,228300.0,6851338.0,12500000.0,0.018264
1997-09-04,30.82,31.8,30.7,30.85,378900.0,11785571.0,12500000.0,0.030312
1997-09-05,30.91,31.3,30.8,31.0,155100.0,4819219.0,12500000.0,0.012408
1997-09-08,31.5,31.5,30.7,30.8,118700.0,3671001.0,12500000.0,0.009496
1997-09-09,30.8,31.19,30.35,30.36,173300.0,5334145.0,12500000.0,0.013864
1997-09-10,30.6,30.95,29.5,29.7,154600.0,4622028.0,12500000.0,0.012368
1997-09-11,29.8,30.6,29.6,29.96,161000.0,4848292.0,12500000.0,0.01288
1997-09-12,30.0,30.35,29.2,29.29,212100.0,6310071.0,12500000.0,0.016968
1997-09-15,14.58,14.58,13.98,14.0,157300.0,2247239.0,12500000.0,0.012584
1997-09-16,13.99,14.37,13.71,13.85,123500.0,1727392.0,12500000.0,0.00988
1997-09-17,13.88,14.18,13.35,13.5,135400.0,1846787.0,25000000.0,0.005416
1997-09-18,13.68,13.68,13.3,13.38,163600.0,2190252.0,25000000.0,0.006544
1997-09-19,13.45,13.77,13.37,13.65,124500.0,1695399.0,25000000.0,0.00498
1997-09-22,13.74,13.74,12.6,12.7,183200.0,2386799.0,25000000.0,0.007328
1997-09-23,12.0,13.0,11.78,11.8,238200.0,2905813.0,25000000.0,0.009528
1997-09-24,12.0,12.5,12.0,12.45,273500.0,3362119.0,25000000.0,0.01094
1997-09-25,12.5,13.3,12.5,13.25,349300.0,4503448.0,25000000.0,0.013972
1997-09-26,13.01,13.27,12.61,12.93,164000.0,2113677.0,25000000.0,0.00656
1997-09-29,12.6,12.61,12.1,12.25,144800.0,1775953.0,25000000.0,0.005792
1997-09-30,12.4,12.5,12.2,12.5,117600.0,1446327.0,25000000.0,0.004704
1997-10-06,12.5,12.5,12.21,12.3,56000.0,688708.0,25000000.0,0.00224
1997-10-07,12.37,12.7,12.21,12.5,77600.0,961237.0,25000000.0,0.003104
1997-10-08,12.95,13.28,12.5,12.63,565700.0,7246069.0,25000000.0,0.022628
1997-10-09,12.65,13.05,12.36,12.9,569000.0,7179486.0,25000000.0,0.02276
1997-10-10,12.84,13.1,12.8,13.05,383200.0,4962325.0,25000000.0,0.015328
1997-10-13,13.15,13.18,13.0,13.12,213100.0,2782886.0,25000000.0,0.008524
1997-10-14,13.05,13.05,12.5,12.86,140900.0,1802107.0,25000000.0,0.005636
1997-10-15,12.9,12.96,12.7,12.91,65400.0,839367.0,25000000.0,0.002616
1997-10-16,13.0,13.5,13.0,13.43,466700.0,6218439.0,25000000.0,0.018668
1997-10-17,13.5,14.5,13.3,14.2,1972300.0,27339238.0,25000000.0,0.078892
1997-10-20,14.3,14.5,14.1,14.4,1036900.0,14895157.0,25000000.0,0.041476
1997-10-21,14.2,14.95,14.2,14.89,909500.0,13368496.0,25000000.0,0.03638
1997-10-22,14.95,15.1,14.0,14.24,872400.0,12672183.0,25000000.0,0.034896
1997-10-23,14.05,14.5,13.85,14.3,579300.0,8185196.0,25000000.0,0.023172
1997-10-24,14.3,14.52,14.11,14.48,646400.0,9280425.0,25000000.0,0.025856
1997-10-27,14.68,15.8,14.68,15.47,2201800.0,33984113.0,25000000.0,0.088072
1997-10-28,15.6,15.6,14.3,14.69,1236100.0,18459377.0,25000000.0,0.049444
1997-10-29,14.3,14.9,14.0,14.83,894700.0,13147729.0,25000000.0,0.035788
1997-10-30,15.26,15.71,14.7,14.81,1272100.0,19424812.0,25000000.0,0.050884
1997-10-31,14.5,14.8,14.28,14.77,458200.0,6674954.0,25000000.0,0.018328
1997-11-03,14.98,15.0,14.72,14.81,366600.0,5453384.0,25000000.0,0.014664
1997-11-04,14.88,15.0,14.7,14.98,310200.0,4622140.0,25000000.0,0.012408
1997-11-05,15.02,15.26,14.9,15.24,621800.0,9417399.0,25000000.0,0.024872
1997-11-06,15.3,15.63,14.91,14.95,655200.0,10071013.0,25000000.0,0.026208
1997-11-07,15.0,15.18,14.6,15.02,345000.0,5157850.0,25000000.0,0.0138
1997-11-10,15.0,15.38,14.8,14.87,455400.0,6893635.0,25000000.0,0.018216
1997-11-11,14.9,14.9,14.38,14.68,350100.0,5101981.0,25000000.0,0.014004
1997-11-12,14.57,15.0,14.46,14.47,199800.0,2917783.0,25000000.0,0.007992
1997-11-13,14.3,14.6,14.11,14.6,313400.0,4462675.0,25000000.0,0.012536
1997-11-14,14.83,14.89,14.45,14.5,204500.0,2974561.0,25000000.0,0.00818
1997-11-17,14.75,14.9,14.51,14.78,232300.0,3412152.0,25000000.0,0.009292
1997-11-18,14.68,14.68,14.4,14.43,149500.0,2170344.0,25000000.0,0.00598
1997-11-19,14.21,14.68,14.2,14.45,99400.0,1437203.0,25000000.0,0.003976
1997-11-20,14.2,14.5,14.2,14.28,94300.0,1350249.0,25000000.0,0.003772
1997-11-21,14.28,14.28,13.8,13.84,273200.0,3816547.0,25000000.0,0.010928
1997-11-24,13.7,13.7,13.08,13.1,268200.0,3584971.0,25000000.0,0.010728
1997-11-25,13.0,13.55,12.9,13.38,173100.0,2305119.0,25000000.0,0.006924
1997-11-26,13.37,13.55,13.35,13.48,80300.0,1080131.0,25000000.0,0.003212
1997-11-27,13.5,13.5,13.15,13.2,98300.0,1309666.0,25000000.0,0.003932
1997-11-28,13.08,13.9,13.05,13.79,201600.0,2704375.0,25000000.0,0.008064
1997-12-01,13.81,14.46,13.6,14.1,369000.0,5208541.0,25000000.0,0.01476
1997-12-02,14.2,15.39,14.1,15.15,2402800.0,36269131.0,25000000.0,0.096112
1997-12-03,15.2,15.35,14.6,15.31,1987100.0,30081533.0,25000000.0,0.079484
1997-12-04,15.3,16.35,15.1,15.9,3672100.0,58547581.0,25000000.0,0.146884
1997-12-05,15.9,16.4,15.51,15.63,2032200.0,32550772.0,25000000.0,0.081288
1997-12-08,15.65,16.0,15.6,15.73,816500.0,12861785.0,25000000.0,0.03266
1997-12-09,15.75,15.9,15.35,15.82,1099800.0,17174407.0,25000000.0,0.043992
1997-12-10,15.9,15.98,15.69,15.8,601400.0,9494691.0,25000000.0,0.024056
1997-12-11,15.8,16.4,15.69,16.16,1466700.0,23669020.0,25000000.0,0.058668
1997-12-12,16.2,16.28,15.85,15.89,882300.0,14140051.0,25000000.0,0.035292
1997-12-15,15.9,16.24,15.55,15.98,779300.0,12361512.0,25000000.0,0.031172
1997-12-16,16.03,16.15,15.67,15.9,616900.0,9766997.0,25000000.0,0.024676
1997-12-17,15.9,16.78,15.85,16.51,2920800.0,47971458.0,25000000.0,0.116832
1997-12-18,16.5,17.45,16.2,17.09,1918200.0,32353237.0,25000000.0,0.076728
1997-12-19,17.0,17.5,16.91,17.26,1721000.0,29737857.0,25000000.0,0.06884
1997-12-22,16.58,17.75,16.31,16.88,3088500.0,51979223.0,25000000.0,0.12354
1997-12-23,16.8,16.8,15.9,16.05,2222900.0,36409641.0,25000000.0,0.088916
1997-12-24,15.95,16.45,15.9,16.32,1406100.0,22630904.0,25000000.0,0.056244
1997-12-25,16.2,16.45,16.0,16.22,687900.0,11112981.0,25000000.0,0.027516
1997-12-26,16.29,16.38,15.98,16.05,968300.0,15556408.0,25000000.0,0.038732
1997-12-29,16.2,16.28,15.6,15.8,1050300.0,16590582.0,25000000.0,0.042012
1997-12-30,15.78,16.14,15.68,15.98,554800.0,8815641.0,25000000.0,0.022192
1997-12-31,16.0,16.3,15.8,16.04,467200.0,7501669.0,25000000.0,0.018688
1998-01-05,16.0,16.4,15.7,16.33,943300.0,15107644.0,25000000.0,0.037732
1998-01-06,16.3,17.42,16.2,17.34,1827500.0,31108091.0,25000000.0,0.0731
1998-01-07,17.38,17.38,16.5,17.11,1150400.0,19687469.0,25000000.0,0.046016
1998-01-08,17.15,17.18,16.51,16.76,1036400.0,17394390.0,25000000.0,0.041456
1998-01-09,16.7,16.95,16.4,16.8,697700.0,11574351.0,25000000.0,0.027908
1998-01-12,17.0,18.1,16.75,17.44,2296700.0,40222840.0,25000000.0,0.091868
1998-01-13,17.2,17.2,15.7,16.18,1432100.0,23402319.0,25000000.0,0.057284
1998-01-14,16.2,16.8,16.0,16.52,794400.0,13092827.0,25000000.0,0.031776
1998-01-15,16.6,16.96,16.45,16.65,500300.0,8326957.0,25000000.0,0.020012
1998-01-16,16.7,17.0,16.18,16.73,386600.0,6437590.0,25000000.0,0.015464
1998-01-19,16.7,17.3,16.6,16.99,908200.0,15493834.0,25000000.0,0.036328
1998-01-20,17.05,17.1,16.35,16.47,289500.0,4818948.0,25000000.0,0.01158
1998-01-21,16.5,16.7,16.15,16.18,321000.0,5231046.0,25000000.0,0.01284
1998-01-22,16.15,16.45,16.1,16.27,333500.0,5414681.0,25000000.0,0.01334
1998-01-23,16.48,16.8,16.25,16.34,361100.0,5945020.0,25000000.0,0.014444
1998-02-09,16.58,16.9,16.3,16.33,432400.0,7117598.0,25000000.0,0.017296
1998-02-10,16.33,16.35,15.84,15.91,536000.0,8549492.0,25000000.0,0.02144
1998-02-11,15.9,16.2,15.7,15.8,429300.0,6832551.0,25000000.0,0.017172
1998-02-12,15.8,15.98,15.35,15.81,659300.0,10277868.0,25000000.0,0.026372
1998-02-13,15.8,15.8,15.55,15.6,380100.0,5933375.0,25000000.0,0.015204
1998-02-16,15.5,15.5,15.0,15.18,633400.0,9612000.0,25000000.0,0.025336
1998-02-17,15.0,15.35,14.98,15.16,257200.0,3893523.0,25000000.0,0.010288
1998-02-18,15.15,15.2,14.3,14.57,642900.0,9491965.0,25000000.0,0.025716
1998-02-19,14.42,14.8,14.31,14.61,488000.0,7099050.0,25000000.0,0.01952
1998-02-20,14.55,15.0,14.45,14.86,406600.0,5968153.0,25000000.0,0.016264
1998-02-23,14.6,14.6,14.19,14.4,372200.0,5356774.0,25000000.0,0.014888
1998-02-24,12.96,13.66,12.96,13.3,1314400.0,17431661.0,25000000.0,0.052576
1998-02-25,13.2,13.3,12.9,13.06,622800.0,8171278.0,25000000.0,0.024912
1998-02-26,13.0,13.37,13.0,13.25,501500.0,6626509.0,25000000.0,0.02006
1998-02-27,13.25,13.8,13.21,13.67,436800.0,5914197.0,25000000.0,0.017472
1998-03-02,13.58,13.66,13.11,13.29,354200.0,4733642.0,25000000.0,0.014168
1998-03-03,13.25,13.5,13.1,13.41,240600.0,3182053.0,25000000.0,0.009624
1998-03-04,13.56,13.56,13.38,13.44,192600.0,2598546.0,25000000.0,0.007704
1998-03-05,13.48,13.54,13.25,13.28,201000.0,2688569.0,25000000.0,0.00804
1998-03-06,13.25,13.4,13.12,13.25,172800.0,2281722.0,25000000.0,0.006912
1998-03-09,13.25,13.25,13.03,13.07,233400.0,3054827.0,25000000.0,0.009336
1998-03-10,13.06,13.58,13.0,13.35,204400.0,2676495.0,25000000.0,0.008176
1998-03-11,13.35,13.36,13.15,13.16,200600.0,2659406.0,25000000.0,0.008024
1998-03-12,13.1,13.25,13.01,13.17,119600.0,1569187.0,25000000.0,0.004784
1998-03-13,13.1,13.2,13.03,13.15,188800.0,2475766.0,25000000.0,0.007552
1998-03-16,13.3,13.38,12.9,13.2,254100.0,3325107.0,25000000.0,0.010164
1998-03-17,13.25,13.5,13.1,13.4,495400.0,6569007.0,25000000.0,0.019816
1998-03-18,13.5,13.7,13.38,13.56,519300.0,7053812.0,25000000.0,0.020772
1998-03-19,13.58,13.58,13.18,13.21,208800.0,2794639.0,25000000.0,0.008352
1998-03-20,13.3,13.35,13.2,13.25,106600.0,1413174.0,25000000.0,0.004264
1998-03-23,13.26,13.26,13.05,13.14,175300.0,2300922.0,25000000.0,0.007012
1998-03-24,13.13,13.22,13.01,13.2,265400.0,3473132.0,25000000.0,0.010616
1998-03-25,13.3,13.41,13.09,13.2,173200.0,2285099.0,25000000.0,0.006928
1998-03-27,14.52,14.52,13.3,13.41,208400.0,2804199.0,25000000.0,0.008336
1998-03-30,13.41,13.7,13.36,13.61,466000.0,6305498.0,25000000.0,0.01864
1998-03-31,13.61,14.42,13.61,13.93,661700.0,9302163.0,25000000.0,0.026468
1998-04-01,13.9,13.9,13.6,13.71,266000.0,3652847.0,25000000.0,0.01064
1998-04-02,13.71,14.15,13.7,13.72,323500.0,4473623.0,25000000.0,0.01294
1998-04-03,13.72,13.76,13.6,13.73,300600.0,4108843.0,25000000.0,0.012024
1998-04-06,13.71,13.98,13.6,13.96,534100.0,7298586.0,25000000.0,0.021364
1998-04-07,13.92,14.18,13.8,13.82,327100.0,4561837.0,25000000.0,0.013084
1998-04-08,13.82,13.99,13.68,13.75,400300.0,5503658.0,25000000.0,0.016012
1998-04-09,13.85,13.85,13.46,13.5,452000.0,6164082.0,25000000.0,0.01808
1998-04-10,13.5,13.8,13.5,13.8,369400.0,5053514.0,25000000.0,0.014776
1998-04-13,13.88,14.59,13.8,14.3,1043300.0,14867035.0,25000000.0,0.041732
1998-04-14,14.32,14.39,14.0,14.04,344000.0,4847808.0,25000000.0,0.01376
1998-04-15,14.01,14.38,14.01,14.34,388500.0,5516895.0,25000000.0,0.01554
1998-04-16,14.3,14.6,14.25,14.43,623900.0,9015572.0,25000000.0,0.024956
1998-04-17,14.48,14.5,13.99,14.01,425600.0,6036306.0,25000000.0,0.017024
1998-04-20,13.9,14.0,13.7,13.83,230200.0,3185495.0,25000000.0,0.009208
1998-04-21,13.98,14.0,13.78,13.81,161600.0,2238199.0,25000000.0,0.006464
1998-04-22,13.84,13.97,13.78,13.94,325300.0,4507914.0,25000000.0,0.013012
1998-04-23,14.01,14.04,13.8,13.85,224600.0,3118656.0,25000000.0,0.008984
1998-04-24,13.85,14.5,13.85,14.12,339300.0,4815689.0,25000000.0,0.013572
1998-04-27,14.12,14.58,14.01,14.56,695900.0,10025099.0,25000000.0,0.027836
1998-04-28,14.68,15.35,14.6,14.85,1118700.0,16804528.0,25000000.0,0.044748
1998-04-29,14.99,15.0,14.7,14.91,475000.0,7044962.0,25000000.0,0.019
1998-04-30,14.85,15.2,14.84,14.93,290300.0,4335408.0,25000000.0,0.011612
1998-05-04,15.08,15.08,14.78,15.0,473000.0,7066974.0,25000000.0,0.01892
1998-05-05,15.0,15.35,14.9,15.25,469400.0,7117950.0,25000000.0,0.018776
1998-05-06,15.26,15.3,14.9,14.95,301900.0,4536451.0,25000000.0,0.012076
1998-05-07,14.92,15.0,14.6,14.62,490300.0,7246309.0,25000000.0,0.019612
1998-05-08,14.5,14.77,14.36,14.75,374600.0,5453614.0,25000000.0,0.014984
1998-05-11,14.75,14.78,14.5,14.5,422100.0,6140531.0,25000000.0,0.016884
1998-05-12,14.4,14.66,14.33,14.45,227000.0,3278095.0,25000000.0,0.00908
1998-05-13,14.45,14.9,14.4,14.7,314500.0,4601465.0,25000000.0,0.01258
1998-05-14,14.7,14.8,14.46,14.55,221000.0,3215818.0,25000000.0,0.00884
1998-05-15,14.51,14.7,14.5,14.58,174000.0,2537770.0,25000000.0,0.00696
1998-05-18,14.7,14.7,14.4,14.46,227000.0,3285538.0,25000000.0,0.00908
1998-05-19,14.7,14.7,14.4,14.49,163400.0,2366887.0,25000000.0,0.006536
1998-05-20,14.51,14.51,14.3,14.34,182800.0,2627710.0,25000000.0,0.007312
1998-05-21,14.35,14.45,14.15,14.24,241500.0,3439666.0,25000000.0,0.00966
1998-05-22,14.3,14.49,14.26,14.37,227100.0,3267448.0,25000000.0,0.009084
1998-05-25,14.38,14.89,14.37,14.68,324400.0,4749142.0,25000000.0,0.012976
1998-05-26,14.68,14.68,14.4,14.48,352700.0,5107005.0,25000000.0,0.014108
1998-05-27,14.56,14.79,14.4,14.65,279100.0,4056464.0,25000000.0,0.011164
1998-05-28,14.65,15.03,14.5,15.01,578500.0,8610107.0,25000000.0,0.02314
1998-05-29,15.03,15.89,15.03,15.34,1372800.0,21334349.0,25000000.0,0.054912
1998-06-01,15.5,15.58,15.0,15.11,517200.0,7899315.0,25000000.0,0.020688
1998-06-02,15.1,15.25,14.97,15.08,442500.0,6690994.0,25000000.0,0.0177
1998-06-03,15.08,15.15,14.8,15.15,432800.0,6474715.0,25000000.0,0.017312
1998-06-04,15.25,15.25,14.85,15.0,330100.0,4947096.0,25000000.0,0.013204
1998-06-05,15.0,15.2,14.85,15.05,395800.0,5937494.0,25000000.0,0.015832
1998-06-08,15.0,15.39,14.9,15.36,468300.0,7074801.0,25000000.0,0.018732
1998-06-09,15.2,15.31,14.78,14.93,470500.0,7061218.0,25000000.0,0.01882
1998-06-10,14.88,15.02,14.6,14.83,244600.0,3617590.0,25000000.0,0.009784
1998-06-11,14.8,15.0,14.71,14.84,212400.0,3150317.0,25000000.0,0.008496
1998-06-12,15.0,15.35,14.8,15.0,404200.0,6052335.0,25000000.0,0.016168
1998-06-15,15.19,15.2,14.9,14.99,230000.0,3448732.0,25000000.0,0.0092
1998-06-16,14.85,14.95,14.64,14.84,263600.0,3903315.0,25000000.0,0.010544
1998-06-17,14.9,14.9,14.72,14.76,224900.0,3323674.0,25000000.0,0.008996
1998-06-18,14.72,14.88,14.72,14.8,131900.0,1953226.0,25000000.0,0.005276
1998-06-19,14.79,15.1,14.68,15.09,363400.0,5428617.0,25000000.0,0.014536
1998-06-22,15.16,15.57,15.1,15.23,751700.0,11558909.0,25000000.0,0.030068
1998-06-23,15.3,15.51,15.11,15.44,552300.0,8478463.0,25000000.0,0.022092
1998-06-24,15.56,15.8,15.44,15.49,428400.0,6664581.0,25000000.0,0.017136
1998-06-25,15.45,15.5,15.1,15.11,311600.0,4750448.0,25000000.0,0.012464
1998-06-26,15.0,15.28,14.95,15.05,187700.0,2832197.0,25000000.0,0.007508
1998-06-29,15.0,15.0,14.6,14.67,276900.0,4094132.0,25000000.0,0.011076
1998-06-30,14.68,14.77,14.5,14.56,177200.0,2579264.0,25000000.0,0.007088
1998-07-01,14.8,15.0,14.4,14.46,181800.0,2646793.0,25000000.0,0.007272
1998-07-02,14.4,14.42,14.01,14.39,257400.0,3660672.0,25000000.0,0.010296
1998-07-03,14.4,14.6,14.2,14.35,157800.0,2271248.0,25000000.0,0.006312
1998-07-06,14.2,14.3,14.05,14.08,137400.0,1941241.0,25000000.0,0.005496
1998-07-07,14.01,14.19,14.0,14.19,80700.0,1139175.0,25000000.0,0.003228
1998-07-08,14.25,14.35,14.1,14.23,82400.0,1172026.0,25000000.0,0.003296
1998-07-09,14.23,14.52,14.1,14.42,193600.0,2777058.0,25000000.0,0.007744
1998-07-10,14.42,14.75,14.38,14.75,192500.0,2800440.0,25000000.0,0.0077
1998-07-13,14.75,14.76,14.48,14.5,168100.0,2446179.0,25000000.0,0.006724
1998-07-14,14.4,14.4,14.05,14.23,201500.0,2854968.0,25000000.0,0.00806
1998-07-15,14.1,14.25,13.9,14.03,260600.0,3673031.0,25000000.0,0.010424
1998-07-16,14.02,14.05,13.8,13.8,223500.0,3112956.0,25000000.0,0.00894
1998-07-17,13.8,13.8,13.35,13.4,338100.0,4564530.0,25000000.0,0.013524
1998-07-20,13.2,13.2,12.8,13.05,367300.0,4761961.0,25000000.0,0.014692
1998-07-21,13.0,13.66,12.88,13.51,151800.0,2002268.0,25000000.0,0.006072
1998-07-22,13.45,13.45,13.11,13.15,112500.0,1484639.0,25000000.0,0.0045
1998-07-23,13.05,13.38,13.05,13.26,148600.0,1967212.0,25000000.0,0.005944
1998-07-24,13.28,13.6,13.21,13.48,139400.0,1877467.0,25000000.0,0.005576
1998-07-27,12.99,13.37,12.8,13.1,269700.0,3532209.0,25000000.0,0.010788
1998-07-28,13.0,13.25,12.99,13.22,128500.0,1693982.0,25000000.0,0.00514
1998-07-29,13.33,13.6,13.33,13.52,192800.0,2605070.0,25000000.0,0.007712
1998-07-30,13.58,13.79,13.51,13.66,227400.0,3110959.0,25000000.0,0.009096
1998-07-31,13.51,13.78,13.51,13.63,148000.0,2025234.0,25000000.0,0.00592
1998-08-03,13.9,13.9,13.25,13.42,108000.0,1457285.0,25000000.0,0.00432
1998-08-04,13.22,13.45,13.21,13.31,82400.0,1091968.0,25000000.0,0.003296
1998-08-05,13.2,13.6,13.2,13.5,77800.0,1040900.0,25000000.0,0.003112
1998-08-06,13.5,13.5,13.22,13.3,91500.0,1218173.0,25000000.0,0.00366
1998-08-07,13.2,13.4,13.2,13.4,119800.0,1584469.0,25000000.0,0.004792
1998-08-10,13.3,13.3,13.0,13.15,137400.0,1797108.0,25000000.0,0.005496
1998-08-11,13.15,13.2,12.92,12.93,112500.0,1465462.0,25000000.0,0.0045
1998-08-12,13.0,13.0,12.3,12.51,216500.0,2738071.0,25000000.0,0.00866
1998-08-13,12.86,12.86,12.43,12.61,103900.0,1303081.0,25000000.0,0.004156
1998-08-14,12.4,12.47,12.21,12.21,132600.0,1646678.0,25000000.0,0.005304
1998-08-17,11.8,12.0,11.02,11.13,191000.0,2178054.0,25000000.0,0.00764
1998-08-18,10.6,11.95,10.58,11.0,118400.0,1321046.0,25000000.0,0.004736
1998-08-19,10.75,11.65,10.75,11.58,92000.0,1043034.0,25000000.0,0.00368
1998-08-20,11.5,11.9,11.5,11.88,176200.0,2063390.0,25000000.0,0.007048
1998-08-21,11.88,12.2,11.66,12.13,141100.0,1679146.0,25000000.0,0.005644
1998-08-24,12.0,12.09,11.25,12.03,115700.0,1381622.0,25000000.0,0.004628
1998-08-25,11.6,12.09,11.6,12.08,85900.0,1030574.0,25000000.0,0.003436
1998-08-26,11.91,12.15,11.9,11.92,168600.0,2020671.0,25000000.0,0.006744
1998-08-27,11.88,12.09,11.75,12.04,107700.0,1287970.0,25000000.0,0.004308
1998-08-28,12.0,12.01,11.85,11.9,87400.0,1043048.0,25000000.0,0.003496
1998-08-31,11.84,12.08,11.53,12.03,275400.0,3199846.0,25000000.0,0.011016
1998-09-01,11.88,12.19,11.88,11.97,93300.0,1121036.0,25000000.0,0.003732
1998-09-02,11.8,12.1,11.52,12.03,83000.0,996089.0,25000000.0,0.00332
1998-09-03,11.95,12.38,11.95,12.27,99800.0,1224004.0,25000000.0,0.003992
1998-09-04,12.4,12.43,12.28,12.38,76000.0,941952.0,25000000.0,0.00304
1998-09-07,12.4,12.45,12.2,12.44,68000.0,841379.0,25000000.0,0.00272
1998-09-09,12.45,12.45,12.18,12.41,85000.0,1046604.0,25000000.0,0.0034
1998-09-10,12.35,13.0,12.35,12.8,274300.0,3491443.0,25000000.0,0.010972
1998-09-11,12.98,12.98,12.69,12.72,106300.0,1352982.0,25000000.0,0.004252
1998-09-14,12.69,13.0,12.5,12.82,140700.0,1800312.0,25000000.0,0.005628
1998-09-15,12.62,12.88,12.62,12.81,134300.0,1717790.0,25000000.0,0.005372
1998-09-16,12.8,12.9,12.58,12.85,121300.0,1546104.0,25000000.0,0.004852
1998-09-17,12.9,13.16,12.7,12.99,240800.0,3131586.0,25000000.0,0.009632
1998-09-18,12.9,13.5,12.58,13.02,297600.0,3911708.0,25000000.0,0.011904
1998-09-21,13.02,13.5,12.79,13.39,205300.0,2735007.0,25000000.0,0.008212
1998-09-22,13.4,13.5,13.2,13.36,116200.0,1548739.0,25000000.0,0.004648
1998-09-23,13.4,13.4,13.2,13.25,129500.0,1716489.0,25000000.0,0.00518
1998-09-24,13.15,13.3,13.09,13.15,127200.0,1674987.0,25000000.0,0.005088
1998-09-25,13.15,13.15,12.9,13.01,104000.0,1352687.0,25000000.0,0.00416
1998-09-28,13.0,13.0,12.73,12.83,205100.0,2631787.0,25000000.0,0.008204
1998-09-29,12.83,13.1,12.74,12.9,72700.0,939867.0,25000000.0,0.002908
1998-09-30,12.88,13.1,12.88,12.96,69700.0,902030.0,25000000.0,0.002788
1998-10-05,12.91,13.1,12.83,13.0,100500.0,1302315.0,25000000.0,0.00402
1998-10-06,13.1,13.48,12.99,13.34,325700.0,4335944.0,25000000.0,0.013028
1998-10-07,13.36,13.7,13.28,13.62,464700.0,6287026.0,25000000.0,0.018588
1998-10-08,13.6,13.86,13.5,13.78,367500.0,5041380.0,25000000.0,0.0147
1998-10-09,13.8,14.1,13.51,13.55,255200.0,3517421.0,25000000.0,0.010208
1998-10-12,13.55,13.8,13.22,13.4,263500.0,3554550.0,25000000.0,0.01054
1998-10-13,13.4,13.58,13.1,13.36,279100.0,3707288.0,25000000.0,0.011164
1998-10-14,13.2,13.5,13.09,13.22,157700.0,2078247.0,25000000.0,0.006308
1998-10-15,13.25,13.58,13.2,13.5,135500.0,1818490.0,25000000.0,0.00542
1998-10-16,13.4,13.6,13.23,13.39,199500.0,2674825.0,25000000.0,0.00798
1998-10-19,13.39,13.58,13.25,13.58,126500.0,1697325.0,25000000.0,0.00506
1998-10-20,13.56,13.61,13.31,13.42,92700.0,1245298.0,25000000.0,0.003708
1998-10-21,13.3,13.35,12.86,12.89,212400.0,2767400.0,25000000.0,0.008496
1998-10-22,12.75,12.96,12.7,12.9,174700.0,2236974.0,25000000.0,0.006988
1998-10-23,12.93,13.09,12.85,12.86,88900.0,1151861.0,25000000.0,0.003556
1998-10-26,12.8,12.82,12.0,12.78,130300.0,1644290.0,25000000.0,0.005212
1998-10-27,12.7,12.75,12.53,12.7,98700.0,1248521.0,25000000.0,0.003948
1998-10-28,12.7,13.08,12.7,12.98,76200.0,987392.0,25000000.0,0.003048
1998-10-29,13.05,13.1,12.7,12.7,106800.0,1371729.0,25000000.0,0.004272
1998-10-30,12.6,13.08,12.6,12.9,115000.0,1489735.0,25000000.0,0.0046
1998-11-02,12.81,13.35,12.81,13.26,182800.0,2413393.0,25000000.0,0.007312
1998-11-03,13.2,13.35,13.2,13.34,114000.0,1513854.0,25000000.0,0.00456
1998-11-04,13.35,13.35,13.1,13.1,100800.0,1330894.0,25000000.0,0.004032
1998-11-05,14.11,14.11,13.38,13.47,316300.0,4293006.0,25000000.0,0.012652
1998-11-06,13.5,13.59,13.3,13.37,189400.0,2530426.0,25000000.0,0.007576
1998-11-09,13.48,13.8,13.25,13.66,326900.0,4424697.0,25000000.0,0.013076
1998-11-10,13.59,13.7,13.4,13.56,169100.0,2293317.0,25000000.0,0.006764
1998-11-11,13.46,13.66,13.36,13.62,173600.0,2346500.0,25000000.0,0.006944
1998-11-12,13.6,13.7,13.4,13.68,288500.0,3924403.0,25000000.0,0.01154
1998-11-13,13.58,13.63,13.4,13.54,97300.0,1315762.0,25000000.0,0.003892
1998-11-16,13.49,13.69,13.48,13.57,165500.0,2247678.0,25000000.0,0.00662
1998-11-17,13.6,13.6,13.23,13.29,162600.0,2183233.0,25000000.0,0.006504
1998-11-18,13.3,13.52,13.28,13.34,123000.0,1643364.0,25000000.0,0.00492
1998-11-19,13.34,13.34,13.12,13.16,126100.0,1663708.0,25000000.0,0.005044
1998-11-20,13.18,13.35,13.05,13.19,127200.0,1673621.0,25000000.0,0.005088
1998-11-23,13.13,13.3,13.01,13.08,82700.0,1084590.0,25000000.0,0.003308
1998-11-24,13.1,13.2,12.95,12.98,126900.0,1657898.0,25000000.0,0.005076
1998-11-25,13.0,13.15,12.91,13.02,87200.0,1135455.0,25000000.0,0.003488
1998-11-26,13.32,13.32,12.9,13.05,75300.0,984846.0,25000000.0,0.003012
1998-11-27,13.1,13.14,12.85,12.9,72300.0,941098.0,25000000.0,0.002892
1998-11-30,12.78,12.93,12.7,12.93,60700.0,777930.0,25000000.0,0.002428
1998-12-01,12.9,12.9,12.68,12.69,66000.0,844443.0,25000000.0,0.00264
1998-12-02,12.8,13.0,12.61,12.76,43600.0,556006.0,25000000.0,0.001744
1998-12-03,12.72,12.75,12.68,12.7,46900.0,596736.0,25000000.0,0.001876
1998-12-04,12.66,12.8,12.65,12.7,34300.0,436960.0,25000000.0,0.001372
1998-12-07,12.79,12.9,12.78,12.8,53400.0,685312.0,25000000.0,0.002136
1998-12-08,12.89,13.0,12.74,13.0,76000.0,976694.0,25000000.0,0.00304
1998-12-09,13.0,13.06,12.9,13.0,31300.0,406917.0,25000000.0,0.001252
1998-12-10,12.7,13.0,12.7,12.76,29000.0,371680.0,25000000.0,0.00116
1998-12-11,12.77,13.0,12.66,12.98,23200.0,295944.0,25000000.0,0.000928
1998-12-14,12.98,12.98,12.6,12.61,37500.0,478606.0,25000000.0,0.0015
1998-12-15,12.8,12.8,12.39,12.7,47000.0,592229.0,25000000.0,0.00188
1998-12-16,12.8,12.8,12.6,12.64,26500.0,335453.0,25000000.0,0.00106
1998-12-17,12.68,12.68,12.35,12.46,54200.0,674079.0,25000000.0,0.002168
1998-12-18,12.46,12.5,12.01,12.2,54300.0,664093.0,25000000.0,0.002172
1998-12-21,12.33,12.95,11.82,12.26,107700.0,1336741.0,25000000.0,0.004308
1998-12-22,12.38,12.64,12.3,12.56,141600.0,1774036.0,25000000.0,0.005664
1998-12-23,12.55,12.55,12.3,12.4,183100.0,2273893.0,25000000.0,0.007324
1998-12-24,12.5,12.5,12.4,12.41,134700.0,1678593.0,25000000.0,0.005388
1998-12-25,12.41,12.52,12.35,12.41,121800.0,1514002.0,25000000.0,0.004872
1998-12-28,12.41,12.42,12.04,12.08,151600.0,1844137.0,25000000.0,0.006064
1998-12-29,11.91,12.16,11.9,12.0,28600.0,344015.0,25000000.0,0.001144
1998-12-30,12.15,12.2,11.86,12.05,46100.0,551515.0,25000000.0,0.001844
1998-12-31,12.0,12.05,11.9,12.0,24900.0,298174.0,25000000.0,0.000996
1999-01-04,11.9,11.95,11.7,11.7,29600.0,347933.0,25000000.0,0.001184
1999-01-05,11.62,11.62,11.4,11.48,41300.0,473621.0,25000000.0,0.001652
1999-01-06,11.45,11.75,11.25,11.56,30700.0,351148.0,25000000.0,0.001228
1999-01-07,11.4,11.79,11.4,11.56,17800.0,207042.0,25000000.0,0.000712
1999-01-08,11.8,11.95,11.73,11.92,29100.0,345119.0,25000000.0,0.001164
1999-01-11,11.9,11.9,11.68,11.85,33900.0,398796.0,25000000.0,0.001356
1999-01-12,11.72,11.94,11.72,11.74,29000.0,343400.0,25000000.0,0.00116
1999-01-13,11.7,11.99,11.6,11.85,79500.0,941550.0,25000000.0,0.00318
1999-01-14,11.9,11.9,11.41,11.64,46600.0,544182.0,25000000.0,0.001864
1999-01-15,11.52,11.65,11.51,11.6,41600.0,480979.0,25000000.0,0.001664
1999-01-18,11.4,11.8,11.32,11.7,56400.0,657545.0,25000000.0,0.002256
1999-01-19,11.6,11.85,11.6,11.8,45300.0,533264.0,25000000.0,0.001812
1999-01-20,11.77,11.9,11.75,11.82,28300.0,335293.0,25000000.0,0.001132
1999-01-21,11.76,11.89,11.68,11.83,23200.0,273450.0,25000000.0,0.000928
1999-01-22,11.82,11.99,11.82,11.88,45500.0,539567.0,25000000.0,0.00182
1999-01-25,11.88,12.1,11.84,11.95,97700.0,1170639.0,25000000.0,0.003908
1999-01-26,11.88,11.99,11.71,11.8,49200.0,583377.0,25000000.0,0.001968
1999-01-27,11.82,12.17,11.6,11.92,43900.0,520158.0,25000000.0,0.001756
1999-01-28,12.0,12.0,11.76,11.76,35800.0,425992.0,25000000.0,0.001432
1999-01-29,11.76,11.88,11.7,11.82,50100.0,589868.0,25000000.0,0.002004
1999-02-01,11.85,11.98,11.61,11.68,34400.0,401654.0,25000000.0,0.001376
1999-02-02,11.53,11.78,11.0,11.44,60400.0,693354.0,25000000.0,0.002416
1999-02-03,11.5,11.56,11.3,11.43,35400.0,404189.0,25000000.0,0.001416
1999-02-04,11.4,11.4,11.0,11.01,71100.0,791885.0,25000000.0,0.002844
1999-02-05,11.05,11.38,11.05,11.24,123700.0,1386560.0,25000000.0,0.004948
1999-02-08,11.1,11.18,11.0,11.01,106900.0,1181923.0,25000000.0,0.004276
1999-02-09,11.0,11.26,10.81,10.99,92100.0,1011070.0,25000000.0,0.003684
1999-03-01,11.0,11.2,10.55,11.1,61600.0,664163.0,25000000.0,0.002464
1999-03-02,10.96,11.34,10.96,11.1,42500.0,476270.0,25000000.0,0.0017
1999-03-03,11.2,11.3,11.01,11.3,53500.0,599434.0,25000000.0,0.00214
1999-03-04,11.28,11.38,11.24,11.3,93900.0,1062821.0,25000000.0,0.003756
1999-03-05,11.4,11.45,11.19,11.36,122600.0,1390071.0,25000000.0,0.004904
1999-03-08,11.28,11.55,11.19,11.49,95900.0,1088073.0,25000000.0,0.003836
1999-03-09,11.53,11.58,11.36,11.54,107500.0,1230672.0,25000000.0,0.0043
1999-03-10,11.54,11.6,11.3,11.47,137100.0,1555708.0,25000000.0,0.005484
1999-03-11,11.46,11.52,11.35,11.46,113800.0,1303875.0,25000000.0,0.004552
1999-03-12,11.5,11.72,11.46,11.72,119100.0,1383300.0,25000000.0,0.004764
1999-03-15,11.75,11.83,11.66,11.8,105900.0,1246017.0,25000000.0,0.004236
1999-03-16,11.85,11.85,11.68,11.79,66700.0,783732.0,25000000.0,0.002668
1999-03-17,11.75,12.25,11.75,11.98,360700.0,4321842.0,25000000.0,0.014428
1999-03-18,11.95,11.95,11.68,11.72,112600.0,1334103.0,25000000.0,0.004504
1999-03-19,11.75,11.98,11.65,11.94,85200.0,1000810.0,25000000.0,0.003408
1999-03-22,11.98,11.98,11.75,11.78,127500.0,1509822.0,25000000.0,0.0051
1999-03-23,11.75,11.82,11.66,11.69,65600.0,770552.0,25000000.0,0.002624
1999-03-24,11.73,11.83,11.66,11.69,46000.0,538446.0,25000000.0,0.00184
1999-03-25,11.75,11.75,11.56,11.58,56000.0,649994.0,25000000.0,0.00224
1999-03-26,11.55,11.72,11.5,11.6,64700.0,755129.0,25000000.0,0.002588
1999-03-29,11.66,11.72,11.5,11.6,57300.0,664817.0,25000000.0,0.002292
1999-03-30,11.63,11.79,11.63,11.64,54700.0,637838.0,25000000.0,0.002188
1999-03-31,11.6,11.6,11.47,11.51,88700.0,1020604.0,25000000.0,0.003548
1999-04-01,11.51,11.55,11.4,11.45,84000.0,963741.0,25000000.0,0.00336
1999-04-02,11.45,11.63,11.4,11.63,90600.0,1042942.0,25000000.0,0.003624
1999-04-05,11.65,11.78,11.65,11.76,86200.0,1012276.0,25000000.0,0.003448
1999-04-06,11.85,11.89,11.57,11.66,80200.0,936527.0,25000000.0,0.003208
1999-04-07,11.62,11.68,11.45,11.49,136800.0,1574893.0,25000000.0,0.005472
1999-04-08,11.45,11.65,11.4,11.47,150400.0,1731275.0,25000000.0,0.006016
1999-04-09,11.51,11.58,11.33,11.4,152100.0,1734749.0,25000000.0,0.006084
1999-04-12,11.45,11.45,11.08,11.22,119600.0,1339671.0,25000000.0,0.004784
1999-04-13,11.1,11.21,11.04,11.21,34100.0,379625.0,25000000.0,0.001364
1999-04-14,11.16,11.6,11.16,11.59,77200.0,883605.0,25000000.0,0.003088
1999-04-15,11.55,11.59,11.4,11.46,98000.0,1125810.0,25000000.0,0.00392
1999-04-19,11.2,11.59,11.2,11.54,104800.0,1200878.0,25000000.0,0.004192
1999-04-20,11.6,11.68,11.35,11.64,105400.0,1218336.0,25000000.0,0.004216
1999-04-21,11.69,11.7,11.25,11.33,117700.0,1358325.0,25000000.0,0.004708
1999-04-22,11.5,11.5,10.6,10.72,217000.0,2378857.0,25000000.0,0.00868
1999-04-23,10.86,11.3,10.86,11.04,97300.0,1085994.0,25000000.0,0.003892
1999-04-26,11.08,11.3,10.76,10.9,96100.0,1060966.0,25000000.0,0.003844
1999-04-27,10.8,11.25,10.5,10.6,145100.0,1584782.0,25000000.0,0.005804
1999-04-28,10.81,10.99,10.4,10.53,209700.0,2269520.0,25000000.0,0.008388
1999-04-29,10.55,11.0,10.55,10.72,119000.0,1289469.0,25000000.0,0.00476
1999-04-30,10.97,11.33,10.82,11.3,191500.0,2140885.0,25000000.0,0.00766
1999-05-04,11.0,11.6,11.0,11.35,256500.0,2931683.0,25000000.0,0.01026
1999-05-05,11.55,11.55,11.2,11.32,110200.0,1249024.0,25000000.0,0.004408
1999-05-06,11.32,11.59,11.1,11.29,84400.0,950391.0,25000000.0,0.003376
1999-05-07,11.3,11.3,10.88,10.96,275000.0,3056008.0,25000000.0,0.011
1999-05-10,10.95,10.95,10.49,10.64,321300.0,3427859.0,25000000.0,0.012852
1999-05-11,10.75,11.06,10.6,10.87,39100.0,423899.0,25000000.0,0.001564
1999-05-12,10.99,11.2,10.81,10.97,125900.0,1387085.0,25000000.0,0.005036
1999-05-13,11.11,11.11,10.71,10.8,206800.0,2240833.0,25000000.0,0.008272
1999-05-14,10.79,11.3,10.37,10.61,311900.0,3351124.0,25000000.0,0.012476
1999-05-17,10.6,10.99,10.6,10.81,119800.0,1297135.0,25000000.0,0.004792
1999-05-18,10.7,11.15,10.7,10.84,163700.0,1801333.0,25000000.0,0.006548
1999-05-19,10.81,11.45,10.81,11.27,215500.0,2422775.0,25000000.0,0.00862
1999-05-20,11.6,11.7,11.3,11.54,393000.0,4533536.0,25000000.0,0.01572
1999-05-21,11.6,11.78,11.45,11.51,202000.0,2336462.0,25000000.0,0.00808
1999-05-24,11.49,11.89,11.36,11.53,392000.0,4571860.0,25000000.0,0.01568
1999-05-25,11.68,12.68,11.6,12.33,1945700.0,24087273.0,25000000.0,0.077828
1999-05-26,13.0,13.0,12.13,12.28,611300.0,7552014.0,25000000.0,0.024452
1999-05-27,12.3,12.8,12.3,12.5,857200.0,10769901.0,25000000.0,0.034288
1999-05-28,13.2,13.2,12.4,12.6,963500.0,12115543.0,25000000.0,0.03854
1999-05-31,12.61,12.75,12.0,12.07,775900.0,9707980.0,25000000.0,0.031036
1999-06-01,12.12,12.4,12.05,12.34,609000.0,7421229.0,25000000.0,0.02436
1999-06-02,12.55,12.55,11.98,12.01,724000.0,8938398.0,25000000.0,0.02896
1999-06-03,12.0,12.3,12.0,12.15,509800.0,6200779.0,25000000.0,0.020392
1999-06-04,12.16,12.4,12.03,12.18,315100.0,3846151.0,25000000.0,0.012604
1999-06-07,12.21,12.5,12.12,12.4,521700.0,6426620.0,25000000.0,0.020868
1999-06-08,12.9,12.9,12.46,12.51,494600.0,6242914.0,25000000.0,0.019784
1999-06-09,12.52,12.78,12.28,12.32,884900.0,11020969.0,25000000.0,0.035396
1999-06-10,12.89,13.55,12.65,13.55,1618400.0,21742660.0,25000000.0,0.064736
1999-06-11,13.75,13.95,13.4,13.72,1340900.0,18346618.0,25000000.0,0.053636
1999-06-14,13.8,14.29,13.51,14.02,620700.0,8639121.0,25000000.0,0.024828
1999-06-15,14.0,14.55,13.8,13.83,1252600.0,17813207.0,25000000.0,0.050104
1999-06-16,14.18,15.21,14.18,15.21,2534600.0,38056129.0,25000000.0,0.101384
1999-06-17,15.6,16.2,15.5,15.8,1690700.0,26818878.0,25000000.0,0.067628
1999-06-18,15.95,15.95,15.3,15.47,780200.0,12075257.0,25000000.0,0.031208
1999-06-21,15.45,15.98,15.01,15.53,634100.0,9803317.0,25000000.0,0.025364
1999-06-22,15.53,15.78,15.2,15.74,453100.0,7028772.0,25000000.0,0.018124
1999-06-23,15.7,16.15,15.7,15.99,802300.0,12817976.0,25000000.0,0.032092
1999-06-24,16.0,16.29,15.81,16.11,1047500.0,16773348.0,25000000.0,0.0419
1999-06-25,16.1,17.71,15.9,17.51,1922400.0,32721174.0,25000000.0,0.076896
1999-06-28,17.51,19.2,16.99,19.15,1949600.0,35207751.0,25000000.0,0.077984
1999-06-29,19.35,20.99,18.5,19.07,1814400.0,35722939.0,25000000.0,0.072576
1999-06-30,19.02,20.2,17.8,19.21,796700.0,15075758.0,25000000.0,0.031868
1999-07-01,18.85,18.85,17.29,17.29,570800.0,9970780.0,25000000.0,0.022832
1999-07-02,16.88,18.48,15.6,17.87,857900.0,14524430.0,25000000.0,0.034316
1999-07-05,17.7,17.75,16.5,17.01,384400.0,6513998.0,25000000.0,0.015376
1999-07-06,16.7,17.05,15.61,16.94,593500.0,9705226.0,25000000.0,0.02374
1999-07-07,16.15,16.9,16.15,16.61,375400.0,6206842.0,25000000.0,0.015016
1999-07-08,16.9,16.97,16.01,16.48,352700.0,5807729.0,25000000.0,0.014108
1999-07-09,16.1,17.35,15.9,16.81,656200.0,10784842.0,25000000.0,0.026248
1999-07-12,16.81,16.9,15.4,16.35,448300.0,7328773.0,25000000.0,0.017932
1999-07-13,16.13,16.15,15.4,16.1,564200.0,8920004.0,25000000.0,0.022568
1999-07-14,16.0,16.18,15.79,16.08,847300.0,13539870.0,25000000.0,0.033892
1999-07-15,15.18,15.18,14.65,14.8,263400.0,3918311.0,25000000.0,0.010536
1999-07-16,14.5,14.79,14.01,14.51,290900.0,4146335.0,25000000.0,0.011636
1999-07-19,14.39,14.39,13.7,14.12,188252.0,2625031.0,25000000.0,0.00753008
1999-07-20,14.02,15.0,13.75,14.96,638100.0,9233000.0,25000000.0,0.025524
1999-07-21,15.0,15.0,14.3,14.65,919000.0,13460572.0,25000000.0,0.03676
1999-07-22,14.75,14.75,14.0,14.29,424000.0,6063803.0,25000000.0,0.01696
1999-07-23,14.25,14.7,14.0,14.66,691000.0,9973182.0,25000000.0,0.02764
1999-07-26,14.5,15.18,14.25,15.13,1567800.0,23408406.0,25000000.0,0.062712
1999-07-27,15.05,15.4,14.5,14.76,985200.0,14713617.0,25000000.0,0.039408
1999-07-28,14.6,15.1,14.02,14.69,909600.0,13446742.0,25000000.0,0.036384
1999-07-29,14.6,14.75,14.15,14.33,904400.0,13077303.0,25000000.0,0.036176
1999-07-30,14.21,14.5,13.58,13.6,1408500.0,19650258.0,25000000.0,0.05634
1999-08-02,13.6,13.87,13.5,13.67,474200.0,6472485.0,25000000.0,0.018968
1999-08-03,13.71,13.86,13.5,13.55,607900.0,8282424.0,25000000.0,0.024316
1999-08-04,13.64,14.65,13.64,14.55,1228000.0,17558000.0,25000000.0,0.04912
1999-08-05,14.55,14.7,14.2,14.43,997300.0,14416100.0,25000000.0,0.039892
1999-08-06,14.5,14.5,13.62,13.8,826300.0,11485518.0,25000000.0,0.033052
1999-08-09,13.6,13.8,13.25,13.31,1325800.0,17833288.0,25000000.0,0.053032
1999-08-10,13.33,13.75,13.31,13.5,383600.0,5203911.0,25000000.0,0.015344
1999-08-11,13.6,14.6,13.41,13.62,710700.0,9777093.0,25000000.0,0.028428
1999-08-12,13.98,13.99,13.6,13.62,532200.0,7296364.0,25000000.0,0.021288
1999-08-13,13.7,13.9,13.7,13.73,189000.0,2604881.0,25000000.0,0.00756
1999-08-16,13.85,14.05,13.55,13.84,551700.0,7596520.0,25000000.0,0.022068
1999-08-17,14.08,14.5,13.81,14.13,768100.0,10983914.0,25000000.0,0.030724
1999-08-18,14.5,14.5,14.0,14.18,503800.0,7160912.0,25000000.0,0.020152
1999-08-19,14.3,14.67,14.18,14.4,415400.0,6010028.0,25000000.0,0.016616
1999-08-20,14.6,14.6,14.2,14.4,281900.0,4066039.0,25000000.0,0.011276
1999-08-23,14.17,14.55,14.17,14.47,283400.0,4086896.0,25000000.0,0.011336
1999-08-24,14.51,14.78,14.41,14.67,456400.0,6667785.0,25000000.0,0.018256
1999-08-25,14.69,14.75,14.0,14.15,427800.0,6142695.0,25000000.0,0.017112
1999-08-26,14.02,14.28,13.88,14.04,288900.0,4075521.0,25000000.0,0.011556
1999-08-27,13.88,14.7,13.88,14.32,795300.0,11493483.0,32422000.0,0.024529640367651595
1999-08-30,14.32,14.85,14.32,14.73,805900.0,11876324.0,32422000.0,0.02485657886620196
1999-08-31,14.73,15.3,14.61,15.26,959600.0,14430630.0,32422000.0,0.029597187095182283
1999-09-01,15.24,15.49,15.01,15.11,875400.0,13264826.0,32422000.0,0.02700018505952748
1999-09-02,15.01,15.5,14.9,15.48,892700.0,13639426.0,32422000.0,0.027533773363765345
1999-09-03,15.7,16.03,15.4,15.6,887300.0,13983543.0,32422000.0,0.02736721978903214
1999-09-06,15.6,15.6,15.1,15.29,561000.0,8593634.0,32422000.0,0.017303065819505276
1999-09-07,15.3,15.99,14.95,15.98,1227000.0,19398470.0,32422000.0,0.037844673369933995
1999-09-08,16.0,16.3,15.61,15.82,842200.0,13489930.0,32422000.0,0.025976189007464068
1999-09-09,16.0,17.2,15.82,16.9,1894500.0,31405420.0,32422000.0,0.05843254580223305
1999-09-10,17.1,17.1,16.55,16.99,1026200.0,17214080.0,32422000.0,0.03165134785022516
1999-09-13,17.2,18.14,17.2,17.96,1967800.0,34706472.0,32422000.0,0.06069335636296342
1999-09-14,18.1,18.1,17.61,17.98,1027800.0,18333104.0,32422000.0,0.03170069705755351
1999-09-15,18.0,18.09,17.0,17.63,1022600.0,17841687.0,32422000.0,0.03154031213373635
1999-09-16,17.4,17.7,16.95,17.11,854900.0,14796080.0,32422000.0,0.026367898340632905
1999-09-17,17.0,17.05,16.21,16.56,1481000.0,24492055.0,32422000.0,0.04567886003331072
1999-09-20,16.35,16.35,15.9,15.92,690100.0,11056137.0,32422000.0,0.021284929985812103
1999-09-21,15.85,16.3,15.4,16.08,454500.0,7239949.0,32422000.0,0.014018259206711492
1999-09-22,16.05,16.3,15.66,15.9,239600.0,3796046.0,32422000.0,0.007390043797421504
1999-09-23,16.0,16.15,15.5,15.88,403800.0,6344754.0,32422000.0,0.01245450619949417
1999-09-24,15.88,16.1,15.5,15.93,377600.0,5948132.0,32422000.0,0.01164641292949232
1999-09-27,15.8,17.45,15.71,15.99,1030600.0,17056317.0,32422000.0,0.031787058170378135
1999-09-28,15.85,16.0,15.35,15.79,694100.0,10842701.0,32422000.0,0.021408303004132996
1999-09-29,15.79,15.97,15.35,15.86,796653.0,12453363.0,32422000.0,0.024571371291098636
1999-09-30,15.8,16.1,15.4,15.79,161800.0,2535178.0,32422000.0,0.004990438591080131
1999-10-08,15.5,15.77,15.3,15.56,95900.0,1482907.0,32422000.0,0.002957868114243415
1999-10-11,15.5,15.6,15.12,15.33,131200.0,2000826.0,32422000.0,0.004046635000925298
1999-10-12,15.5,15.5,15.3,15.39,51400.0,788946.0,32422000.0,0.001585343285423478
1999-10-13,15.3,15.5,15.19,15.46,86900.0,1331812.0,32422000.0,0.0026802788230214053
1999-10-14,15.2,15.55,15.2,15.41,60100.0,924795.0,32422000.0,0.0018536796002714207
1999-10-15,15.31,15.79,15.31,15.78,703100.0,10981730.0,32422000.0,0.021685892295355006
1999-10-18,15.82,15.85,15.4,15.62,119600.0,1867001.0,32422000.0,0.0036888532477947072
1999-10-19,15.6,15.6,15.0,15.39,259600.0,3944146.0,32422000.0,0.00800690888902597
1999-10-20,15.3,15.55,15.0,15.42,201200.0,3076257.0,32422000.0,0.006205662821540929
1999-10-21,15.3,15.58,15.0,15.33,150800.0,2290240.0,32422000.0,0.004651162790697674
1999-10-22,15.25,15.59,15.0,15.55,441900.0,6837029.0,32422000.0,0.013629634199000679
1999-10-25,15.45,15.59,15.2,15.43,105900.0,1622788.0,32422000.0,0.003266300660045648
1999-10-26,15.47,15.47,15.07,15.2,195800.0,2969652.0,32422000.0,0.0060391092468077235
1999-10-27,15.37,15.89,15.32,15.88,425000.0,6667335.0,32422000.0,0.013108383196594905
1999-10-28,15.8,16.1,15.09,15.92,530300.0,8432672.0,32422000.0,0.01635617790389242
1999-10-29,15.9,16.35,15.73,16.24,1193000.0,19255848.0,32422000.0,0.036796002714206404
1999-11-01,16.3,16.38,16.0,16.11,319700.0,5165719.0,32422000.0,0.00986058848929739
1999-11-02,16.2,16.3,15.86,15.98,200700.0,3202434.0,32422000.0,0.006190241194250818
1999-11-03,15.9,16.2,15.83,16.06,292300.0,4695240.0,32422000.0,0.009015483313799273
1999-11-04,16.08,16.1,15.31,15.69,269300.0,4228641.0,32422000.0,0.008306088458454135
1999-11-05,15.68,16.0,15.3,15.85,270100.0,4280726.0,32422000.0,0.008330763062118315
1999-11-08,15.29,16.2,15.29,16.18,412700.0,6603054.0,32422000.0,0.012729011165258158
1999-11-09,16.18,16.23,15.71,16.11,282300.0,4545415.0,32422000.0,0.008707050767997038
1999-11-10,16.09,16.3,15.81,16.2,794700.0,12857569.0,32422000.0,0.02451113441490346
1999-11-11,16.2,16.5,16.2,16.42,1118400.0,18337941.0,32422000.0,0.03449509592252174
1999-11-12,16.4,16.48,15.82,16.24,606500.0,9823663.0,32422000.0,0.018706433902905436
1999-11-15,15.82,16.33,15.82,16.09,458100.0,7392707.0,32422000.0,0.014129294923200296
1999-11-16,16.15,16.45,15.5,15.93,621000.0,10002866.0,32422000.0,0.019153661094318673
1999-11-17,15.8,16.2,15.55,16.16,652700.0,10344819.0,32422000.0,0.02013139226451175
1999-11-18,16.1,16.5,15.86,16.35,2050600.0,33205435.0,32422000.0,0.0632471778422059
1999-11-19,16.3,16.3,15.95,16.04,217700.0,3492812.0,32422000.0,0.006714576522114614
1999-11-22,15.9,16.08,15.78,16.07,303500.0,4828359.0,32422000.0,0.009360927765097773
1999-11-23,15.9,16.2,15.7,15.96,407500.0,6491538.0,32422000.0,0.012568626241440997
1999-11-24,15.9,16.05,15.5,15.76,137100.0,2151355.0,32422000.0,0.004228610202948615
1999-11-25,15.75,15.75,15.5,15.63,277600.0,4315513.0,32422000.0,0.00856208747146999
1999-11-26,15.97,15.97,15.5,15.59,179400.0,2804758.0,32422000.0,0.005533279871692061
1999-11-29,15.5,15.88,15.35,15.37,254600.0,3933335.0,32422000.0,0.007852692616124854
1999-11-30,15.35,15.43,15.18,15.41,161700.0,2476570.0,32422000.0,0.004987354265622109
1999-12-01,15.45,15.47,15.3,15.41,68500.0,1055960.0,32422000.0,0.0021127629387452966
1999-12-02,15.35,15.41,15.11,15.13,226800.0,3463691.0,32422000.0,0.006995250138794646
1999-12-03,15.14,15.19,14.72,14.74,364000.0,5408130.0,32422000.0,0.011226944667201283
1999-12-06,14.7,14.82,14.52,14.79,161700.0,2374865.0,32422000.0,0.004987354265622109
1999-12-07,14.8,14.95,14.63,14.76,93000.0,1371883.0,32422000.0,0.002868422675960767
1999-12-08,14.78,14.78,14.69,14.78,93100.0,1372487.0,32422000.0,0.0028715070014187897
1999-12-09,14.78,14.78,14.56,14.59,89300.0,1304007.0,32422000.0,0.0027543026340139413
1999-12-10,14.58,14.58,14.0,14.26,295352.0,4231417.0,32422000.0,0.009109616926778114
1999-12-13,14.25,14.65,14.25,14.57,112800.0,1640448.0,32422000.0,0.0034791191166491887
1999-12-14,14.18,14.8,14.18,14.66,131500.0,1920827.0,32422000.0,0.004055887977299365
1999-12-15,14.7,15.45,14.7,15.15,147400.0,2223792.0,32422000.0,0.0045462957251249155
1999-12-16,15.15,15.16,14.7,14.85,82200.0,1217013.0,32422000.0,0.0025353155264943557
1999-12-17,14.85,14.98,14.5,14.61,77700.0,1138457.0,32422000.0,0.0023965208808833507
1999-12-21,14.5,14.6,14.27,14.37,95100.0,1369943.0,32422000.0,0.002933193510579236
1999-12-22,14.21,14.6,14.21,14.47,98700.0,1428667.0,32422000.0,0.00304422922706804
1999-12-23,14.4,14.8,14.31,14.53,192605.0,2812897.0,32422000.0,0.00594056504842391
1999-12-24,14.8,14.8,14.2,14.2,124900.0,1784473.0,32422000.0,0.003852322497069891
1999-12-27,14.2,14.68,14.16,14.47,258800.0,3692210.0,32422000.0,0.007982234285361791
1999-12-28,14.68,14.68,14.0,14.36,240000.0,3413514.0,32422000.0,0.007402381099253594
1999-12-29,14.2,14.44,14.0,14.4,102700.0,1453338.0,32422000.0,0.0031676022453889334
1999-12-30,14.3,14.78,14.3,14.48,34600.0,502381.0,32422000.0,0.0010671766084757264
2000-01-04,14.2,14.75,14.2,14.73,173400.0,2531156.0,32422000.0,0.0053482203442107214
2000-01-05,14.73,15.28,14.52,14.97,284100.0,4265495.0,32422000.0,0.00876256862624144
2000-01-06,15.15,15.48,14.5,15.39,343000.0,5196729.0,32422000.0,0.010579236321016594
2000-01-07,15.39,15.75,14.99,15.71,997800.0,15262262.0,32422000.0,0.030775399420146815
2000-01-10,15.8,15.88,15.41,15.78,550000.0,8616894.0,32422000.0,0.016963790019122817
2000-01-11,15.8,15.88,14.9,15.38,281100.0,4307028.0,32422000.0,0.008670038862500772
2000-01-12,15.0,15.37,14.5,14.94,183400.0,2717771.0,32422000.0,0.005656652890012954
2000-01-13,14.94,15.07,14.4,14.49,253000.0,3666232.0,32422000.0,0.0078033434087964966
2000-01-14,14.4,14.68,14.0,14.24,331600.0,4708179.0,32422000.0,0.010227623218802048
2000-01-17,14.05,14.5,14.02,14.47,158100.0,2260628.0,32422000.0,0.004876318549133305
2000-01-18,14.45,14.6,14.1,14.44,258600.0,3704878.0,32422000.0,0.007976065634445747
2000-01-19,14.4,14.6,14.1,14.56,128000.0,1842332.0,32422000.0,0.003947936586268583
2000-01-20,14.22,14.68,14.21,14.67,373500.0,5389098.0,32422000.0,0.011519955585713405
2000-01-21,14.7,15.7,14.7,15.38,1387000.0,21329478.0,32422000.0,0.04277959410276973
2000-01-24,15.38,15.97,15.21,15.54,970600.0,15179212.0,32422000.0,0.02993646289556474
2000-01-25,15.55,16.0,15.55,15.98,1428500.0,22571774.0,32422000.0,0.044059589167848995
2000-01-26,15.98,16.07,15.66,15.82,695500.0,11004869.0,32422000.0,0.02145148356054531
2000-01-27,15.7,16.15,15.68,16.02,1269900.0,20208158.0,32422000.0,0.03916784899142558
2000-01-28,16.2,16.5,16.0,16.38,1619900.0,26281595.0,32422000.0,0.04996298809450373
2000-02-14,16.55,18.02,16.55,18.01,1117200.0,19758080.0,32422000.0,0.03445808401702548
2000-02-15,18.4,19.5,17.76,17.93,1596200.0,29263248.0,32422000.0,0.04923200296095244
2000-02-16,18.4,19.05,17.92,19.0,2232600.0,41077974.0,32422000.0,0.06886065017580655
2000-02-17,19.05,19.5,18.32,19.11,4788700.0,91001904.0,32422000.0,0.14769909320831534
2000-02-18,18.95,21.0,18.64,20.93,2909000.0,56568946.0,32422000.0,0.0897230275738696
2000-02-21,21.2,23.02,21.2,23.02,1151500.0,25809958.0,32422000.0,0.035516007649127136
2000-02-22,24.0,25.32,20.81,22.38,3631200.0,87383226.0,32422000.0,0.11199802603170686
2000-02-23,21.5,23.0,20.32,20.94,2249800.0,48291797.0,32422000.0,0.0693911541545864
2000-02-24,20.5,21.97,20.5,21.97,1376700.0,29403028.0,32422000.0,0.04246190858059343
2000-02-25,21.7,22.4,21.21,22.04,1528500.0,33590469.0,32422000.0,0.04714391462587132
2000-02-28,22.0,24.0,21.9,23.89,2165800.0,49759540.0,32422000.0,0.06680032076984764
2000-02-29,23.9,24.21,22.48,22.71,1136200.0,26249271.0,32422000.0,0.03504410585404972
2000-03-01,22.3,24.0,22.25,23.63,1900400.0,44401000.0,32422000.0,0.05861452100425637
2000-03-02,23.63,24.4,23.5,24.34,1147400.0,27522528.0,32422000.0,0.03538955030534822
2000-03-03,24.36,26.08,24.36,26.08,3010500.0,76850017.0,32422000.0,0.09285361791376226
2000-03-06,26.1,26.2,24.38,24.82,1176300.0,30132700.0,32422000.0,0.03628092036271667
2000-03-07,23.5,24.99,23.2,24.9,890100.0,21781807.0,32422000.0,0.027453580901856765
2000-03-08,24.9,25.05,23.92,24.88,641600.0,15774590.0,32422000.0,0.019789032138671274
2000-03-09,24.7,24.86,23.0,23.7,540100.0,12887096.0,32422000.0,0.01665844179877861
2000-03-10,23.37,24.48,22.4,23.39,1030000.0,24371095.0,32422000.0,0.03176855221763
2000-03-13,23.3,24.16,22.81,23.75,985400.0,23149195.0,32422000.0,0.030392943063352044
2000-03-14,23.4,23.98,21.5,22.83,796900.0,18189258.0,32422000.0,0.02457898957497995
2000-03-15,22.83,23.2,22.55,23.06,877300.0,20147145.0,32422000.0,0.027058787243229906
2000-03-16,22.5,23.7,20.8,23.17,1577100.0,34285872.0,32422000.0,0.04864289679847018
2000-03-17,22.55,23.35,22.35,23.26,1444100.0,33057267.0,32422000.0,0.04454074393930048
2000-03-20,22.55,23.56,22.55,23.45,573500.0,13418533.0,32422000.0,0.017688606501758065
2000-03-21,23.4,23.5,22.8,23.09,359700.0,8323585.0,32422000.0,0.011094318672506322
2000-03-22,23.08,23.79,22.98,23.76,1534600.0,35613096.0,32422000.0,0.04733205847881068
2000-03-23,23.79,23.95,23.45,23.82,582000.0,13808703.0,32422000.0,0.017950774165689964
2000-03-24,23.9,24.17,23.0,23.92,1395600.0,33060835.0,32422000.0,0.043044846092159646
2000-03-27,23.8,24.34,23.6,24.18,897900.0,21638066.0,32422000.0,0.027694158287582506
2000-03-28,24.18,24.85,24.0,24.71,1284100.0,31422395.0,32422000.0,0.039605823206464746
2000-03-29,24.77,24.87,24.29,24.68,594400.0,14622385.0,32422000.0,0.01833323052248473
2000-03-30,24.6,25.2,23.84,25.05,1581100.0,38982688.0,32422000.0,0.048766269816791066
2000-03-31,25.28,25.28,24.12,24.68,812700.0,20070724.0,32422000.0,0.02506631299734748
2000-04-03,24.25,24.66,22.85,23.29,843000.0,20011016.0,32422000.0,0.026000863611128248
2000-04-04,23.1,23.5,22.0,23.04,831000.0,19251027.0,32422000.0,0.025630744556165565
2000-04-05,23.04,23.54,22.76,23.09,297100.0,6879748.0,32422000.0,0.009163530935784344
2000-04-06,23.0,23.2,22.51,23.0,447600.0,10264938.0,32422000.0,0.013805440750107952
2000-04-07,22.31,23.6,22.31,23.29,1054500.0,24453658.0,32422000.0,0.03252421195484548
2000-04-10,23.14,23.8,22.5,23.17,285800.0,6614725.0,32422000.0,0.008815002159027821
2000-04-11,23.05,23.3,22.7,22.98,211600.0,4867900.0,32422000.0,0.006526432669175251
2000-04-12,22.9,23.17,22.7,23.06,85700.0,1964547.0,32422000.0,0.002643266917525137
2000-04-13,22.7,23.19,22.5,22.99,90400.0,2062797.0,32422000.0,0.0027882302140521866
2000-04-14,22.7,23.0,22.2,22.61,530800.0,11960291.0,32422000.0,0.01637159953118253
2000-04-17,22.4,22.4,21.08,21.84,995300.0,21167220.0,32422000.0,0.030698291283696257
2000-04-18,20.21,22.48,20.21,22.4,2532200.0,52648000.0,32422000.0,0.07810128924804145
2000-04-20,22.4,22.4,21.75,22.09,1084200.0,23805000.0,32422000.0,0.03344025661587811
2000-04-21,22.0,22.88,22.0,22.78,541600.0,12120486.0,32422000.0,0.016704706680648943
2000-04-24,22.75,22.96,22.5,22.8,503200.0,11452656.0,32422000.0,0.015520325704768367
2000-04-25,22.5,22.9,22.5,22.77,504600.0,11475166.0,32422000.0,0.015563506261180679
2000-04-26,22.77,22.95,22.65,22.77,386100.0,8782290.0,32422000.0,0.011908580593424218
2000-04-27,22.7,22.98,22.7,22.77,292400.0,6671401.0,32422000.0,0.009018567639257295
2000-04-28,22.7,23.07,22.7,23.07,508100.0,11614694.0,32422000.0,0.01567145765221146
2000-05-08,23.06,23.5,22.8,22.98,209000.0,4829657.0,32422000.0,0.006446240207266671
2000-05-09,23.05,23.05,22.6,22.82,112100.0,2558973.0,32422000.0,0.0034575288384430325
2000-05-10,22.82,22.9,22.4,22.66,154900.0,3506555.0,32422000.0,0.00477762013447659
2000-05-11,22.4,22.88,22.4,22.78,138800.0,3143111.0,32422000.0,0.004281043735734995
2000-05-12,23.46,23.46,22.75,22.93,325900.0,7545916.0,32422000.0,0.010051816667694774
2000-05-15,22.7,22.93,22.65,22.78,86600.0,1972878.0,32422000.0,0.0026710258466473382
2000-05-16,22.7,23.49,22.7,23.49,648200.0,14912117.0,32422000.0,0.019992597618900747
2000-05-17,23.45,23.65,23.2,23.5,668700.0,15641435.0,32422000.0,0.020624884337795323
2000-05-18,23.49,23.64,23.3,23.44,326100.0,7647039.0,32422000.0,0.01005798531861082
2000-05-19,23.44,24.2,23.44,24.0,992400.0,23767470.0,32422000.0,0.03060884584541361
2000-05-22,24.0,24.2,23.45,23.87,616400.0,14732196.0,32422000.0,0.019011782123249645
2000-05-23,23.8,24.19,23.7,23.97,726700.0,17448029.0,32422000.0,0.022413793103448276
2000-05-24,23.97,24.07,23.71,24.04,526000.0,12584511.0,32422000.0,0.01622355190919746
2000-05-25,23.88,24.07,23.61,24.0,798300.0,19095283.0,32422000.0,0.024622170131392264
2000-05-26,24.0,24.9,23.96,24.63,1198400.0,29289420.0,32422000.0,0.03696255628893961
2000-05-29,24.63,24.79,24.1,24.69,881600.0,21548177.0,32422000.0,0.027191413237924865
2000-05-30,24.67,24.95,24.2,24.7,775600.0,19092625.0,32422000.0,0.023922028252421196
2000-05-31,24.75,24.78,24.41,24.68,288400.0,7106363.0,32422000.0,0.008895194620936402
2000-06-01,24.6,24.75,24.01,24.28,314600.0,7657002.0,32422000.0,0.009703287890938252
2000-06-02,24.28,24.8,24.02,24.48,531300.0,13037322.0,32422000.0,0.016387021158472643
2000-06-05,24.45,24.55,23.6,23.93,238100.0,5755132.0,32422000.0,0.007343778915551169
2000-06-06,23.9,24.19,23.35,24.18,432300.0,10281777.0,32422000.0,0.013333538955030535
2000-06-07,24.16,24.83,24.1,24.37,403000.0,9842348.0,32422000.0,0.012429831595829992
2000-06-08,24.3,24.63,23.88,24.4,165500.0,3999008.0,32422000.0,0.005104558633026957
2000-06-09,24.5,24.5,23.95,24.34,162300.0,3921500.0,32422000.0,0.005005860218370242
2000-06-12,24.2,24.2,23.8,24.0,80600.0,1925033.0,32422000.0,0.0024859663191659984
2000-06-13,24.0,24.2,23.55,23.69,236800.0,5613793.0,32422000.0,0.007303682684596879
2000-06-14,23.69,23.72,23.3,23.34,304600.0,7142961.0,32422000.0,0.00939485534513602
2000-06-15,23.25,24.68,23.1,23.66,501500.0,11810976.0,32422000.0,0.015467892171981988
2000-06-16,23.8,24.0,23.4,23.87,721100.0,17153941.0,32422000.0,0.022241070877799026
2000-06-19,23.7,24.6,23.7,24.49,657200.0,15931077.0,32422000.0,0.020270186910122757
2000-06-20,24.6,24.61,24.17,24.48,265500.0,6497956.0,32422000.0,0.008188884091049288
2000-06-21,24.15,24.78,24.1,24.72,1240200.0,30443851.0,32422000.0,0.03825180433039294
2000-06-22,24.41,27.0,24.41,26.53,1469300.0,38057054.0,32422000.0,0.0453179939547221
2000-06-23,26.7,27.1,26.11,27.01,902600.0,24188102.0,32422000.0,0.027839121584109554
2000-06-26,27.08,27.63,26.7,27.63,721200.0,19552058.0,32422000.0,0.022244155203257048
2000-06-27,27.63,27.65,27.0,27.35,478500.0,13063938.0,32422000.0,0.014758497316636851
2000-06-28,27.17,27.87,27.17,27.68,856900.0,23500953.0,32422000.0,0.02642958484979335
2000-06-29,27.7,27.83,27.1,27.42,365300.0,10000183.0,32422000.0,0.011267040898155573
2000-06-30,27.3,27.78,27.1,27.3,427400.0,11711585.0,32422000.0,0.013182407007587441
2000-07-03,27.11,27.48,26.68,27.07,305900.0,8261422.0,32422000.0,0.00943495157609031
2000-07-04,27.06,27.48,26.7,27.07,410700.0,11075486.0,32422000.0,0.012667324656097712
2000-07-05,27.0,27.38,26.8,27.06,279900.0,7573769.0,32422000.0,0.008633026957004504
2000-07-06,27.0,27.25,26.85,27.0,176500.0,4764414.0,32422000.0,0.005443834433409413
2000-07-07,26.85,27.13,26.85,27.02,293800.0,7938338.0,32422000.0,0.009061748195669607
2000-07-10,26.85,27.49,26.85,27.46,436000.0,11910182.0,32422000.0,0.013447658996977361
2000-07-11,27.4,27.77,27.24,27.55,213500.0,5867868.0,32422000.0,0.006585034852877676
2000-07-12,27.56,27.8,27.3,27.78,285100.0,7871790.0,32422000.0,0.008793411880821665
2000-07-13,27.78,27.91,27.52,27.76,446200.0,12395452.0,32422000.0,0.01376226019369564
2000-07-14,27.4,28.68,27.4,28.62,1072100.0,30190310.0,32422000.0,0.0330670532354574
2000-07-17,28.65,28.9,28.0,28.26,483600.0,13801921.0,32422000.0,0.01491579791499599
2000-07-18,28.2,28.3,27.0,27.67,444000.0,12262127.0,32422000.0,0.013694405033619147
2000-07-19,27.2,27.91,26.65,27.4,643000.0,17446873.0,32422000.0,0.019832212695083586
2000-07-20,28.1,28.49,27.8,27.98,858600.0,24121677.0,32422000.0,0.02648201838257973
2000-07-21,27.55,28.38,27.4,27.9,475000.0,13204799.0,32422000.0,0.01465054592560607
2000-07-24,27.8,27.97,27.4,27.72,603900.0,16791810.0,32422000.0,0.018626241440996855
2000-07-25,27.65,27.78,27.0,27.67,278900.0,7647055.0,32422000.0,0.00860218370242428
2000-07-26,27.6,27.66,27.19,27.43,311300.0,8508050.0,32422000.0,0.009601505150823515
2000-07-27,27.4,27.8,27.1,27.47,425300.0,11643963.0,32422000.0,0.013117636172968971
2000-07-28,27.1,27.7,27.1,27.61,389500.0,10688355.0,32422000.0,0.012013447658996977
2000-07-31,27.55,27.7,27.18,27.66,106200.0,2921433.0,32422000.0,0.003275553636419715
2000-08-01,27.4,27.7,27.4,27.67,323100.0,8885457.0,32422000.0,0.00996545555487015
2000-08-02,27.55,27.7,27.3,27.57,92400.0,2536950.0,32422000.0,0.0028499167232126335
2000-08-03,27.4,27.75,27.35,27.56,166700.0,4598551.0,32422000.0,0.005141570538523225
2000-08-04,27.55,27.55,27.0,27.37,141700.0,3870194.0,32422000.0,0.004370489174017642
2000-08-07,27.0,27.65,26.9,27.16,295100.0,7997887.0,32422000.0,0.009101844426623897
2000-08-08,27.5,27.5,27.1,27.28,306100.0,8355417.0,32422000.0,0.009441120227006354
2000-08-09,27.28,27.6,27.1,27.25,327900.0,8943625.0,32422000.0,0.010113503176855223
2000-08-10,27.01,27.77,27.01,27.53,528300.0,14453228.0,32422000.0,0.01629449139473197
2000-08-11,27.9,27.96,27.41,27.82,323400.0,8995854.0,32422000.0,0.009974708531244218
2000-08-14,27.6,28.58,27.6,28.56,970200.0,27235316.0,32422000.0,0.02992412559373265
2000-08-15,28.6,29.03,28.2,28.95,780600.0,22538857.0,32422000.0,0.024076244525322314
2000-08-16,28.95,29.25,28.28,28.68,383500.0,11008028.0,32422000.0,0.011828388131515637
2000-08-17,28.55,29.1,28.2,28.83,352600.0,10105460.0,32422000.0,0.010875331564986738
2000-08-18,28.8,28.9,28.35,28.7,271300.0,7770918.0,32422000.0,0.008367774967614582
2000-08-22,29.0,29.0,28.51,28.77,243000.0,6985907.0,32422000.0,0.007494910862994263
2000-08-23,28.51,28.82,27.9,28.67,485000.0,13797779.0,32422000.0,0.014958978471408303
2000-08-24,28.52,28.9,28.52,28.74,580600.0,16682047.0,32422000.0,0.017907593609277652
2000-08-25,28.68,28.95,28.68,28.77,522800.0,15056859.0,32422000.0,0.016124853494540743
2000-08-28,28.8,28.81,28.61,28.69,807000.0,23153483.0,32422000.0,0.024890506446240208
2000-08-29,15.85,16.28,15.78,15.93,755700.0,12094796.0,32422000.0,0.02330824748627475
2000-08-30,15.75,15.97,15.75,15.84,627300.0,9929077.0,58359600.0,0.010748874221207821
2000-08-31,15.71,15.98,15.4,15.69,592700.0,9335305.0,58359600.0,0.010155998327610195
2000-09-01,15.45,15.75,15.11,15.28,496600.0,7591009.0,58359600.0,0.00850931123585494
2000-09-04,15.2,15.4,14.7,15.07,606400.0,9052490.0,58359600.0,0.010390749765248562
2000-09-05,15.03,15.17,14.8,15.05,908500.0,13677763.0,58359600.0,0.01556727599229604
2000-09-06,15.01,15.15,14.75,15.12,509219.0,7642101.0,58359600.0,0.00872553958560374
2000-09-07,15.03,15.28,14.95,15.11,443000.0,6696297.0,58359600.0,0.007590867655021625
2000-09-08,14.85,15.18,14.85,15.14,399800.0,6040792.0,58359600.0,0.0068506295450962654
2000-09-11,15.03,15.6,15.03,15.53,1505000.0,22982233.0,58359600.0,0.025788387857353375
2000-09-12,15.55,15.79,15.45,15.59,1172000.0,18335601.0,58359600.0,0.02008238576001206
2000-09-13,15.59,15.79,15.45,15.66,735200.0,11499396.0,58359600.0,0.012597755981877875
2000-09-14,15.66,15.75,15.0,15.54,651200.0,10050515.0,58359600.0,0.011158404101467453
2000-09-15,15.48,15.8,15.1,15.59,524800.0,8166533.0,58359600.0,0.008992522224278439
2000-09-18,15.5,15.75,15.28,15.43,206000.0,3177538.0,58359600.0,0.0035298391352922226
2000-09-19,15.23,15.39,14.9,15.15,352000.0,5303506.0,58359600.0,0.006031569784577002
2000-09-20,15.08,15.39,15.01,15.23,442300.0,6712605.0,58359600.0,0.007578873056018205
2000-09-21,15.08,15.32,14.9,15.19,476400.0,7212871.0,58359600.0,0.008163181378899102
2000-09-22,15.43,15.43,15.0,15.23,144200.0,2194874.0,58359600.0,0.002470887394704556
2000-09-25,15.1,15.27,15.08,15.12,1598800.0,24225781.0,58359600.0,0.027395664123811676
2000-09-26,15.04,15.27,15.01,15.15,1656600.0,25152021.0,58359600.0,0.028386075298665516
2000-09-27,15.13,16.2,15.13,15.96,3374400.0,52884851.0,58359600.0,0.057820821253058624
2000-09-28,15.96,15.96,15.58,15.83,1375600.0,21657145.0,58359600.0,0.023571100555863988
2000-09-29,15.6,16.1,15.6,15.9,1342500.0,21227510.0,58359600.0,0.023003927374416547
2000-10-09,15.9,15.98,15.51,15.9,593000.0,9325687.0,58359600.0,0.010161138870040233
2000-10-10,15.9,15.99,15.6,15.74,351900.0,5540291.0,58359600.0,0.0060298562704336565
2000-10-11,15.72,15.95,15.5,15.8,515000.0,8063970.0,58359600.0,0.008824597838230556
2000-10-12,15.65,15.88,15.47,15.74,488900.0,7690823.0,58359600.0,0.008377370646817319
2000-10-13,15.72,15.85,15.49,15.74,441200.0,6927360.0,58359600.0,0.007560024400441402
2000-10-16,15.5,15.74,15.22,15.47,404800.0,6238468.0,58359600.0,0.006936305252263552
2000-10-17,15.4,15.74,15.26,15.48,912900.0,14182174.0,58359600.0,0.015642670614603255
2000-10-18,15.22,15.57,15.0,15.4,724900.0,11095257.0,58359600.0,0.012421264025113263
2000-10-19,15.22,15.46,15.1,15.24,348600.0,5310859.0,58359600.0,0.0059733103037032465
2000-10-20,15.1,15.4,15.1,15.3,586000.0,8957396.0,58359600.0,0.01004119288000603
2000-10-23,15.1,15.6,15.1,15.47,250500.0,3842272.0,58359600.0,0.004292352929081077
2000-10-24,15.2,15.51,15.2,15.5,584500.0,8978223.0,58359600.0,0.010015490167855846
2000-10-25,15.2,15.73,15.2,15.23,750700.0,11541662.0,58359600.0,0.012863350674096464
2000-10-26,15.1,15.64,15.0,15.28,731600.0,11142625.0,58359600.0,0.012536069472717428
2000-10-27,15.1,15.48,15.0,15.38,1042200.0,15974563.0,58359600.0,0.017858244401949292
2000-10-31,15.45,15.48,14.9,15.0,394200.0,5954955.0,58359600.0,0.006754672753068904
2000-11-01,14.99,15.25,13.5,13.79,3794400.0,52826418.0,58359600.0,0.06501758065511072
2000-11-02,13.7,13.89,13.62,13.64,2278000.0,31381217.0,58359600.0,0.03903385218541594
2000-11-03,13.64,13.71,12.9,13.22,2957000.0,39380042.0,58359600.0,0.050668613218733505
2000-11-06,13.0,13.5,12.88,13.33,1877300.0,24568035.0,58359600.0,0.03216780101302956
2000-11-07,13.49,13.5,13.01,13.05,1898700.0,25331874.0,58359600.0,0.03253449303970555
2000-11-08,13.12,13.42,13.12,13.37,1289100.0,17138429.0,58359600.0,0.022088910821869923
2000-11-09,13.34,13.55,13.3,13.47,1431500.0,19218371.0,58359600.0,0.024528954961994257
2000-11-10,13.8,13.81,13.41,13.62,1251500.0,16994818.0,58359600.0,0.021444629503971926
2000-11-13,13.66,14.5,13.66,14.29,1631100.0,23069516.0,58359600.0,0.02794912919211235
2000-11-14,15.5,15.5,14.6,14.87,2203100.0,32948207.0,58359600.0,0.03775043009204998
2000-11-15,14.87,14.96,14.51,14.6,1062200.0,15636333.0,58359600.0,0.018200947230618443
2000-11-16,14.6,14.99,14.56,14.88,776700.0,11522160.0,58359600.0,0.013308864351366356
2000-11-17,15.1,15.29,14.9,15.27,1350600.0,20478775.0,58359600.0,0.023142722020027554
2000-11-20,15.23,15.23,14.85,15.17,930981.0,14000434.0,58359600.0,0.015952491106861595
2000-11-21,15.25,15.25,14.94,15.04,981039.0,14824853.0,58359600.0,0.016810242016737607
2000-11-22,15.25,15.3,15.02,15.21,427073.0,6491317.0,58359600.0,0.007317956257410949
2000-11-23,15.25,15.28,15.1,15.16,634324.0,9623887.0,58359600.0,0.010869231454636426
2000-11-24,15.21,15.21,14.68,14.71,917160.0,13725452.0,58359600.0,0.015715666317109783
2000-11-27,14.61,14.83,14.0,14.6,408082.0,5966457.0,58359600.0,0.006992542786448159
2000-11-28,14.6,15.13,14.22,14.96,483660.0,7207808.0,58359600.0,0.008287582505706001
2000-11-29,14.71,15.11,14.62,14.8,390737.0,5829152.0,58359600.0,0.006695333758284841
2000-11-30,15.1,15.1,14.5,14.84,401484.0,5935464.0,58359600.0,0.006879485123270208
2000-12-01,14.8,14.95,14.59,14.8,282320.0,4152562.0,58359600.0,0.004837593129493691
2000-12-04,14.8,14.9,14.75,14.8,636014.0,9423710.0,58359600.0,0.01089818984365897
2000-12-05,14.71,15.63,14.41,15.33,1444857.0,22079166.0,58359600.0,0.024757829046120946
2000-12-06,15.6,15.95,15.4,15.84,2019600.0,31929343.0,58359600.0,0.03460613163901055
2000-12-07,15.75,16.0,15.63,15.7,737362.0,11654911.0,58359600.0,0.01263480215765701
2000-12-08,15.51,15.87,15.51,15.81,843504.0,13281123.0,58359600.0,0.014453560339687043
2000-12-11,15.96,15.96,15.2,15.28,501347.0,7730928.0,58359600.0,0.008590651752239564
2000-12-12,15.28,15.6,15.0,15.45,604027.0,9121728.0,58359600.0,0.010350088074626968
2000-12-13,15.45,15.58,15.25,15.53,416096.0,6449124.0,58359600.0,0.007129863809895887
2000-12-14,15.5,15.9,15.41,15.63,568350.0,8914820.0,58359600.0,0.009738757633705509
2000-12-15,15.65,15.85,15.46,15.63,633622.0,9919908.0,58359600.0,0.01085720258535014
2000-12-18,15.5,15.83,15.0,15.59,433660.0,6754554.0,58359600.0,0.007430825434033133
2000-12-19,15.3,15.75,15.3,15.41,305010.0,4730235.0,58359600.0,0.005226389488618839
2000-12-20,15.3,15.55,15.01,15.3,312992.0,4778645.0,58359600.0,0.005363162187540696
2000-12-21,15.1,15.67,15.1,15.3,317040.0,4876154.0,58359600.0,0.005432525240063332
2000-12-22,15.11,15.58,15.11,15.44,481337.0,7370539.0,58359600.0,0.00824777757215608
2000-12-25,15.2,15.45,15.06,15.29,340220.0,5168179.0,58359600.0,0.005829717818490874
2000-12-26,15.01,15.33,15.01,15.15,272800.0,4132641.0,58359600.0,0.004674466583047177
2000-12-27,15.02,15.31,15.02,15.08,388922.0,5883862.0,58359600.0,0.006664233476583115
2000-12-28,15.1,15.34,15.1,15.21,218436.0,3325624.0,58359600.0,0.0037429317541586987
2000-12-29,15.2,15.44,15.05,15.15,385300.0,5843961.0,58359600.0,0.006602169994311133
2001-01-02,15.03,15.4,15.02,15.3,742260.0,11254705.0,58359600.0,0.012718730080398083
2001-01-03,15.25,15.4,15.0,15.28,760100.0,11511007.0,58359600.0,0.013024421003570964
2001-01-04,15.28,15.3,15.1,15.27,342112.0,5190138.0,58359600.0,0.005862137506082975
2001-01-05,15.12,15.35,15.11,15.21,624910.0,9489769.0,58359600.0,0.010707921233181858
2001-01-08,15.2,15.9,15.15,15.45,1641162.0,25460370.0,58359600.0,0.0281215429852158
2001-01-09,15.75,15.75,15.3,15.46,593300.0,9208578.0,58359600.0,0.01016627941247027
2001-01-10,15.5,15.8,15.1,15.8,1941887.0,30087113.0,58359600.0,0.03327450839279227
2001-01-11,15.8,15.86,15.6,15.73,725170.0,11423160.0,58359600.0,0.012425890513300297
2001-01-12,15.65,15.95,15.55,15.86,986088.0,15568949.0,58359600.0,0.016896757345835133
2001-01-15,15.86,15.89,15.08,15.52,542590.0,8329779.0,58359600.0,0.009297356390379647
2001-01-16,15.1,15.58,15.1,15.52,392320.0,6043723.0,58359600.0,0.006722458687174004
2001-01-17,15.4,15.69,15.2,15.48,303603.0,4673320.0,58359600.0,0.005202280344621965
2001-01-18,15.59,15.59,15.3,15.46,307100.0,4754381.0,58359600.0,0.005262201934214765
2001-01-19,15.31,15.6,15.3,15.54,468386.0,7255990.0,58359600.0,0.008025860355451374
2001-02-05,15.62,15.65,15.0,15.26,364900.0,5603119.0,58359600.0,0.006252613109068602
2001-02-06,15.01,15.3,14.5,15.27,473910.0,7155977.0,58359600.0,0.008120514876729792
2001-02-07,15.45,15.5,15.18,15.42,219730.0,3370284.0,58359600.0,0.0037651046271735926
2001-02-08,15.2,15.42,14.59,15.23,744884.0,11153275.0,58359600.0,0.012763692691519475
2001-02-09,15.01,15.35,15.01,15.25,287274.0,4367131.0,58359600.0,0.004922480620155038
2001-02-12,15.1,15.3,15.0,15.26,269586.0,4075215.0,58359600.0,0.0046193942384800445
2001-02-13,15.2,15.25,14.95,15.24,138250.0,2087265.0,58359600.0,0.0023689333031754844
2001-02-14,15.1,15.24,14.95,15.16,144200.0,2173773.0,58359600.0,0.002470887394704556
2001-02-15,15.2,15.3,15.04,15.25,163966.0,2488142.0,58359600.0,0.002809580600278275
2001-02-16,15.11,15.28,15.0,15.24,246127.0,3735432.0,58359600.0,0.004217420955592567
2001-02-19,15.15,15.28,15.05,15.25,127746.0,1940186.0,58359600.0,0.002188945777558448
2001-02-20,15.3,15.3,15.1,15.24,169400.0,2575812.0,58359600.0,0.0029026929588276823
2001-02-21,15.1,15.3,15.01,15.17,241910.0,3653193.0,58359600.0,0.004145162064167677
2001-02-22,15.1,15.3,15.1,15.27,483810.0,7367498.0,58359600.0,0.00829015277692102
2001-02-23,15.4,15.4,15.15,15.29,216968.0,3307835.0,58359600.0,0.0037177773665343834
2001-02-26,15.25,15.37,15.2,15.36,395490.0,6038648.0,58359600.0,0.0067767770855180634
2001-02-27,15.25,15.49,15.25,15.46,632776.0,9726826.0,58359600.0,0.010842706255697434
2001-02-28,15.49,15.7,15.49,15.63,860049.0,13422119.0,58359600.0,0.014737061254703596
2001-03-01,15.65,16.3,15.6,16.18,2760354.0,44141792.0,58359600.0,0.047299056196409846
2001-03-02,16.19,16.76,16.18,16.59,3500724.0,58033653.0,58359600.0,0.059985400859498696
2001-03-05,16.6,16.8,16.3,16.5,1844719.0,30548796.0,58359600.0,0.03160952096998609
2001-03-06,16.45,16.95,16.3,16.92,3106337.0,51770195.0,58359600.0,0.053227523834981735
2001-03-07,16.8,17.3,16.5,16.76,2867055.0,48600840.0,58359600.0,0.049127392922501185
2001-03-08,16.61,16.85,16.18,16.48,2004481.0,33029960.0,58359600.0,0.03434706543567811
2001-03-09,16.46,16.55,16.2,16.4,698970.0,11432233.0,58359600.0,0.011976949807743713
2001-03-12,16.3,16.56,16.25,16.45,790435.0,12976915.0,58359600.0,0.013544215518954893
2001-03-13,16.5,16.5,15.81,15.91,690780.0,11150321.0,58359600.0,0.011836612999403697
2001-03-14,15.85,16.5,15.5,16.48,1273760.0,20386580.0,58359600.0,0.02182605775228069
2001-03-15,16.48,16.85,16.36,16.65,1089307.0,18080248.0,58359600.0,0.01866542950945517
2001-03-16,16.85,16.85,16.16,16.62,1848058.0,30239431.0,58359600.0,0.0316667352072324
2001-03-19,16.3,16.7,16.3,16.52,488515.0,8032017.0,58359600.0,0.008370773617365438
2001-03-20,16.5,16.54,16.18,16.42,634884.0,10378562.0,58359600.0,0.010878827133839163
2001-03-21,16.3,16.5,16.19,16.32,715591.0,11694280.0,58359600.0,0.012261752993509208
2001-03-22,16.32,16.48,16.17,16.32,932842.0,15201313.0,58359600.0,0.01598437960506926
2001-03-23,16.25,16.65,16.25,16.46,1089548.0,17940716.0,58359600.0,0.018669559078540635
2001-03-26,16.4,16.6,16.36,16.46,580960.0,9561057.0,58359600.0,0.009954831767181406
2001-03-27,16.41,16.67,16.01,16.55,618700.0,10209459.0,58359600.0,0.010601512004880088
2001-03-28,16.5,16.65,16.38,16.53,248994.0,4097334.0,58359600.0,0.00426654740608229
2001-03-29,16.53,16.6,16.23,16.47,434238.0,7154435.0,58359600.0,0.007440729545781671
2001-03-30,16.02,16.49,16.02,16.46,472440.0,7721899.0,58359600.0,0.008095326218822611
2001-04-02,16.46,16.5,16.2,16.43,984901.0,16044217.0,58359600.0,0.01687641793295362
2001-04-03,16.25,16.68,16.25,16.49,660700.0,10853691.0,58359600.0,0.011321187945085298
2001-04-04,16.4,16.6,16.3,16.44,646489.0,10607345.0,58359600.0,0.011077680450174435
2001-04-05,16.3,16.56,16.3,16.52,541209.0,8891453.0,58359600.0,0.009273692760060041
2001-04-06,16.6,16.9,16.56,16.89,2619134.0,43964613.0,58359600.0,0.04487923152317699
2001-04-09,16.95,17.24,16.9,17.02,1229739.0,20961147.0,58359600.0,0.02107175169123846
2001-04-10,17.1,17.2,16.81,16.93,534600.0,9070741.0,58359600.0,0.009160446610326322
2001-04-12,17.02,17.7,16.9,17.64,2050469.0,35606326.0,58359600.0,0.035135076319919946
2001-04-13,17.64,17.85,17.35,17.57,1630693.0,28701853.0,58359600.0,0.027942155189548935
2001-04-16,17.2,17.79,17.2,17.57,1386259.0,24161402.0,58359600.0,0.02375374402840321
2001-04-17,17.46,17.67,17.12,17.44,1029097.0,17803515.0,58359600.0,0.017633722643746703
2001-04-18,17.1,17.5,17.1,17.27,622147.0,10709637.0,58359600.0,0.010660576837401216
2001-04-19,17.1,17.3,16.61,17.26,1294627.0,21932650.0,58359600.0,0.02218361674857264
2001-04-20,16.92,17.26,16.76,17.05,714245.0,12109805.0,58359600.0,0.012238689093139774
2001-04-23,16.76,17.0,16.61,16.82,376440.0,6302926.0,58359600.0,0.0064503526412107
2001-04-24,16.75,16.96,16.1,16.85,586000.0,9795000.0,58359600.0,0.01004119288000603
2001-04-25,16.75,16.99,16.48,16.68,449980.0,7493768.0,58359600.0,0.007710470942227157
2001-04-26,16.5,16.83,16.4,16.71,366027.0,6080663.0,58359600.0,0.006271924413464108
2001-04-27,16.5,16.79,16.5,16.67,320954.0,5333663.0,58359600.0,0.0054995921836338835
2001-04-30,16.44,16.95,16.01,16.59,315900.0,5259000.0,58359600.0,0.00541299117882919
2001-05-08,16.4,16.7,16.4,16.46,1204400.0,19877637.0,58359600.0,0.02063756434245608
2001-05-09,16.61,16.61,16.28,16.45,235660.0,3863017.0,58359600.0,0.004038067430208569
2001-05-10,16.4,16.52,16.02,16.21,289200.0,4702000.0,58359600.0,0.004955482902555878
2001-05-11,16.08,16.4,16.08,16.12,324123.0,5228348.0,58359600.0,0.00555389344683651
2001-05-14,16.08,16.68,16.0,16.59,1152317.0,18951508.0,58359600.0,0.01974511477117732
2001-05-15,16.62,16.82,16.3,16.54,831420.0,13726775.0,58359600.0,0.014246499290605145
2001-05-16,16.44,16.75,16.1,16.48,978740.0,15946328.0,58359600.0,0.01677084832658209
2001-05-17,16.51,16.55,16.15,16.33,336921.0,5471605.0,58359600.0,0.005773188986901898
2001-05-18,16.08,16.38,16.08,16.29,531623.0,8624018.0,58359600.0,0.00910943529427892
2001-05-21,16.25,16.48,16.05,16.34,626998.0,10165344.0,58359600.0,0.010743699408494917
2001-05-22,16.3,16.4,16.11,16.33,361145.0,5864012.0,58359600.0,0.00618827065298597
2001-05-23,16.3,16.35,16.05,16.24,389208.0,6289501.0,58359600.0,0.006669134127033085
2001-05-24,16.15,16.28,16.07,16.18,304253.0,4905211.0,58359600.0,0.005213418186553712
2001-05-25,16.15,16.44,16.0,16.26,375040.0,6092275.0,58359600.0,0.00642636344320386
2001-05-28,16.25,16.4,16.02,16.25,579663.0,9379503.0,58359600.0,0.009932607488742213
2001-05-29,16.2,16.39,15.9,16.15,388740.0,6267561.0,58359600.0,0.0066611148808422265
2001-05-30,16.14,16.3,16.01,16.03,478650.0,7726695.0,58359600.0,0.00820173544712438
2001-05-31,16.06,16.3,16.02,16.19,538660.0,8697119.0,58359600.0,0.009230015284546159
2001-06-01,16.19,16.6,16.17,16.58,1218390.0,19925272.0,58359600.0,0.02087728497111015
2001-06-04,16.62,16.74,16.45,16.68,839776.0,13954936.0,58359600.0,0.014389680532423114
2001-06-05,16.7,16.88,16.5,16.72,967055.0,16148221.0,58359600.0,0.016570624198932137
2001-06-06,16.72,16.8,16.5,16.66,373882.0,6217841.0,58359600.0,0.006406520949423917
2001-06-07,16.5,16.75,16.29,16.43,555360.0,9127931.0,58359600.0,0.009516172146484897
2001-06-08,16.4,16.55,16.21,16.36,204370.0,3346962.0,58359600.0,0.003501908854755687
2001-06-11,16.25,16.49,16.18,16.47,657625.0,10767192.0,58359600.0,0.011268497385177417
2001-06-12,16.45,16.63,16.2,16.54,425438.0,6997506.0,58359600.0,0.007289940301167246
2001-06-13,16.68,17.31,16.64,17.27,2449548.0,41756879.0,58359600.0,0.041973351428042684
2001-06-14,17.35,17.58,16.73,16.97,1643514.0,28210039.0,58359600.0,0.02816184483786729
2001-06-15,16.97,17.16,16.76,17.11,676740.0,11471602.0,58359600.0,0.011596035613677955
2001-06-18,17.1,17.27,16.59,16.92,808266.0,13606453.0,58359600.0,0.013849752225854873
2001-06-19,16.9,17.0,16.66,16.83,437955.0,7373115.0,58359600.0,0.007504420866489832
2001-06-20,16.83,16.99,16.35,16.65,427970.0,7137028.0,58359600.0,0.00733332647927676
2001-06-21,16.65,16.98,16.5,16.9,612796.0,10264068.0,58359600.0,0.010500346129856956
2001-06-22,16.9,17.1,16.68,16.81,208900.0,3524461.0,58359600.0,0.0035795310454492493
2001-06-25,16.75,17.1,16.75,16.96,787208.0,13320222.0,58359600.0,0.013488920417549127
2001-06-26,16.98,17.2,16.76,16.9,500800.0,8493712.0,58359600.0,0.008581278829875461
2001-06-27,16.51,17.0,16.51,16.9,366964.0,6174766.0,58359600.0,0.006287980040987258
2001-06-28,16.85,17.0,16.76,16.88,436350.0,7357644.0,58359600.0,0.007476918964489133
2001-06-29,16.76,17.34,16.7,17.08,510048.0,8656964.0,58359600.0,0.008739744617852076
2001-07-02,17.07,17.08,16.83,16.98,342433.0,5804336.0,58359600.0,0.005867637886483115
2001-07-03,16.93,17.05,16.85,16.95,270030.0,4583717.0,58359600.0,0.0046270022412764995
2001-07-04,16.76,16.99,16.76,16.87,139188.0,2344941.0,58359600.0,0.0023850060658400676
2001-07-05,16.87,16.99,16.7,16.88,124530.0,2096889.0,58359600.0,0.002133839162708449
2001-07-06,16.8,16.95,16.71,16.86,139320.0,2346328.0,58359600.0,0.0023872679045092837
2001-07-09,16.87,17.0,16.6,16.88,548800.0,9248478.0,58359600.0,0.009403765618681417
2001-07-10,16.8,16.94,16.61,16.87,212060.0,3556928.0,58359600.0,0.0036336780923789747
2001-07-11,16.6,16.9,16.46,16.79,339340.0,5640662.0,58359600.0,0.005814638894029432
2001-07-12,16.79,16.79,16.51,16.61,81986.0,1361839.0,58359600.0,0.0014048417055634377
2001-07-13,16.6,16.83,16.51,16.59,228100.0,3814266.0,58359600.0,0.003908525760971631
2001-07-16,16.52,16.6,16.3,16.48,260060.0,4279067.0,58359600.0,0.004456164881184929
2001-07-17,16.48,16.75,16.35,16.48,109988.0,1818808.0,58359600.0,0.0018846599359831117
2001-07-18,16.48,16.68,16.4,16.58,199998.0,3318626.0,58359600.0,0.0034269940164086115
2001-07-19,16.55,16.65,16.38,16.51,89320.0,1473441.0,58359600.0,0.0015305108328364143
2001-07-20,16.48,16.74,16.38,16.7,624570.0,10337848.0,58359600.0,0.010702095285094483
2001-07-23,16.66,16.66,16.4,16.56,152774.0,2516438.0,58359600.0,0.0026178040973550195
2001-07-24,16.48,16.65,16.28,16.58,208140.0,3418232.0,58359600.0,0.0035665083379598215
2001-07-25,16.58,16.58,16.28,16.44,184158.0,3015022.0,58359600.0,0.0031555733761026465
2001-07-26,16.3,16.53,16.26,16.45,216000.0,3534572.0,58359600.0,0.003701190549626797
2001-07-27,16.45,16.56,16.23,16.43,246349.0,4045611.0,58359600.0,0.004221224956990795
2001-07-30,16.35,16.41,15.7,15.88,329227.0,5260787.0,58359600.0,0.005641351208712877
2001-07-31,15.5,16.25,15.43,15.68,375072.0,5917156.0,58359600.0,0.006426911767729731
2001-08-01,15.6,16.08,15.58,15.96,329205.0,5215957.0,58359600.0,0.0056409742356013405
2001-08-02,15.9,16.05,15.55,15.86,170429.0,2688567.0,58359600.0,0.00292032501936271
2001-08-03,15.6,15.88,15.45,15.79,127300.0,1988977.0,58359600.0,0.002181303504479126
2001-08-06,15.6,15.8,14.9,15.37,243497.0,3723010.0,58359600.0,0.004172355533622575
2001-08-07,15.3,15.48,14.81,15.47,452340.0,6842986.0,58359600.0,0.007750909876010116
2001-08-08,15.3,15.59,15.25,15.48,620600.0,9619127.0,58359600.0,0.010634068773603657
2001-08-09,15.25,15.55,15.25,15.48,1093629.0,16932307.0,58359600.0,0.018739487590730575
2001-08-10,15.69,15.69,15.26,15.49,169380.0,2631400.0,58359600.0,0.002902350255999013
2001-08-13,15.55,15.55,15.4,15.49,199767.0,3093023.0,58359600.0,0.003423035798737483
2001-08-14,15.49,15.88,15.49,15.69,414530.0,6501874.0,58359600.0,0.007103030178411093
2001-08-15,15.95,15.95,15.51,15.64,333133.0,5202495.0,58359600.0,0.005708281071151961
2001-08-16,15.58,15.73,15.51,15.6,96900.0,1510581.0,58359600.0,0.0016603952049020212
2001-08-17,15.51,15.8,15.5,15.77,223986.0,3514888.0,58359600.0,0.0038380317891143875
2001-08-20,15.83,15.83,15.5,15.52,144200.0,2247797.0,58359600.0,0.002470887394704556
2001-08-21,15.43,15.78,15.43,15.73,312427.0,4901879.0,58359600.0,0.005353480832630792
2001-08-22,15.76,15.76,15.55,15.68,89044.0,1391974.0,58359600.0,0.00152578153380078
2001-08-23,15.5,15.7,15.5,15.66,137007.0,2132952.0,58359600.0,0.0023476343223736967
2001-08-24,15.55,15.7,15.48,15.62,158820.0,2469249.0,58359600.0,0.002721403162461703
2001-08-27,15.52,15.63,15.0,15.43,245460.0,3761318.0,58359600.0,0.004205991816256451
2001-08-29,15.05,15.7,15.05,15.56,103092.0,1595611.0,58359600.0,0.0017664960006579895
2001-08-30,15.63,15.63,15.27,15.52,55901.0,859755.0,58359600.0,0.0009578715412717016
2001-08-31,15.3,15.53,15.2,15.53,68800.0,1058182.0,58359600.0,0.0011788977306218685
2001-09-03,15.3,15.55,15.3,15.52,85350.0,1317826.0,58359600.0,0.0014624843213455884
2001-09-04,15.5,15.69,15.3,15.63,189000.0,2941070.0,58359600.0,0.003238541730923447
2001-09-05,15.69,15.7,15.41,15.58,74650.0,1161557.0,58359600.0,0.0012791383080075942
2001-09-06,15.3,15.58,15.3,15.5,56168.0,869266.0,58359600.0,0.0009624466240344347
2001-09-07,15.61,15.61,15.26,15.32,138016.0,2117727.0,58359600.0,0.0023649236800800553
2001-09-10,15.05,15.8,15.05,15.67,325870.0,5038719.0,58359600.0,0.00558382853892076
2001-09-11,15.66,15.66,15.4,15.56,107226.0,1665849.0,58359600.0,0.0018373326753439022
2001-09-12,15.31,15.61,15.2,15.54,263191.0,4066191.0,58359600.0,0.004509815009013084
2001-09-13,15.3,15.55,15.3,15.47,37945.0,584246.0,58359600.0,0.0006501929416925407
2001-09-14,15.3,15.59,15.0,15.41,277050.0,4236362.0,58359600.0,0.00474729093413937
2001-09-17,15.5,15.5,15.05,15.27,234777.0,3565930.0,58359600.0,0.004022937100322826
2001-09-18,15.1,15.48,14.9,15.16,396529.0,5992457.0,58359600.0,0.006794580497467426
2001-09-19,15.15,15.44,14.9,15.29,713830.0,10862786.0,58359600.0,0.01223157800944489
2001-09-20,15.25,15.45,14.5,14.95,465200.0,6966809.0,58359600.0,0.007971267794844378
2001-09-21,14.95,15.1,14.65,15.0,398404.0,5920683.0,58359600.0,0.0068267088876551585
2001-09-24,14.95,14.95,14.7,14.91,253000.0,3753846.0,58359600.0,0.00433519078266472
2001-09-25,14.85,14.89,14.71,14.85,80400.0,1191317.0,58359600.0,0.0013776653712499743
2001-09-26,14.8,14.89,14.71,14.82,303230.0,4485622.0,58359600.0,0.005195888936867285
2001-09-27,14.8,14.85,14.65,14.83,73520.0,1085907.0,58359600.0,0.0012597755981877874
2001-09-28,14.78,14.98,14.69,14.96,177628.0,2643539.0,58359600.0,0.0030436809025421695
2001-10-08,14.9,15.28,14.76,14.87,33300.0,494516.0,58359600.0,0.0005706002097341311
2001-10-09,14.78,14.98,14.35,14.71,504300.0,7362749.0,58359600.0,0.008641251824892563
2001-10-10,14.7,14.75,13.39,14.5,128700.0,1842616.0,58359600.0,0.0022052927024859663
2001-10-11,14.4,14.64,14.01,14.51,274260.0,3936126.0,58359600.0,0.004699483889540024
2001-10-12,14.4,14.55,14.01,14.52,294914.0,4240160.0,58359600.0,0.005053393100706653
2001-10-15,14.58,14.9,14.35,14.49,84574.0,1223668.0,58359600.0,0.0014491874515932255
2001-10-16,14.4,14.55,14.01,14.49,132080.0,1890560.0,58359600.0,0.0022632094805310524
2001-10-17,14.4,14.5,14.1,14.44,104230.0,1494572.0,58359600.0,0.0017859957916092639
2001-10-18,14.35,14.41,14.0,14.21,291800.0,4140952.0,58359600.0,0.005000034270282867
2001-10-19,14.17,14.2,13.9,14.03,316143.0,4442069.0,58359600.0,0.005417155018197521
2001-10-22,14.0,14.05,13.4,13.66,201800.0,2768165.0,58359600.0,0.0034578715412717015
2001-10-23,13.98,15.03,13.98,15.03,3191961.0,47177173.0,58359600.0,0.05469470318508009
2001-10-24,15.0,15.0,14.2,14.65,1047870.0,15296309.0,58359600.0,0.017955400653876998
2001-10-25,14.45,14.5,13.9,14.44,1537640.0,21835602.0,58359600.0,0.026347678873741422
2001-10-26,14.02,14.44,13.7,14.29,632453.0,8919646.0,58359600.0,0.010837171605014427
2001-10-29,14.1,14.35,14.08,14.16,283899.0,4029120.0,58359600.0,0.00486464951781712
2001-10-30,14.03,14.2,14.01,14.17,726224.0,10276422.0,58359600.0,0.012443950952371162
2001-10-31,14.2,14.3,14.1,14.17,508040.0,7193404.0,58359600.0,0.008705337253853694
2001-11-01,14.03,14.5,14.03,14.37,330404.0,4690354.0,58359600.0,0.005661519270180056
2001-11-02,14.25,14.48,14.25,14.37,201300.0,2885599.0,58359600.0,0.003449303970554973
2001-11-05,14.25,14.48,14.2,14.25,71200.0,1020329.0,58359600.0,0.0012200220700621662
2001-11-06,14.25,14.37,14.15,14.27,94840.0,1350910.0,58359600.0,0.001625096813549099
2001-11-07,14.2,14.33,13.85,14.1,370400.0,5205648.0,58359600.0,0.006346856386952618
2001-11-08,13.85,14.19,13.8,14.03,293200.0,4102628.0,58359600.0,0.005024023468289707
2001-11-09,14.02,14.15,13.85,14.05,705528.0,9847409.0,58359600.0,0.012089322065264326
2001-11-12,14.03,14.68,13.7,14.67,1072826.0,15258341.0,58359600.0,0.01838302524349036
2001-11-13,14.5,14.75,14.01,14.59,713652.0,10397741.0,58359600.0,0.012228527954269734
2001-11-14,14.5,14.93,14.44,14.6,145260.0,2126231.0,58359600.0,0.002489050644624021
2001-11-15,14.41,14.8,14.41,14.7,448600.0,6562281.0,58359600.0,0.007686824447048986
2001-11-16,14.8,15.59,14.58,15.01,1951945.0,28911874.0,58359600.0,0.03344685364532999
2001-11-19,15.0,15.0,14.78,14.9,185608.0,2751230.0,58359600.0,0.0031804193311811596
2001-11-20,14.8,15.19,14.8,15.02,254780.0,3819679.0,58359600.0,0.004365691334416274
2001-11-21,15.02,15.19,14.9,15.0,301800.0,4520220.0,58359600.0,0.0051713856846174406
2001-11-22,14.9,15.1,14.85,14.98,99500.0,1485938.0,58359600.0,0.0017049465726290106
2001-11-23,14.8,15.05,14.8,15.04,207500.0,3108426.0,58359600.0,0.003555541847442409
2001-11-26,15.06,15.09,14.85,14.98,634668.0,9516330.0,58359600.0,0.010875125943289536
2001-11-27,14.9,15.05,14.88,14.97,359600.0,5380939.0,58359600.0,0.006161796859471278
2001-11-28,14.5,15.45,14.5,15.13,1969249.0,29634788.0,58359600.0,0.033743360132694536
2001-11-29,15.15,15.45,14.95,15.39,1029150.0,15648144.0,58359600.0,0.017634630806242675
2001-11-30,15.4,15.5,15.33,15.39,244949.0,3769058.0,58359600.0,0.004197235758983954
2001-12-03,15.25,15.55,15.15,15.52,1289800.0,19848410.0,58359600.0,0.022100905420873344
2001-12-04,15.55,15.58,15.25,15.49,269051.0,4148663.0,58359600.0,0.004610226937813145
2001-12-05,15.53,15.8,15.25,15.39,395278.0,6153464.0,58359600.0,0.006773144435534171
2001-12-06,15.25,15.5,15.16,15.4,149822.0,2295626.0,58359600.0,0.0025672211598434533
2001-12-07,15.42,15.55,15.01,15.51,331700.0,5075438.0,58359600.0,0.005683726413477817
2001-12-10,15.51,15.56,15.36,15.44,95966.0,1480503.0,58359600.0,0.001644390982803172
2001-12-11,15.25,15.52,15.08,15.24,156900.0,2392265.0,58359600.0,0.0026885036909094647
2001-12-12,15.2,15.31,14.95,14.98,69800.0,1051530.0,58359600.0,0.001196032872055326
2001-12-13,14.94,15.19,14.51,14.98,274200.0,4091874.0,58359600.0,0.004698455781054016
2001-12-14,14.85,15.08,14.8,14.95,129796.0,1936047.0,58359600.0,0.0022240728174970355
2001-12-17,14.85,14.97,14.7,14.91,80400.0,1192450.0,58359600.0,0.0013776653712499743
2001-12-18,14.8,14.97,14.6,14.79,361800.0,5373181.0,58359600.0,0.006199494170624885
2001-12-19,14.73,14.93,14.07,14.47,534050.0,7778151.0,58359600.0,0.00915102228253792
2001-12-20,14.38,14.5,14.3,14.4,625194.0,9001259.0,58359600.0,0.01071278761334896
2001-12-21,14.3,14.58,14.3,14.47,63115.0,908348.0,58359600.0,0.0010814844515726633
2001-12-24,14.47,14.47,14.09,14.31,116090.0,1656726.0,58359600.0,0.0019892185690100687
2001-12-25,14.16,14.38,14.16,14.29,121100.0,1721812.0,58359600.0,0.00207506562759169
2001-12-26,14.16,14.98,14.16,14.67,511307.0,7489251.0,58359600.0,0.0087613177609168
2001-12-27,14.5,14.85,14.5,14.65,1033220.0,15209778.0,58359600.0,0.017704370831876846
2001-12-28,14.49,14.78,14.41,14.72,117080.0,1709153.0,58359600.0,0.0020061823590291914
2001-12-31,14.69,14.93,14.63,14.89,94420.0,1402647.0,58359600.0,0.001617900054147047
2002-01-04,14.85,14.98,14.57,14.82,443100.0,6492596.0,58359600.0,0.00759258116916497
2002-01-07,14.7,14.95,14.52,14.91,141999.0,2098035.0,58359600.0,0.0024331729484095162
2002-01-08,14.85,14.92,14.4,14.84,376100.0,5475784.0,58359600.0,0.006444526693123325
2002-01-09,14.7,14.84,14.4,14.69,166200.0,2420308.0,58359600.0,0.0028478605062406187
2002-01-10,14.4,14.8,14.4,14.75,231000.0,3378954.0,58359600.0,0.003958217671128658
2002-01-11,14.7,14.75,14.4,14.57,104100.0,1514780.0,58359600.0,0.0017837682232229146
2002-01-14,14.25,14.61,14.16,14.36,354700.0,5098518.0,58359600.0,0.006077834666447337
2002-01-15,14.16,14.5,14.01,14.1,346600.0,4917360.0,58359600.0,0.005939040020836332
2002-01-16,14.03,14.14,13.8,14.11,335758.0,4690814.0,58359600.0,0.0057532608174147865
2002-01-17,14.0,14.01,13.78,13.89,450400.0,6252157.0,58359600.0,0.007717667701629209
2002-01-18,13.8,14.03,13.55,13.99,386802.0,5350809.0,58359600.0,0.006627906976744186
2002-01-21,13.83,13.99,13.7,13.85,461558.0,6387024.0,58359600.0,0.007908861609743727
2002-01-22,13.7,13.98,13.7,13.81,384080.0,5306854.0,58359600.0,0.006581265121762315
2002-01-23,13.7,14.68,13.68,14.57,546147.0,7669559.0,58359600.0,0.009358306088458454
2002-01-24,14.5,14.6,14.1,14.42,296500.0,4272411.0,58359600.0,0.005080569435020116
2002-01-25,14.25,14.95,14.1,14.5,636510.0,9390455.0,58359600.0,0.010906688873809965
2002-01-28,14.4,14.77,13.95,14.07,111500.0,1587394.0,58359600.0,0.0019105682698304992
2002-01-29,13.9,14.7,13.8,14.17,284793.0,4086633.0,58359600.0,0.004879968334258631
2002-01-30,14.3,14.3,13.95,14.19,89420.0,1261985.0,58359600.0,0.00153222434697976
2002-01-31,14.05,14.86,14.0,14.8,2274980.0,33093059.0,58359600.0,0.0389821040582869
2002-02-01,14.75,14.88,14.41,14.78,1488146.0,21903600.0,58359600.0,0.025499592183633884
2002-02-04,14.71,14.84,14.5,14.7,1049209.0,15408147.0,58359600.0,0.017978344608256397
2002-02-05,14.6,14.96,14.6,14.77,532187.0,7864791.0,58359600.0,0.009119099514047388
2002-02-06,14.73,14.82,14.5,14.74,320000.0,4697386.0,58359600.0,0.005483245258706366
2002-02-07,14.68,14.97,14.6,14.85,644110.0,9541326.0,58359600.0,0.01103691594870424
2002-02-08,14.78,14.93,14.62,14.78,196900.0,2915107.0,58359600.0,0.0033739093482477605
2002-02-25,14.66,14.8,14.5,14.68,288500.0,4208859.0,58359600.0,0.004943488303552458
2002-02-26,14.55,14.75,14.35,14.53,1099600.0,16106292.0,58359600.0,0.018841801520229746
2002-02-27,14.45,14.79,14.4,14.7,1352480.0,19676019.0,58359600.0,0.023174936085922453
2002-02-28,14.65,14.75,14.6,14.69,170100.0,2498405.0,58359600.0,0.0029146875578311025
2002-03-01,14.6,14.75,14.59,14.69,117900.0,1727519.0,58359600.0,0.0020202331750046264
2002-03-04,14.6,14.72,14.5,14.65,761250.0,11108913.0,58359600.0,0.013044126416219439
2002-03-05,14.62,14.75,14.4,14.65,2493155.0,36352065.0,58359600.0,0.04272056354053146
2002-03-06,14.7,14.7,14.4,14.57,514000.0,7483778.0,58359600.0,0.0088074626967971
2002-03-07,14.5,14.9,14.5,14.81,1168400.0,17212067.0,58359600.0,0.020020699250851617
2002-03-08,14.8,15.1,14.6,14.94,3288040.0,48733725.0,58359600.0,0.05634103043886524
2002-03-11,14.93,14.98,14.76,14.89,1403998.0,20881902.0,58359600.0,0.024057704302291313
2002-03-12,14.91,14.95,14.7,14.77,1852999.0,27468416.0,58359600.0,0.031751399941055115
2002-03-13,14.55,14.9,14.55,14.78,1555356.0,22930593.0,58359600.0,0.026651245039376555
2002-03-14,14.7,15.35,14.7,15.34,3319507.0,50120721.0,58359600.0,0.05688022193435185
2002-03-15,15.45,15.49,15.0,15.25,3084119.0,46916796.0,58359600.0,0.05284681526261318
2002-03-18,15.14,15.33,14.9,15.04,1742200.0,26401595.0,58359600.0,0.029852843405369468
2002-03-19,14.71,15.26,14.71,15.17,1985533.0,29948700.0,58359600.0,0.034022388775796955
2002-03-20,15.17,15.38,14.99,15.24,1701352.0,25697990.0,58359600.0,0.0291529071480956
2002-03-21,15.17,15.3,15.0,15.17,1956199.0,29458683.0,58359600.0,0.033519746536987916
2002-03-22,14.91,15.48,14.9,15.36,3719356.0,56085753.0,58359600.0,0.06373169110137836
2002-03-25,15.35,15.45,15.05,15.28,2435917.0,37133643.0,58359600.0,0.04173978231516323
2002-03-26,15.1,15.35,15.0,15.24,2284850.0,34766113.0,58359600.0,0.03915122790423512
2002-03-27,15.2,15.33,15.0,15.31,2013762.0,30600188.0,58359600.0,0.034506096683322024
2002-03-28,15.26,15.39,15.15,15.31,552772.0,8442211.0,58359600.0,0.00947182640045511
2002-03-29,15.26,15.35,14.89,14.97,587800.0,8860665.0,58359600.0,0.010072036134586255
2002-04-01,14.9,15.16,14.7,14.89,550229.0,8181929.0,58359600.0,0.009428251735789827
2002-04-02,14.7,14.92,14.5,14.85,547677.0,8044323.0,58359600.0,0.009384522854851644
2002-04-03,14.7,14.89,14.5,14.84,828400.0,12244901.0,58359600.0,0.014194751163476103
2002-04-04,14.7,14.91,14.5,14.9,997902.0,14694628.0,58359600.0,0.01709919190673
2002-04-05,14.85,15.15,14.51,15.08,1850721.0,27439828.0,58359600.0,0.031712366088869695
2002-04-09,14.94,15.22,14.72,15.07,1535903.0,23081785.0,58359600.0,0.02631791513307151
2002-04-10,15.0,15.18,14.7,15.07,2794713.0,41564194.0,58359600.0,0.04788780252092201
2002-04-11,14.95,14.95,14.72,14.8,1034824.0,15328361.0,58359600.0,0.01773185559873611
2002-04-12,14.7,14.85,14.5,14.69,713525.0,10443381.0,58359600.0,0.012226351791307686
2002-04-15,14.61,14.79,14.5,14.62,716999.0,10520942.0,58359600.0,0.012285879272647517
2002-04-16,14.3,14.74,14.3,14.63,490392.0,7165025.0,58359600.0,0.008402936277836037
2002-04-17,14.5,14.66,14.37,14.47,471455.0,6823866.0,58359600.0,0.008078448104510654
2002-04-18,14.35,14.52,14.28,14.42,377750.0,5422563.0,58359600.0,0.00647279967648853
2002-04-19,14.35,14.45,14.0,14.37,638043.0,9053727.0,58359600.0,0.010932957045627455
2002-04-22,14.35,14.44,14.15,14.28,252000.0,3594185.0,58359600.0,0.004318055641231263
2002-04-23,14.25,14.37,14.0,14.14,156900.0,2217091.0,58359600.0,0.0026885036909094647
2002-04-24,14.1,14.16,13.9,14.02,238285.0,3339230.0,58359600.0,0.004083047176471395
2002-04-25,14.0,14.15,13.88,13.98,189501.0,2645806.0,58359600.0,0.003247126436781609
2002-04-26,13.98,14.03,13.7,13.79,2131820.0,29354048.0,58359600.0,0.03652903721067314
2002-04-29,13.7,14.15,13.7,13.97,4325529.0,60015885.0,58359600.0,0.07411855118952151
2002-04-30,13.9,13.97,13.65,13.78,1974862.0,27296989.0,58359600.0,0.03383953968156053
2002-05-08,13.71,13.95,13.68,13.73,2243943.0,30885009.0,58359600.0,0.03845028067361668
2002-05-09,13.7,13.9,13.65,13.87,1717764.0,23634720.0,58359600.0,0.029434129089301504
2002-05-10,13.8,14.02,13.7,14.01,5375973.0,74801704.0,58359600.0,0.09211805769744824
2002-05-13,13.93,14.01,13.7,13.99,2629702.0,36508663.0,58359600.0,0.04506031569784577
2002-05-14,13.9,13.9,13.71,13.83,2066760.0,28534273.0,58359600.0,0.0354142249090124
2002-05-15,13.73,13.9,12.88,12.9,3072870.0,40646480.0,58359600.0,0.05265406205662822
2002-05-16,12.7,12.7,11.61,11.61,3918077.0,46157806.0,58359600.0,0.06713680354217644
2002-05-17,11.09,11.58,10.58,10.99,7290929.0,78829272.0,58359600.0,0.12493109959629607
2002-05-20,10.61,10.81,10.1,10.3,4608026.0,47832594.0,58359600.0,0.07895917723904892
2002-05-21,10.58,11.0,10.41,10.82,4592984.0,49215885.0,58359600.0,0.07870143044160686
2002-05-22,10.95,11.82,10.92,11.32,5744685.0,65698530.0,58359600.0,0.09843598996566118
2002-05-23,11.32,11.46,10.9,10.93,2222449.0,24579839.0,58359600.0,0.03808197794364595
2002-05-24,10.79,10.9,10.44,10.62,1764898.0,18670759.0,58359600.0,0.030241776845626085
2002-05-27,10.63,10.83,10.45,10.67,890645.0,9396860.0,58359600.0,0.015261328042001658
2002-05-28,10.68,10.8,10.54,10.69,783342.0,8401529.0,58359600.0,0.01342267596076738
2002-05-29,10.6,10.6,10.3,10.33,1080664.0,11225415.0,58359600.0,0.018517330482045798
2002-05-30,10.3,10.47,10.15,10.45,769029.0,7916343.0,58359600.0,0.013177420681430305
2002-05-31,10.5,10.5,10.18,10.22,652455.0,6724935.0,58359600.0,0.011179908703966443
2002-06-03,10.18,10.18,9.71,9.73,1186939.0,11638139.0,58359600.0,0.020338367637886483
2002-06-04,9.65,9.93,9.61,9.79,865205.0,8473860.0,58359600.0,0.014825410043934503
2002-06-05,9.95,9.99,9.62,9.67,616068.0,5989242.0,58359600.0,0.010556412312627229
2002-06-06,9.67,10.47,9.6,10.27,2162188.0,21584071.0,58359600.0,0.03704939718572437
2002-06-07,10.32,10.46,10.14,10.33,2229285.0,23072932.0,58359600.0,0.038199113770485064
2002-06-10,10.32,10.33,10.05,10.14,776419.0,7885742.0,58359600.0,0.013304049376623555
2002-06-11,10.25,10.69,10.11,10.54,2193918.0,22997126.0,58359600.0,0.03759309522340797
2002-06-12,10.55,10.59,10.25,10.45,1066537.0,11074888.0,58359600.0,0.018275262339015347
2002-06-13,10.44,10.48,10.18,10.2,634516.0,6544644.0,58359600.0,0.01087252140179165
2002-06-14,10.16,10.18,9.9,9.91,784520.0,7865154.0,58359600.0,0.013442861157375993
2002-06-17,9.81,10.1,9.73,10.09,383830.0,3808270.0,58359600.0,0.006576981336403951
2002-06-18,10.05,10.34,10.05,10.24,618353.0,6332300.0,58359600.0,0.010595566110802679
2002-06-19,10.25,10.25,10.01,10.05,315600.0,3196509.0,58359600.0,0.005407850636399153
2002-06-20,10.05,10.26,10.03,10.08,247390.0,2503390.0,58359600.0,0.004239062639223024
2002-06-21,10.08,10.54,10.08,10.43,2364526.0,24560612.0,58359600.0,0.04051648743308727
2002-06-24,11.47,11.47,10.8,11.47,6830516.0,77052019.0,58359600.0,0.11704185772349365
2002-06-25,11.39,11.4,10.78,10.86,3571739.0,39665852.0,58359600.0,0.06120225292839567
2002-06-26,10.85,11.01,10.71,10.98,1427659.0,15587963.0,58359600.0,0.024463138883748348
2002-06-27,10.98,11.26,10.97,11.01,1338049.0,14858806.0,58359600.0,0.02292765885989623
2002-06-28,11.05,11.07,10.61,10.76,1923653.0,20745827.0,58359600.0,0.03296206622389461
2002-07-01,10.9,10.99,10.72,10.73,759285.0,8226658.0,58359600.0,0.013010455863302696
2002-07-02,10.73,10.95,10.6,10.94,808718.0,8679242.0,58359600.0,0.013857497309782795
2002-07-03,10.92,11.1,10.8,11.06,1589260.0,17506343.0,58359600.0,0.027232194874536493
2002-07-04,11.1,11.14,10.8,10.82,672920.0,7355354.0,58359600.0,0.011530579373402149
2002-07-05,10.82,10.85,10.61,10.78,307833.0,3297804.0,58359600.0,0.005274761992885489
2002-07-08,10.8,10.91,10.72,10.89,364210.0,3938392.0,58359600.0,0.006240789861479516
2002-07-09,10.89,10.9,10.62,10.67,619453.0,6655764.0,58359600.0,0.010614414766379482
2002-07-10,10.67,10.76,10.51,10.51,949281.0,10068906.0,58359600.0,0.016266064195093865
2002-07-11,10.5,10.58,10.45,10.55,529874.0,5565349.0,58359600.0,0.009079465931911801
2002-07-12,10.55,10.55,10.4,10.42,445432.0,4651322.0,58359600.0,0.007632540318987793
2002-07-15,10.38,10.38,10.16,10.17,664350.0,6785054.0,58359600.0,0.011383731211317418
2002-07-16,10.15,10.3,10.11,10.15,378550.0,3855514.0,58359600.0,0.006486507789635295
2002-07-17,10.17,10.4,10.16,10.38,328825.0,3367352.0,58359600.0,0.005634462881856627
2002-07-18,10.35,10.47,10.21,10.4,393572.0,4073466.0,58359600.0,0.0067439118842486925
2002-07-19,10.4,10.4,10.23,10.32,389630.0,4009690.0,58359600.0,0.006676365156718003
2002-07-22,10.32,10.38,10.06,10.08,734596.0,7457636.0,58359600.0,0.012587406356452066
2002-07-23,10.08,10.15,10.03,10.1,329818.0,3329443.0,58359600.0,0.00565147807730005
2002-07-24,10.11,10.15,10.03,10.08,248712.0,2511872.0,58359600.0,0.004261715296198055
2002-07-25,10.09,10.18,10.06,10.11,212522.0,2149363.0,58359600.0,0.003641594527721232
2002-07-26,10.15,10.3,10.13,10.21,321440.0,3290326.0,58359600.0,0.005507919862370544
2002-07-30,10.28,10.45,10.23,10.38,715510.0,7423058.0,58359600.0,0.012260365047053098
2002-07-31,10.4,10.4,10.26,10.27,226150.0,2332223.0,58359600.0,0.003875112235176389
2002-08-01,10.21,10.21,10.08,10.14,377678.0,3826778.0,58359600.0,0.006471565946305321
2002-08-02,10.12,10.16,10.03,10.12,525816.0,5300013.0,58359600.0,0.009009931527974831
2002-08-05,10.12,10.24,10.08,10.16,188059.0,1909468.0,58359600.0,0.0032224175628345637
2002-08-06,10.16,10.4,10.11,10.27,396595.0,4085855.0,58359600.0,0.006795711416802034
2002-08-07,10.3,10.3,10.18,10.2,168755.0,1725551.0,58359600.0,0.002891640792603102
2002-08-08,10.25,10.64,10.25,10.54,2058255.0,21600878.0,58359600.0,0.03526849053112084
2002-08-09,10.48,10.61,10.38,10.44,814641.0,8539476.0,58359600.0,0.013958988752493164
2002-08-12,10.44,10.44,10.16,10.2,595050.0,6092536.0,58359600.0,0.010196265909978821
2002-08-13,10.15,10.34,10.14,10.23,192620.0,1970183.0,58359600.0,0.0033005709429125628
2002-08-14,10.2,10.38,10.2,10.33,134119.0,1380708.0,58359600.0,0.002298148033913872
2002-08-15,10.25,10.35,10.16,10.22,215360.0,2198323.0,58359600.0,0.003690224059109384
2002-08-16,10.2,10.28,10.04,10.12,452328.0,4579933.0,58359600.0,0.007750704254312915
2002-08-19,10.11,10.17,10.07,10.14,150930.0,1527762.0,58359600.0,0.002586206896551724
2002-08-20,10.16,10.28,10.15,10.2,307983.0,3143252.0,58359600.0,0.005277332264100508
2002-08-21,10.22,10.23,10.15,10.19,282076.0,2873744.0,58359600.0,0.004833412154983927
2002-08-22,10.17,10.38,10.13,10.35,682957.0,7013410.0,58359600.0,0.01170256478796976
2002-08-23,10.35,10.53,10.3,10.49,1632187.0,17105241.0,58359600.0,0.02796775509085052
2002-08-26,10.49,10.49,10.34,10.4,493719.0,5135330.0,58359600.0,0.00845994489338515
2002-08-27,10.38,10.76,10.38,10.75,3267837.0,34750415.0,58359600.0,0.055994849176485104
2002-08-28,10.85,11.36,10.81,10.87,7406800.0,82049445.0,58359600.0,0.1269165655693322
2002-08-29,10.76,10.81,10.5,10.53,1848515.0,19669344.0,58359600.0,0.03167456596686749
2002-08-30,10.58,10.6,10.5,10.53,463199.0,4880925.0,58359600.0,0.00793698037683603
2002-09-02,10.42,10.62,10.42,10.62,383954.0,4044080.0,58359600.0,0.006579106093941699
2002-09-03,10.66,10.75,10.56,10.62,589439.0,6278356.0,58359600.0,0.010100120631395692
2002-09-04,10.62,10.65,10.43,10.46,442470.0,4642192.0,58359600.0,0.007581786030061892
2002-09-05,10.45,10.45,10.23,10.27,820887.0,8464276.0,58359600.0,0.014066014845886538
2002-09-06,10.24,10.31,10.17,10.29,624676.0,6395545.0,58359600.0,0.01070391161008643
2002-09-09,10.23,10.28,10.15,10.21,279975.0,2853777.0,58359600.0,0.004797411222832233
2002-09-10,10.2,10.35,10.2,10.34,231949.0,2375792.0,58359600.0,0.003974478920349009
2002-09-11,10.35,10.35,10.15,10.27,282935.0,2890145.0,58359600.0,0.004848131241475267
2002-09-12,10.18,10.32,10.18,10.26,206777.0,2124777.0,58359600.0,0.003543153140186019
2002-09-13,10.24,10.3,10.23,10.23,214550.0,2203274.0,58359600.0,0.0036763445945482832
2002-09-16,10.2,10.21,10.1,10.15,433350.0,4396841.0,58359600.0,0.007425513540188761
2002-09-17,10.11,10.18,10.1,10.13,294041.0,2981071.0,58359600.0,0.005038434122235245
2002-09-18,10.17,10.25,10.1,10.11,182810.0,1859005.0,58359600.0,0.003132475205450346
2002-09-19,10.05,10.3,10.05,10.28,328136.0,3340812.0,58359600.0,0.005622656769408975
2002-09-20,10.28,10.29,10.12,10.13,200500.0,2043321.0,58359600.0,0.003435595857408207
2002-09-23,10.11,10.14,10.07,10.09,229640.0,2317788.0,58359600.0,0.003934913878779155
2002-09-24,10.08,10.15,10.08,10.08,221142.0,2236349.0,58359600.0,0.0037892994468776346
2002-09-25,10.1,10.2,10.08,10.15,225265.0,2282690.0,58359600.0,0.0038599476350077793
2002-09-26,10.15,10.19,9.78,9.8,573998.0,5708191.0,58359600.0,0.009835536912521675
2002-09-27,9.79,9.93,9.75,9.82,594539.0,5842259.0,58359600.0,0.010187509852706325
2002-10-08,9.82,9.82,9.65,9.73,165990.0,1615623.0,58359600.0,0.0028442621265395924
2002-10-09,9.78,9.85,9.5,9.56,307500.0,2955580.0,58359600.0,0.005269055990788148
2002-10-10,9.46,9.6,9.3,9.3,276770.0,2615541.0,58359600.0,0.004742493094538002
2002-10-11,9.3,9.48,9.3,9.35,232178.0,2179290.0,58359600.0,0.003978402867737271
2002-10-14,9.35,9.35,9.13,9.24,283680.0,2614494.0,58359600.0,0.004860896921843193
2002-10-15,9.26,9.34,9.18,9.2,196700.0,1815264.0,58359600.0,0.003370482319961069
2002-10-16,9.2,9.4,9.2,9.32,233078.0,2175856.0,58359600.0,0.003993824495027382
2002-10-17,9.32,9.35,9.05,9.07,158543.0,1454335.0,58359600.0,0.0027166567282846353
2002-10-18,9.07,9.17,9.01,9.09,216230.0,1960467.0,58359600.0,0.0037051316321564916
2002-10-21,9.04,9.15,9.02,9.14,84800.0,771391.0,58359600.0,0.0014530599935571869
2002-10-22,9.1,9.38,9.08,9.3,289142.0,2674909.0,58359600.0,0.004954489064352737
2002-10-23,9.25,9.29,9.15,9.25,285450.0,2627127.0,58359600.0,0.004891226122180413
2002-10-24,9.25,9.25,9.1,9.18,278153.0,2547094.0,58359600.0,0.0047661909951404735
2002-10-25,9.18,9.24,9.03,9.06,195500.0,1781763.0,58359600.0,0.00334992015024092
2002-10-28,9.05,9.05,8.8,8.82,370951.0,3286612.0,58359600.0,0.006356297849882453
2002-10-29,8.94,8.97,8.78,8.94,170358.0,1508707.0,58359600.0,0.0029191084243209344
2002-10-30,8.95,8.95,8.8,8.86,229800.0,2034666.0,58359600.0,0.0039376555014085084
2002-10-31,8.86,8.98,8.8,8.84,147300.0,1306849.0,58359600.0,0.002524006333148274
2002-11-01,8.83,8.91,8.82,8.88,151911.0,1345839.0,58359600.0,0.0026030164702979456
2002-11-04,8.96,9.02,8.9,9.02,212640.0,1905753.0,58359600.0,0.0036436164744103796
2002-11-05,9.03,9.25,8.99,9.23,521534.0,4781124.0,58359600.0,0.008936558852356767
2002-11-06,9.25,9.25,9.1,9.11,194100.0,1774336.0,58359600.0,0.0033259309522340797
2002-11-07,9.11,9.15,9.03,9.1,202920.0,1841889.0,58359600.0,0.003477062899677174
2002-11-08,9.18,9.2,8.5,8.62,800100.0,7025765.0,58359600.0,0.01370982666090926
2002-11-11,8.5,8.72,8.5,8.51,298903.0,2561915.0,58359600.0,0.005121745179884714
2002-11-12,8.54,8.58,8.0,8.05,684903.0,5608390.0,58359600.0,0.011735909773199268
2002-11-13,8.0,8.1,7.9,8.09,512303.0,4100205.0,58359600.0,0.008778384361784523
2002-11-14,8.08,8.08,7.86,7.87,264909.0,2113042.0,58359600.0,0.004539253181995764
2002-11-15,7.8,8.05,7.8,7.91,282494.0,2236976.0,58359600.0,0.004840574644103112
2002-11-18,7.9,7.98,7.73,7.8,215500.0,1679630.0,58359600.0,0.003692622978910068
2002-11-19,7.8,8.08,7.75,8.01,277510.0,2197334.0,58359600.0,0.004755173099198761
2002-11-20,7.98,7.98,7.6,7.61,294397.0,2287736.0,58359600.0,0.005044534232585556
2002-11-21,7.61,7.68,7.26,7.3,569097.0,4213209.0,58359600.0,0.0097515575843563
2002-11-22,7.28,7.45,7.15,7.35,475169.0,3492295.0,58359600.0,0.008142088019794515
2002-11-25,7.35,7.45,7.15,7.38,393169.0,2868372.0,58359600.0,0.00673700642225101
2002-11-26,7.38,7.49,7.15,7.18,303360.0,2212772.0,58359600.0,0.005198116505253634
2002-11-27,7.15,7.3,7.05,7.25,363713.0,2601799.0,58359600.0,0.006232273696187088
2002-11-28,7.25,7.52,7.14,7.51,600677.0,4428559.0,58359600.0,0.010292685350824886
2002-11-29,7.6,7.78,7.42,7.66,1180972.0,9037874.0,58359600.0,0.020236122248953044
2002-12-02,7.66,7.66,7.36,7.42,537630.0,4048474.0,58359600.0,0.009212366088869698
2002-12-03,7.4,7.51,7.4,7.49,334078.0,2491344.0,58359600.0,0.005724473779806579
2002-12-04,7.45,7.69,7.44,7.51,582872.0,4425237.0,58359600.0,0.009987594157602177
2002-12-05,7.47,7.5,7.33,7.4,413333.0,3065020.0,58359600.0,0.0070825194141152445
2002-12-06,7.37,7.5,7.37,7.42,253986.0,1890064.0,58359600.0,0.004352086032118109
2002-12-09,7.4,7.53,7.33,7.36,274574.0,2040357.0,58359600.0,0.00470486432395013
2002-12-10,7.45,7.85,7.45,7.54,2100734.0,16086693.0,58359600.0,0.03599637420407268
2002-12-11,7.5,7.5,7.18,7.32,1120251.0,8154807.0,58359600.0,0.019195659325972076
2002-12-12,7.29,7.55,7.26,7.4,839685.0,6236841.0,58359600.0,0.01438812123455267
2002-12-13,7.29,8.12,7.2,7.93,2712653.0,21139472.0,58359600.0,0.04648169281489249
2002-12-16,7.91,8.12,7.82,7.99,2138382.0,17101554.0,58359600.0,0.036641478008759484
2002-12-17,7.99,8.25,7.88,8.18,1919452.0,15563762.0,58359600.0,0.03289008149473266
2002-12-18,8.12,8.2,7.96,7.97,1476672.0,11917528.0,58359600.0,0.025302983570826394
2002-12-19,7.95,8.1,7.82,8.09,928570.0,7374730.0,58359600.0,0.01591117828086553
2002-12-20,8.05,8.15,7.95,8.08,864502.0,6965767.0,58359600.0,0.014813364039506782
2002-12-23,8.07,8.22,8.02,8.05,1220518.0,9917105.0,58359600.0,0.020913748552080547
2002-12-24,8.04,8.08,7.95,8.07,502347.0,4020549.0,58359600.0,0.00860778689367302
2002-12-25,8.1,8.25,8.01,8.09,1253448.0,10205257.0,58359600.0,0.0214780087594843
2002-12-26,8.08,8.13,7.63,7.66,1138488.0,8944653.0,58359600.0,0.019508152900294038
2002-12-27,7.6,7.78,7.45,7.59,749357.0,5691329.0,58359600.0,0.01284033817915133
2002-12-30,7.51,7.57,7.31,7.39,771233.0,5711531.0,58359600.0,0.013215186533149645
2002-12-31,7.46,7.48,7.1,7.1,688900.0,5029424.0,58359600.0,0.011804398933508797
2003-01-02,7.1,7.35,7.06,7.19,647940.0,4669046.0,58359600.0,0.011102543540394383
2003-01-03,7.16,7.35,7.12,7.32,531112.0,3855783.0,58359600.0,0.009100679237006422
2003-01-06,7.25,7.55,7.22,7.52,737897.0,5495159.0,58359600.0,0.01264396945832391
2003-01-07,7.53,7.64,7.44,7.54,691826.0,5213547.0,58359600.0,0.011854536357343093
2003-01-08,7.5,7.77,7.42,7.75,839721.0,6403083.0,58359600.0,0.014388738099644274
2003-01-09,7.76,7.95,7.65,7.89,1456036.0,11418446.0,58359600.0,0.024949382792205568
2003-01-10,7.87,8.14,7.74,7.92,1641252.0,13079231.0,58359600.0,0.02812308514794481
2003-01-13,7.88,8.35,7.87,8.31,2527488.0,20710088.0,58359600.0,0.043308864351366355
2003-01-14,8.32,8.65,8.22,8.56,3073558.0,25954771.0,58359600.0,0.05266585103393443
2003-01-15,8.56,8.61,8.31,8.38,2349936.0,19839452.0,58359600.0,0.04026648571957313
2003-01-16,8.42,8.58,8.38,8.48,2086439.0,17641678.0,58359600.0,0.03575142735728141
2003-01-17,8.51,8.53,8.3,8.33,1644488.0,13776405.0,58359600.0,0.02817853446562348
2003-01-20,8.3,8.43,8.17,8.42,1065989.0,8808039.0,58359600.0,0.01826587228150981
2003-01-21,8.41,8.47,8.18,8.18,1003800.0,8347087.0,58359600.0,0.01720025497090453
2003-01-22,8.12,8.3,8.12,8.25,585009.0,4800250.0,58359600.0,0.010024211954845475
2003-01-23,8.25,8.32,8.11,8.14,496841.0,4077648.0,58359600.0,0.008513440804940403
2003-01-24,8.13,8.38,8.11,8.36,758615.0,6263428.0,58359600.0,0.012998975318542279
2003-01-27,8.39,8.53,8.32,8.48,1266813.0,10726798.0,58359600.0,0.021707019924742457
2003-01-28,8.46,8.49,8.35,8.43,595710.0,5011634.0,58359600.0,0.010207575103324902
2003-01-29,8.45,8.47,8.37,8.38,559982.0,4709579.0,58359600.0,0.009595370770190337
2003-02-10,8.37,8.4,8.22,8.36,494265.0,4107698.0,58359600.0,0.008469300680607817
2003-02-11,8.38,8.72,8.36,8.7,2096927.0,18024925.0,58359600.0,0.03593114072063551
2003-02-12,8.66,8.77,8.61,8.76,1765463.0,15361608.0,58359600.0,0.030251458200535986
2003-02-13,8.77,8.79,8.59,8.63,1342387.0,11643343.0,58359600.0,0.02300199110343457
2003-02-14,8.6,8.67,8.53,8.62,657171.0,5656076.0,58359600.0,0.011260718030966628
2003-02-17,8.61,8.87,8.6,8.83,1885774.0,16517821.0,58359600.0,0.03231300420153668
2003-02-18,8.79,8.9,8.71,8.82,846783.0,7458676.0,58359600.0,0.01450974646844735
2003-02-19,8.82,8.87,8.73,8.86,952031.0,8382278.0,58359600.0,0.016313185834035872
2003-02-20,8.9,9.05,8.81,8.84,1477364.0,13223832.0,58359600.0,0.025314841088698345
2003-02-21,8.83,8.83,8.52,8.52,1360650.0,11744732.0,58359600.0,0.0233149301914338
2003-02-24,8.47,8.59,8.43,8.51,501080.0,4271495.0,58359600.0,0.00858607666947683
2003-02-25,8.45,8.84,8.45,8.79,969690.0,8452205.0,58359600.0,0.0166157752966093
2003-02-26,8.8,8.92,8.71,8.91,936682.0,8272973.0,58359600.0,0.016050178548173737
2003-02-27,8.95,8.96,8.81,8.87,889798.0,7897067.0,58359600.0,0.01524681457720752
2003-02-28,8.85,9.09,8.78,9.08,1912674.0,17131833.0,58359600.0,0.03277393950609668
2003-03-03,9.08,9.18,8.98,9.05,3320209.0,30169693.0,58359600.0,0.056892250803638134
2003-03-04,9.05,9.07,8.86,8.97,1213117.0,10878942.0,58359600.0,0.02078693137033153
2003-03-05,8.97,9.0,8.84,8.96,633087.0,5631695.0,58359600.0,0.01084803528468324
2003-03-06,8.92,9.0,8.8,8.82,886900.0,7854369.0,58359600.0,0.01519715693733336
2003-03-07,8.8,8.88,8.73,8.81,690591.0,6087232.0,58359600.0,0.011833374457672774
2003-03-10,8.79,8.8,8.48,8.48,702100.0,6036359.0,58359600.0,0.012030582800430435
2003-03-11,8.43,8.55,8.43,8.5,354152.0,3009935.0,58359600.0,0.0060684446089418025
2003-03-12,8.5,8.59,8.45,8.57,347279.0,2959142.0,58359600.0,0.005950674781869649
2003-03-13,8.56,8.63,8.43,8.45,385456.0,3282164.0,58359600.0,0.006604843076374752
2003-03-14,8.43,8.5,8.36,8.41,295454.0,2488690.0,58359600.0,0.00506264607708072
2003-03-17,8.4,8.4,8.16,8.3,432367.0,3572398.0,58359600.0,0.007408669696159672
2003-03-18,8.3,8.43,8.2,8.2,295800.0,2457892.0,58359600.0,0.005068574836016696
2003-03-19,8.19,8.35,8.14,8.25,286663.0,2354778.0,58359600.0,0.004912011048739197
2003-03-20,8.3,8.35,8.2,8.25,210818.0,1742874.0,58359600.0,0.0036123962467186203
2003-03-21,8.25,8.39,8.21,8.36,223073.0,1859579.0,58359600.0,0.003822387404985641
2003-03-24,8.4,8.45,8.28,8.4,119709.0,1000119.0,58359600.0,0.0020512306458577508
2003-03-25,8.35,8.39,8.18,8.23,227418.0,1873781.0,58359600.0,0.003896839594514013
2003-03-26,8.23,8.28,8.1,8.12,245450.0,2003213.0,58359600.0,0.004205820464842117
2003-03-27,8.11,8.8,8.0,8.45,700885.0,5783480.0,58359600.0,0.012009763603588785
2003-03-28,8.44,8.55,8.3,8.31,492530.0,4147240.0,58359600.0,0.00843957121022077
2003-03-31,8.3,8.43,8.28,8.39,235011.0,1962866.0,58359600.0,0.004026946723418255
2003-04-01,8.31,8.57,8.31,8.48,460733.0,3905071.0,58359600.0,0.007894725118061125
2003-04-02,8.48,8.59,8.46,8.48,336029.0,2862181.0,58359600.0,0.005757904440743254
2003-04-03,8.46,8.59,8.42,8.45,197200.0,1673403.0,58359600.0,0.003379049890677798
2003-04-04,8.42,8.48,8.33,8.39,403418.0,3379837.0,58359600.0,0.006912624486802514
2003-04-07,8.37,8.37,8.16,8.18,550100.0,4548714.0,58359600.0,0.00942604130254491
2003-04-08,8.15,8.25,8.14,8.22,368239.0,3011560.0,58359600.0,0.0063098273463149165
2003-04-09,8.2,8.33,8.02,8.26,612854.0,4978315.0,58359600.0,0.010501339968060096
2003-04-10,8.3,8.36,8.14,8.22,680511.0,5575733.0,58359600.0,0.011660652232023522
2003-04-11,8.22,8.36,8.18,8.36,584492.0,4836918.0,58359600.0,0.010015353086724377
2003-04-14,8.36,8.67,8.33,8.64,1030634.0,8781446.0,58359600.0,0.017660059356129926
2003-04-15,8.65,8.82,8.46,8.73,1521363.0,13144220.0,58359600.0,0.02606877017662904
2003-04-16,8.76,8.8,8.46,8.49,1490504.0,12818433.0,58359600.0,0.025539996847133976
2003-04-17,8.5,8.59,8.39,8.56,726073.0,6147055.0,58359600.0,0.01244136354601471
2003-04-18,8.59,8.71,8.45,8.7,847706.0,7281214.0,58359600.0,0.014525562203990431
2003-04-21,8.79,8.89,8.66,8.81,2455600.0,21507372.0,58359600.0,0.04207705330399797
2003-04-22,8.85,8.85,8.62,8.79,680766.0,5925656.0,58359600.0,0.011665021693089054
2003-04-23,8.77,8.83,8.53,8.55,586609.0,5057834.0,58359600.0,0.010051628181139007
2003-04-24,8.52,8.55,8.2,8.24,790130.0,6571577.0,58359600.0,0.01353898930081769
2003-04-25,8.24,8.35,7.94,7.98,623368.0,5067182.0,58359600.0,0.010681498845091467
2003-04-28,7.9,8.1,7.68,8.09,680494.0,5378673.0,58359600.0,0.011660360934619154
2003-04-29,8.08,8.08,7.78,7.79,364500.0,2880167.0,58359600.0,0.006245759052495219
2003-04-30,7.8,7.93,7.8,7.82,471196.0,3701326.0,58359600.0,0.008074010102879389
2003-05-12,7.84,7.95,7.78,7.89,264500.0,2078042.0,58359600.0,0.00453224490914948
2003-05-13,7.8,7.82,7.4,7.64,1017526.0,7789286.0,58359600.0,0.017435451922220166
2003-05-14,7.59,7.9,7.55,7.88,431038.0,3306933.0,58359600.0,0.007385897093194607
2003-05-15,7.85,7.98,7.75,7.97,418300.0,3305138.0,58359600.0,0.007167629661615227
2003-05-16,7.97,7.97,7.8,7.81,286905.0,2246231.0,58359600.0,0.004916157752966093
2003-05-19,7.8,7.96,7.8,7.89,288300.0,2267425.0,58359600.0,0.004940061275265766
2003-05-20,7.89,7.89,7.78,7.8,267617.0,2091485.0,58359600.0,0.004585655144997567
2003-05-21,7.82,7.97,7.76,7.95,488457.0,3829573.0,58359600.0,0.008369779779162298
2003-05-22,8.0,8.18,8.0,8.12,1714167.0,13836443.0,58359600.0,0.029372493985565358
2003-05-23,8.12,8.22,8.0,8.21,821688.0,6695708.0,58359600.0,0.014079740094174738
2003-05-26,8.32,8.35,8.22,8.23,1224435.0,10127399.0,58359600.0,0.020980866901075403
2003-05-27,8.2,8.25,8.07,8.19,435368.0,3548120.0,58359600.0,0.007460092255601478
2003-05-28,8.2,8.24,8.1,8.13,474752.0,3878859.0,58359600.0,0.008134942665816764
2003-05-29,8.1,8.34,8.09,8.27,762067.0,6289171.0,58359600.0,0.013058125826770574
2003-06-02,8.5,8.5,8.24,8.28,597350.0,4960625.0,58359600.0,0.010235676735275773
2003-06-03,8.28,8.29,8.08,8.08,489370.0,3995399.0,58359600.0,0.008385424163291045
2003-06-04,8.07,8.17,7.9,7.98,455215.0,3638847.0,58359600.0,0.007800173407631307
2003-06-05,8.0,8.07,7.94,7.94,204600.0,1635062.0,58359600.0,0.0035058499372853822
2003-06-06,7.9,8.02,7.86,7.92,627840.0,4985158.0,58359600.0,0.01075812719758189
2003-06-09,7.9,7.92,7.82,7.87,199880.0,1571002.0,58359600.0,0.0034249720697194634
2003-06-10,7.9,7.97,7.81,7.93,177204.0,1403390.0,58359600.0,0.003036415602574384
2003-06-11,7.91,8.08,7.88,8.08,336680.0,2693697.0,58359600.0,0.005769059417816435
2003-06-12,8.08,8.08,7.97,7.99,154599.0,1237625.0,58359600.0,0.0026490757304710793
2003-06-13,8.08,8.08,8.0,8.06,182895.0,1465950.0,58359600.0,0.00313393169247219
2003-06-16,8.06,8.11,8.01,8.07,309959.0,2492088.0,58359600.0,0.00531119130357302
2003-06-17,8.06,8.18,8.01,8.16,612358.0,4944531.0,58359600.0,0.010492840937909101
2003-06-18,8.09,8.09,7.95,7.98,282201.0,2258031.0,58359600.0,0.004835554047663109
2003-06-19,8.0,8.0,7.82,7.85,171800.0,1350767.0,58359600.0,0.00294381729826798
2003-06-20,7.8,7.88,7.78,7.81,258900.0,2019456.0,58359600.0,0.0044362881171221185
2003-06-23,7.72,7.78,7.7,7.71,161300.0,1245994.0,58359600.0,0.0027638983132166773
2003-06-24,7.71,7.79,7.68,7.75,88974.0,687344.0,58359600.0,0.0015245820739004379
2003-06-25,7.8,7.87,7.72,7.82,697965.0,5454260.0,58359600.0,0.011959728990603088
2003-06-26,7.8,7.8,7.65,7.75,200534.0,1547450.0,58359600.0,0.0034361784522169447
2003-06-27,7.82,7.86,7.6,7.62,122450.0,947821.0,58359600.0,0.0020981980685268577
2003-06-30,7.62,7.62,7.51,7.56,122150.0,923939.0,58359600.0,0.0020930575260968204
2003-07-01,7.58,7.62,7.48,7.49,126600.0,957210.0,58359600.0,0.0021693089054757057
2003-07-02,7.46,7.56,7.38,7.53,195850.0,1458406.0,58359600.0,0.0033559174497426302
2003-07-03,7.48,7.5,7.41,7.5,149925.0,1117054.0,58359600.0,0.0025689860794110993
2003-07-04,7.5,7.54,7.44,7.47,102663.0,768439.0,58359600.0,0.0017591450249830362
2003-07-07,7.49,7.49,7.35,7.42,222158.0,1641728.0,58359600.0,0.003806708750574027
2003-07-08,7.4,7.5,7.39,7.49,270361.0,2012466.0,58359600.0,0.004632673973090974
2003-07-09,7.47,7.56,7.4,7.47,144450.0,1076928.0,58359600.0,0.0024751711800629203
2003-07-10,7.46,7.6,7.41,7.6,342555.0,2577151.0,58359600.0,0.0058697283737379966
2003-07-11,7.62,7.62,7.47,7.53,117287.0,882973.0,58359600.0,0.002009729333305917
2003-07-14,7.53,7.55,7.41,7.45,100530.0,749728.0,58359600.0,0.0017225957683054715
2003-07-15,7.46,7.57,7.4,7.5,111078.0,828551.0,58359600.0,0.0019033372401455802
2003-07-16,7.5,7.5,7.41,7.44,80684.0,599749.0,58359600.0,0.0013825317514170761
2003-07-17,7.4,7.55,7.39,7.47,686805.0,5118894.0,58359600.0,0.011768500812205703
2003-07-18,7.45,7.5,7.25,7.28,218592.0,1608111.0,58359600.0,0.003745604836222318
2003-07-21,7.21,7.24,7.1,7.11,255449.0,1828342.0,58359600.0,0.004377154744035257
2003-07-22,7.19,7.21,7.09,7.18,135278.0,965415.0,58359600.0,0.002318007662835249
2003-07-23,7.18,7.18,7.06,7.16,694100.0,4939469.0,58359600.0,0.011893501668962775
2003-07-24,7.16,7.16,7.07,7.08,308830.0,2191859.0,58359600.0,0.005291845728894646
2003-07-25,7.1,7.14,6.96,7.07,284600.0,2002231.0,58359600.0,0.004876661251961974
2003-07-28,7.11,7.15,7.03,7.11,244398.0,1730496.0,58359600.0,0.0041877942960541195
2003-07-29,7.25,7.25,7.13,7.18,224218.0,1607345.0,58359600.0,0.0038420071419269495
2003-07-30,7.2,7.2,7.08,7.15,113619.0,809696.0,58359600.0,0.0019468776345279953
2003-07-31,7.15,7.16,7.08,7.08,95800.0,682559.0,58359600.0,0.0016415465493252181
2003-08-01,7.09,7.09,6.96,7.03,143440.0,1004750.0,58359600.0,0.0024578646872151283
2003-08-04,7.04,7.2,7.01,7.19,209768.0,1494490.0,58359600.0,0.00359440434821349
2003-08-05,7.19,7.23,7.13,7.19,460600.0,3301766.0,58359600.0,0.007892446144250475
2003-08-06,7.21,7.32,7.15,7.3,815400.0,5911166.0,58359600.0,0.013971994324841157
2003-08-07,7.32,7.35,7.2,7.23,388899.0,2822745.0,58359600.0,0.006663839368330146
2003-08-08,7.23,7.23,7.08,7.09,201050.0,1436874.0,58359600.0,0.0034450201851966085
2003-08-12,7.14,7.19,7.07,7.09,204621.0,1455566.0,58359600.0,0.003506209775255485
2003-08-13,7.15,7.15,7.02,7.07,122060.0,861813.0,58359600.0,0.0020915153633678093
2003-08-14,7.0,7.15,7.0,7.02,153705.0,1084046.0,58359600.0,0.0026337569140295683
2003-08-15,7.01,7.05,7.0,7.01,213200.0,1496096.0,58359600.0,0.003653212153613116
2003-08-18,7.03,7.05,6.99,7.01,139525.0,977439.0,58359600.0,0.0023907806085031427
2003-08-19,7.08,7.1,7.02,7.03,87800.0,619297.0,58359600.0,0.001504465417857559
2003-08-20,7.02,7.03,6.96,6.98,128400.0,897702.0,58359600.0,0.002200152160055929
2003-08-21,6.98,7.05,6.96,7.0,145800.0,1019904.0,58359600.0,0.002498303620998088
2003-08-22,7.06,7.06,6.98,6.98,101300.0,710260.0,58359600.0,0.0017357898272092338
2003-08-25,6.96,6.98,6.85,6.87,126500.0,872992.0,58359600.0,0.00216759539133236
2003-08-26,6.87,6.89,6.79,6.8,209100.0,1424488.0,58359600.0,0.0035829580737359408
2003-08-27,6.81,6.9,6.8,6.82,89300.0,610375.0,58359600.0,0.0015301681300077452
2003-08-28,6.81,6.81,6.7,6.71,183700.0,1238925.0,58359600.0,0.0031477254813261227
2003-08-29,6.66,6.74,6.57,6.7,291519.0,1935967.0,58359600.0,0.004995219295540065
2003-09-01,6.66,6.87,6.64,6.82,226319.0,1529119.0,58359600.0,0.0038780080740786435
2003-09-02,6.86,6.98,6.75,6.9,212128.0,1449869.0,58359600.0,0.0036348432819964496
2003-09-03,6.9,7.08,6.81,6.96,365900.0,2537917.0,58359600.0,0.0062697482505020595
2003-09-04,6.99,7.05,6.85,6.89,448100.0,3097690.0,58359600.0,0.007678256876332257
2003-09-05,6.83,6.83,6.65,6.7,222390.0,1495088.0,58359600.0,0.003810684103386589
2003-09-08,6.69,6.73,6.51,6.61,499301.0,3300251.0,58359600.0,0.008555593252866709
2003-09-09,6.65,6.66,6.53,6.57,197899.0,1299234.0,58359600.0,0.0033910273545397843
2003-09-10,6.52,6.67,6.52,6.63,79790.0,527835.0,58359600.0,0.0013672129349755653
2003-09-11,6.65,6.69,6.51,6.68,132780.0,879456.0,58359600.0,0.0022752040795344726
2003-09-12,6.72,6.85,6.61,6.65,293100.0,1972917.0,58359600.0,0.005022309954146362
2003-09-15,6.6,6.66,6.51,6.55,109600.0,719929.0,58359600.0,0.0018780115011069302
2003-09-16,6.6,6.69,6.51,6.65,118330.0,777094.0,58359600.0,0.002027601285821013
2003-09-17,6.57,6.62,6.51,6.54,119900.0,784226.0,58359600.0,0.002054503457871541
2003-09-18,6.54,6.59,6.49,6.51,147240.0,962379.0,58359600.0,0.002522978224662266
2003-09-22,6.48,6.51,6.4,6.41,108500.0,701730.0,58359600.0,0.001859162845530127
2003-09-23,6.5,6.5,6.4,6.47,88140.0,570496.0,58359600.0,0.0015102913659449345
2003-09-24,6.47,6.64,6.45,6.55,769941.0,5047647.0,58359600.0,0.013193047930417617
2003-09-25,6.55,6.58,6.42,6.48,246430.0,1596340.0,58359600.0,0.004222612903446905
2003-09-26,6.1,6.1,5.87,5.89,1058332.0,6308568.0,58359600.0,0.018134668503553827
2003-09-29,5.8,5.8,5.62,5.63,942719.0,5369253.0,58359600.0,0.01615362339700752
2003-09-30,5.63,5.73,5.51,5.7,458090.0,2577287.0,58359600.0,0.007849436939252497
2003-10-08,5.65,5.66,5.55,5.62,276699.0,1552500.0,58359600.0,0.0047412764994962265
2003-10-09,5.62,5.66,5.55,5.66,247479.0,1393166.0,58359600.0,0.004240587666810602
2003-10-10,5.65,5.95,5.59,5.89,1003335.0,5774276.0,58359600.0,0.017192287130137974
2003-10-13,5.85,5.91,5.77,5.85,1454748.0,8503448.0,58359600.0,0.024927312730039272
2003-10-14,5.7,5.72,5.57,5.68,1001466.0,5654574.0,58359600.0,0.01716026155079884
2003-10-15,5.65,5.83,5.65,5.77,1766368.0,10194530.0,58359600.0,0.030266965503533267
2003-10-16,5.7,5.85,5.56,5.57,1397083.0,7976598.0,58359600.0,0.023939214799278952
2003-10-17,5.56,5.59,5.39,5.46,1261220.0,6848074.0,58359600.0,0.021611183078705132
2003-10-20,5.5,5.53,5.45,5.52,665210.0,3651389.0,58359600.0,0.011398467432950192
2003-10-21,5.51,5.52,5.42,5.48,266980.0,1463125.0,58359600.0,0.0045747400599044545
2003-10-22,5.48,5.68,5.44,5.66,1123804.0,6268515.0,58359600.0,0.01925654048348515
2003-10-23,5.63,5.66,5.53,5.55,520547.0,2906974.0,58359600.0,0.008919646467761945
2003-10-24,5.52,5.55,5.4,5.42,616567.0,3361460.0,58359600.0,0.010564962748202523
2003-10-27,5.42,5.42,5.25,5.29,903177.0,4806289.0,58359600.0,0.015476065634445747
2003-10-28,5.3,5.38,5.28,5.34,244144.0,1296970.0,58359600.0,0.004183441970130022
2003-10-29,5.35,5.36,5.15,5.23,496800.0,2591900.0,58359600.0,0.008512738264141633
2003-10-30,5.22,5.27,5.15,5.19,305820.0,1592140.0,58359600.0,0.00524026895317994
2003-10-31,5.19,5.39,5.16,5.26,312429.0,1647260.0,58359600.0,0.005353515102913659
2003-11-03,5.22,5.31,5.21,5.3,270549.0,1427007.0,58359600.0,0.004635895379680464
2003-11-04,5.3,5.45,5.26,5.36,512534.0,2749809.0,58359600.0,0.00878234257945565
2003-11-05,5.36,5.36,5.19,5.24,366858.0,1939993.0,58359600.0,0.006286163715995312
2003-11-06,5.24,5.26,5.15,5.17,567578.0,2945527.0,58359600.0,0.009725529304518879
2003-11-07,5.01,5.14,4.98,5.06,539774.0,2724362.0,75903984.0,0.007111273632224627
2003-11-10,4.98,5.09,4.98,5.02,234842.0,1176149.0,75903984.0,0.00309393509568615
2003-11-11,5.04,5.17,5.04,5.16,338379.0,1730320.0,75903984.0,0.004457987343589238
2003-11-12,5.18,5.34,5.15,5.21,1516896.0,7975257.0,75903984.0,0.01998440556163692
2003-11-13,5.18,5.29,5.14,5.25,544970.0,2840263.0,75903984.0,0.007179728537042272
2003-11-14,5.21,5.28,5.1,5.21,645329.0,3358901.0,75903984.0,0.008501912099897155
2003-11-17,5.25,5.38,5.24,5.28,1489420.0,7908849.0,75903984.0,0.019622421927154705
2003-11-18,5.31,5.31,5.15,5.22,583341.0,3033066.0,75903984.0,0.007685248774293586
2003-11-19,5.23,5.35,5.17,5.33,1954284.0,10340383.0,75903984.0,0.025746790840385926
2003-11-20,5.35,5.59,5.3,5.51,3939430.0,21502747.0,75903984.0,0.051900174304421225
2003-11-21,5.55,5.84,5.4,5.7,7474328.0,42085568.0,75903984.0,0.09847082598457546
2003-11-24,5.68,5.8,5.54,5.79,3566770.0,20322573.0,75903984.0,0.04699055058822736
2003-11-25,5.8,5.92,5.65,5.73,3688252.0,21225565.0,75903984.0,0.04859101993908515
2003-11-26,5.69,5.76,5.58,5.65,2105277.0,11889246.0,75903984.0,0.02773605401265894
2003-11-27,5.7,5.78,5.6,5.65,1836621.0,10443046.0,75903984.0,0.024196635054096766
2003-11-28,5.62,5.88,5.62,5.82,3166842.0,18332134.0,75903984.0,0.041721683541670225
2003-12-01,5.85,5.98,5.83,5.91,2881797.0,16981931.0,75903984.0,0.037966347062889344
2003-12-02,5.92,5.99,5.81,5.82,1836303.0,10786869.0,75903984.0,0.024192445550684137
2003-12-03,5.81,5.9,5.76,5.83,1731212.0,10125920.0,75903984.0,0.022807920069123116
2003-12-04,5.8,5.83,5.65,5.7,2249419.0,12851630.0,75903984.0,0.029635058418014
2003-12-05,5.68,5.87,5.68,5.86,2037904.0,11830444.0,75903984.0,0.026848445794360413
2003-12-08,5.9,5.94,5.73,5.76,1087085.0,6309649.0,75903984.0,0.014321843765144133
2003-12-09,5.73,5.92,5.73,5.91,2240713.0,13115283.0,75903984.0,0.029520360881189055
2003-12-10,5.95,6.19,5.87,6.18,5051624.0,30546720.0,75903984.0,0.06655281757015548
2003-12-11,6.18,6.23,6.07,6.17,2671790.0,16396329.0,75903984.0,0.035199601644098154
2003-12-12,6.2,6.33,6.11,6.17,2544710.0,15797523.0,75903984.0,0.03352538122373128
2003-12-16,6.17,6.17,5.88,5.97,2165107.0,12883075.0,75903984.0,0.02852428668302839
2003-12-17,5.98,5.98,5.75,5.77,1374641.0,8108842.0,75903984.0,0.018110261511437922
2003-12-18,5.77,5.82,5.57,5.7,1200144.0,6836600.0,75903984.0,0.015811343973723434
2003-12-19,5.65,5.74,5.22,5.24,3147409.0,16963828.0,75903984.0,0.0414656627246338
2003-12-22,5.24,5.56,5.21,5.55,1818335.0,9745940.0,75903984.0,0.02395572543333167
2003-12-23,5.66,6.11,5.66,5.88,5031723.0,29797914.0,75903984.0,0.0662906310688514
2003-12-24,5.8,5.96,5.74,5.91,1323849.0,7758919.0,75903984.0,0.017441100324852514
2003-12-25,5.94,6.0,5.84,5.88,1277113.0,7562071.0,75903984.0,0.01682537506858665
2003-12-26,5.88,5.95,5.84,5.93,776897.0,4576608.0,75903984.0,0.010235259851446006
2003-12-29,5.9,5.9,5.76,5.78,710319.0,4129657.0,75903984.0,0.009358125391679045
2003-12-30,5.75,5.81,5.64,5.69,1032861.0,5876013.0,75903984.0,0.01360746756059603
2003-12-31,5.7,6.03,5.58,5.9,4031628.0,23762003.0,75903984.0,0.05311484045422438
2004-01-02,5.96,6.14,5.96,6.04,4141611.0,25014982.0,75903984.0,0.054563815780736886
2004-01-05,6.04,6.16,5.96,6.1,3126675.0,18923604.0,75903984.0,0.04119250183231489
2004-01-06,6.09,6.09,5.92,6.04,1771623.0,10634778.0,75903984.0,0.023340316366002607
2004-01-07,6.0,6.29,5.91,6.16,2441499.0,15017480.0,75903984.0,0.03216562387555309
2004-01-08,6.17,6.28,6.1,6.21,2077520.0,12851243.0,75903984.0,0.027370368332708332
2004-01-09,6.23,6.34,6.03,6.3,3860705.0,24066503.0,75903984.0,0.05086300871901533
2004-01-12,6.36,6.64,6.3,6.64,5561994.0,36005900.0,75903984.0,0.07327670705664145
2004-01-13,6.67,6.68,6.5,6.59,2749256.0,18065586.0,75903984.0,0.03622018048486098
2004-01-14,6.6,6.61,6.32,6.37,1849508.0,11854749.0,75903984.0,0.024366415338620433
2004-01-15,6.35,6.45,6.3,6.31,1276650.0,8130025.0,75903984.0,0.01681927525701418
2004-01-16,6.33,6.44,6.31,6.4,1382977.0,8831522.0,75903984.0,0.018220084468820504
2004-01-29,6.44,6.59,6.36,6.57,1321034.0,8550274.0,75903984.0,0.01740401399747344
2004-01-30,6.56,6.56,6.24,6.26,1884600.0,12027876.0,75903984.0,0.02482873626238117
2004-02-02,6.26,6.5,6.2,6.33,1961149.0,12435063.0,75903984.0,0.02583723405085035
2004-02-03,6.33,6.55,6.22,6.51,2034617.0,13100390.0,75903984.0,0.026805141084557563
2004-02-04,6.56,6.88,6.55,6.73,3762801.0,25299893.0,75903984.0,0.04957316864948749
2004-02-05,6.72,6.79,6.63,6.79,2048177.0,13690215.0,75903984.0,0.026983787833850723
2004-02-06,6.78,6.92,6.63,6.69,2206073.0,14905660.0,75903984.0,0.029063994849071427
2004-02-09,6.7,6.79,6.63,6.77,1625630.0,10920202.0,75903984.0,0.02141692588889669
2004-02-10,6.8,6.98,6.68,6.86,2446188.0,16724187.0,75903984.0,0.0322273992890808
2004-02-11,6.81,6.96,6.73,6.8,1849933.0,12651395.0,75903984.0,0.024372014517709636
2004-02-12,6.82,6.95,6.73,6.88,1707186.0,11666144.0,75903984.0,0.022491388594306196
2004-02-13,6.85,6.87,6.63,6.66,1768170.0,11927481.0,75903984.0,0.023294824682720212
2004-02-16,6.65,6.78,6.63,6.75,1235291.0,8285696.0,75903984.0,0.016274389497131007
2004-02-17,6.75,6.94,6.74,6.9,2121943.0,14529816.0,75903984.0,0.027955620880189897
2004-02-18,6.94,7.09,6.9,7.03,3176146.0,22251159.0,75903984.0,0.04184425945283715
2004-02-19,7.03,7.07,6.92,7.0,2064821.0,14431542.0,75903984.0,0.027203064861522946
2004-02-20,7.07,7.28,7.07,7.26,3634708.0,26234240.0,75903984.0,0.04788560242107977
2004-02-23,7.3,7.36,6.98,7.0,2326897.0,16689630.0,75903984.0,0.030655795353245228
2004-02-24,6.96,6.96,6.68,6.81,2210194.0,14978767.0,75903984.0,0.029118287124428145
2004-02-25,6.8,6.88,6.51,6.57,2193960.0,14774163.0,75903984.0,0.028904411657759626
2004-02-26,6.56,6.6,6.4,6.51,1411130.0,9151979.0,75903984.0,0.018590987266228345
2004-02-27,6.56,6.66,6.46,6.65,893399.0,5872228.0,75903984.0,0.01177011999791737
2004-03-01,6.72,7.05,6.72,6.98,3806671.0,26439450.0,75903984.0,0.050151135676883576
2004-03-02,6.94,7.09,6.9,6.97,2065814.0,14469941.0,75903984.0,0.027216147178783134
2004-03-03,6.97,7.0,6.69,6.71,1441514.0,9786760.0,75903984.0,0.018991282460219742
2004-03-04,6.68,6.92,6.66,6.89,1262019.0,8539848.0,75903984.0,0.016626518576416227
2004-03-05,6.89,7.06,6.82,6.99,1961304.0,13639479.0,75903984.0,0.025839276104400528
2004-03-08,7.05,7.1,6.86,6.9,1922178.0,13433364.0,75903984.0,0.02532380909017898
2004-03-09,6.88,7.0,6.78,6.8,1012667.0,6984596.0,75903984.0,0.013341420919355168
2004-03-10,6.85,7.09,6.85,7.07,2114031.0,14790431.0,75903984.0,0.02785138392735749
2004-03-11,7.08,7.57,7.0,7.48,8546669.0,62672166.0,75903984.0,0.11259842434621087
2004-03-12,7.43,7.44,7.2,7.39,3829038.0,28089901.0,75903984.0,0.050445810591444054
2004-03-15,7.39,7.6,7.26,7.6,4977906.0,37152547.0,75903984.0,0.0655816169016899
2004-03-16,7.55,7.65,7.45,7.45,2790133.0,20983684.0,75903984.0,0.03675871611693004
2004-03-17,7.55,7.63,7.45,7.53,2888924.0,21791089.0,75903984.0,0.03806024200258052
2004-03-18,7.55,7.56,7.19,7.2,2669039.0,19533056.0,75903984.0,0.03516335848721722
2004-03-19,7.2,7.36,7.15,7.32,1569352.0,11404649.0,75903984.0,0.020675489181173942
2004-03-22,7.32,7.33,7.16,7.22,1434531.0,10359164.0,75903984.0,0.01889928465414938
2004-03-23,7.22,7.63,7.15,7.59,4783375.0,35865638.0,75903984.0,0.0630187606489799
2004-03-24,7.58,7.58,7.37,7.4,1316514.0,9817608.0,75903984.0,0.017344465081042388
2004-03-25,7.4,7.58,7.33,7.39,863708.0,6409627.0,75903984.0,0.01137895475947613
2004-03-26,7.35,7.41,7.32,7.33,758234.0,5574983.0,75903984.0,0.00998938342946531
2004-03-29,7.31,7.45,7.28,7.34,554357.0,4068638.0,75903984.0,0.007303397934948975
2004-03-30,7.33,7.4,7.22,7.28,788279.0,5726288.0,75903984.0,0.01038521245472438
2004-03-31,7.3,7.41,7.27,7.4,883468.0,6510351.0,75903984.0,0.011639283650776487
2004-04-01,7.38,7.52,7.31,7.45,824482.0,6115452.0,75903984.0,0.010862170291351243
2004-04-02,7.49,7.49,7.38,7.4,815460.0,6059293.0,75903984.0,0.010743309600191738
2004-04-05,7.4,7.48,7.25,7.48,1579982.0,11582237.0,75903984.0,0.020815534531099186
2004-04-06,7.49,7.49,7.3,7.36,1257618.0,9261529.0,75903984.0,0.016568537430130148
2004-04-07,7.35,7.4,7.3,7.33,1171389.0,8600598.0,75903984.0,0.015432510103817475
2004-04-08,7.33,7.4,7.23,7.28,1243727.0,9061583.0,75903984.0,0.016385529908416928
2004-04-09,7.28,7.3,7.1,7.11,1544080.0,11100411.0,75903984.0,0.02034254223072138
2004-04-12,7.1,7.1,6.78,6.97,2180395.0,15093710.0,75903984.0,0.028725699035771296
2004-04-13,6.97,7.2,6.88,7.16,1397785.0,9878027.0,75903984.0,0.01841517304282737
2004-04-14,7.16,7.16,6.85,6.88,902630.0,6271581.0,75903984.0,0.011891734167734858
2004-04-15,6.88,6.96,6.75,6.8,630389.0,4318031.0,75903984.0,0.008305084486737876
2004-04-16,6.8,6.9,6.5,6.68,879336.0,5884848.0,75903984.0,0.0115848464554904
2004-04-19,6.75,6.97,6.74,6.76,789694.0,5400197.0,75903984.0,0.010403854427456666
2004-04-20,6.78,6.8,6.51,6.66,504831.0,3359800.0,75903984.0,0.006650915714779873
2004-04-21,6.68,6.76,6.58,6.63,603182.0,4018118.0,75903984.0,0.00794664480325565
2004-04-22,6.63,6.73,6.62,6.71,312742.0,2086367.0,75903984.0,0.0041202316863894785
2004-04-23,6.68,6.69,6.5,6.61,653020.0,4297927.0,75903984.0,0.008603237479603178
2004-04-26,6.59,6.65,6.5,6.58,417540.0,2740939.0,75903984.0,0.005500897028013707
2004-04-27,6.55,6.65,6.53,6.62,305290.0,2005848.0,75903984.0,0.004022055021512441
2004-04-28,6.56,6.66,6.48,6.61,433303.0,2844469.0,75903984.0,0.005708567286797489
2004-04-29,6.66,6.68,6.42,6.55,577958.0,3774650.0,75903984.0,0.007614330230676693
2004-04-30,6.68,6.68,6.48,6.52,299139.0,1958491.0,75903984.0,0.003941018431917882
2004-05-10,6.55,6.59,6.3,6.46,332361.0,2135461.0,75903984.0,0.004378702967686123
2004-05-11,6.43,6.5,6.31,6.38,363762.0,2312339.0,75903984.0,0.004792396667874508
2004-05-12,6.35,6.63,6.31,6.62,570628.0,3714934.0,75903984.0,0.007517760859561733
2004-05-13,6.63,6.63,6.48,6.54,235099.0,1534970.0,75903984.0,0.0030973209522177384
2004-05-14,6.5,6.5,6.33,6.43,326200.0,2093407.0,75903984.0,0.0042975346327012295
2004-05-17,6.41,6.43,6.31,6.37,150900.0,961997.0,75903984.0,0.0019880379401429047
2004-05-18,6.31,6.49,6.29,6.46,367300.0,2334617.0,75903984.0,0.004839008186974744
2004-05-19,6.45,6.5,6.36,6.45,335235.0,2163658.0,75903984.0,0.004416566592868169
2004-05-20,6.4,6.61,6.38,6.61,537303.0,3481844.0,75903984.0,0.007078719346273049
2004-05-24,6.61,6.61,6.46,6.52,340093.0,2214993.0,75903984.0,0.0044805685034925175
2004-05-25,6.55,6.71,6.49,6.6,1415862.0,9366994.0,75903984.0,0.018653329184934484
2004-05-26,6.58,6.6,6.4,6.5,485835.0,3166026.0,75903984.0,0.006400652171301048
2004-05-27,6.54,6.69,6.41,6.65,739451.0,4887280.0,75903984.0,0.009741926062800603
2004-05-28,6.67,6.7,6.59,6.6,309058.0,2044741.0,75903984.0,0.004071696684590363
2004-05-31,6.6,6.77,6.6,6.74,496375.0,3326127.0,75903984.0,0.0065395118127132825
2004-06-01,6.75,6.82,6.65,6.79,605421.0,4091103.0,75903984.0,0.007976142596151474
2004-06-02,6.83,6.83,6.7,6.71,468955.0,3154820.0,75903984.0,0.0061782659524169375
2004-06-03,6.7,6.7,6.45,6.56,532260.0,3472837.0,75903984.0,0.007012280145927518
2004-06-04,6.58,6.58,6.4,6.52,389550.0,2527183.0,75903984.0,0.005132141680468313
2004-06-07,6.52,6.52,6.32,6.46,441740.0,2823445.0,75903984.0,0.0058197208726224435
2004-06-08,6.38,6.43,6.36,6.42,260990.0,1668480.0,75903984.0,0.0034384229423319863
2004-06-09,6.38,6.42,6.11,6.24,634800.0,3980429.0,75903984.0,0.008363197378414287
2004-06-10,6.23,6.3,6.17,6.27,545807.0,3400199.0,75903984.0,0.007190755626213244
2004-06-11,6.16,6.3,6.13,6.19,238870.0,1479938.0,75903984.0,0.003147002138912761
2004-06-14,6.23,6.23,5.9,6.14,441085.0,2653222.0,75903984.0,0.005811091549555555
2004-06-15,6.12,6.22,6.0,6.18,255440.0,1564306.0,75903984.0,0.0033653042506965117
2004-06-16,6.17,6.26,6.08,6.23,207310.0,1284851.0,75903984.0,0.0027312136870180624
2004-06-17,6.25,6.3,6.0,6.01,165082.0,1010031.0,75903984.0,0.002174879252714851
2004-06-18,6.01,6.02,5.91,5.95,283820.0,1693362.0,75903984.0,0.0037391976684649384
2004-06-21,5.91,6.0,5.86,5.97,160997.0,957565.0,75903984.0,0.002121061260763335
2004-06-22,6.03,6.09,5.94,6.01,320673.0,1931203.0,75903984.0,0.004224718955463523
2004-06-23,6.02,6.02,5.9,5.97,150530.0,896214.0,75903984.0,0.0019831633607005398
2004-06-24,6.07,6.07,5.91,5.96,199800.0,1190731.0,75903984.0,0.0026322728988770866
2004-06-25,6.0,6.0,5.8,5.94,284150.0,1663709.0,75903984.0,0.0037435452663459666
2004-06-28,5.8,5.88,5.6,5.72,541120.0,3086569.0,75903984.0,0.007129006561763609
2004-06-29,5.7,5.7,5.45,5.69,932630.0,5190746.0,75903984.0,0.012286970338737423
2004-06-30,5.66,5.66,5.53,5.53,94600.0,530756.0,75903984.0,0.0012463113925614234
2004-07-01,5.69,5.98,5.6,5.93,822663.0,4840867.0,75903984.0,0.010838205804849453
2004-07-02,5.9,6.01,5.81,5.99,469142.0,2791196.0,75903984.0,0.006180729591216187
2004-07-05,5.99,5.99,5.83,5.89,217097.0,1276917.0,75903984.0,0.0028601529005381327
2004-07-06,5.97,5.97,5.76,5.79,489330.0,2862852.0,75903984.0,0.006446697185222847
2004-07-07,5.81,5.88,5.76,5.76,206900.0,1198542.0,75903984.0,0.0027258121260143606
2004-07-08,5.77,5.84,5.61,5.62,473526.0,2697339.0,75903984.0,0.006238486770338695
2004-07-09,5.71,5.72,5.6,5.69,395414.0,2241811.0,75903984.0,0.005209397177360282
2004-07-12,5.69,5.73,5.6,5.7,349166.0,1976162.0,75903984.0,0.004600101096142727
2004-07-13,5.72,5.73,5.48,5.56,329849.0,1834062.0,75903984.0,0.004345608525634175
2004-07-14,5.56,5.59,5.4,5.52,388809.0,2125705.0,75903984.0,0.00512237934704455
2004-07-15,5.52,5.57,5.45,5.55,301510.0,1666341.0,75903984.0,0.003972255263966118
2004-07-16,5.56,5.71,5.56,5.69,391569.0,2212809.0,75903984.0,0.005158741074776786
2004-07-19,5.7,5.75,5.63,5.67,243243.0,1377347.0,75903984.0,0.0032046143981059017
2004-07-20,5.67,5.67,5.52,5.61,310780.0,1725492.0,75903984.0,0.004094383240805911
2004-07-21,5.55,5.7,5.55,5.61,224790.0,1255997.0,75903984.0,0.002961504629322224
2004-07-22,5.63,5.63,5.42,5.43,239700.0,1317526.0,75903984.0,0.003157937006310499
2004-07-23,5.41,5.48,5.34,5.43,167000.0,899864.0,75903984.0,0.0022001480185809483
2004-07-26,5.43,5.61,5.3,5.55,2401397.0,13088853.0,75903984.0,0.03163729851123493
2004-07-27,5.56,5.56,5.38,5.41,281540.0,1530073.0,75903984.0,0.0037091597194687438
2004-07-28,5.44,5.49,5.3,5.36,309110.0,1659091.0,75903984.0,0.0040723817606201015
2004-07-29,5.42,5.59,5.41,5.49,1865310.0,10210213.0,75903984.0,0.02457459940442652
2004-07-30,5.49,5.49,5.07,5.39,1047652.0,5637498.0,75903984.0,0.013802332167439327
2004-08-02,5.4,5.41,5.2,5.4,492109.0,2638064.0,75903984.0,0.006483309229196718
2004-08-03,5.33,5.55,5.3,5.42,665650.0,3644664.0,75903984.0,0.00876963190759526
2004-08-04,5.42,5.59,5.41,5.54,407015.0,2249761.0,75903984.0,0.005362235004686974
2004-08-05,5.53,5.58,5.42,5.45,200400.0,1099397.0,75903984.0,0.002640177622297138
2004-08-06,5.45,5.5,5.4,5.45,185800.0,1010973.0,75903984.0,0.002447829352409223
2004-08-09,5.4,5.48,5.4,5.41,89900.0,487081.0,75903984.0,0.0011843910591043548
2004-08-10,5.38,5.45,5.35,5.39,134427.0,722804.0,75903984.0,0.001771013758645396
2004-08-11,5.38,5.38,5.27,5.28,250800.0,1335944.0,75903984.0,0.0033041743895814483
2004-08-12,5.2,5.25,5.12,5.17,381670.0,1987872.0,75903984.0,0.005028326312884974
2004-08-13,5.18,5.26,5.16,5.18,206070.0,1068811.0,75903984.0,0.002714877258616623
2004-08-16,5.18,5.19,5.12,5.13,105730.0,543793.0,75903984.0,0.0013929440120033752
2004-08-17,5.13,5.15,5.05,5.13,102500.0,522453.0,75903984.0,0.0013503902509254323
2004-08-18,5.15,5.2,5.13,5.14,66100.0,340839.0,75903984.0,0.0008708370301089861
2004-08-19,5.2,5.2,5.0,5.05,157160.0,795058.0,75903984.0,0.002070510554492107
2004-08-20,5.01,5.1,4.98,5.05,254954.0,1281003.0,75903984.0,0.00335890142472627
2004-08-23,5.06,5.11,5.01,5.01,86920.0,439004.0,75903984.0,0.0011451309327847666
2004-08-24,5.03,5.25,5.03,5.2,247535.0,1278239.0,75903984.0,0.0032611595196373354
2004-08-25,5.25,5.25,5.13,5.2,151590.0,784609.0,75903984.0,0.0019971283720759637
2004-08-26,5.19,5.2,5.14,5.14,94500.0,487763.0,75903984.0,0.0012449939386580816
2004-08-27,5.14,5.18,5.07,5.13,170069.0,869980.0,75903984.0,0.0022405806788745107
2004-08-30,5.05,5.13,5.04,5.13,106056.0,538886.0,75903984.0,0.0013972389117282698
2004-08-31,5.36,5.39,5.18,5.25,202791.0,1061848.0,75903984.0,0.0026716779451260424
2004-09-01,5.16,5.23,5.16,5.16,122080.0,632879.0,75903984.0,0.0016083477251997735
2004-09-02,5.18,5.25,5.0,5.24,327869.0,1677820.0,75903984.0,0.004319522938348005
2004-09-03,5.24,5.29,5.16,5.24,440529.0,2309824.0,75903984.0,0.005803766505852973
2004-09-06,5.24,5.24,5.17,5.24,120400.0,625116.0,75903984.0,0.0015862144996236299
2004-09-07,5.39,5.39,5.19,5.25,140570.0,736653.0,75903984.0,0.001851944951927688
2004-09-08,5.21,5.27,5.13,5.16,234500.0,1212730.0,75903984.0,0.0030894294033367207
2004-09-09,5.14,5.19,5.09,5.13,135610.0,696328.0,75903984.0,0.0017865992383219306
2004-09-10,5.15,5.18,5.1,5.17,160530.0,825007.0,75903984.0,0.0021149087510347283
2004-09-13,5.18,5.18,5.05,5.05,197400.0,1008897.0,75903984.0,0.0026006540051968815
2004-09-14,5.09,5.24,5.09,5.22,172960.0,899280.0,75903984.0,0.0022786682712201247
2004-09-15,5.25,5.58,5.18,5.43,801844.0,4354489.0,75903984.0,0.010563925076712706
2004-09-16,5.44,5.49,5.36,5.42,447580.0,2416828.0,75903984.0,0.00589666018057761
2004-09-17,5.4,5.6,5.36,5.59,1238815.0,6794555.0,75903984.0,0.016320816572684776
2004-09-20,5.63,5.77,5.55,5.75,1613317.0,9095446.0,75903984.0,0.021254707789778202
2004-09-21,5.72,5.75,5.59,5.6,1196765.0,6753773.0,75903984.0,0.015766827206329513
2004-09-22,5.7,5.87,5.54,5.55,741300.0,4199159.0,75903984.0,0.009766285785473394
2004-09-23,5.55,5.65,5.45,5.65,474442.0,2626620.0,75903984.0,0.006250554648093307
2004-09-24,5.67,5.75,5.57,5.61,1303639.0,7366952.0,75903984.0,0.01717484289098712
2004-09-27,5.7,5.73,5.46,5.49,811400.0,4531017.0,75903984.0,0.010689820971716056
2004-09-28,5.51,5.52,5.4,5.49,416998.0,2269208.0,75903984.0,0.005493756427857595
2004-09-29,5.55,5.68,5.5,5.5,950556.0,5316829.0,75903984.0,0.01252313712545049
2004-09-30,5.62,5.62,5.42,5.55,863727.0,4745548.0,75903984.0,0.011379205075717765
2004-10-08,5.69,5.7,5.53,5.69,882767.0,4981483.0,75903984.0,0.011630048298914059
2004-10-11,5.78,5.84,5.65,5.7,3052509.0,17516774.0,75903984.0,0.040215398970362345
2004-10-12,5.66,5.67,5.43,5.59,1366369.0,7551465.0,75903984.0,0.018001281724553484
2004-10-13,5.75,5.75,5.52,5.59,783512.0,4427473.0,75903984.0,0.010322409427152072
2004-10-14,5.56,5.58,5.2,5.3,1039718.0,5617658.0,75903984.0,0.013697805374748183
2004-10-15,5.21,5.28,5.1,5.18,522833.0,2706449.0,75903984.0,0.006888083766459479
2004-10-18,5.18,5.23,5.13,5.18,224462.0,1163806.0,75903984.0,0.0029571833805192623
2004-10-19,5.21,5.28,5.13,5.14,314664.0,1632694.0,75903984.0,0.00414555315041171
2004-10-20,5.14,5.16,5.05,5.11,347727.0,1769447.0,75903984.0,0.004581142934473637
2004-10-21,5.14,5.25,4.92,4.94,664729.0,3348902.0,75903984.0,0.00875749815714548
2004-10-22,4.94,5.05,4.73,5.0,619226.0,3010466.0,75903984.0,0.008158017107507822
2004-10-25,5.03,5.14,4.81,4.84,418748.0,2082050.0,75903984.0,0.005516811871166078
2004-10-26,4.85,4.9,4.74,4.88,466071.0,2242157.0,75903984.0,0.0061402705818445575
2004-10-27,4.88,5.17,4.83,5.15,964148.0,4823487.0,75903984.0,0.012702205459992719
2004-10-28,5.25,5.25,5.05,5.1,565840.0,2905102.0,75903984.0,0.0074546811666697235
2004-10-29,5.0,5.03,4.85,4.92,480410.0,2374449.0,75903984.0,0.006329180297044751
2004-11-01,4.86,4.91,4.84,4.86,187400.0,913446.0,75903984.0,0.002468908614862693
2004-11-02,4.85,4.9,4.78,4.87,247265.0,1189541.0,75903984.0,0.003257602394098312
2004-11-03,4.87,5.0,4.85,5.0,307651.0,1513600.0,75903984.0,0.0040531601081703434
2004-11-04,5.0,5.05,4.86,4.87,283900.0,1409477.0,75903984.0,0.003740251631587612
2004-11-05,4.87,4.96,4.85,4.87,137790.0,673736.0,75903984.0,0.0018153197334147837
2004-11-08,4.81,4.87,4.78,4.85,143462.0,691301.0,75903984.0,0.0018900457188123353
2004-11-09,4.85,4.85,4.78,4.8,228490.0,1097203.0,75903984.0,0.0030102504237458734
2004-11-10,4.85,4.98,4.75,4.97,557739.0,2724291.0,75903984.0,0.007347954225959997
2004-11-11,4.95,5.06,4.91,4.94,922162.0,4607958.0,75903984.0,0.012149059264135596
2004-11-12,4.93,5.02,4.89,5.01,415402.0,2056343.0,75903984.0,0.005472729863560258
2004-11-15,5.01,5.09,4.99,5.05,337710.0,1701441.0,75903984.0,0.00444917357697588
2004-11-16,5.06,5.07,4.98,5.06,499438.0,2509710.0,75903984.0,0.006579865425772644
2004-11-17,5.03,5.05,4.94,4.94,271800.0,1356474.0,75903984.0,0.003580839709283244
2004-11-18,4.9,5.01,4.89,4.99,189504.0,942259.0,75903984.0,0.0024966278449890062
2004-11-19,5.0,5.1,4.98,5.08,520049.0,2628384.0,75903984.0,0.006851405849790441
2004-11-22,5.08,5.15,5.01,5.13,700483.0,3558942.0,75903984.0,0.009228540625746337
2004-11-23,5.12,5.15,5.07,5.13,365530.0,1866272.0,75903984.0,0.004815689252885593
2004-11-24,5.1,5.15,5.03,5.03,370700.0,1886749.0,75903984.0,0.0048838016196883684
2004-11-25,5.03,5.05,4.96,4.99,210280.0,1050921.0,75903984.0,0.002770342067947316
2004-11-26,4.99,5.14,4.98,5.08,382610.0,1940411.0,75903984.0,0.005040710379576387
2004-11-29,5.18,5.18,5.08,5.1,755500.0,3865910.0,75903984.0,0.009953364239747943
2004-11-30,5.11,5.33,5.11,5.3,1843570.0,9633811.0,75903984.0,0.024288184925839992
2004-12-01,5.3,5.32,5.24,5.26,666894.0,3512006.0,75903984.0,0.008786021034152831
2004-12-02,5.22,5.35,5.22,5.33,732336.0,3882616.0,75903984.0,0.009648189217577829
2004-12-03,5.36,5.36,5.26,5.3,447550.0,2369948.0,75903984.0,0.005896264944406607
2004-12-06,5.28,5.3,5.21,5.26,347500.0,1824831.0,75903984.0,0.004578152314113051
2004-12-07,5.22,5.28,5.18,5.19,320930.0,1677094.0,75903984.0,0.0042281048119951125
2004-12-08,5.18,5.25,5.18,5.2,245987.0,1284387.0,75903984.0,0.003240765333213603
2004-12-09,5.2,5.34,5.15,5.29,388034.0,2049953.0,75903984.0,0.00511216907929365
2004-12-10,5.26,5.3,5.18,5.23,596877.0,3113595.0,75903984.0,0.007863579334649944
2004-12-13,5.23,5.23,5.1,5.2,269300.0,1384268.0,75903984.0,0.003547903361699697
2004-12-14,5.22,5.24,5.12,5.17,311304.0,1610345.0,75903984.0,0.004101286699259422
2004-12-15,5.17,5.17,5.01,5.14,247618.0,1263468.0,75903984.0,0.0032622530063771095
2004-12-16,5.13,5.17,5.06,5.08,355505.0,1819009.0,75903984.0,0.004683614499075569
2004-12-17,5.02,5.08,4.98,5.0,135790.0,680338.0,75903984.0,0.0017889706553479458
2004-12-20,5.0,5.0,4.9,4.94,247350.0,1227469.0,75903984.0,0.003258722229916153
2004-12-21,4.95,5.0,4.94,4.99,72322.0,359589.0,75903984.0,0.0009528090119749182
2004-12-22,4.99,5.12,4.99,5.12,107805.0,544118.0,75903984.0,0.0014202811804977194
2004-12-23,5.1,5.13,5.03,5.08,229300.0,1170025.0,75903984.0,0.003020921800362943
2004-12-24,5.06,5.06,4.97,5.05,54345.0,272945.0,75903984.0,0.0007159703237711475
2004-12-27,5.01,5.08,5.01,5.05,71220.0,358769.0,75903984.0,0.0009382906699600906
2004-12-28,5.05,5.05,5.01,5.04,85500.0,430447.0,75903984.0,0.0011264230873573118
2004-12-29,5.05,5.18,5.05,5.06,334135.0,1709325.0,75903984.0,0.004402074599931408
2004-12-30,5.1,5.1,4.99,4.99,355500.0,1782572.0,75903984.0,0.004683548626380402
2004-12-31,5.0,5.13,4.98,5.04,271640.0,1368987.0,75903984.0,0.003578731783037897
2005-01-04,5.0,5.01,4.85,4.97,167900.0,828260.0,75903984.0,0.0022120051037110254
2005-01-05,4.91,5.01,4.91,4.99,206670.0,1027131.0,75903984.0,0.0027227819820366743
2005-01-06,4.98,4.98,4.84,4.93,230480.0,1127850.0,75903984.0,0.003036467756422377
2005-01-07,4.92,5.0,4.85,4.93,102800.0,507088.0,75903984.0,0.001354342612635458
2005-01-10,4.96,5.04,4.91,4.98,67600.0,336975.0,75903984.0,0.0008905988386591144
2005-01-11,4.93,5.02,4.93,4.99,254998.0,1274174.0,75903984.0,0.00335948110444374
2005-01-12,5.04,5.04,4.94,4.99,42600.0,211931.0,75903984.0,0.0005612353628236431
2005-01-13,4.98,5.01,4.95,4.95,107100.0,533094.0,75903984.0,0.001410993130479159
2005-01-14,5.03,5.03,4.9,4.91,163690.0,809108.0,75903984.0,0.002156540294380332
2005-01-17,4.88,4.9,4.76,4.8,174100.0,841442.0,75903984.0,0.0022936872457182222
2005-01-18,4.75,4.98,4.75,4.93,315850.0,1536957.0,75903984.0,0.004161178153705344
2005-01-19,4.9,4.91,4.86,4.9,63250.0,309697.0,75903984.0,0.0008332895938637423
2005-01-20,4.8,4.89,4.76,4.82,103964.0,500718.0,75903984.0,0.0013696777760703574
2005-01-21,4.8,5.07,4.75,4.95,426854.0,2109320.0,75903984.0,0.005623604684570971
2005-01-24,5.1,5.24,4.98,5.03,514375.0,2590415.0,75903984.0,0.006776653515314822
2005-01-25,5.03,5.03,4.96,5.01,124900.0,622266.0,75903984.0,0.0016454999252740147
2005-01-26,5.02,5.05,4.95,4.95,108500.0,540986.0,75903984.0,0.0014294374851259455
2005-01-27,4.93,5.0,4.9,4.9,100200.0,494482.0,75903984.0,0.001320088811148569
2005-01-28,4.88,4.93,4.84,4.89,109330.0,532105.0,75903984.0,0.001440372352523683
2005-01-31,4.85,4.95,4.8,4.82,129100.0,625144.0,75903984.0,0.0017008329892143738
2005-02-01,4.82,4.95,4.82,4.94,181877.0,889510.0,75903984.0,0.0023961456357811206
2005-02-02,4.92,5.15,4.9,5.13,485597.0,2448805.0,75903984.0,0.006397516631011094
2005-02-03,5.13,5.14,5.0,5.01,365500.0,1850354.0,75903984.0,0.00481529401671459
2005-02-04,5.01,5.11,4.97,5.09,260508.0,1316013.0,75903984.0,0.0034320728145178785
2005-02-16,5.11,5.19,5.06,5.1,166130.0,851239.0,75903984.0,0.002188686169621874
2005-02-17,5.05,5.13,5.02,5.12,148367.0,752348.0,75903984.0,0.0019546668327712546
2005-02-18,5.1,5.16,5.03,5.04,120600.0,611580.0,75903984.0,0.0015888494074303135
2005-02-21,5.04,5.23,5.04,5.22,358448.0,1847784.0,75903984.0,0.004722387167450921
2005-02-23,5.31,5.35,5.2,5.29,977848.0,5153668.0,75903984.0,0.012882696644750558
2005-02-24,5.15,5.26,5.12,5.24,324598.0,1694436.0,75903984.0,0.004276429021169693
2005-02-25,5.28,5.3,5.2,5.2,436100.0,2290568.0,75903984.0,0.005745416472473962
2005-02-28,5.19,5.25,5.19,5.22,303027.0,1578155.0,75903984.0,0.003992241039679815
2005-03-01,5.22,5.28,5.21,5.24,228500.0,1197290.0,75903984.0,0.0030103821691362075
2005-03-02,5.23,5.29,5.17,5.17,263750.0,1374831.0,75903984.0,0.0034747846700642223
2005-03-03,5.2,5.21,5.14,5.2,209613.0,1084073.0,75903984.0,0.0027615546504120257
2005-03-04,5.2,5.26,5.1,5.15,219400.0,1142274.0,75903984.0,0.002890493863932096
2005-03-07,5.15,5.2,5.15,5.18,120300.0,621364.0,75903984.0,0.0015848970457202878
2005-03-08,5.16,5.32,5.16,5.3,422954.0,2221622.0,75903984.0,0.005572223982340637
2005-03-09,5.3,5.34,5.24,5.32,335418.0,1770837.0,75903984.0,0.004418977533511285
2005-03-10,5.32,5.33,5.23,5.3,481870.0,2541699.0,75903984.0,0.006348415124033543
2005-03-11,5.25,5.3,5.22,5.27,114630.0,604168.0,75903984.0,0.001510197409400803
2005-03-14,5.27,5.29,5.18,5.25,289026.0,1512957.0,75903984.0,0.0038077843186729173
2005-03-15,5.28,5.3,5.21,5.28,231990.0,1219986.0,75903984.0,0.0030563613103628397
2005-03-16,5.27,5.27,5.14,5.19,161700.0,838760.0,75903984.0,0.002130322961703828
2005-03-17,5.19,5.28,5.15,5.26,353740.0,1851418.0,75903984.0,0.004660361437681585
2005-03-18,5.26,5.26,5.17,5.17,342500.0,1782409.0,75903984.0,0.004512279618945957
2005-03-21,4.97,4.97,4.88,4.92,206930.0,1016823.0,75903984.0,0.002726207362185363
2005-03-22,4.88,4.88,4.65,4.65,360250.0,1725329.0,75903984.0,0.004746127686789141
2005-03-23,4.6,4.7,4.6,4.62,292800.0,1360801.0,75903984.0,0.00385750502898504
2005-03-24,4.6,4.68,4.6,4.64,241060.0,1115378.0,75903984.0,0.0031758543793959483
2005-03-25,4.65,4.7,4.64,4.68,108610.0,508101.0,75903984.0,0.0014308866844196216
2005-03-28,4.8,4.8,4.61,4.66,103294.0,482431.0,75903984.0,0.0013608508349179668
2005-03-29,4.65,4.7,4.62,4.65,82580.0,384532.0,75903984.0,0.0010879534333797288
2005-03-30,4.64,4.64,4.57,4.57,188200.0,862672.0,75903984.0,0.002479448246089428
2005-03-31,4.58,4.85,4.5,4.78,300002.0,1370849.0,75903984.0,0.003952388059103722
2005-04-01,4.54,4.85,4.54,4.78,198236.0,944571.0,75903984.0,0.0026116679198288197
2005-04-04,4.49,4.7,4.49,4.63,413050.0,1889555.0,75903984.0,0.005441743347753656
2005-04-05,4.58,4.59,4.45,4.45,602100.0,2711151.0,75903984.0,0.007932389952021491
2005-04-06,4.5,4.52,4.15,4.19,1685217.0,7223581.0,75903984.0,0.022201957146281016
2005-04-07,4.2,4.33,4.19,4.29,1081687.0,4616734.0,75903984.0,0.014250727603441737
2005-04-08,4.28,4.35,4.28,4.34,609999.0,2635385.0,75903984.0,0.008036455635846465
2005-04-11,4.33,4.43,4.33,4.38,1580839.0,6888582.0,75903984.0,0.020826825111050825
2005-04-12,4.38,4.38,4.22,4.32,1336996.0,5752961.0,75903984.0,0.017614305989524872
2005-04-13,4.33,4.42,4.33,4.41,986103.0,4315148.0,75903984.0,0.01299145246447143
2005-04-14,4.41,4.5,4.38,4.38,832799.0,3711118.0,75903984.0,0.010971742932492187
2005-04-15,4.35,4.38,4.3,4.31,341459.0,1482421.0,75903984.0,0.004498564923812167
2005-04-18,4.3,4.33,4.18,4.27,437393.0,1855710.0,75903984.0,0.0057624511514441715
2005-04-19,4.27,4.28,4.2,4.27,270626.0,1143223.0,75903984.0,0.00356537280045801
2005-04-20,4.25,4.26,4.16,4.2,216289.0,908961.0,75903984.0,0.0028495078729991303
2005-04-21,4.2,4.2,4.01,4.08,587728.0,2410467.0,75903984.0,0.007743045477033195
2005-04-22,4.08,4.1,3.98,4.0,514521.0,2067777.0,75903984.0,0.006778576998013701
2005-04-25,4.0,4.05,3.61,3.86,753624.0,2890675.0,75903984.0,0.009928648804521248
2005-04-26,3.84,4.06,3.83,4.02,358831.0,1422199.0,75903984.0,0.0047274330159007205
2005-04-27,4.02,4.25,4.0,4.09,584373.0,2400469.0,75903984.0,0.0076988448985760745
2005-04-28,4.05,4.18,4.03,4.12,290186.0,1195074.0,75903984.0,0.003823066783951683
2005-04-29,4.12,4.18,4.08,4.15,193990.0,798468.0,75903984.0,0.002555728827092923
2005-05-09,4.01,4.2,3.99,4.05,237650.0,962205.0,75903984.0,0.00313092920129199
2005-05-10,4.0,4.05,3.86,4.04,217979.0,861105.0,75903984.0,0.0028717728439656078
2005-05-11,4.1,4.1,4.01,4.03,102450.0,414472.0,75903984.0,0.0013497315239737614
2005-05-12,3.99,4.03,3.95,3.95,97247.0,387541.0,75903984.0,0.001281184397382883
2005-05-13,4.0,4.05,3.94,4.0,82950.0,330587.0,75903984.0,0.0010928280128220938
2005-05-16,4.0,4.18,4.0,4.1,185424.0,757257.0,75903984.0,0.0024428757257326573
2005-05-17,4.1,4.17,4.07,4.12,249797.0,1030852.0,75903984.0,0.003290960326930929
2005-05-18,4.11,4.15,4.05,4.13,210083.0,858864.0,75903984.0,0.0027677466837577325
2005-05-19,4.13,4.18,4.08,4.12,120464.0,494608.0,75903984.0,0.0015870576701217686
2005-05-20,4.1,4.12,4.05,4.12,97890.0,399943.0,75903984.0,0.0012896556259813714
2005-05-23,4.04,4.04,3.95,4.0,176499.0,706231.0,75903984.0,0.002325292964859394
2005-05-24,3.95,4.06,3.95,4.02,84050.0,336659.0,75903984.0,0.0011073200057588545
2005-05-25,4.06,4.06,3.99,4.04,94381.0,379835.0,75903984.0,0.0012434261685131047
2005-05-26,3.91,4.06,3.73,3.95,266990.0,1034858.0,75903984.0,0.003517470176532499
2005-05-27,3.99,4.01,3.9,3.95,63510.0,251633.0,75903984.0,0.0008367149740124313
2005-05-30,3.91,4.01,3.91,4.01,103961.0,413710.0,75903984.0,0.0013696382524532574
2005-05-31,4.01,4.1,3.99,4.03,245734.0,998508.0,75903984.0,0.003237432174838148
2005-06-01,4.0,4.01,3.93,3.99,97038.0,384169.0,75903984.0,0.0012784309187248986
2005-06-02,3.97,3.97,3.89,3.93,232936.0,911562.0,75903984.0,0.0030688244242884537
2005-06-03,3.9,3.96,3.9,3.92,100382.0,395070.0,75903984.0,0.0013224865772526512
2005-06-06,3.96,4.0,3.86,3.98,157391.0,617676.0,75903984.0,0.0020735538730088264
2005-06-07,4.0,4.04,3.96,3.97,252200.0,1011430.0,75903984.0,0.0033226187442282344
2005-06-08,4.02,4.25,4.0,4.21,978286.0,4062175.0,75903984.0,0.012888467092847194
2005-06-09,4.21,4.3,4.13,4.25,1005970.0,4259468.0,75903984.0,0.013253191031448362
2005-06-10,4.21,4.31,4.15,4.17,420251.0,1776318.0,75903984.0,0.005536613203333306
2005-06-13,4.17,4.19,4.09,4.17,178473.0,740083.0,75903984.0,0.0023512995049113626
2005-06-14,4.17,4.22,4.1,4.13,222901.0,928324.0,75903984.0,0.0029366179250880954
2005-06-15,4.1,4.1,4.0,4.04,285821.0,1158124.0,75903984.0,0.00376555992107081
2005-06-16,4.05,4.06,3.98,4.04,287450.0,1150354.0,75903984.0,0.003787021245156249
2005-06-17,4.07,4.07,4.0,4.02,125700.0,505486.0,75903984.0,0.0016560395565007498
2005-06-20,4.0,4.13,3.99,4.11,277227.0,1128773.0,75903984.0,0.003652337932617608
2005-06-21,4.15,4.15,4.02,4.07,347478.0,1412322.0,75903984.0,0.004577862474254316
2005-06-22,4.07,4.15,4.07,4.13,314499.0,1292554.0,75903984.0,0.004143379351471196
2005-06-23,4.12,4.17,4.07,4.14,319311.0,1322444.0,75903984.0,0.004206775233300007
2005-06-24,4.14,4.27,4.14,4.21,423040.0,1779308.0,75903984.0,0.005573356992697511
2005-06-27,4.2,4.32,4.2,4.27,941214.0,4029752.0,75903984.0,0.012400060581800291
2005-06-28,4.22,4.27,4.21,4.24,237999.0,1007540.0,75903984.0,0.0031355271154146535
2005-06-29,4.27,4.35,4.24,4.31,1272573.0,5470404.0,75903984.0,0.016765562661374928
2005-06-30,4.29,4.3,4.18,4.22,264300.0,1118345.0,75903984.0,0.0034820306665326027
2005-07-01,4.2,4.23,4.09,4.1,358950.0,1484632.0,75903984.0,0.004729000786045697
2005-07-04,4.08,4.08,3.88,3.95,365366.0,1442709.0,75903984.0,0.004813528628484112
2005-07-05,3.95,3.97,3.9,3.96,113253.0,445106.0,75903984.0,0.0014920560691517853
2005-07-06,3.96,4.04,3.95,3.97,136400.0,544575.0,75903984.0,0.0017970071241583314
2005-07-07,3.96,4.03,3.93,4.02,86169.0,343380.0,75903984.0,0.001135236853970669
2005-07-08,4.0,4.04,3.92,3.94,169200.0,674913.0,75903984.0,0.0022291320044544698
2005-07-11,3.94,4.08,3.9,3.97,142500.0,564891.0,75903984.0,0.0018773718122621864
2005-07-12,3.81,4.03,3.81,4.02,226770.0,899608.0,75903984.0,0.002987590216608393
2005-07-13,4.05,4.06,3.94,3.94,168229.0,669296.0,75903984.0,0.00221633952705302
2005-07-14,3.9,3.96,3.82,3.86,241091.0,938113.0,75903984.0,0.0031762627901059846
2005-07-15,3.86,3.94,3.83,3.85,222500.0,856996.0,75903984.0,0.0029313349349356947
2005-07-18,3.82,3.82,3.67,3.68,384336.0,1437483.0,75903984.0,0.005063449633948068
2005-07-19,3.65,3.74,3.65,3.68,130404.0,477734.0,75903984.0,0.001718012588113952
2005-07-20,3.78,3.78,3.69,3.71,70300.0,261237.0,75903984.0,0.0009261700940493453
2005-07-21,3.72,3.73,3.66,3.69,55271.0,203718.0,75903984.0,0.0007281699469160934
2005-07-22,3.7,3.82,3.7,3.78,164131.0,619781.0,75903984.0,0.0021623502660940695
2005-07-25,3.79,3.9,3.76,3.86,198700.0,766338.0,75903984.0,0.002617780905940326
2005-07-26,3.85,3.97,3.85,3.9,181880.0,712944.0,75903984.0,0.0023961851593982206
2005-07-27,3.94,3.94,3.88,3.92,186295.0,728404.0,75903984.0,0.002454350749230765
2005-07-28,3.92,3.96,3.88,3.9,186770.0,731651.0,75903984.0,0.002460608655271639
2005-07-29,3.9,3.9,3.84,3.88,238698.0,923075.0,75903984.0,0.003144736118199013
2005-08-01,3.91,3.94,3.88,3.91,221665.0,865962.0,75903984.0,0.0029203341948427896
2005-08-02,3.88,3.96,3.86,3.96,242283.0,951035.0,75903984.0,0.0031919668406338196
2005-08-03,4.02,4.03,3.95,3.98,535360.0,2143040.0,75903984.0,0.007053121216931116
2005-08-04,3.98,4.02,3.94,4.01,282048.0,1122226.0,75903984.0,0.0037158523852977203
2005-08-05,4.02,4.13,4.02,4.12,629343.0,2572162.0,75903984.0,0.008291303918908921
2005-08-08,4.13,4.16,4.08,4.13,977788.0,4030250.0,75903984.0,0.012881906172408553
2005-08-09,4.1,4.2,4.1,4.19,820407.0,3401891.0,75903984.0,0.01080848404479006
2005-08-10,4.17,4.19,4.11,4.15,424850.0,1758909.0,75903984.0,0.005597202908347999
2005-08-11,4.15,4.2,4.12,4.19,578559.0,2409670.0,75903984.0,0.007622248128635777
2005-08-12,4.19,4.22,4.1,4.13,546630.0,2282606.0,75903984.0,0.007201598271837747
2005-08-15,4.12,4.13,4.02,4.13,880092.0,3579127.0,75903984.0,0.011594806406999664
2005-08-16,4.13,4.19,4.05,4.19,917931.0,3781618.0,75903984.0,0.0120933177894852
2005-08-17,4.2,4.46,4.16,4.45,3072436.0,13267772.0,75903984.0,0.04047792800968129
2005-08-18,4.58,4.85,4.54,4.55,5671495.0,26887690.0,75903984.0,0.07471933225533985
2005-08-19,4.55,4.72,4.46,4.59,1698316.0,7808989.0,75903984.0,0.02237453043307977
2005-08-22,4.59,4.66,4.42,4.65,970394.0,4408985.0,75903984.0,0.012784493630795453
2005-08-23,4.55,4.69,4.55,4.59,647424.0,2985187.0,75903984.0,0.008529512759172167
2005-08-24,4.58,4.62,4.52,4.57,537018.0,2454626.0,75903984.0,0.007074964602648525
2005-08-25,4.56,4.8,4.53,4.79,1369161.0,6427164.0,75903984.0,0.01803806503753479
2005-08-26,4.76,4.83,4.69,4.81,804300.0,3836330.0,75903984.0,0.010596281744578783
2005-08-29,4.75,4.79,4.66,4.7,704099.0,3328120.0,75903984.0,0.00927617975889118
2005-08-30,4.69,4.69,4.55,4.56,731414.0,3371098.0,75903984.0,0.009636042292589016
2005-08-31,4.54,4.6,4.51,4.58,454646.0,2070240.0,75903984.0,0.005989751473387747
2005-09-01,4.6,4.72,4.53,4.7,700540.0,3251060.0,75903984.0,0.009229291574471242
2005-09-02,4.7,4.76,4.65,4.7,490993.0,2309193.0,75903984.0,0.006468606443635423
2005-09-05,4.7,4.83,4.7,4.81,1214356.0,5813118.0,75903984.0,0.015998580522466384
2005-09-06,4.82,4.85,4.73,4.73,761500.0,3645266.0,75903984.0,0.010032411473948455
2005-09-07,4.73,5.0,4.71,5.0,2060755.0,10070679.0,75903984.0,0.027149497185813064
2005-09-08,5.0,5.03,4.9,4.99,846550.0,4218148.0,75903984.0,0.011152906018740728
2005-09-09,4.96,5.06,4.96,4.96,595879.0,2975068.0,75903984.0,0.007850431144694593
2005-09-12,5.02,5.16,5.02,5.11,938787.0,4799964.0,75903984.0,0.012368085975566184
2005-09-13,5.13,5.13,5.06,5.13,792573.0,4041981.0,75903984.0,0.01044178392533388
2005-09-14,5.12,5.13,5.05,5.1,855635.0,4357316.0,75903984.0,0.011272596705859339
2005-09-15,5.13,5.21,5.09,5.16,691109.0,3562439.0,75903984.0,0.00910504249684707
2005-09-16,5.1,5.48,5.08,5.31,2814040.0,15027316.0,75903984.0,0.037073679821601986
2005-09-19,5.3,5.37,5.27,5.34,801848.0,4275709.0,75903984.0,0.01056397777486884
2005-09-20,5.4,5.62,5.35,5.55,3179642.0,17627256.0,75903984.0,0.04189031764129798
2005-09-21,5.53,5.72,5.53,5.61,2636364.0,14910398.0,75903984.0,0.034732880424300255
2005-09-22,5.55,5.65,5.41,5.44,2194339.0,12106976.0,75903984.0,0.02890940480805329
2005-09-23,5.43,5.73,5.43,5.5,2595479.0,14514604.0,75903984.0,0.03419423939591893
2005-09-26,5.51,5.65,5.5,5.6,911275.0,5082763.0,75903984.0,0.012005628057678764
2005-09-27,5.67,5.67,5.46,5.47,1459450.0,8078226.0,75903984.0,0.019227580992323145
2005-09-28,5.4,5.52,5.4,5.45,604626.0,3305046.0,75903984.0,0.007965668837619906
2005-09-29,5.47,5.57,5.41,5.52,705807.0,3888491.0,75903984.0,0.00929868187156026
2005-09-30,5.56,5.68,5.52,5.54,767314.0,4292111.0,75903984.0,0.010109008243888752
2005-10-10,5.68,5.94,5.58,5.93,3202678.0,18616863.0,75903984.0,0.04219380632247182
2005-10-11,5.75,6.09,5.75,6.05,1573169.0,9414418.0,75903984.0,0.0207257763966645
2005-10-12,6.02,6.13,6.0,6.07,1305765.0,7916659.0,75903984.0,0.017202851960972168
2005-10-13,6.05,6.12,5.93,6.08,682489.0,4117704.0,75903984.0,0.008991477970378999
2005-10-14,6.08,6.12,5.99,5.99,1174576.0,7101932.0,75903984.0,0.015474497359716982
2005-10-17,5.98,6.13,5.92,6.11,1136384.0,6864835.0,75903984.0,0.014971335364952649
2005-10-18,6.09,6.31,6.08,6.3,1751993.0,10889896.0,75903984.0,0.023081700164776595
2005-10-19,6.3,6.5,6.25,6.29,1494850.0,9538089.0,75903984.0,0.01969395967410617
2005-10-20,6.29,6.51,6.28,6.49,1410558.0,9061850.0,75903984.0,0.01858345142990123
2005-10-21,6.52,6.76,6.51,6.67,1215901.0,8069117.0,75903984.0,0.016018935185273014
2005-10-24,6.7,7.07,6.7,7.04,2359018.0,16304007.0,75903984.0,0.031078974721537672
2005-10-25,7.0,7.1,6.78,6.9,1657257.0,11525053.0,75903984.0,0.021833597034906626
2005-10-26,6.8,6.91,6.43,6.52,4219527.0,27636097.0,75903984.0,0.055590323164064745
2005-10-27,6.52,6.52,6.23,6.39,3080646.0,19625115.0,75903984.0,0.04058609097514565
2005-10-28,6.38,6.64,6.37,6.5,2636666.0,17177802.0,75903984.0,0.03473685913508835
2005-10-31,6.42,6.67,6.4,6.66,1352562.0,8820874.0,75903984.0,0.01781938086411907
2005-11-01,6.67,6.96,6.65,6.9,2093429.0,14333257.0,75903984.0,0.027579962074190993
2005-11-02,6.92,6.95,6.82,6.91,778931.0,5364133.0,75903984.0,0.010262056863839979
2005-11-03,6.92,6.92,6.5,6.56,1039698.0,6989987.0,75903984.0,0.013697541883967514
2005-11-04,6.45,6.55,6.41,6.5,1037076.0,6727384.0,75903984.0,0.013662998242621889
2005-11-07,6.5,6.74,6.42,6.73,493674.0,3236052.0,75903984.0,0.0065039273827840185
2005-11-08,6.73,6.83,6.62,6.74,827609.0,5553965.0,75903984.0,0.010903367074908743
2005-11-09,6.66,6.78,6.63,6.71,541382.0,3627259.0,75903984.0,0.007132458290990365
2005-11-10,6.68,6.84,6.63,6.76,963651.0,6505833.0,75903984.0,0.01269565771409311
2005-11-11,6.76,7.07,6.76,6.96,6212029.0,43269984.0,75903984.0,0.08184061853722988
2005-11-24,6.9,6.98,6.6,6.75,1235655.0,8406761.0,75903984.0,0.01627918502933917
2005-11-25,6.71,7.03,6.7,6.92,995799.0,6911477.0,75903984.0,0.01311919279493946
2005-11-28,6.93,7.04,6.86,6.98,2569104.0,17937075.0,75903984.0,0.033846760928912506
2005-11-29,6.98,6.99,6.81,6.98,1777123.0,12315620.0,75903984.0,0.023412776330686412
2005-11-30,6.99,7.02,6.62,6.72,2239132.0,15402123.0,75903984.0,0.02949953193497722
2005-12-27,5.71,5.95,5.47,5.6,14928597.0,84410298.0,98675179.0,0.1512902956071658
2005-12-28,5.55,5.64,5.47,5.55,4893241.0,27119201.0,98675179.0,0.049589380526991494
2005-12-29,5.55,5.6,5.45,5.46,6918952.0,38139236.0,98675179.0,0.07011846413777471
2005-12-30,5.47,5.62,5.45,5.52,4909472.0,27299145.0,98675179.0,0.049753869714287524
2006-01-04,5.52,5.62,5.49,5.61,4669874.0,25928101.0,98675179.0,0.04732572109142057
2006-01-05,5.63,5.9,5.61,5.82,6122852.0,35461051.0,98675179.0,0.062050579102572494
2006-01-06,5.82,5.85,5.71,5.75,4176816.0,24099922.0,98675179.0,0.04232894272226251
2006-01-09,5.75,5.85,5.72,5.79,2409535.0,13927689.0,98675179.0,0.02441885613402333
2006-01-10,5.79,6.01,5.75,5.98,3616078.0,21426790.0,98675179.0,0.03664627758111288
2006-01-11,5.98,6.01,5.8,5.81,2942650.0,17333687.0,98675179.0,0.029821582588667003
2006-01-12,5.8,5.85,5.75,5.84,2711000.0,15747730.0,98675179.0,0.027473981070761475
2006-01-13,5.84,5.84,5.6,5.6,4725701.0,26950738.0,98675179.0,0.04789148646996627
2006-01-16,5.58,5.64,5.46,5.49,3646923.0,20198359.0,98675179.0,0.036958868855966304
2006-01-17,5.47,5.54,5.45,5.48,2116588.0,11640851.0,98675179.0,0.02145005483091143
2006-01-18,5.5,5.66,5.49,5.63,2493195.0,13985592.0,98675179.0,0.02526668839384624
2006-01-19,5.64,5.75,5.6,5.74,2583879.0,14691557.0,98675179.0,0.026185703701637066
2006-01-20,5.74,5.8,5.64,5.72,2276727.0,13009105.0,98675179.0,0.023072945223641297
2006-01-23,5.75,6.05,5.75,5.94,6366668.0,37784249.0,98675179.0,0.06452147403755913
2006-01-24,5.98,6.14,5.88,5.9,5030935.0,30283901.0,98675179.0,0.050984807435717955
2006-01-25,5.88,6.06,5.87,6.04,4814178.0,28675835.0,98675179.0,0.048788135464137336
2006-02-06,6.15,6.32,6.15,6.26,5415609.0,33813124.0,98675179.0,0.054883194080651225
2006-02-07,6.28,6.6,6.2,6.45,5543661.0,35536062.0,98675179.0,0.05618090644659484
2006-02-08,6.39,6.52,6.37,6.4,3306377.0,21260749.0,98675179.0,0.03350768687229845
2006-02-09,6.39,6.46,6.37,6.4,2860856.0,18308673.0,98675179.0,0.028992660859525777
2006-02-10,6.45,6.51,6.36,6.38,2681320.0,17256634.0,98675179.0,0.02717319620975808
2006-02-13,6.38,6.44,6.16,6.19,3582224.0,22326908.0,98675179.0,0.03630319231546567
2006-02-14,6.19,6.3,6.19,6.26,1312698.0,8211358.0,98675179.0,0.013303223903956638
2006-02-15,6.26,6.33,6.18,6.21,1975656.0,12294293.0,98675179.0,0.020021813185664452
2006-02-16,6.23,6.23,6.01,6.01,2288365.0,13905198.0,98675179.0,0.023190887751011833
2006-02-17,5.99,6.08,5.92,6.05,1696343.0,10184434.0,98675179.0,0.01719118239451078
2006-02-20,6.0,6.18,5.97,6.17,1757473.0,10677034.0,98675179.0,0.017810689758160966
2006-02-21,6.17,6.21,6.07,6.21,1511228.0,9283722.0,98675179.0,0.01531517870365353
2006-02-22,6.21,6.29,6.21,6.24,1544681.0,9669485.0,98675179.0,0.01565420013071372
2006-02-23,6.26,6.26,6.06,6.1,2118739.0,12977017.0,98675179.0,0.021471853625925522
2006-02-27,6.11,6.22,6.04,6.06,1424779.0,8691115.0,98675179.0,0.014439081990416252
2006-02-28,6.02,6.05,5.85,6.02,1702365.0,10119658.0,98675179.0,0.01725221091314159
2006-03-01,6.08,6.26,6.08,6.2,2163573.0,13397271.0,98675179.0,0.021926213075326672
2006-03-02,6.23,6.25,6.08,6.11,1380858.0,8517813.0,98675179.0,0.013993975121139634
2006-03-03,6.11,6.16,5.95,6.07,2021602.0,12183346.0,98675179.0,0.020487441933092414
2006-03-06,6.06,6.12,5.88,5.94,1833715.0,10935984.0,98675179.0,0.018583346071254656
2006-03-07,4.5,4.53,4.29,4.33,2654851.0,11591956.0,128277733.0,0.020696117228700947
2006-03-08,4.28,4.34,4.23,4.29,1440071.0,6143714.0,128277733.0,0.011226196209750605
2006-03-09,4.3,4.33,4.23,4.23,929173.0,3962584.0,128277733.0,0.007243447309752504
2006-03-10,4.23,4.28,4.14,4.17,1382585.0,5780578.0,128277733.0,0.010778059197538204
2006-03-13,4.15,4.24,4.15,4.21,760619.0,3195972.0,128277733.0,0.005929470237831534
2006-03-14,4.21,4.28,4.18,4.24,767167.0,3246302.0,128277733.0,0.005980515729881194
2006-03-15,4.24,4.33,4.22,4.3,1036068.0,4441769.0,128277733.0,0.008076756392319468
2006-03-16,4.3,4.31,4.23,4.28,891904.0,3804770.0,128277733.0,0.006952913644022693
2006-03-17,4.29,4.3,4.16,4.21,1019314.0,4303532.0,128277733.0,0.00794614915746913
2006-03-20,4.19,4.45,4.17,4.43,1926131.0,8362803.0,128277733.0,0.01501531836394396
2006-03-21,4.42,4.58,4.4,4.46,2834063.0,12789884.0,128277733.0,0.022093179647944043
2006-03-22,4.44,4.64,4.41,4.62,2512974.0,11482645.0,128277733.0,0.019590102983812474
2006-03-23,4.6,4.69,4.56,4.66,1988172.0,9209337.0,128277733.0,0.015498964266853703
2006-03-24,4.64,4.72,4.55,4.6,2320635.0,10767040.0,128277733.0,0.0180907079173281
2006-03-27,4.58,4.69,4.56,4.68,1414076.0,6539525.0,128277733.0,0.011023549971841178
2006-03-28,4.7,4.83,4.67,4.76,2708614.0,12878455.0,128277733.0,0.02111523127712274
2006-03-29,4.76,4.8,4.7,4.7,2434029.0,11564129.0,128277733.0,0.018974680508268726
2006-03-30,4.68,4.69,4.56,4.56,2063949.0,9537864.0,128277733.0,0.016089690328406413
2006-03-31,4.52,4.67,4.51,4.66,1687705.0,7764765.0,128277733.0,0.013156648161220624
2006-04-03,4.67,4.99,4.67,4.95,3961940.0,19090363.0,128277733.0,0.03088564092413451
2006-04-04,4.92,4.98,4.81,4.97,6933285.0,33918697.0,128277733.0,0.054049014102860705
2006-04-05,5.0,5.2,5.0,5.15,8333812.0,42693764.0,128277733.0,0.06496694169049588
2006-04-06,5.15,5.18,5.03,5.08,4530841.0,23075583.0,128277733.0,0.03532055715390605
2006-04-07,5.06,5.15,5.02,5.13,3265443.0,16643581.0,128277733.0,0.025456039202064788
2006-04-10,5.21,5.34,5.17,5.31,5311957.0,27936689.0,128277733.0,0.04140981350208302
2006-04-11,5.48,5.6,5.36,5.36,7990645.0,43706530.0,128277733.0,0.06229175409577904
2006-04-12,5.36,5.6,5.36,5.51,5895825.0,32454460.0,128277733.0,0.04596140625590881
2006-04-13,5.52,5.56,5.16,5.18,5901808.0,31466082.0,128277733.0,0.04600804724230666
2006-04-14,5.16,5.45,5.16,5.43,4296226.0,22786652.0,128277733.0,0.03349159592647307
2006-04-17,5.4,5.53,5.32,5.43,5454857.0,29614570.0,128277733.0,0.042523802630656096
2006-04-18,5.43,5.48,5.35,5.39,2819520.0,15233184.0,128277733.0,0.021979808452024952
2006-04-19,5.39,5.39,5.16,5.26,4719295.0,24787455.0,128277733.0,0.036789666371793456
2006-04-20,5.25,5.37,5.18,5.25,3210696.0,16956830.0,128277733.0,0.02502925429778214
2006-04-21,5.23,5.78,5.21,5.69,8870757.0,49248432.0,128277733.0,0.06915274219883509
2006-04-24,5.7,6.04,5.69,5.94,8825819.0,51615486.0,128277733.0,0.06880242419001902
2006-04-25,5.89,5.97,5.66,5.82,5239946.0,30511709.0,128277733.0,0.040848445614485564
2006-04-26,5.82,6.39,5.77,6.33,8867878.0,54601436.0,128277733.0,0.06913029870897391
2006-04-27,6.33,6.39,6.18,6.36,6074572.0,38203827.0,128277733.0,0.04735484372802254
2006-04-28,6.2,6.96,6.1,6.72,8046812.0,53629823.0,128277733.0,0.0627296087310804
2006-05-08,6.78,7.36,6.78,7.28,9002125.0,64620336.0,128277733.0,0.07017683263859988
2006-05-09,7.33,7.52,7.16,7.3,8996529.0,65729121.0,128277733.0,0.07013320854368388
2006-05-10,7.29,7.46,7.05,7.31,8633560.0,62407909.0,128277733.0,0.06730365277035259
2006-05-11,7.31,7.48,7.09,7.1,9676046.0,69908611.0,128277733.0,0.07543044122864254
2006-05-12,7.07,7.35,7.0,7.26,8204345.0,58810124.0,128277733.0,0.06395767065824277
2006-05-15,7.5,7.99,7.5,7.99,9814940.0,77314461.0,128277733.0,0.0765132012428065
2006-05-16,8.3,8.34,7.61,7.62,9140657.0,72537923.0,128277733.0,0.07125677065091258
2006-05-17,7.6,7.85,7.48,7.64,7144869.0,54530169.0,128277733.0,0.055698435206989506
2006-05-18,7.6,7.61,7.25,7.44,6299894.0,46661182.0,128277733.0,0.04911136058196476
2006-05-19,7.35,7.81,7.32,7.68,5336154.0,40594865.0,128277733.0,0.04159844327775889
2006-05-22,7.74,8.06,7.55,7.95,5534158.0,43820774.0,128277733.0,0.04314200033453974
2006-05-23,7.8,7.8,7.22,7.23,6351727.0,47785703.0,128277733.0,0.04951542915090337
2006-05-24,7.25,7.54,6.75,6.92,5943784.0,41944382.0,128277733.0,0.04633527472768793
2006-05-25,7.0,7.11,6.82,7.1,4003727.0,27977971.0,128277733.0,0.031211395043908362
2006-05-26,7.13,7.28,7.09,7.21,2940647.0,21065806.0,128277733.0,0.022924064303506207
2006-05-29,7.2,7.6,7.17,7.52,4847428.0,35957878.0,128277733.0,0.037788538093357166
2006-05-31,7.6,8.18,7.52,7.79,7330105.0,57506132.0,128277733.0,0.05714245823162466
2006-06-01,7.8,8.05,7.8,7.95,5297404.0,42119329.0,128277733.0,0.04129636435031168
2006-06-02,7.96,7.98,7.65,7.74,4536015.0,35111193.0,128277733.0,0.035360891511857326
2006-06-05,7.8,8.06,7.76,7.9,3744829.0,29587599.0,128277733.0,0.029193133620470203
2006-06-06,7.9,8.0,7.63,7.68,3330922.0,25949532.0,128277733.0,0.025966486326976172
2006-06-07,7.6,7.78,7.22,7.22,4179305.0,31091627.0,128277733.0,0.03258012830644583
2006-06-08,7.2,7.58,7.16,7.57,4877972.0,36175056.0,128277733.0,0.03802664644845259
2006-06-09,7.53,7.93,7.32,7.71,6419345.0,49687668.0,128277733.0,0.05004255103260984
2006-06-12,7.71,8.4,7.62,8.29,10408692.0,85137167.0,128277733.0,0.0811418455609907
2006-06-13,8.37,8.52,8.15,8.43,7003595.0,58518442.0,128277733.0,0.054597121699991376
2006-06-14,8.45,8.63,8.2,8.51,5867344.0,49181573.0,128277733.0,0.04573938019313142
2006-06-15,8.53,8.58,8.31,8.32,4287781.0,36180991.0,128277733.0,0.03342576220925264
2006-06-16,8.31,8.41,8.13,8.35,4754272.0,39337617.0,128277733.0,0.03706233255618884
2006-06-19,8.3,8.74,8.13,8.63,5108507.0,43856937.0,128277733.0,0.03982380168816984
2006-06-20,8.6,9.4,8.55,9.31,8628554.0,78296590.0,128277733.0,0.06726462807071902
2006-06-21,9.3,9.38,9.09,9.18,5246757.0,48395644.0,128277733.0,0.04090154134544925
2006-06-22,9.12,9.82,9.09,9.64,6438647.0,61947175.0,128277733.0,0.050193021418612066
2006-06-23,9.68,10.5,9.52,10.44,7531120.0,76677646.0,128277733.0,0.05870948779551631
2006-06-26,10.44,11.1,10.11,10.29,8287919.0,86887266.0,128277733.0,0.06460917889779047
2006-06-27,10.25,11.0,9.98,10.87,8746746.0,91045270.0,128277733.0,0.06818600387956654
2006-06-28,10.81,10.98,10.65,10.76,4364404.0,47170370.0,128277733.0,0.03402308333590523
2006-06-29,10.7,10.86,10.43,10.5,7035467.0,74281373.0,128277733.0,0.054845582592264866
2006-06-30,10.6,10.7,10.15,10.31,7183874.0,74258511.0,128277733.0,0.05600250200866896
2006-07-03,10.35,10.58,10.25,10.42,4005904.0,41723815.0,128277733.0,0.031228366032941976
2006-07-04,10.41,10.41,10.03,10.07,5966222.0,60506213.0,128277733.0,0.04651019206895401
2006-07-05,10.0,10.29,9.84,10.11,3698096.0,37311054.0,128277733.0,0.02882882253617625
2006-07-06,10.13,10.9,10.13,10.76,6988344.0,74241075.0,128277733.0,0.05447823122973338
2006-07-07,10.8,11.0,10.62,10.92,5637450.0,60961663.0,128277733.0,0.043947221923543035
2006-07-10,11.09,11.5,10.8,10.81,8846089.0,99405535.0,128277733.0,0.0689604407025185
2006-07-11,11.2,11.79,11.11,11.25,15366603.0,175340874.0,128277733.0,0.11979166329670014
2006-07-12,11.39,11.5,11.05,11.37,8863662.0,100230031.0,128277733.0,0.06909743252166765
2006-07-13,11.41,11.76,11.0,11.21,11642764.0,132663810.0,128277733.0,0.09076215901009102
2006-07-14,10.99,11.1,10.43,10.84,7196170.0,78183699.0,128277733.0,0.05609835652458872
2006-07-17,10.84,11.08,10.55,10.85,3315704.0,36043587.0,128277733.0,0.025847853111030578
2006-07-21,10.9,11.28,10.55,10.62,4616810.0,50218233.0,128277733.0,0.035990735820066296
2006-07-24,10.49,10.49,10.04,10.24,5270106.0,53805847.0,128277733.0,0.0410835604648548
2006-07-25,10.21,10.45,10.15,10.36,3043765.0,31413614.0,128277733.0,0.023727929460680443
2006-07-26,10.45,10.51,10.18,10.19,2585115.0,26614209.0,128277733.0,0.020152484297489105
2006-07-27,10.19,10.5,10.11,10.4,3527181.0,36336339.0,128277733.0,0.027496440087540368
2006-07-28,10.4,10.46,10.1,10.17,2669305.0,27254862.0,128277733.0,0.020808794617535063
2006-07-31,10.15,10.25,9.38,9.5,4431976.0,43348026.0,128277733.0,0.03454984662069137
2006-08-01,9.5,9.65,9.05,9.1,3039620.0,28199660.0,128277733.0,0.023695616759925122
2006-08-02,9.01,9.48,8.97,9.4,3059569.0,28171164.0,128277733.0,0.02385113088956756
2006-08-03,9.45,9.48,9.18,9.3,1496773.0,14015114.0,128277733.0,0.01166822148314704
2006-08-04,9.36,9.52,9.18,9.19,1943046.0,18160315.0,128277733.0,0.015147180688015432
2006-08-07,9.17,9.18,8.7,8.8,2527542.0,22510761.0,128277733.0,0.01970366906936218
2006-08-08,8.85,9.08,8.78,8.99,2143446.0,19103769.0,128277733.0,0.016709415966994053
2006-08-09,9.0,9.06,8.88,8.9,1351170.0,12093324.0,128277733.0,0.010533160887712289
2006-08-10,8.91,9.4,8.91,9.37,2390262.0,21774239.0,128277733.0,0.018633491129750476
2006-08-11,9.38,9.71,9.26,9.6,3092901.0,29307079.0,128277733.0,0.024110973336268736
2006-08-14,9.59,9.64,9.0,9.06,2702920.0,25078779.0,128277733.0,0.021070843214854754
2006-08-15,9.04,9.3,8.95,9.27,1484974.0,13609121.0,128277733.0,0.011576241373083824
2006-08-16,9.23,9.46,9.17,9.4,1418750.0,13258979.0,128277733.0,0.01105998653718023
2006-08-17,9.35,9.35,9.1,9.2,1329676.0,12213874.0,128277733.0,0.010365602578898086
2006-08-18,9.14,9.25,9.05,9.06,1140345.0,10398734.0,128277733.0,0.008889656632768838
2006-08-21,8.7,9.11,8.63,9.1,1104489.0,9867290.0,128277733.0,0.008610138128961166
2006-08-22,9.08,9.25,9.01,9.18,1117453.0,10237801.0,128277733.0,0.00871120009581086
2006-08-23,9.28,9.28,9.12,9.17,1301119.0,11949889.0,128277733.0,0.010142984051643631
2006-08-24,9.12,9.2,9.04,9.15,834598.0,7602926.0,128277733.0,0.0065061798371506925
2006-08-25,9.13,9.38,9.1,9.2,1808872.0,16758575.0,128277733.0,0.014101215836110854
2006-08-28,9.23,9.6,9.2,9.56,3727727.0,35352500.0,128277733.0,0.02905981352196176
2006-08-29,9.59,10.0,9.53,9.7,4799088.0,47085108.0,128277733.0,0.03741169950360754
2006-08-30,9.6,9.8,9.56,9.67,1739062.0,16780698.0,128277733.0,0.013557006031592404
2006-08-31,9.74,9.8,9.6,9.66,1642811.0,15920254.0,128277733.0,0.012806673158154425
2006-09-01,9.63,9.65,9.35,9.52,3007280.0,28454973.0,128277733.0,0.023443507533766596
2006-09-05,9.64,9.75,9.46,9.49,1773463.0,16980332.0,128277733.0,0.01382518195889851
2006-09-06,9.57,9.58,9.35,9.53,1865915.0,17578614.0,128277733.0,0.014545899404068826
2006-09-07,9.52,9.53,9.25,9.36,1253190.0,11731086.0,128277733.0,0.009769349447421244
2006-09-08,9.33,9.41,9.27,9.35,880119.0,8223344.0,128277733.0,0.006861042672152618
2006-09-11,9.3,9.37,9.03,9.19,1682253.0,15413718.0,128277733.0,0.013114146630576954
2006-09-12,9.19,9.37,9.15,9.25,1254702.0,11609812.0,128277733.0,0.009781136372280605
2006-09-13,9.23,9.34,9.11,9.12,971318.0,8943328.0,128277733.0,0.007571992249036706
2006-09-14,9.1,9.24,9.04,9.13,1017008.0,9247247.0,128277733.0,0.007928172537941562
2006-09-15,9.15,9.31,9.1,9.27,1009088.0,9314924.0,128277733.0,0.007866431502963964
2006-09-18,9.3,9.43,9.25,9.37,1329855.0,12402834.0,128277733.0,0.010366997988653261
2006-09-19,9.37,9.47,9.31,9.4,1466169.0,13766633.0,128277733.0,0.01142964539293815
2006-09-20,9.41,9.41,9.21,9.26,1102926.0,10232431.0,128277733.0,0.00859795362925536
2006-09-21,9.28,9.65,9.21,9.6,4994470.0,47444521.0,128277733.0,0.038934816535929895
2006-09-22,9.59,9.75,9.55,9.6,3716923.0,35882314.0,128277733.0,0.028975590019196862
2006-09-25,9.6,9.6,9.33,9.39,1868359.0,17645960.0,128277733.0,0.014564951814357368
2006-09-26,9.29,9.35,9.22,9.23,1533390.0,14210152.0,128277733.0,0.011953672427310514
2006-09-27,9.23,9.28,9.12,9.28,999131.0,9215789.0,128277733.0,0.007788810860884172
2006-09-28,9.31,9.44,9.2,9.34,1396439.0,12970961.0,128277733.0,0.010886059235237654
2006-09-29,9.36,9.69,9.35,9.65,2809417.0,26858289.0,128277733.0,0.021901049654502392
2006-10-09,9.71,10.1,9.68,10.1,4455709.0,43930628.0,128277733.0,0.034734859244823106
2006-10-10,10.13,10.69,10.01,10.65,7361796.0,77100948.0,128277733.0,0.05738950812297252
2006-10-11,10.69,10.9,10.45,10.53,3276836.0,34753097.0,128277733.0,0.02554485430452688
2006-10-12,10.55,10.6,10.35,10.42,2348057.0,24526006.0,128277733.0,0.01830447845535281
2006-10-13,10.38,10.76,10.35,10.6,2735496.0,28921913.0,128277733.0,0.02132479219912625
2006-10-16,10.58,10.84,10.4,10.6,2313743.0,24696910.0,128277733.0,0.01803698074396123
2006-10-17,10.63,10.7,10.4,10.6,1645450.0,17333040.0,128277733.0,0.012827245707561732
2006-10-18,10.9,11.1,10.7,11.09,6520465.0,71259852.0,128277733.0,0.05083084061050564
2006-10-19,11.2,11.42,11.01,11.03,9310925.0,104801351.0,128277733.0,0.07258410935590824
2006-10-20,10.93,10.95,10.68,10.8,4391383.0,47537199.0,128277733.0,0.03423340042967551
2006-10-23,10.79,10.79,10.4,10.4,3568826.0,37674299.0,128277733.0,0.02782108723421235
2006-10-24,10.4,11.05,10.4,10.97,5104192.0,55670220.0,128277733.0,0.03979016373792636
2006-10-25,11.0,11.08,10.73,10.78,2611736.0,28333634.0,128277733.0,0.020360010571749035
2006-10-26,10.76,10.85,10.5,10.61,1760765.0,18685052.0,128277733.0,0.013726193617718516
2006-10-27,10.67,10.72,10.42,10.45,1705351.0,17936762.0,128277733.0,0.013294209058091165
2006-10-30,10.47,10.95,10.4,10.89,1972958.0,21005921.0,128277733.0,0.015380362233249009
2006-10-31,10.88,10.93,10.66,10.8,1872128.0,20189913.0,128277733.0,0.014594333375068299
2006-11-01,10.82,11.4,10.82,11.12,7700087.0,86340222.0,128277733.0,0.060026684444134976
2006-11-02,11.14,11.6,11.14,11.6,7212725.0,82781304.0,128277733.0,0.05622741243797939
2006-11-03,11.73,11.88,11.4,11.46,4732399.0,55059684.0,128277733.0,0.03689181972057458
2006-11-06,11.4,11.6,11.29,11.45,2609019.0,29856411.0,128277733.0,0.02033882996669422
2006-11-07,11.48,11.67,11.18,11.22,3056611.0,34517512.0,128277733.0,0.023828071548473655
2006-11-08,11.2,11.35,11.1,11.12,1652400.0,18432212.0,128277733.0,0.01288142502487162
2006-11-09,11.1,11.55,11.07,11.43,1883596.0,21190809.0,128277733.0,0.014683733146422224
2006-11-10,11.41,11.5,10.81,11.1,3372783.0,37588824.0,128277733.0,0.02629281732005663
2006-11-13,11.08,11.08,10.61,10.64,2587576.0,27970612.0,128277733.0,0.020171669232726463
2006-11-14,10.6,10.87,10.6,10.82,1817194.0,19534347.0,128277733.0,0.01416609069634868
2006-11-15,10.89,11.16,10.74,11.09,1682923.0,18411144.0,128277733.0,0.013119369672677331
2006-11-16,11.08,11.2,10.85,10.88,2043692.0,22525279.0,128277733.0,0.015931775158514846
2006-11-17,10.82,11.15,10.82,10.98,1706617.0,18812402.0,128277733.0,0.013304078268985312
2006-11-20,10.97,11.19,10.78,10.83,2650374.0,29009152.0,128277733.0,0.02066121639365111
2006-11-21,10.84,10.91,10.7,10.85,1819897.0,19612813.0,128277733.0,0.014187162163210353
2006-11-22,10.9,11.38,10.9,11.32,4836357.0,53908483.0,128277733.0,0.037702233169337344
2006-11-23,11.31,11.43,11.15,11.25,3023873.0,34149628.0,128277733.0,0.023572859679395798
2006-11-24,11.28,11.35,11.13,11.23,2328129.0,26084125.0,128277733.0,0.018149128033000086
2006-11-27,11.28,11.59,11.2,11.59,5229979.0,59719180.0,128277733.0,0.040770747016553525
2006-11-28,11.59,11.96,11.58,11.75,6577938.0,77663647.0,128277733.0,0.051278876280110124
2006-11-29,11.56,11.85,11.49,11.65,3330329.0,38954861.0,128277733.0,0.025961863544938076
2006-11-30,11.68,11.98,11.63,11.85,4977066.0,58963741.0,128277733.0,0.03879914217068367
2006-12-01,11.85,11.98,11.6,11.62,5604719.0,65500960.0,128277733.0,0.043692064623561754
2006-12-04,11.63,11.87,11.5,11.75,4637026.0,54217899.0,128277733.0,0.036148331370963654
2006-12-05,11.88,12.3,11.8,12.03,7456924.0,89831930.0,128277733.0,0.058131086554203446
2006-12-06,12.07,12.25,11.51,11.68,5695046.0,67270162.0,128277733.0,0.04439621645013012
2006-12-07,11.68,11.7,11.44,11.45,3900948.0,45065164.0,128277733.0,0.03041017259012521
2006-12-08,11.36,11.5,11.0,11.0,3317280.0,37108130.0,128277733.0,0.025860138953344304
2006-12-11,10.98,11.36,10.9,11.29,2884794.0,31887073.0,128277733.0,0.022488657481965324
2006-12-12,11.35,11.35,11.11,11.18,1929926.0,21607978.0,128277733.0,0.015044902609870724
2006-12-13,11.15,11.29,11.15,11.23,1402042.0,15733303.0,128277733.0,0.010929737899250214
2006-12-14,11.29,11.98,11.28,11.95,8126024.0,95737040.0,128277733.0,0.06334711262787908
2006-12-15,12.0,12.19,11.93,12.03,4954553.0,59659360.0,128277733.0,0.03862364016052575
2006-12-18,12.03,12.6,12.0,12.58,8430282.0,103337267.0,128277733.0,0.06571898179709802
2006-12-19,12.67,13.84,12.5,13.69,13089565.0,171562539.0,128277733.0,0.10204081950840213
2006-12-20,13.69,14.69,13.3,14.3,7570346.0,107230630.0,128277733.0,0.05901527742153036
2006-12-21,14.3,14.3,13.62,13.66,4188861.0,58545733.0,128277733.0,0.032654622918850615
2006-12-22,13.5,14.03,13.48,13.88,4723429.0,65415639.0,128277733.0,0.03682189332111131
2006-12-25,13.88,14.25,13.71,13.93,3938515.0,55037123.0,128277733.0,0.030703029340251906
2006-12-26,14.01,14.05,13.75,13.9,3196691.0,44327903.0,148218511.0,0.02156742081965727
2006-12-27,13.89,15.1,13.68,14.98,6213786.0,91389671.0,148218511.0,0.04192314413413585
2006-12-28,15.0,15.3,14.25,14.33,3311167.0,48423137.0,148218511.0,0.022339766994420824
2006-12-29,14.35,14.88,13.9,14.39,4740327.0,68016408.0,148218511.0,0.03198201741481534
2007-01-04,14.4,14.73,13.96,14.06,5939278.0,84033002.0,148218511.0,0.04007109476359535
2007-01-05,13.96,14.58,13.5,14.38,5646858.0,79220660.0,148218511.0,0.03809819679000823
2007-01-08,14.38,14.55,14.2,14.55,4678409.0,67271140.0,148218511.0,0.03156426932395779
2007-01-09,14.56,15.28,14.56,15.16,6211150.0,93712252.0,148218511.0,0.04190535958089607
2007-01-10,15.2,16.68,15.15,16.68,9465817.0,151743859.0,148218511.0,0.06386393262309861
2007-01-11,16.6,17.02,16.18,16.33,7507765.0,125533389.0,148218511.0,0.05065335597656895
2007-01-12,16.3,17.18,16.2,16.4,5725487.0,95794663.0,148218511.0,0.038628690582379416
2007-01-15,16.65,17.9,16.65,17.56,6305551.0,109483922.0,148218511.0,0.042542263833698885
2007-01-16,18.0,19.11,17.7,18.97,8188213.0,150469056.0,148218511.0,0.05524419955885267
2007-01-17,19.11,19.65,18.55,18.91,7383582.0,140720488.0,148218511.0,0.0498155186567756
2007-01-18,18.89,19.17,17.5,19.03,6777537.0,125438765.0,148218511.0,0.04572665690859626
2007-01-19,19.88,20.5,19.23,20.5,13782888.0,272303977.0,148218511.0,0.09299032831331033
2007-01-22,21.1,21.35,20.4,20.8,8267849.0,171479291.0,148218511.0,0.05578148737440764
2007-01-23,20.9,21.0,19.8,20.45,6672685.0,135862314.0,148218511.0,0.045019241894826485
2007-01-24,20.45,20.46,19.6,19.84,7050666.0,139849906.0,148218511.0,0.04756940244798438
2007-01-25,19.77,20.42,19.36,19.6,5878641.0,116929192.0,148218511.0,0.03966198931791995
2007-01-26,19.36,19.94,18.85,19.8,5230464.0,101593911.0,148218511.0,0.0352888715769112
2007-01-29,19.84,20.42,19.84,20.35,5433577.0,109474736.0,148218511.0,0.036659233474555686
2007-01-30,20.4,20.45,19.8,19.87,4662219.0,93154553.0,148218511.0,0.031455038702959306
2007-01-31,19.7,19.78,18.38,18.49,8921606.0,170160345.0,148218511.0,0.060192252234945204
2007-02-01,18.2,19.17,18.15,18.75,4763240.0,88057372.0,148218511.0,0.032136606742729994
2007-02-02,18.97,19.51,18.51,18.96,4884578.0,92878893.0,148218511.0,0.03295524942900013
2007-02-05,19.01,19.88,19.01,19.56,5053845.0,98510431.0,148218511.0,0.034097259282276825
2007-02-06,19.9,19.95,19.48,19.9,3617528.0,71398080.0,148218511.0,0.02440672204566945
2007-02-07,20.3,20.31,19.52,19.78,4323244.0,86327165.0,148218511.0,0.029168043659539934
2007-02-09,20.1,21.28,19.76,21.16,7887485.0,160838813.0,148218511.0,0.05321524920730043
2007-02-12,22.0,23.28,21.62,23.28,7612414.0,173895463.0,148218511.0,0.05135940139082898
2007-02-13,24.4,24.9,23.51,24.0,8585859.0,207678011.0,148218511.0,0.05792703584776938
2007-02-14,24.43,26.37,24.02,26.23,9515415.0,238990616.0,148218511.0,0.06419856019198573
2007-02-15,26.65,26.9,25.06,26.05,12321625.0,319191229.0,148218511.0,0.08313148551330407
2007-02-16,12.99,14.31,12.95,13.86,29589249.0,407534595.0,296498716.0,0.09979553840631135
2007-02-26,13.97,14.88,13.88,14.6,37783131.0,545054186.0,296498716.0,0.12743101052754643
2007-02-27,14.76,14.99,13.14,13.14,33447266.0,474824928.0,296498716.0,0.11280745647478622
2007-02-28,12.9,14.45,12.7,14.42,24254069.0,333940247.0,296498716.0,0.08180159876307862
2007-03-01,14.55,15.35,14.0,15.33,34855337.0,514556377.0,296498716.0,0.11755645174530874
2007-03-02,15.78,16.86,15.55,16.86,34869973.0,574174482.0,296498716.0,0.11760581452231314
2007-03-05,17.0,18.2,16.55,17.95,38406185.0,669696018.0,296498716.0,0.12953238219082203
2007-03-06,17.97,17.98,16.45,16.76,24542722.0,415653700.0,296498716.0,0.08277513754899364
2007-03-07,16.63,17.86,16.45,17.58,20926072.0,357265857.0,296498716.0,0.07057727696871376
2007-03-08,17.49,17.49,16.91,17.15,12683990.0,217896271.0,296498716.0,0.04277924090571778
2007-03-09,17.01,17.1,16.08,16.65,20878994.0,346538471.0,296498716.0,0.07041849719173826
2007-03-12,16.5,16.87,16.02,16.49,15152288.0,247969386.0,296498716.0,0.05110405941859121
2007-03-13,16.51,17.5,16.51,17.25,16851442.0,288535743.0,296498716.0,0.05683478912603453
2007-03-14,17.15,17.15,16.2,16.51,12539693.0,209055057.0,296498716.0,0.04229257100728895
2007-03-15,16.52,16.86,16.46,16.53,8924667.0,147850830.0,296498716.0,0.030100187685129808
2007-03-16,16.53,16.75,16.1,16.13,11942771.0,195000712.0,296498716.0,0.04027933463293649
2007-03-19,15.5,16.5,15.35,16.18,11687836.0,187403190.0,296498716.0,0.03941951640694458
2007-03-20,16.34,16.89,16.17,16.82,11753201.0,194653992.0,296498716.0,0.03963997267360848
2007-03-21,17.2,17.28,16.77,16.84,14700607.0,249534854.0,296498716.0,0.049580676767585055
2007-03-22,16.94,17.0,16.57,16.58,10417725.0,174271322.0,296498716.0,0.03513581826101399
2007-03-23,16.65,16.65,16.2,16.4,9373016.0,153474432.0,296498716.0,0.03161233251343996
2007-03-26,16.5,16.99,16.47,16.83,10364034.0,173511784.0,296498716.0,0.03495473484613674
2007-03-27,16.82,16.82,16.48,16.56,11681472.0,193682415.0,296498716.0,0.03939805257031872
2007-03-28,16.61,16.89,16.0,16.76,14123705.0,235001127.0,296498716.0,0.047634961764893444
2007-03-29,16.76,17.06,16.4,16.6,12414367.0,208209448.0,296498716.0,0.04186988452253534
2007-03-30,16.6,16.87,16.35,16.69,7334644.0,122368433.0,296498716.0,0.02473752365254762
2007-04-02,16.8,17.01,16.58,16.92,12921599.0,217726193.0,296498716.0,0.04358062380276884
2007-04-03,16.97,18.61,16.86,18.61,39544731.0,716346889.0,296498716.0,0.13337235160235905
2007-04-04,19.02,19.68,18.5,18.57,31173807.0,593221415.0,296498716.0,0.10513977065587023
2007-04-05,18.4,18.7,17.92,18.39,15707860.0,287049634.0,296498716.0,0.0529778348180098
2007-04-06,18.28,19.05,18.0,18.76,12216398.0,228856528.0,296498716.0,0.041202195290451105
2007-04-09,18.79,19.06,18.45,18.7,14390365.0,269664271.0,296498716.0,0.04853432485016225
2007-04-10,18.8,18.8,18.25,18.36,14619540.0,269483888.0,296498716.0,0.04930726243010105
2007-04-11,18.36,18.42,17.88,18.04,18406482.0,332351437.0,296498716.0,0.062079466138396364
2007-04-12,18.03,18.24,17.68,18.19,15687331.0,281953383.0,296498716.0,0.052908596744142396
2007-04-13,18.2,18.2,17.69,17.72,14218675.0,254419217.0,296498716.0,0.047955266693296576
2007-04-16,17.68,18.3,17.6,18.16,15772556.0,284065419.0,296498716.0,0.05319603475112519
2007-04-17,18.28,18.38,17.66,18.12,15727537.0,283658637.0,296498716.0,0.05304419935498136
2007-04-18,18.28,19.28,18.0,18.97,24170426.0,454101894.0,296498716.0,0.0815194963609893
2007-04-19,18.97,18.97,17.07,17.39,20270345.0,362688219.0,296498716.0,0.06836570921271713
2007-04-20,17.43,18.12,17.43,17.85,13758915.0,245130981.0,296498716.0,0.046404636032218095
2007-04-23,17.86,18.74,17.86,18.54,21119465.0,388516186.0,296498716.0,0.07122953274441836
2007-04-24,18.93,19.88,18.68,19.6,42139498.0,812244476.0,296498716.0,0.1421237115913851
2007-04-25,19.75,19.75,18.6,19.0,18401017.0,350082632.0,296498716.0,0.06206103435537306
2007-04-26,19.19,19.35,18.7,18.82,11587234.0,219189428.0,296498716.0,0.03908021645530499
2007-04-27,18.83,19.4,18.8,18.84,13968777.0,266441465.0,296498716.0,0.04711243673648826
2007-04-30,18.79,18.79,18.13,18.4,14159029.0,259862792.0,296498716.0,0.047754098874411316
2007-05-08,18.6,18.93,18.46,18.7,16232016.0,302938049.0,296498716.0,0.05474565360343753
2007-05-09,18.71,18.77,17.64,18.14,16160295.0,294464318.0,296498716.0,0.05450376048171487
2007-05-10,18.28,19.0,18.28,18.72,14959081.0,280263271.0,296498716.0,0.050452430964321615
2007-05-11,18.48,18.5,18.08,18.21,10108259.0,184091513.0,296498716.0,0.03409208355559961
2007-05-14,17.97,18.37,17.7,18.05,9490806.0,171847792.0,296498716.0,0.032009602361987965
2007-05-15,18.1,18.97,18.0,18.58,19054660.0,352571485.0,296498716.0,0.06426557341314085
2007-05-16,18.81,20.03,18.4,19.66,34968521.0,675863487.0,296498716.0,0.11793818695660051
2007-05-17,19.7,20.38,19.3,19.59,28149788.0,561521572.0,296498716.0,0.09494067421189102
2007-05-18,19.6,20.08,19.45,19.64,16296752.0,321146161.0,296498716.0,0.054963988444388406
2007-05-21,19.1,21.6,18.9,21.29,29682259.0,614067991.0,296498716.0,0.10010923285077565
2007-05-22,21.56,21.88,20.81,20.92,22551027.0,476904956.0,296498716.0,0.07605775601402605
2007-05-23,20.92,21.51,20.65,21.21,14925051.0,315524321.0,296498716.0,0.05033765812328172
2007-05-24,21.39,21.54,20.0,20.47,19401364.0,399059628.0,296498716.0,0.06543490056800111
2007-05-25,20.3,20.7,20.0,20.35,13911966.0,282736289.0,296498716.0,0.04692083051044309
2007-05-28,20.4,21.48,20.4,20.91,18775529.0,396530394.0,296498716.0,0.06332414943746333
2007-05-29,21.09,23.0,21.09,23.0,38037820.0,852591052.0,296498716.0,0.1282899990703501
2007-05-31,22.38,22.38,20.7,21.76,32525458.0,695115960.0,296498716.0,0.10969847842443944
2007-06-04,19.59,21.5,19.58,19.58,9586647.0,189874944.0,296498716.0,0.03233284490850881
2007-06-05,17.62,17.62,17.62,17.62,6416100.0,113051682.0,296498716.0,0.02163955408157653
2007-06-06,17.9,18.97,17.9,18.68,16752462.0,310166823.0,296498716.0,0.05650095968712391
2007-06-07,18.65,20.45,18.36,20.01,14002483.0,276538436.0,296498716.0,0.047226116824060714
2007-06-08,20.2,20.58,19.4,19.99,14833673.0,295736719.0,296498716.0,0.05002946791850525
2007-06-11,20.2,20.45,19.71,20.21,13315586.0,268391696.0,296498716.0,0.044909422137261464
2007-06-12,20.24,21.76,20.24,21.64,16339104.0,344583106.0,296498716.0,0.055106828860601205
2007-06-13,21.81,22.4,21.45,21.48,15540827.0,339891368.0,296498716.0,0.05241448330589061
2007-06-14,21.49,21.49,20.75,20.8,12756236.0,267484796.0,296498716.0,0.0430229046927812
2007-06-15,20.6,21.45,20.4,20.97,9820614.0,206305157.0,296498716.0,0.033121944447138854
2007-06-18,21.7,22.25,21.29,21.6,12017561.0,262426936.0,296498716.0,0.04053157855833683
2007-06-19,21.8,21.98,21.15,21.4,9349557.0,200574210.0,296498716.0,0.03153321244062318
2007-06-20,21.51,22.26,20.5,20.96,11336770.0,246052700.0,296498716.0,0.03823547755262455
2007-06-21,20.81,21.22,20.1,20.78,9168504.0,188565689.0,296498716.0,0.03092257573216607
2007-06-22,20.71,20.98,18.75,19.5,10597385.0,210821861.0,296498716.0,0.03574175680410029
2007-06-25,19.5,20.0,17.99,18.35,9361196.0,179700991.0,296498716.0,0.031572467248053786
2007-06-26,17.31,18.46,17.31,18.4,8960997.0,160091866.0,296498716.0,0.030222717726710157
2007-06-27,18.71,18.9,18.1,18.63,7499992.0,138827005.0,296498716.0,0.025295192172096963
2007-06-28,18.5,18.72,17.0,17.1,8560368.0,153257475.0,296498716.0,0.02887151794613505
2007-06-29,16.9,16.9,15.4,15.76,11632431.0,186399485.0,296498716.0,0.03923265219131674
2007-07-02,16.0,16.35,15.46,16.07,7765989.0,123361871.0,296498716.0,0.026192319159992584
2007-07-03,16.35,16.48,15.8,16.31,6276771.0,101492022.0,296498716.0,0.021169639736315082
2007-07-04,16.3,17.3,16.2,16.48,9012753.0,151689625.0,296498716.0,0.03039727497504576
2007-07-05,16.2,16.22,14.83,14.84,7144157.0,110949391.0,296498716.0,0.024095068931091087
2007-07-06,14.65,15.99,13.86,15.88,11860248.0,177349100.0,296498716.0,0.04000100965024078
2007-07-09,16.1,16.64,15.9,16.37,9597248.0,156096723.0,296498716.0,0.032368598857608545
2007-07-10,16.39,17.0,15.61,16.0,9840514.0,161376429.0,296498716.0,0.033189061095293244
2007-07-11,16.02,16.18,15.8,16.1,4175427.0,66747469.0,296498716.0,0.014082445470016807
2007-07-12,16.2,16.29,16.02,16.16,3375036.0,54467961.0,296498716.0,0.011382970036200764
2007-07-13,16.2,16.3,15.85,16.1,2639792.0,42207165.0,296498716.0,0.00890321562134522
2007-07-16,16.08,16.15,15.25,15.25,3702302.0,57713931.0,296498716.0,0.0124867387284065
2007-07-17,15.19,15.64,15.03,15.47,2980883.0,45859824.0,296498716.0,0.010053611834190877
2007-07-18,15.28,15.61,15.0,15.38,3744594.0,57426030.0,296498716.0,0.012629376782866068
2007-07-19,15.42,15.87,15.28,15.59,3124862.0,48899611.0,296498716.0,0.010539209215327597
2007-07-20,15.83,16.32,15.66,16.29,7422747.0,119370061.0,296498716.0,0.02503466827829366
2007-07-23,16.4,17.81,16.4,17.5,11574831.0,198473860.0,296498716.0,0.0390383849082166
2007-07-24,17.85,18.34,17.45,17.48,9775109.0,174498386.0,296498716.0,0.03296846992079386
2007-07-25,17.48,18.46,17.48,18.37,11969460.0,217222693.0,296498716.0,0.040369348513468774
2007-07-26,18.54,18.97,18.2,18.4,9808329.0,182252418.0,296498716.0,0.03308051087816515
2007-07-27,18.15,18.7,17.8,18.39,6804682.0,124697208.0,296498716.0,0.022950122994799073
2007-07-30,18.28,18.89,18.24,18.75,7694689.0,144045319.0,296498716.0,0.02595184594323842
2007-07-31,18.6,19.32,18.18,19.3,9464017.0,175997026.0,296498716.0,0.03191925121186697
2007-08-01,19.8,19.88,18.01,18.37,11892562.0,226755365.0,296498716.0,0.04010999494513831
2007-08-02,18.58,19.86,18.41,19.67,10602449.0,202514154.0,296498716.0,0.03575883613607284
2007-08-03,19.88,19.99,19.5,19.71,10553379.0,209111948.0,296498716.0,0.03559333794889014
2007-08-06,19.88,20.3,19.41,19.79,8348767.0,165197522.0,296498716.0,0.028157852123717124
2007-08-07,19.9,20.5,19.51,19.98,10363855.0,209511589.0,296498716.0,0.03495413113357294
2007-08-08,19.99,20.44,19.01,19.48,8456721.0,166784393.0,296498716.0,0.028521948135519077
2007-08-09,19.49,19.8,18.89,19.13,10408043.0,199348065.0,296498716.0,0.03510316381943455
2007-08-10,19.19,19.46,18.48,18.93,7629870.0,144289658.0,296498716.0,0.025733231168528905
2007-08-13,18.48,19.25,18.0,18.5,9742356.0,181319475.0,296498716.0,0.03285800401240186
2007-08-14,18.49,18.95,18.18,18.64,8237188.0,152030515.0,296498716.0,0.02778153008932423
2007-08-15,18.66,18.89,18.01,18.33,6597048.0,120797169.0,296498716.0,0.022249836656965487
2007-08-16,18.25,18.25,17.76,17.98,7172404.0,128554767.0,296498716.0,0.02419033747181556
2007-08-17,17.99,18.44,17.99,18.09,5286210.0,96180761.0,296498716.0,0.01782877872563873
2007-08-20,18.46,19.4,18.46,19.3,8124167.0,153271159.0,296498716.0,0.02740034462746206
2007-08-21,19.5,19.58,19.0,19.13,7250501.0,138976138.0,296498716.0,0.02445373490251472
2007-08-22,18.7,19.35,18.6,18.93,7668388.0,145420048.0,296498716.0,0.02586314066871035
2007-08-23,19.05,19.23,18.66,18.75,7880819.0,148012998.0,296498716.0,0.026579605828714617
2007-08-24,18.85,19.1,18.68,18.7,7101725.0,133762009.0,296498716.0,0.02395195869920732
2007-08-27,18.7,19.5,18.7,18.96,8796591.0,167813877.0,296498716.0,0.029668226286686517
2007-08-28,18.98,20.44,18.76,20.25,17997118.0,353621618.0,296498716.0,0.06069880585924696
2007-08-29,19.9,20.6,19.37,19.48,11615046.0,232209239.0,296498716.0,0.03917401787331855
2007-08-30,19.55,19.95,19.44,19.73,7152137.0,140907586.0,296498716.0,0.024121983044270587
2007-08-31,19.88,20.4,19.74,20.01,8003461.0,161424560.0,296498716.0,0.026993239997707107
2007-09-03,20.1,20.76,20.1,20.15,8920378.0,181692526.0,296498716.0,0.0300857221924698
2007-09-04,20.2,20.3,19.54,19.57,8734908.0,171996109.0,296498716.0,0.02946018828627912
2007-09-05,19.52,19.9,19.46,19.66,6458875.0,127037187.0,296498716.0,0.02178382114814959
2007-09-06,20.05,21.63,20.01,21.63,29342970.0,616084456.0,296498716.0,0.09896491423591865
2007-09-07,21.7,23.69,21.26,22.37,30357215.0,687971543.0,296498716.0,0.10238565417598638
2007-09-10,22.09,23.36,21.9,23.2,18773957.0,428545696.0,296498716.0,0.06331884755952873
2007-09-11,23.2,23.2,20.88,20.88,16678227.0,370919846.0,296498716.0,0.05625058760794094
2007-09-12,20.81,21.58,19.9,20.54,11671306.0,239748858.0,296498716.0,0.0393637657439299
2007-09-13,20.84,21.55,20.6,21.49,8892200.0,188626198.0,296498716.0,0.02999068636776154
2007-09-14,21.6,22.23,21.2,21.74,9287487.0,201262744.0,296498716.0,0.03132386920690746
2007-09-17,21.75,22.8,21.66,22.38,15557679.0,347433928.0,296498716.0,0.05247131997698094
2007-09-18,22.4,23.48,22.01,23.1,18371323.0,421879864.0,296498716.0,0.061960885523699875
2007-09-19,23.2,23.39,22.53,23.03,13661643.0,314204503.0,296498716.0,0.046076567157882733
2007-09-20,22.7,25.0,22.49,24.73,18607482.0,439033843.0,296498716.0,0.06275737801171456
2007-09-21,25.0,25.7,23.95,24.28,17727712.0,442049491.0,296498716.0,0.05979018135107202
2007-09-24,24.28,25.2,24.0,24.2,9004138.0,220801748.0,296498716.0,0.030368219199977918
2007-09-25,24.2,24.75,23.7,23.8,7025811.0,168720300.0,296498716.0,0.023695923863629818
2007-09-27,24.5,25.2,22.9,23.15,11317980.0,271569501.0,296498716.0,0.0381721045969049
2007-09-28,23.42,25.47,23.42,25.47,25715583.0,649347341.0,296498716.0,0.08673084101989838
2007-10-08,25.44,26.3,25.0,25.7,18127038.0,466394037.0,296498716.0,0.061136986508906165
2007-10-09,25.7,26.15,24.48,25.35,12119645.0,304013609.0,296498716.0,0.04087587684528118
2007-10-10,25.2,25.34,24.5,24.79,9350240.0,232326004.0,296498716.0,0.03153551599191411
2007-10-11,24.81,24.98,24.1,24.9,10402572.0,254274021.0,296498716.0,0.035084711800235924
2007-10-12,24.92,25.58,23.0,24.35,11658243.0,281621437.0,296498716.0,0.03931970821755599
2007-10-15,24.35,24.58,23.26,23.72,8284730.0,195861157.0,296498716.0,0.027941874797191363
2007-10-16,23.5,24.96,23.5,24.26,6820635.0,165294788.0,296498716.0,0.02300392761228686
2007-10-17,24.3,24.55,23.58,23.9,6311326.0,150888073.0,296498716.0,0.02128618324269573
2007-10-18,24.16,25.27,23.7,24.4,11669345.0,288930306.0,296498716.0,0.03935715188729519
2007-10-19,24.72,26.8,24.72,26.02,19381393.0,504810840.0,296498716.0,0.06536754445843873
2007-10-22,26.1,26.1,24.67,24.88,7479121.0,190161121.0,296498716.0,0.025224800636236146
2007-10-23,24.88,26.41,24.77,26.3,12734762.0,326711243.0,296498716.0,0.042950479421300425
2007-10-24,26.32,26.99,25.72,26.39,12206830.0,321798478.0,296498716.0,0.041169925336202805
2007-10-25,26.44,27.0,25.29,25.55,14067905.0,366749776.0,296498716.0,0.047446765334390184
2007-10-26,24.82,25.5,23.8,24.0,8245507.0,201721418.0,296498716.0,0.027809587546409477
2007-10-29,24.1,24.49,23.05,23.51,5960854.0,140757468.0,296498716.0,0.02010414776973267
2007-10-30,23.2,24.28,23.05,23.96,4751877.0,112572470.0,296498716.0,0.016026636014167428
2007-10-31,24.28,24.95,24.18,24.69,4627574.0,113806472.0,296498716.0,0.015607399797306373
2007-11-01,24.6,24.98,23.8,23.95,4691270.0,113189525.0,296498716.0,0.015822227034534612
2007-11-02,23.8,24.3,23.1,24.15,4505906.0,105968436.0,296498716.0,0.015197050634107973
2007-11-05,24.01,24.48,23.58,23.66,3189478.0,76333315.0,296498716.0,0.010757139332772017
2007-11-06,23.6,23.93,23.0,23.15,4257400.0,99009736.0,296498716.0,0.014358915469974582
2007-11-07,23.17,23.54,22.18,22.65,4765148.0,107885841.0,296498716.0,0.016071395061285864
2007-11-08,22.58,22.58,20.67,20.8,5662779.0,121618386.0,296498716.0,0.01909883144316888
2007-11-09,20.66,21.2,19.8,20.81,4958238.0,101807639.0,296498716.0,0.016722628910136664
2007-11-12,20.3,20.81,19.02,19.71,4350756.0,85864878.0,296498716.0,0.014673776867215844
2007-11-13,19.75,20.36,19.3,19.52,3355416.0,66571451.0,296498716.0,0.011316797742894779
2007-11-14,20.0,20.38,19.8,20.35,2458116.0,49536737.0,296498716.0,0.00829047772335041
2007-11-15,20.28,20.4,20.0,20.03,2458885.0,49474048.0,296498716.0,0.008293071326487633
2007-11-16,20.0,21.0,19.71,20.89,2570748.0,52456343.0,296498716.0,0.008670351206512475
2007-11-19,20.9,21.23,20.52,21.02,1586589.0,33343468.0,296498716.0,0.005351082194905694
2007-11-20,20.91,22.12,20.9,22.04,3614733.0,78851414.0,296498716.0,0.012191395122264206
2007-11-21,22.08,22.2,21.55,21.71,2207899.0,48186086.0,296498716.0,0.007446571876554096
2007-11-22,21.6,21.62,19.96,20.0,2276497.0,47645659.0,296498716.0,0.007677932069021169
2007-11-23,19.89,20.45,19.8,20.4,1708073.0,34319616.0,296498716.0,0.005760810782060857
2007-11-26,20.86,21.0,20.15,20.27,1439990.0,29746653.0,296498716.0,0.004856648350544628
2007-11-27,20.18,20.25,19.82,19.98,1333323.0,26686588.0,296498716.0,0.004496892998349443
2007-11-28,19.98,20.5,19.9,20.0,1103504.0,22202593.0,296498716.0,0.0037217834022593202
2007-11-29,20.36,20.82,19.91,20.6,2346841.0,47818518.0,296498716.0,0.007915180988507214
2007-11-30,20.59,20.59,20.13,20.18,1018368.0,20678440.0,296498716.0,0.003434645565210475
2007-12-03,20.5,20.78,20.16,20.74,1300437.0,26696386.0,296498716.0,0.0043859785214044565
2007-12-04,20.8,21.15,20.51,20.74,1341609.0,28054408.0,296498716.0,0.004524839156470411
2007-12-05,20.99,21.2,20.61,21.03,1786362.0,37481980.0,296498716.0,0.006024855770370352
2007-12-06,21.04,21.25,20.79,20.9,1231347.0,25768739.0,296498716.0,0.004152958962560903
2007-12-07,20.91,21.49,20.81,21.35,1795241.0,38100889.0,296498716.0,0.006054801937152402
2007-12-10,20.88,22.2,20.71,21.99,2894091.0,62709418.0,296498716.0,0.009760888812752902
2007-12-11,21.99,22.63,21.81,22.11,4384353.0,97651643.0,296498716.0,0.014787089330936597
2007-12-12,22.11,23.55,22.11,23.2,5810293.0,133765256.0,296498716.0,0.019596351304266693
2007-12-13,23.25,24.0,22.0,22.0,6216414.0,144376805.0,296498716.0,0.020966073930654056
2007-12-14,21.97,23.15,21.65,22.97,3380105.0,76160227.0,302305472.0,0.011181091025702637
2007-12-17,23.2,23.71,22.9,23.23,3370759.0,78717641.0,302305472.0,0.011150175277012519
2007-12-18,23.2,23.95,22.8,23.45,2870828.0,67579742.0,302305472.0,0.009496447355077979
2007-12-19,23.51,23.99,23.09,23.67,3357054.0,78823215.0,302305472.0,0.01110484033845077
2007-12-20,23.7,23.89,23.4,23.58,2511445.0,59315247.0,302305472.0,0.00830763989611144
2007-12-21,23.6,23.77,23.1,23.69,3824537.0,89690537.0,302305472.0,0.012651233120914198
2007-12-24,23.89,24.8,23.61,24.45,6699312.0,162035479.0,302305472.0,0.022160736805981466
2007-12-25,24.04,24.74,24.0,24.45,3897484.0,94620338.0,302305472.0,0.012892535402071716
2007-12-26,24.5,24.75,23.89,24.1,4739526.0,114187424.0,302305472.0,0.01567793652110935
2007-12-27,24.0,25.08,23.89,24.5,6618789.0,162777825.0,327985703.0,0.020180114375290315
2007-12-28,24.43,25.0,23.9,24.0,5554624.0,135704314.0,327985703.0,0.01693556746282932
2008-01-02,24.15,24.63,23.6,24.38,8199898.0,198323045.0,519985703.0,0.015769468184781997
2008-01-03,24.78,26.15,24.78,25.85,13758188.0,350707950.0,519985703.0,0.026458781309993056
2008-01-04,26.1,26.97,25.84,25.98,13306219.0,351196580.0,519985703.0,0.02558958625829757
2008-01-07,25.98,27.37,25.8,27.11,15321028.0,408918024.0,519985703.0,0.02946432548357969
2008-01-08,27.51,27.99,26.7,26.94,14204238.0,390647097.0,519985703.0,0.027316593356413878
2008-01-09,26.9,27.85,26.71,27.33,11090502.0,303867006.0,519985703.0,0.021328474871548535
2008-01-10,27.6,28.05,26.88,27.4,12311958.0,337596297.0,519985703.0,0.023677493302157192
2008-01-11,27.1,27.3,26.05,26.47,12427379.0,328839128.0,519985703.0,0.023899462866578083
2008-01-14,26.54,26.97,25.58,26.04,24141697.0,626701193.0,519985703.0,0.046427616876227845
2008-01-15,26.22,28.0,26.22,28.0,32725968.0,890812321.0,519985703.0,0.06293628423087624
2008-01-16,28.0,28.8,27.22,28.2,21002279.0,589163764.0,519985703.0,0.04039010857188895
2008-01-17,28.1,28.93,26.5,28.2,17796786.0,500364052.0,519985703.0,0.0342255294661438
2008-01-18,28.7,28.75,27.63,28.61,11497909.0,323506823.0,519985703.0,0.02211197141318326
2008-01-21,28.9,29.81,28.46,28.7,15594076.0,455627713.0,519985703.0,0.029989432228678024
2008-01-22,27.8,27.8,25.83,25.83,18402744.0,487878806.0,519985703.0,0.035390865352311424
2008-01-23,26.31,27.78,25.38,27.5,22931519.0,609876068.0,519985703.0,0.04410028750348161
2008-01-24,27.5,27.52,24.83,25.82,28154806.0,742860029.0,519985703.0,0.05414534637695606
2008-01-25,25.15,25.3,23.81,23.83,21558409.0,524009218.0,519985703.0,0.041459618746479264
2008-01-28,24.01,24.69,22.0,22.43,14263718.0,335822069.0,519985703.0,0.027430981116801974
2008-01-29,22.98,23.44,22.18,22.98,7106675.0,162118913.0,519985703.0,0.01366705845756686
2008-01-30,23.35,23.85,22.48,23.09,6292884.0,146108085.0,519985703.0,0.012102032736080823
2008-01-31,23.19,23.29,21.01,21.52,6056895.0,136463270.0,519985703.0,0.011648195258168473
2008-02-01,21.52,22.0,19.82,20.7,8088519.0,166731000.0,519985703.0,0.01555527191100483
2008-02-04,21.48,22.77,21.39,22.77,7227794.0,161407289.0,519985703.0,0.013899986015577048
2008-02-05,22.99,23.5,22.55,22.99,10298315.0,236595390.0,519985703.0,0.019804996446219598
2008-02-13,22.95,22.95,22.06,22.5,4724995.0,106431462.0,519985703.0,0.009086778680143827
2008-02-14,22.78,23.19,22.6,23.02,3295702.0,75605620.0,519985703.0,0.006338062721697562
2008-02-15,23.04,23.6,22.68,23.6,6423436.0,149599936.0,519985703.0,0.012353101177476027
2008-02-19,24.45,24.98,24.0,24.15,9250111.0,225995831.0,519985703.0,0.01778916409938294
2008-02-20,23.98,24.4,23.35,23.39,7010544.0,166730423.0,519985703.0,0.013482186066950383
2008-02-21,24.02,25.68,24.0,25.11,13976204.0,345008062.0,519985703.0,0.026878054376045027
2008-02-22,25.15,25.19,23.65,24.38,9458249.0,231268814.0,519985703.0,0.01818944048928976
2008-02-25,24.5,25.21,24.02,24.28,7823793.0,193180914.0,519985703.0,0.015046169452085877
2008-02-26,25.0,25.3,22.71,23.85,7159706.0,171670954.0,519985703.0,0.013769043953887325
2008-02-27,24.25,25.48,23.76,25.26,12533582.0,313041103.0,519985703.0,0.024103705020520536
2008-02-28,25.85,25.99,24.67,24.85,12706579.0,320239365.0,519985703.0,0.02443640070619403
2008-02-29,16.49,16.95,15.95,16.23,13754512.0,225272864.0,782560905.0,0.01757628308815146
2008-03-03,16.18,17.3,15.95,17.01,14942935.0,252352380.0,782560905.0,0.01909491632475558
2008-03-04,17.09,17.57,16.88,17.08,15516729.0,267405820.0,782560905.0,0.019828142322034347
2008-03-05,17.16,17.2,16.31,16.87,11066512.0,185134920.0,782560905.0,0.014141406667893791
2008-03-06,16.81,17.0,16.4,16.59,10002450.0,166325171.0,782560905.0,0.012781688857814843
2008-03-07,16.55,16.99,16.38,16.85,10893543.0,182500313.0,782560905.0,0.013920377226102293
2008-03-10,16.82,16.96,15.98,16.29,9137310.0,149709040.0,782560905.0,0.011676164681393073
2008-03-11,16.0,16.6,15.85,16.56,6384902.0,103502101.0,782560905.0,0.008158984124053578
2008-03-12,16.99,17.09,16.0,16.08,12854153.0,213208160.0,782560905.0,0.016425754107918283
2008-03-13,15.78,16.12,15.0,15.7,11091855.0,171140120.0,782560905.0,0.014173791367714695
2008-03-14,15.74,15.75,15.1,15.5,6738517.0,103980836.0,782560905.0,0.008610853106698449
2008-03-17,15.58,15.59,13.95,13.95,8015978.0,117045121.0,782560905.0,0.010243264069011984
2008-03-18,13.28,13.89,12.56,12.56,10620930.0,137463344.0,782560905.0,0.013572017119868772
2008-03-19,12.61,13.25,12.29,12.66,17156995.0,219393517.0,782560905.0,0.021924165761896833
2008-03-20,12.7,13.45,11.75,13.15,17821719.0,224175609.0,782560905.0,0.02277358718807963
2008-03-21,12.99,13.49,12.91,13.15,15228709.0,201271871.0,782560905.0,0.019460094291319088
2008-03-24,13.38,13.48,12.7,12.7,10724478.0,141322644.0,782560905.0,0.013704336533397359
2008-03-25,12.45,12.8,12.0,12.8,10354687.0,128693161.0,782560905.0,0.013231796955152008
2008-03-26,13.1,14.08,13.08,14.08,29063880.0,399129052.0,782560905.0,0.03713944795133869
2008-03-27,13.9,14.5,13.56,13.6,25879472.0,363036757.0,782560905.0,0.03307023368360064
2008-03-28,13.26,14.2,12.6,13.96,18687334.0,250940334.0,782560905.0,0.023879718346011675
2008-03-31,13.5,13.83,12.6,12.65,13677976.0,180045906.0,782560905.0,0.017478481115792515
2008-04-01,12.6,12.88,11.39,11.39,15943897.0,188655408.0,782560905.0,0.020374001433153627
2008-04-02,11.2,11.78,10.25,10.31,17527302.0,188662366.0,782560905.0,0.022397364713740715
2008-04-03,10.1,10.87,9.51,10.65,12366958.0,125446103.0,782560905.0,0.015803189146025638
2008-04-07,10.21,11.5,10.2,11.44,12549468.0,138510305.0,782560905.0,0.016036410610110914
2008-04-08,11.5,11.69,11.17,11.49,13762609.0,158202734.0,782560905.0,0.017586629886653996
2008-04-09,11.32,11.6,10.42,10.44,11135048.0,123102250.0,782560905.0,0.014228985793763874
2008-04-10,10.35,10.86,10.04,10.81,7289501.0,76861615.0,782560905.0,0.009314931212925849
2008-04-11,10.91,11.46,10.91,11.13,10055853.0,112473724.0,782560905.0,0.012849930191695431
2008-04-14,10.7,11.03,10.2,10.23,9543001.0,100976583.0,782560905.0,0.012194579283257193
2008-04-15,10.23,11.18,10.08,11.08,9259968.0,98163821.0,782560905.0,0.01183290391947193
2008-04-16,11.05,11.37,10.7,10.75,9168814.0,101150786.0,782560905.0,0.011716422250866212
2008-04-17,10.82,11.1,10.27,10.45,7452441.0,79532568.0,782560905.0,0.009523145038787748
2008-04-18,10.21,10.45,9.77,9.89,8339213.0,83809979.0,782560905.0,0.010656311792115401
2008-04-21,10.7,10.85,9.82,10.02,9687061.0,99871659.0,782560905.0,0.012378667191405377
2008-04-22,9.9,9.99,9.11,9.76,7992685.0,76413028.0,782560905.0,0.01021349897360385
2008-04-23,9.84,10.31,9.65,10.2,12858066.0,129811415.0,782560905.0,0.016430754357707147
2008-04-24,11.15,11.22,10.76,11.22,30474680.0,337973122.0,782560905.0,0.038942246929649524
2008-04-25,11.5,12.33,11.3,12.09,41437563.0,495893981.0,782560905.0,0.05295123067769403
2008-04-28,11.8,12.0,11.46,11.78,19240086.0,226526465.0,782560905.0,0.024586055701313114
2008-04-29,11.52,12.5,11.52,12.1,22438608.0,271462341.0,782560905.0,0.028673305625969137
2008-04-30,12.1,13.12,12.05,12.92,29123679.0,366624880.0,782560905.0,0.037215862450987125
2008-05-05,13.1,13.48,12.7,13.21,25546317.0,335406113.0,782560905.0,0.03264450963085103
2008-05-06,12.95,13.2,12.75,12.77,21343644.0,275276190.0,782560905.0,0.027274099515615338
2008-05-07,12.65,12.96,11.89,11.92,19461700.0,242284879.0,782560905.0,0.02486924643903595
2008-05-08,11.88,12.55,11.73,12.4,17153994.0,208790784.0,782560905.0,0.021920330916607698
2008-05-09,12.41,12.86,12.04,12.78,18902312.0,236761668.0,782560905.0,0.024154429232572
2008-05-12,12.8,14.0,12.52,13.91,49381512.0,663418195.0,782560905.0,0.06310245207048773
2008-05-13,13.42,13.89,13.1,13.5,35068042.0,474654201.0,782560905.0,0.0448119012538711
2008-05-14,13.5,14.29,13.31,14.03,30853364.0,428439166.0,782560905.0,0.03942615047962305
2008-05-15,14.04,14.97,13.91,14.35,41891944.0,608869541.0,782560905.0,0.053531864079000985
2008-05-16,14.2,14.65,13.5,13.98,24625861.0,347266698.0,782560905.0,0.03146829958238202
2008-05-19,13.7,14.4,13.4,14.1,19001013.0,264601341.0,782560905.0,0.02428055487898415
2008-05-20,14.0,14.4,12.81,13.0,21352527.0,292512442.0,782560905.0,0.027285450708785408
2008-05-21,12.77,13.53,11.98,13.4,23496440.0,297590611.0,782560905.0,0.030025062394344885
2008-05-22,13.17,14.36,12.85,13.92,36960429.0,518171220.0,782560905.0,0.04723009897868588
2008-05-23,13.8,14.1,13.35,13.62,17152195.0,234709721.0,782560905.0,0.021918032054003514
2008-05-26,13.51,13.98,13.3,13.33,14875951.0,202586284.0,782560905.0,0.019009320431104336
2008-05-27,13.31,13.55,12.8,13.02,11238023.0,146818673.0,782560905.0,0.014360572995912695
2008-05-28,13.14,13.5,12.82,13.37,10734511.0,141458383.0,782560905.0,0.013717157260750203
2008-05-29,13.3,13.98,13.17,13.4,17371357.0,236896156.0,782560905.0,0.022198089489277515
2008-05-30,13.41,14.15,13.41,14.15,27095047.0,375396589.0,782560905.0,0.034623563261187956
2008-06-02,14.11,14.79,14.01,14.26,34719442.0,501957172.0,782560905.0,0.04436644071811893
2008-06-03,14.24,14.38,13.81,13.91,15733256.0,220352185.0,782560905.0,0.020104832607246076
2008-06-04,13.98,13.98,13.32,13.73,13813856.0,187896876.0,782560905.0,0.017652116163405836
2008-06-05,13.55,13.65,13.03,13.08,15177281.0,201572823.0,782560905.0,0.01939437672266544
2008-06-06,13.13,13.3,12.91,13.16,8284345.0,108684987.0,782560905.0,0.01058619839947154
2008-06-10,12.58,12.59,11.84,11.84,12651544.0,153208622.0,782560905.0,0.016166849019885552
2008-06-11,11.21,11.58,10.66,10.68,18181866.0,199329572.0,782560905.0,0.023233803124882657
2008-06-12,10.72,10.98,10.32,10.82,12991200.0,139546766.0,782560905.0,0.01660088041326317
2008-06-13,10.79,11.0,9.99,10.03,10732061.0,111697654.0,782560905.0,0.013714026514012989
2008-06-16,10.04,10.38,9.4,9.66,10777693.0,105926267.0,782560905.0,0.013772337630385458
2008-06-17,9.88,10.0,9.06,9.14,12831088.0,122565304.0,782560905.0,0.016396280363635083
2008-06-18,9.0,10.05,8.72,10.05,19853773.0,191244633.0,782560905.0,0.025370259200464405
2008-06-19,10.05,10.45,9.11,9.16,23088570.0,228204066.0,782560905.0,0.02950386334466836
2008-06-20,10.0,10.08,9.44,10.08,40473036.0,403662296.0,782560905.0,0.05171870424577369
2008-06-23,9.9,10.45,9.69,10.08,24012748.0,244499553.0,782560905.0,0.03068482957246631
2008-06-24,9.96,10.48,9.6,10.29,23528698.0,236062757.0,782560905.0,0.030066283467099598
2008-06-25,10.18,10.77,10.09,10.67,22942784.0,241472434.0,782560905.0,0.029317569857390206
2008-06-26,10.79,10.96,10.41,10.62,18918454.0,202220691.0,782560905.0,0.0241750563810749
2008-06-27,10.15,10.45,9.56,9.8,20399911.0,203563666.0,782560905.0,0.026068144817431176
2008-06-30,9.8,9.99,9.41,9.82,9094334.0,88487812.0,782560905.0,0.011621247550054906
2008-07-01,9.83,9.92,9.38,9.53,8355708.0,80292642.0,782560905.0,0.010677390023719624
2008-07-02,9.65,9.86,9.5,9.64,7649746.0,74173233.0,782560905.0,0.009775272379598365
2008-07-03,9.45,10.42,9.3,10.21,19892595.0,200283063.0,782560905.0,0.02541986811876323
2008-07-04,10.09,10.35,9.98,10.0,12380046.0,125395821.0,782560905.0,0.015819913722881416
2008-07-07,10.11,10.66,10.11,10.53,16905825.0,177240281.0,782560905.0,0.021603206717820896
2008-07-08,10.63,10.86,10.33,10.7,17425868.0,185384561.0,782560905.0,0.02226774668739681
2008-07-09,10.71,11.0,10.52,10.95,20169774.0,218042576.0,782560905.0,0.025774062914630268
2008-07-10,11.0,11.42,10.71,10.73,23873706.0,266817902.0,782560905.0,0.030507153944778265
2008-07-11,10.6,10.89,10.43,10.66,12115858.0,128475533.0,782560905.0,0.015482319551856479
2008-07-14,10.46,10.98,10.43,10.88,10099122.0,109041184.0,782560905.0,0.012905221734786252
2008-07-15,10.95,11.12,10.4,10.51,12351510.0,132045242.0,782560905.0,0.015783448829455645
2008-07-16,10.4,10.45,9.62,9.89,11737208.0,117993329.0,782560905.0,0.014998459448980523
2008-07-17,10.2,10.28,9.61,9.68,8165199.0,81038258.0,782560905.0,0.010433946991001294
2008-07-18,9.8,10.22,9.5,10.14,8335122.0,81887092.0,782560905.0,0.010651084083992159
2008-07-21,10.18,10.47,9.98,10.46,9297989.0,95833972.0,782560905.0,0.011881489275266057
2008-07-22,10.47,10.55,10.16,10.33,12821207.0,132546152.0,782560905.0,0.016383653870365528
2008-07-23,10.42,10.47,10.2,10.21,9353060.0,96607473.0,782560905.0,0.011951862072639574
2008-07-24,10.26,10.44,10.2,10.37,12469852.0,128627340.0,782560905.0,0.01593467284185376
2008-07-25,10.2,10.55,10.2,10.34,11444930.0,119054829.0,782560905.0,0.014624970308221569
2008-07-28,10.43,10.48,10.3,10.38,9575390.0,99247906.0,782560905.0,0.012235967755123162
2008-07-29,10.3,10.3,9.82,9.89,11372057.0,113717633.0,782560905.0,0.014531849121698713
2008-07-30,10.08,10.13,9.6,9.72,9380277.0,92009196.0,782560905.0,0.011986641474250492
2008-07-31,9.89,9.89,9.52,9.57,5779484.0,55775692.0,782560905.0,0.007385347214604338
2008-08-01,9.5,9.71,9.21,9.5,7125588.0,67400064.0,782560905.0,0.009105474033359743
2008-08-04,9.55,9.55,9.1,9.11,6938462.0,64233877.0,782560905.0,0.008866353986850392
2008-08-05,9.15,9.23,8.81,8.84,6371274.0,57333902.0,782560905.0,0.0081415695050598
2008-08-06,8.9,8.98,8.64,8.77,7195258.0,63124476.0,782560905.0,0.00919450224771962
2008-08-07,8.77,8.95,8.68,8.92,4253613.0,37441921.0,782560905.0,0.005435504090253525
2008-08-08,8.92,8.96,8.03,8.03,7990047.0,67239390.0,782560905.0,0.010210127989974147
2008-08-11,7.95,7.95,7.23,7.23,9844331.0,72553961.0,782560905.0,0.012579635574818294
2008-08-12,6.95,7.14,6.67,6.74,10946285.0,74871539.0,782560905.0,0.01398777389729174
2008-08-13,6.58,6.92,6.5,6.82,10327431.0,69672796.0,782560905.0,0.013196967717164455
2008-08-14,6.76,6.97,6.71,6.84,5670684.0,39020215.0,782560905.0,0.007246316502355813
2008-08-15,6.9,6.93,6.66,6.75,4340660.0,29606815.0,782560905.0,0.005546737605043022
2008-08-18,6.85,6.88,6.08,6.08,7895619.0,50714172.0,782560905.0,0.010089462621442865
2008-08-19,5.91,6.55,5.88,6.48,10693799.0,67601230.0,782560905.0,0.013665133194968385
2008-08-20,6.5,7.09,6.35,7.05,16821208.0,113522157.0,782560905.0,0.02149507839265239
2008-08-21,6.85,7.0,6.42,6.42,11020384.0,74083322.0,782560905.0,0.014082461735039013
2008-08-22,6.45,6.55,6.03,6.24,7087954.0,44026812.0,782560905.0,0.009057383207764513
2008-08-25,6.32,6.43,6.15,6.26,4106116.0,25854320.0,782560905.0,0.005247024191682563
2008-08-26,6.16,6.2,5.68,5.8,7730888.0,45700226.0,782560905.0,0.009878960155823272
2008-08-27,5.84,5.97,5.7,5.85,4584379.0,26785200.0,782560905.0,0.005858175345470395
2008-08-28,5.84,6.0,5.81,5.85,3519854.0,20735739.0,782560905.0,0.004497865888150904
2008-08-29,5.9,6.18,5.9,6.08,5947502.0,36023599.0,782560905.0,0.007600049992275042
2008-09-01,6.04,6.04,5.74,5.82,4284464.0,25196271.0,782560905.0,0.00547492721988201
2008-09-02,5.76,5.92,5.75,5.88,3126452.0,18282504.0,782560905.0,0.003995154856349488
2008-09-03,5.9,5.98,5.76,5.92,3928127.0,23029987.0,782560905.0,0.005019579913719303
2008-09-04,5.85,6.24,5.85,6.14,8230233.0,50084701.0,782560905.0,0.010517051065820878
2008-09-05,5.91,6.06,5.85,5.94,6203097.0,37000993.0,782560905.0,0.007926663548315132
2008-09-08,5.95,5.98,5.55,5.56,5278566.0,30283091.0,782560905.0,0.006745246237415859
2008-09-09,5.65,5.74,5.55,5.68,3430737.0,19389392.0,782560905.0,0.004383987211832413
2008-09-10,5.6,5.82,5.56,5.7,2972426.0,17008506.0,782560905.0,0.0037983318371878033
2008-09-11,5.72,5.77,5.64,5.65,3573318.0,20370468.0,782560905.0,0.004566185171235969
2008-09-12,5.73,5.99,5.72,5.9,7293865.0,42708946.0,782560905.0,0.009320507775685523
2008-09-16,5.97,6.04,5.8,5.95,8852721.0,52615144.0,782560905.0,0.011312500973965725
2008-09-17,5.91,6.1,5.91,6.02,7428558.0,44685006.0,782560905.0,0.009492626008451062
2008-09-18,5.9,5.94,5.42,5.57,12544175.0,69513708.0,782560905.0,0.016029646919302722
2008-09-19,6.11,6.13,6.02,6.13,8775541.0,53655833.0,782560905.0,0.011213876062464429
2008-09-22,6.65,6.74,6.15,6.52,20449099.0,132688850.0,782560905.0,0.026130999989067944
2008-09-23,6.2,6.35,6.01,6.1,10608370.0,65344680.0,782560905.0,0.013555967250881259
2008-09-24,6.0,6.26,5.91,6.26,8994153.0,54633016.0,782560905.0,0.01149323067704232
2008-09-25,6.35,6.48,6.2,6.38,12525873.0,79772842.0,782560905.0,0.016006259602247826
2008-09-26,6.48,6.65,6.37,6.6,17621334.0,115303591.0,782560905.0,0.0225175240513708
2008-10-06,6.47,6.49,6.22,6.23,8229687.0,52135061.0,782560905.0,0.010516353356548012
2008-10-07,5.98,6.32,5.9,6.18,5693536.0,34831864.0,782560905.0,0.007275518063351248
2008-10-08,6.0,6.15,5.92,5.97,5023722.0,30225774.0,782560905.0,0.006419592351089913
2008-10-09,6.16,6.16,5.9,5.91,5256753.0,31697302.0,782560905.0,0.006717372368608166
2008-10-10,5.77,5.77,5.46,5.51,6234751.0,34805513.0,782560905.0,0.007967112796159937
2008-10-13,5.5,5.8,5.4,5.8,6293819.0,35254911.0,782560905.0,0.00804259318321045
2008-10-14,6.05,6.1,5.58,5.68,6545308.0,38485806.0,782560905.0,0.00836395986329013
2008-10-15,5.65,5.7,5.5,5.65,4062737.0,22694125.0,782560905.0,0.00519159208445252
2008-10-16,5.45,5.45,5.09,5.12,6308894.0,33287200.0,782560905.0,0.0080618568595629
2008-10-17,5.2,5.27,5.0,5.06,4693117.0,23968835.0,782560905.0,0.005997126830658631
2008-10-20,5.09,5.23,5.0,5.19,3629500.0,18597323.0,782560905.0,0.0046379776664156255
2008-10-21,5.24,5.35,5.16,5.2,4312715.0,22563400.0,782560905.0,0.005511027924401616
2008-10-22,5.1,5.14,5.0,5.02,4767947.0,24084469.0,782560905.0,0.006092748781003825
2008-10-23,4.92,5.0,4.84,4.94,4516425.0,22222616.0,782560905.0,0.005771339931682378
2008-10-24,4.97,5.07,4.88,4.91,3467771.0,17199060.0,782560905.0,0.0044313113239409785
2008-10-27,4.78,4.78,4.42,4.42,6230550.0,28346224.0,782560905.0,0.007961744523897472
2008-10-28,4.3,4.54,4.21,4.46,5491319.0,24154268.0,782560905.0,0.00701711389479647
2008-10-29,4.54,4.59,4.2,4.2,4633646.0,20483160.0,782560905.0,0.005921131467716241
2008-10-30,4.0,4.32,4.0,4.23,5779414.0,24253678.0,782560905.0,0.007385257764697561
2008-10-31,4.26,4.28,4.15,4.17,3219786.0,13530013.0,782560905.0,0.004114422250623419
2008-11-03,4.13,4.2,3.98,4.02,2252522.0,9254366.0,782560905.0,0.0028783983273480804
2008-11-04,4.0,4.08,3.98,4.02,2892756.0,11651555.0,782560905.0,0.0036965250647168478
2008-11-05,4.04,4.27,4.04,4.23,5459927.0,22963502.0,782560905.0,0.006976999445174175
2008-11-06,4.14,4.21,4.08,4.2,2433409.0,10123106.0,782560905.0,0.0031095458314519303
2008-11-07,4.07,4.32,4.06,4.31,5425116.0,23120186.0,782560905.0,0.006932516006533702
2008-11-10,4.36,4.73,4.36,4.72,9010132.0,41010900.0,782560905.0,0.01151364953504801
2008-11-11,4.79,4.79,4.57,4.59,8655477.0,40610052.0,782560905.0,0.011060451582359587
2008-11-12,4.49,4.72,4.45,4.68,4680648.0,21555114.0,782560905.0,0.005981193246549928
2008-11-13,4.68,5.15,4.62,5.15,21844170.0,110509608.0,782560905.0,0.027913699573325863
2008-11-14,5.26,5.66,5.25,5.42,30707308.0,168348320.0,782560905.0,0.0392395119712759
2008-11-17,5.51,5.96,5.41,5.96,21981674.0,126914472.0,782560905.0,0.028089409858776424
2008-11-18,5.98,6.16,5.37,5.47,26085184.0,151483712.0,782560905.0,0.03333310395821524
2008-11-19,5.36,6.02,5.36,5.95,21916008.0,127951184.0,782560905.0,0.02800549817908422
2008-11-20,5.85,6.31,5.74,6.09,23133494.0,141787312.0,782560905.0,0.029561269739126567
2008-11-21,5.99,6.26,5.75,6.18,20790526.0,126075400.0,782560905.0,0.026567294465087033
2008-11-25,6.0,6.18,5.71,5.85,15806660.0,93673016.0,782560905.0,0.020198632335204632
2008-11-26,5.85,6.06,5.68,5.88,10261205.0,60616876.0,782560905.0,0.013112340438218033
2008-11-27,6.4,6.42,6.0,6.02,17101920.0,106849584.0,782560905.0,0.021853787853100073
2008-11-28,5.95,6.3,5.9,6.16,12402809.0,76707176.0,782560905.0,0.01584900155470966
2008-12-01,6.13,6.78,6.11,6.74,21734300.0,141369248.0,782560905.0,0.027773301555359453
2008-12-02,6.55,6.95,6.48,6.57,24033140.0,160562592.0,782560905.0,0.030710887608166423
2008-12-03,6.67,6.85,6.57,6.73,14020038.0,93774360.0,782560905.0,0.01791558703025166
2008-12-04,6.78,6.99,6.63,6.72,20805080.0,141975824.0,782560905.0,0.026585892378561897
2008-12-05,6.7,6.72,6.45,6.66,15583481.0,102358216.0,782560905.0,0.019913441753137414
2008-12-08,6.71,6.96,6.6,6.93,24477844.0,166814080.0,782560905.0,0.03127915519878929
2008-12-09,6.93,7.24,6.71,6.92,20328940.0,141671264.0,782560905.0,0.025977454112661044
2008-12-10,6.9,7.14,6.7,7.1,20564720.0,142685616.0,782560905.0,0.026278746955804035
2008-12-11,7.03,7.16,6.76,6.81,14922100.0,104188336.0,782560905.0,0.01906829219893115
2008-12-12,6.76,6.85,6.5,6.56,10143680.0,67289256.0,782560905.0,0.012962160434017593
2008-12-15,6.68,6.77,6.34,6.7,6275197.0,41135528.0,782560905.0,0.008018796952296
2008-12-16,6.64,6.77,6.51,6.73,5150893.0,34388932.0,782560905.0,0.006582098552444298
2008-12-17,6.79,7.0,6.78,6.84,6373446.0,44043524.0,782560905.0,0.008144345007881528
2008-12-18,6.8,6.96,6.8,6.92,5171670.0,35631852.0,782560905.0,0.006608648562631684
2008-12-19,6.9,7.0,6.86,6.88,6641599.0,46060700.0,782560905.0,0.008487005877197508
2008-12-22,6.85,6.85,6.56,6.61,6436246.0,42817784.0,782560905.0,0.008224594352819095
2008-12-23,6.61,6.7,6.1,6.15,9085763.0,57747292.0,782560905.0,0.0116102950478979
2008-12-24,6.03,6.03,5.55,5.73,10144871.0,58900856.0,782560905.0,0.012963682360288623
2008-12-25,5.66,6.06,5.66,5.83,8618619.0,50608472.0,782560905.0,0.011013352372873776
2008-12-26,5.82,6.08,5.72,6.01,5194120.0,30874816.0,1119356534.0,0.004640273087466518
2008-12-29,6.0,6.42,5.85,6.4,7275784.0,44944864.0,1119356534.0,0.006499970097999178
2008-12-30,6.4,6.5,6.2,6.2,2849139.0,17991876.0,1119356534.0,0.0025453364620284602
2008-12-31,6.2,6.46,6.15,6.25,5635996.0,35868572.0,1119356534.0,0.0050350320284993305
2009-01-05,6.31,6.8,6.31,6.72,7862624.0,52315400.0,1119356534.0,0.007024235586407003
2009-01-06,6.8,6.97,6.61,6.88,8124816.0,55652176.0,1119356534.0,0.007258470159606894
2009-01-07,6.88,6.98,6.74,6.8,5878388.0,40301524.0,1119356534.0,0.0052515778676823265
2009-01-08,6.69,6.91,6.59,6.79,7557441.0,51139964.0,1119356534.0,0.0067515941261303255
2009-01-09,6.85,7.04,6.8,6.92,11137397.0,77114664.0,1119356534.0,0.009949820867351992
2009-01-12,6.91,6.97,6.83,6.9,6936972.0,47831268.0,1119356534.0,0.00619728548437633
2009-01-13,6.8,6.86,6.68,6.8,6481194.0,43999952.0,1119356534.0,0.005790106907974685
2009-01-14,6.7,7.08,6.7,7.03,8424942.0,58799772.0,1119356534.0,0.007526593845746024
2009-01-15,6.98,7.43,6.92,7.03,20872256.0,150294112.0,1119356534.0,0.01864665579376517
2009-01-16,7.15,7.23,7.01,7.02,12614059.0,89830304.0,1119356534.0,0.011269026996183148
2009-01-19,7.0,7.07,6.75,6.78,8008731.0,55431104.0,1119356534.0,0.007154763256154808
2009-01-20,6.8,6.86,6.67,6.77,7302473.0,49104336.0,1119356534.0,0.006523813260735386
2009-01-21,6.71,6.83,6.69,6.8,5498778.0,37305004.0,1119356534.0,0.0049124455282806255
2009-01-22,6.85,6.92,6.77,6.81,8036672.0,54855824.0,1119356534.0,0.007179724918637943
2009-01-23,6.81,6.87,6.75,6.82,3722335.0,25408960.0,1119356534.0,0.0033254239261000284
2009-02-02,6.82,7.14,6.82,7.12,8651968.0,60750512.0,1119356534.0,0.007729412155287423
2009-02-03,7.08,7.68,7.07,7.49,17719848.0,131035880.0,1119356534.0,0.015830387782415
2009-02-04,7.5,7.66,7.38,7.55,12571683.0,94526560.0,1119356534.0,0.011231169531905373
2009-02-05,7.58,7.58,7.2,7.24,18737492.0,138062496.0,1119356534.0,0.016739520814732654
2009-02-06,7.27,7.47,7.24,7.43,16682908.0,123045688.0,1119356534.0,0.014904016274764516
2009-02-09,7.5,8.17,7.43,8.0,34869984.0,273436544.0,1119356534.0,0.031151811724717194
2009-02-10,7.97,8.18,7.75,8.06,24129690.0,190965152.0,1119356534.0,0.02155675092525971
2009-02-11,7.9,8.28,7.84,7.95,25261420.0,204432096.0,1119356534.0,0.022567805013590066
2009-02-12,7.97,8.15,7.6,8.06,15440168.0,121927808.0,1119356534.0,0.013793789137786906
2009-02-13,8.21,8.59,8.15,8.16,28161440.0,234410000.0,1119356534.0,0.025158597055189923
2009-02-16,8.3,8.55,8.14,8.54,27097028.0,226611104.0,1119356534.0,0.0242076828757762
2009-02-17,8.56,8.68,8.05,8.08,25833658.0,214791520.0,1119356534.0,0.023079025507345634
2009-02-18,7.9,8.07,7.35,7.55,18195484.0,141981536.0,1119356534.0,0.016255306908317023
2009-02-19,7.58,8.27,7.58,8.2,20462220.0,162380048.0,1119356534.0,0.018280341766424173
2009-02-20,8.28,8.48,8.05,8.45,19341804.0,160988400.0,1119356534.0,0.017279395270854783
2009-02-23,8.58,8.74,8.4,8.66,22107016.0,190109184.0,1119356534.0,0.01974975383491173
2009-02-24,8.57,8.65,8.15,8.15,17727018.0,148155296.0,1119356534.0,0.015836793248218087
2009-02-25,8.15,8.4,7.8,8.03,13200195.0,106303256.0,1119356534.0,0.011792663551825927
2009-02-26,8.05,8.45,7.5,7.67,14859744.0,119702816.0,1119356534.0,0.01327525551389688
2009-02-27,7.65,8.07,7.59,7.79,20300016.0,159683728.0,1119356534.0,0.018135433513268795
2009-03-02,7.6,8.33,7.02,8.13,17020664.0,135281232.0,1119356534.0,0.015205757489239797
2009-03-03,8.0,8.73,7.8,8.56,32730004.0,276330624.0,1119356534.0,0.029240016925652753
2009-03-04,8.58,9.21,8.58,9.18,48944708.0,436241216.0,1119356534.0,0.04372575360336441
2009-03-05,9.23,9.31,8.81,9.1,33939052.0,307569120.0,1119356534.0,0.03032014462694868
2009-03-06,8.88,9.1,8.75,8.92,17847392.0,158986992.0,1119356534.0,0.015944331817336763
2009-03-09,8.92,9.08,8.41,8.55,17299858.0,150247904.0,1119356534.0,0.01545518114606369
2009-03-10,8.39,8.75,8.33,8.74,9944185.0,85185832.0,1119356534.0,0.00888384057978796
2009-03-11,8.89,8.99,8.43,8.47,12253638.0,106090736.0,1119356534.0,0.010947037541480952
2009-03-12,8.39,8.54,8.09,8.27,9714690.0,80135392.0,1119356534.0,0.008678816538716877
2009-03-13,8.29,8.5,8.11,8.16,9091384.0,75856960.0,1119356534.0,0.008121973405124197
2009-03-16,8.16,8.34,8.11,8.28,9253010.0,75927880.0,1119356534.0,0.008266365290185549
2009-03-17,8.28,8.68,8.16,8.6,15860829.0,134650400.0,1119356534.0,0.0141695952256799
2009-03-18,8.7,8.99,8.47,8.95,27923664.0,243479200.0,1119356534.0,0.024946175013795917
2009-03-19,8.86,8.99,8.74,8.93,22934224.0,203554944.0,1119356534.0,0.020488756980803043
2009-03-20,8.95,8.99,8.45,8.69,35738792.0,309661824.0,1119356534.0,0.031927979079452086
2009-03-23,8.58,8.86,8.51,8.79,22555344.0,196111728.0,1119356534.0,0.020150276801796915
2009-03-24,8.89,8.9,8.69,8.72,16945884.0,148588208.0,1119356534.0,0.015138951250361844
2009-03-25,8.73,8.95,8.54,8.55,27059328.0,237822672.0,1119356534.0,0.02417400281151171
2009-03-26,8.46,8.86,8.21,8.81,24902352.0,214025488.0,1119356534.0,0.02224702428904569
2009-03-27,8.88,9.18,8.73,8.83,35544020.0,318389952.0,1119356534.0,0.03175397553895013
2009-03-30,8.83,9.21,8.76,9.13,34505180.0,311758720.0,1119356534.0,0.030825906627530347
2009-03-31,8.89,9.38,8.75,9.36,31976568.0,289478880.0,1119356534.0,0.028566919501271253
2009-04-01,9.4,9.46,9.22,9.28,42018160.0,391944512.0,1119356534.0,0.03753778061208869
2009-04-02,9.28,9.33,9.01,9.04,27349656.0,251685808.0,1119356534.0,0.024433373254423688
2009-04-03,9.09,9.15,8.8,8.86,21180388.0,189488960.0,1119356534.0,0.01892193180336588
2009-04-07,8.8,9.01,8.79,8.94,13007999.0,116034920.0,1119356534.0,0.011620961333486977
2009-04-08,8.92,8.94,8.51,8.53,17838440.0,155934768.0,1119356534.0,0.015936334365472156
2009-04-09,8.5,8.66,8.45,8.61,11737105.0,100369208.0,1119356534.0,0.01048558224612999
2009-04-10,8.66,9.12,8.66,8.95,23297392.0,208650896.0,1119356534.0,0.020813200524007484
2009-04-13,9.03,9.16,8.9,9.02,25888758.0,234260048.0,1119356534.0,0.023128250216655277
2009-04-14,9.02,9.35,8.87,9.35,37435884.0,342612384.0,1119356534.0,0.03344411084663396
2009-04-15,9.3,9.43,9.04,9.21,35739208.0,331359008.0,1119356534.0,0.03192835072154052
2009-04-16,9.21,9.21,8.88,8.94,26507488.0,238646128.0,1119356534.0,0.023681005287275163
2009-04-17,8.93,8.94,8.7,8.76,16906816.0,149038032.0,1119356534.0,0.015104049055383456
2009-04-20,8.86,9.03,8.84,8.99,17761824.0,158988128.0,1119356534.0,0.015867887898530816
2009-04-21,8.92,9.0,8.7,8.82,19788336.0,174739376.0,1119356534.0,0.01767831374449278
2009-04-22,8.83,8.89,8.42,8.48,19294210.0,167734832.0,1119356534.0,0.017236876199804272
2009-04-23,8.45,8.6,8.39,8.59,10851958.0,92274392.0,1119356534.0,0.009694818112349537
2009-04-24,8.6,8.65,8.5,8.52,10299814.0,88419736.0,1119356534.0,0.009201549003509904
2009-04-27,8.52,8.58,8.3,8.35,11993231.0,101275968.0,1119356534.0,0.010714397634453796
2009-04-28,8.3,8.43,8.3,8.41,6983500.0,58553188.0,1119356534.0,0.006238852222575224
2009-04-29,8.42,8.61,8.4,8.58,8360643.0,71242080.0,1119356534.0,0.007469151022081763
2009-04-30,8.59,8.74,8.58,8.6,11459029.0,99217824.0,1119356534.0,0.010237157377418767
2009-05-04,8.62,8.8,8.6,8.8,15551256.0,135462320.0,1119356534.0,0.013893031869325738
2009-05-05,8.88,8.95,8.76,8.88,16935680.0,150250160.0,1119356534.0,0.015129835298750309
2009-05-06,8.9,9.28,8.9,9.21,44687128.0,407246240.0,1119356534.0,0.03992215763489705
2009-05-07,9.29,9.29,8.77,8.91,34881888.0,313487392.0,1119356534.0,0.03116244640601705
2009-05-08,8.8,9.08,8.75,9.05,23554148.0,211580768.0,1119356534.0,0.021042578735686372
2009-05-11,9.08,9.17,8.53,8.55,22436158.0,198536448.0,1119356534.0,0.020043799556719255
2009-05-12,8.43,8.62,8.33,8.62,15771295.0,133629968.0,1119356534.0,0.014089608199848147
2009-05-13,8.62,8.64,8.45,8.55,18382920.0,157135344.0,1119356534.0,0.01642275668352868
2009-05-14,8.5,8.52,8.35,8.48,16594294.0,140033984.0,1119356534.0,0.014824851149705264
2009-05-15,8.49,8.6,8.46,8.59,14767205.0,125959008.0,1119356534.0,0.013192583909998421
2009-05-18,8.57,8.7,8.44,8.65,12325588.0,105165240.0,1119356534.0,0.011011315542113055
2009-05-19,8.7,8.74,8.58,8.62,14374442.0,124036440.0,1119356534.0,0.012841701069661152
2009-05-20,8.64,9.0,8.51,8.88,36443832.0,322811328.0,1119356534.0,0.03255784094971835
2009-05-21,8.77,9.0,8.72,8.81,23508324.0,208304848.0,1119356534.0,0.021001640930252523
2009-05-22,8.9,9.44,8.9,9.16,83435944.0,769460800.0,1119356534.0,0.07453920307396893
2009-05-26,9.45,9.6,9.12,9.16,64740612.0,605445568.0,1119356534.0,0.057837346755506586
2009-05-27,9.2,9.2,8.83,9.03,31976630.0,287805536.0,1119356534.0,0.02856697489023636
2009-06-01,9.03,9.15,8.91,9.07,25923572.0,234155056.0,1119356534.0,0.023159352013931246
2009-06-02,9.1,9.13,8.93,8.97,28311960.0,254907168.0,1119356534.0,0.025293067168534526
2009-06-03,8.99,9.01,8.79,8.9,31703660.0,281447424.0,1119356534.0,0.02832311157081252
2009-06-04,8.91,9.34,8.83,9.24,47120096.0,428150976.0,1119356534.0,0.04209569924215049
2009-06-05,9.19,9.2,8.9,8.93,33737360.0,304742400.0,1119356534.0,0.03013995896324486
2009-06-08,8.95,8.99,8.78,8.79,21636104.0,191339200.0,1119356534.0,0.01932905499080242
2009-06-09,8.79,8.89,8.65,8.86,17241988.0,151112208.0,1119356534.0,0.01540348180073249
2009-06-10,8.86,8.96,8.85,8.88,14719773.0,130930528.0,1119356534.0,0.013150209564953502
2009-06-11,8.91,8.94,8.7,8.71,19005920.0,167122112.0,1119356534.0,0.016979326445777463
2009-06-12,8.69,8.8,8.55,8.56,18555630.0,161049552.0,1119356534.0,0.016577050686157873
2009-06-15,8.6,8.74,8.53,8.69,9547588.0,82534192.0,1119356534.0,0.008529532557318328
2009-06-16,8.61,8.68,8.55,8.56,11641174.0,100075728.0,1119356534.0,0.010399880329818131
2009-06-17,8.5,8.62,8.41,8.58,17626190.0,150099968.0,1119356534.0,0.015746716497033464
2009-06-18,8.6,8.72,8.55,8.68,24511624.0,211569472.0,1119356534.0,0.021897959457482383
2009-06-19,8.68,8.68,8.5,8.58,21821402.0,187283952.0,1127896534.0,0.019346989145016737
2009-06-22,8.64,8.74,8.55,8.57,17767680.0,153676144.0,1127896534.0,0.01575293430239409
2009-06-23,8.5,8.59,8.46,8.5,13415088.0,114296784.0,1127896534.0,0.01189389948067701
2009-06-24,8.5,8.64,8.48,8.62,15525023.0,133026624.0,1127896534.0,0.013764580821027685
2009-06-25,8.61,8.71,8.55,8.57,13865171.0,119493064.0,1127896534.0,0.012292945835047668
2009-06-26,8.62,8.65,8.46,8.53,14516807.0,123589320.0,1127896534.0,0.012870690318124517
2009-06-30,8.63,8.67,8.5,8.51,12985047.0,111234008.0,1127851536.0,0.011513081806894839
2009-07-01,8.52,8.6,8.46,8.57,14913861.0,126900512.0,1127851536.0,0.013223248383287213
2009-07-02,8.6,8.64,8.5,8.54,19251124.0,164477632.0,1127851536.0,0.01706884584142642
2009-07-03,8.57,8.76,8.52,8.73,33930716.0,293792704.0,1127851536.0,0.030084381602509074
2009-07-06,8.75,8.78,8.64,8.76,26754020.0,233246144.0,1127851536.0,0.02372122495384889
2009-07-07,8.78,8.95,8.77,8.82,32247180.0,286457568.0,1127851536.0,0.028591688684812856
2009-07-08,8.82,8.95,8.76,8.91,29133440.0,258863856.0,1127851536.0,0.025830917518917137
2009-07-09,8.92,9.1,8.79,9.05,36207912.0,324147552.0,1127851536.0,0.03210343812485618
2009-07-10,9.07,9.09,8.88,8.88,25833540.0,231457504.0,1127851536.0,0.022905089167693432
2009-07-13,8.88,8.95,8.8,8.85,21544332.0,191635664.0,1127851536.0,0.019102099267788736
2009-07-14,8.89,9.22,8.88,9.16,45039396.0,407628672.0,1127851536.0,0.039933798520801055
2009-07-15,9.19,9.22,9.03,9.15,36247968.0,330721632.0,1127851536.0,0.03213895343757372
2009-07-16,9.19,9.25,8.97,8.98,30903592.0,280801696.0,1127851536.0,0.027400407778493285
2009-07-17,8.97,9.03,8.86,8.94,27065686.0,241525936.0,1127851536.0,0.023997560969762247
2009-07-20,9.0,9.79,9.0,9.69,85373592.0,810381760.0,1127851536.0,0.07569577136258827
2009-07-21,9.73,9.89,9.3,9.36,61445464.0,590667520.0,1127851536.0,0.0544800995864406
2009-07-22,9.39,10.12,9.39,9.94,69437112.0,682204416.0,1127851536.0,0.061565826514953646
2009-07-24,10.41,10.6,10.0,10.26,97283912.0,1001304192.0,1127851536.0,0.0862559555888214
2009-07-27,10.36,10.55,10.18,10.33,56654512.0,584625024.0,1127851536.0,0.05023224262381995
2009-07-28,10.38,10.85,10.11,10.58,61604488.0,643947200.0,1127851536.0,0.054621096867487
2009-07-29,10.52,10.8,9.52,9.93,61037304.0,628458333.0,1127851536.0,0.054118207983714625
2009-07-30,10.06,10.21,9.59,10.08,43376376.0,431535200.0,1127851536.0,0.03845929594052528
2009-07-31,10.15,10.65,10.05,10.56,59499544.0,622475968.0,1127851536.0,0.05275476612021034
2009-08-03,10.6,10.99,10.6,10.76,55213900.0,596942272.0,1127851536.0,0.048954936210682254
2009-08-04,10.81,10.96,10.47,10.75,42908672.0,460304032.0,1127851536.0,0.03804461015514368
2009-08-05,10.69,10.71,10.21,10.38,35013892.0,366400736.0,1127851536.0,0.03104477041737167
2009-08-06,10.29,10.5,9.92,10.25,34195712.0,349024384.0,1127851536.0,0.03031933805869286
2009-08-07,10.2,10.38,9.84,9.9,28704410.0,288940928.0,1127851536.0,0.025450521707672702
2009-08-10,10.01,10.2,9.89,10.07,24857176.0,249728384.0,1127851536.0,0.022039404306844868
2009-08-11,10.16,10.19,9.95,10.04,13944363.0,140135152.0,1127851536.0,0.01236365120311367
2009-08-12,10.11,10.12,9.46,9.49,26236564.0,254510832.0,1127851536.0,0.023262426979573664
2009-08-13,9.5,9.61,9.22,9.48,18922278.0,177867536.0,1127851536.0,0.016777277324202713
2009-08-14,9.49,9.51,9.0,9.0,21184200.0,194504112.0,1127851536.0,0.018782791283976228
2009-08-17,8.94,8.94,8.41,8.42,21653854.0,187715648.0,1127851536.0,0.019199206020321456
2009-08-18,8.3,8.74,8.25,8.67,16042468.0,137064320.0,1127851536.0,0.014223918209036335
2009-08-19,8.7,8.73,8.08,8.17,14093732.0,118839400.0,1127851536.0,0.012496087960286291
2009-08-20,8.18,8.57,8.18,8.53,17212776.0,144823792.0,1127851536.0,0.015261561872803088
2009-08-21,8.57,8.72,8.45,8.66,17212394.0,147683584.0,1127851536.0,0.01526122317574252
2009-08-24,8.7,8.75,8.52,8.68,17141460.0,148219248.0,1127851536.0,0.01519833014617626
2009-08-25,8.71,8.93,8.5,8.81,28022894.0,245363264.0,1127851536.0,0.024846261325657315
2009-08-26,8.73,9.16,8.64,8.97,24072724.0,214960672.0,1127851536.0,0.021343876593346238
2009-08-27,8.92,9.1,8.77,8.91,16017539.0,142943648.0,1127851536.0,0.014201815122588972
2009-08-28,8.83,8.92,8.57,8.59,12974733.0,112590816.0,1127851536.0,0.011503936986259511
2009-08-31,8.48,8.55,7.87,7.89,21125436.0,172163616.0,1127851536.0,0.018730688681706065
2009-09-01,7.87,8.09,7.81,7.93,9208762.0,73213016.0,1127851536.0,0.008164870735256064
2009-09-02,7.96,8.08,7.84,8.07,8769265.0,69893200.0,1127851536.0,0.00777519444722377
2009-09-03,8.06,8.46,8.01,8.38,16115254.0,132984984.0,1127851536.0,0.014288453298697285
2009-09-04,8.36,8.55,8.31,8.49,13519666.0,114035944.0,1127851536.0,0.011987097209574577
2009-09-07,8.49,8.64,8.38,8.46,14908838.0,127186480.0,1127851536.0,0.013218794782933203
2009-09-08,8.51,9.04,8.45,8.98,31702852.0,278951232.0,1127851536.0,0.028109064879617274
2009-09-09,9.02,9.07,8.81,8.94,20162228.0,180088336.0,1127851536.0,0.017876668476692132
2009-09-10,8.93,8.96,8.72,8.74,11813942.0,104099064.0,1127851536.0,0.010474731489836797
2009-09-11,8.77,9.02,8.77,8.87,12800211.0,114275408.0,1127851536.0,0.011349198534939087
2009-09-14,8.91,9.12,8.91,9.08,16613510.0,149986464.0,1127851536.0,0.014730227755792141
2009-09-15,9.1,9.32,9.02,9.18,16917552.0,155691968.0,1127851536.0,0.014999804016758461
2009-09-16,9.35,9.55,9.2,9.32,26753288.0,250884800.0,1127851536.0,0.023720575932256387
2009-09-17,9.31,9.43,9.21,9.37,18544626.0,173344624.0,1127851536.0,0.01644243538096312
2009-09-18,9.4,9.43,8.8,8.94,21740632.0,198749504.0,1127851536.0,0.0192761469981276
2009-09-21,8.85,9.15,8.75,9.03,16863564.0,151293712.0,1127851536.0,0.014951936014386914
2009-09-22,9.08,9.08,8.8,8.8,14792896.0,131956160.0,1127851536.0,0.013115995791843298
2009-09-23,8.8,8.91,8.3,8.39,19707560.0,168493456.0,1127851536.0,0.017473540950162788
2009-09-24,8.3,8.47,8.09,8.31,12196085.0,101038256.0,1127851536.0,0.01081355534014186
2009-09-25,8.32,8.46,8.26,8.31,7047857.0,58865088.0,1127851536.0,0.0062489226418892775
2009-09-28,8.38,8.45,8.09,8.1,6549530.0,54236708.0,1127851536.0,0.005807085233246515
2009-09-29,8.11,8.15,7.78,7.98,9317183.0,74192688.0,1127851536.0,0.008261001295475471
2009-09-30,8.12,8.28,8.08,8.23,9228726.0,75646368.0,1127851536.0,0.008182571646557566
2009-10-09,8.38,8.7,8.33,8.64,11005525.0,93969496.0,1127851536.0,0.009757955412315899
2009-10-12,8.69,8.69,8.52,8.63,9478555.0,81535296.0,1127851536.0,0.008404080410810382
2009-10-13,9.0,9.48,9.0,9.25,43987752.0,406461184.0,1127851536.0,0.03900136728634113
2009-10-14,9.31,9.47,9.15,9.21,39738756.0,369655936.0,1127851536.0,0.035234031015231065
2009-10-15,9.29,9.32,9.07,9.2,24024326.0,220509712.0,1127851536.0,0.021300964917070432
2009-10-16,9.28,9.36,9.13,9.3,20046254.0,185307200.0,1127851536.0,0.01777384111307359
2009-10-19,9.25,9.47,9.21,9.41,26773246.0,250489888.0,1127851536.0,0.023738271523708773
2009-10-20,9.53,9.57,9.32,9.43,27419324.0,258140032.0,1127851536.0,0.024311111103545103
2009-10-21,9.44,9.44,9.21,9.22,20632086.0,192003712.0,1127851536.0,0.0182932640879074
2009-10-22,9.17,9.3,9.17,9.19,13089665.0,120862832.0,1127851536.0,0.011605840469414408
2009-10-23,9.19,9.4,9.19,9.29,22037944.0,205689504.0,1127851536.0,0.01953975616166559
2009-10-26,9.32,9.32,9.15,9.21,12277319.0,113132408.0,1127851536.0,0.010885580777362172
2009-10-27,9.15,9.2,8.9,8.92,16567666.0,150244688.0,1127851536.0,0.014689580561957934
2009-10-28,8.87,9.2,8.86,9.2,17436184.0,158464160.0,1127851536.0,0.015459644681460983
2009-10-29,9.05,9.14,8.99,9.0,10672676.0,96628680.0,1127851536.0,0.009462837669088389
2009-10-30,9.1,9.17,9.01,9.03,12542178.0,114201768.0,1127851536.0,0.011120415763657744
2009-11-02,8.9,9.28,8.7,9.22,21238028.0,191174576.0,1127851536.0,0.018830517423704604
2009-11-03,9.22,9.48,9.15,9.41,31494598.0,294467200.0,1127851536.0,0.027924418236550595
2009-11-04,9.45,9.49,9.32,9.37,24728392.0,232456480.0,1127851536.0,0.021925219065357552
2009-11-05,9.4,9.7,9.33,9.68,40230880.0,383675104.0,1127851536.0,0.035670368586526446
2009-11-06,9.73,9.77,9.57,9.6,31525592.0,304805376.0,1127851536.0,0.02795189880381561
2009-11-09,9.65,9.87,9.6,9.68,30249428.0,294185056.0,1127851536.0,0.026820398815327766
2009-11-10,9.76,9.85,9.62,9.64,26746696.0,259414960.0,1127851536.0,0.023714731191357797
2009-11-11,9.62,9.62,9.44,9.52,24614116.0,234359312.0,1127851536.0,0.021823897219039653
2009-11-12,9.6,9.75,9.54,9.62,25289134.0,243726048.0,1127851536.0,0.022422396204459308
2009-11-13,9.6,9.74,9.49,9.74,28610500.0,275796800.0,1127851536.0,0.025367257202547268
2009-11-16,9.84,10.09,9.83,10.03,42763188.0,425843296.0,1127851536.0,0.03791561800027553
2009-11-17,10.06,10.24,10.03,10.04,34212880.0,346165056.0,1127851536.0,0.03033455992030497
2009-11-18,10.04,10.23,9.9,10.07,30207400.0,303965536.0,1127851536.0,0.026783135045533157
2009-11-19,10.16,10.4,10.06,10.35,41002216.0,422646208.0,1127851536.0,0.03635426710985124
2009-11-20,10.47,10.54,10.22,10.26,39932424.0,413488256.0,1127851536.0,0.035405745105089786
2009-11-23,10.21,10.27,10.02,10.27,37140272.0,376280320.0,1127851536.0,0.03293010721226699
2009-11-24,10.33,10.36,9.55,9.68,46767844.0,468511648.0,1127851536.0,0.04146631228243502
2009-11-25,9.6,9.94,9.57,9.9,28029044.0,273359616.0,1127851536.0,0.024851714171004152
2009-11-26,9.91,9.91,9.32,9.41,33265938.0,320311104.0,1127851536.0,0.029494961826252282
2009-11-27,9.35,9.73,9.32,9.41,28093916.0,267661824.0,1127851536.0,0.02490923237967732
2009-11-30,9.49,9.73,9.46,9.7,20938756.0,201850608.0,1127851536.0,0.01856517044278778
2009-12-01,9.71,9.87,9.65,9.86,24949460.0,244081392.0,1127851536.0,0.02212122713285909
2009-12-02,9.93,10.19,9.93,10.06,38882604.0,392908064.0,1127851536.0,0.034474931104762
2009-12-03,10.0,10.09,9.91,10.03,21256700.0,212302288.0,1127851536.0,0.01884707279416251
2009-12-04,10.05,10.1,9.6,9.88,28744336.0,283823936.0,1127851536.0,0.025485921756992668
2009-12-07,9.99,10.3,9.99,10.15,30458488.0,309886560.0,1127851536.0,0.027005760091459413
2009-12-08,10.23,10.23,9.93,10.04,21540456.0,216294816.0,1127851536.0,0.019098662645257947
2009-12-09,10.0,10.0,9.72,9.78,18270112.0,180121104.0,1127851536.0,0.016199039870793776
2009-12-10,9.76,9.88,9.7,9.81,13712226.0,134146600.0,1127851536.0,0.012157828900629346
2009-12-11,9.82,9.85,9.72,9.78,11556037.0,113066224.0,1127851536.0,0.01024606220866999
2009-12-14,9.77,9.77,9.49,9.72,13966187.0,134303360.0,1127851536.0,0.01238300126764202
2009-12-15,9.7,9.81,9.61,9.69,9202121.0,89578840.0,1127851536.0,0.008158982548923
2009-12-16,9.7,9.75,9.58,9.6,10548023.0,101718896.0,1127851536.0,0.009352315143719413
2009-12-17,9.61,9.65,9.38,9.4,11892829.0,112556808.0,1127851536.0,0.010544675979410112
2009-12-18,9.35,9.35,9.1,9.12,11859097.0,109275840.0,1127851536.0,0.010514767787663854
2009-12-21,9.14,9.25,9.12,9.24,7773437.0,71394896.0,1127851536.0,0.006892251995833608
2009-12-22,9.24,9.27,8.92,8.95,9076500.0,82748304.0,1127851536.0,0.008047601754562846
2009-12-23,8.94,9.14,8.94,9.1,6662222.0,60258920.0,1127851536.0,0.005907002639397035
2009-12-24,9.16,9.4,9.14,9.4,12211474.0,114024120.0,1127851536.0,0.01082719986649023
2009-12-25,9.4,9.57,9.35,9.39,11101976.0,105053472.0,1127851536.0,0.009843472873543173
2009-12-28,9.4,9.56,9.4,9.48,8636551.0,81846240.0,1127851536.0,0.007657524704563598
2009-12-29,9.55,9.55,9.32,9.5,10723271.0,101170600.0,1127851536.0,0.009507697296783219
2009-12-30,9.45,9.55,9.42,9.55,12765833.0,121383968.0,1127851536.0,0.011318717572771031
2009-12-31,9.55,9.7,9.51,9.66,13410035.0,129044968.0,1132044036.0,0.01184585985487229
2010-01-04,9.71,9.75,9.57,9.68,12955814.0,124737584.0,1132044036.0,0.011444620163168282
2010-01-05,9.67,9.71,9.46,9.59,12112729.0,115899040.0,1132044036.0,0.010699874399585635
2010-01-06,9.56,9.69,9.49,9.6,12188998.0,117004666.0,1132044036.0,0.010767247220407599
2010-01-07,9.6,9.61,9.21,9.24,13754361.0,129311664.0,1132044036.0,0.012150022934266843
2010-01-08,9.21,9.36,9.21,9.35,8818640.0,81820520.0,1132044036.0,0.007790014981360672
2010-01-11,9.47,9.55,9.3,9.37,9318428.0,87621944.0,1132044036.0,0.008231506640789369
2010-01-12,9.37,9.78,9.33,9.76,20076508.0,192511308.0,1132044036.0,0.01773474119517379
2010-01-13,9.57,9.8,9.53,9.7,21827264.0,211217184.0,1132044036.0,0.01928128527325239
2010-01-14,9.75,9.88,9.66,9.8,20201510.0,198043776.0,1132044036.0,0.017845162694713406
2010-01-15,9.95,10.06,9.81,9.85,23199294.0,230204272.0,1132044036.0,0.020493278761463306
2010-01-18,9.86,10.07,9.85,10.05,24040164.0,240342192.0,1132044036.0,0.02123606788738031
2010-01-19,10.05,10.13,9.93,10.01,21337728.0,213512752.0,1132044036.0,0.018848849798630978
2010-01-20,10.01,10.1,9.65,9.68,21815882.0,214356336.0,1132044036.0,0.019271230894060378
2010-01-21,9.66,9.85,9.62,9.76,13711375.0,133569856.0,1132044036.0,0.0121120509131855
2010-01-22,9.7,9.72,9.31,9.57,14534652.0,138552192.0,1132044036.0,0.01283929912422594
2010-01-25,9.48,9.79,9.43,9.61,11399057.0,109429368.0,1132044036.0,0.010069446627074496
2010-01-26,9.61,9.78,9.49,9.67,17179668.0,166013552.0,1132044036.0,0.01517579480450529
2010-01-27,9.7,10.07,9.6,9.92,40361108.0,399627296.0,1132044036.0,0.03565330209468989
2010-01-28,9.98,10.35,9.85,10.28,70584584.0,717472128.0,1132044036.0,0.06235144725412431
2010-01-29,10.2,10.47,10.13,10.37,63567496.0,656632576.0,1132044036.0,0.056152847396830415
2010-02-01,10.4,10.4,9.98,10.13,47159436.0,479400416.0,1132044036.0,0.04165865858596335
2010-02-02,10.4,10.7,10.02,10.1,76187048.0,793025536.0,1132044036.0,0.06730042787840808
2010-02-03,10.13,11.11,9.92,11.11,142158224.0,1530061184.0,1132044036.0,0.12557658490239154
2010-02-04,10.81,11.35,10.8,11.14,108405936.0,1200594048.0,1132044036.0,0.09576123591715119
2010-02-05,10.88,11.02,10.62,10.89,65733172.0,710206848.0,1132044036.0,0.058065914319255334
2010-02-08,10.89,10.98,10.66,10.79,30713030.0,332195136.0,1132044036.0,0.027130596534497356
2010-02-09,10.75,11.64,10.68,11.58,91088168.0,1022225344.0,1132044036.0,0.08046344939182207
2010-02-10,11.4,11.53,11.23,11.35,48209336.0,547613440.0,1132044036.0,0.04258609600589778
2010-02-11,11.32,11.43,11.2,11.25,29164472.0,329021792.0,1132044036.0,0.025762665649518957
2010-02-12,11.28,11.5,11.2,11.29,30060320.0,340505856.0,1132044036.0,0.026554020024005497
2010-02-22,11.3,11.35,11.05,11.1,26553068.0,296624224.0,1132044036.0,0.02345586139371702
2010-02-23,11.1,11.35,10.9,11.27,40271800.0,449035680.0,1132044036.0,0.0355744111706976
2010-02-24,11.27,11.46,11.2,11.38,54095516.0,612226944.0,1132044036.0,0.047785699389524455
2010-02-25,11.45,11.47,11.28,11.39,47025280.0,534755552.0,1132044036.0,0.041540150828549574
2010-03-01,11.4,11.41,11.06,11.32,40467832.0,454480192.0,1132044036.0,0.035747577579217066
2010-03-02,11.28,11.86,11.17,11.68,68646112.0,800075776.0,1132044036.0,0.060639082771511546
2010-03-03,11.68,11.97,11.61,11.73,52694228.0,623675520.0,1132044036.0,0.046547860616969854
2010-03-04,11.75,11.82,11.12,11.2,45039488.0,515781696.0,1132044036.0,0.039785985851879
2010-03-05,11.29,11.37,11.14,11.22,23828768.0,267847072.0,1132044036.0,0.021049329568659996
2010-03-08,11.25,11.44,11.15,11.27,20177764.0,227476576.0,1132044036.0,0.017824186478908318
2010-03-09,11.28,11.3,11.1,11.2,19739272.0,221187856.0,1132044036.0,0.017436841123025005
2010-03-10,11.19,11.36,11.12,11.23,19966078.0,224479472.0,1132044036.0,0.01763719198640785
2010-03-11,11.43,11.78,11.38,11.49,45640496.0,528369056.0,1132044036.0,0.04031689099415917
2010-03-12,11.52,11.57,11.2,11.24,23593996.0,268069360.0,1132044036.0,0.02084194187654375
2010-03-15,11.17,11.41,11.17,11.26,15948796.0,179813056.0,1132044036.0,0.014088494345462017
2010-03-16,11.3,11.48,11.22,11.4,19172976.0,218022592.0,1132044036.0,0.0169365990988711
2010-03-17,11.49,11.59,11.33,11.56,34155044.0,392374432.0,1132044036.0,0.030171126664546112
2010-03-18,11.6,11.73,11.45,11.51,37074600.0,428853504.0,1132044036.0,0.032750139412421234
2010-03-19,7.66,7.66,7.39,7.5,35690480.0,266647168.0,1698066054.0,0.02101831075176773
2010-03-22,7.51,7.58,7.42,7.44,36302572.0,271167168.0,1698066054.0,0.021378774938987148
2010-03-23,7.47,7.48,7.3,7.37,37189568.0,274162272.0,1698066054.0,0.021901131532778405
2010-03-24,7.4,7.77,7.39,7.67,75571680.0,574890496.0,1698066054.0,0.044504558478147396
2010-03-25,7.65,7.71,7.52,7.53,49751712.0,378342272.0,1698066054.0,0.029299043981713093
2010-03-26,7.5,7.62,7.4,7.57,33478648.0,251215168.0,1698066054.0,0.01971575129314728
2010-03-29,7.57,7.65,7.56,7.6,38883340.0,295082656.0,1698066054.0,0.022898602741869546
2010-03-30,7.6,7.61,7.46,7.52,33554382.0,252108336.0,1698066054.0,0.019760351442724266
2010-03-31,7.53,7.57,7.43,7.46,31640872.0,236459232.0,1698066054.0,0.018633475373626425
2010-04-01,7.49,7.74,7.46,7.68,57373540.0,434342528.0,1698066054.0,0.03378757844245793
2010-04-02,7.69,7.73,7.58,7.62,43210820.0,329628064.0,1698066054.0,0.02544707839734013
2010-04-06,7.62,7.65,7.52,7.58,31539480.0,238831840.0,1698066054.0,0.0185737650933572
2010-04-07,7.58,7.58,7.5,7.56,21645742.0,163024048.0,1698066054.0,0.012747290924879416
2010-04-08,7.58,7.58,7.46,7.48,28878884.0,216605088.0,1698066054.0,0.017006926162838186
2010-04-09,7.47,7.53,7.4,7.5,26646900.0,199059216.0,1698066054.0,0.015692499085786446
2010-04-12,7.5,7.51,7.36,7.4,40056168.0,296840256.0,1698066054.0,0.023589287298714234
2010-04-13,7.41,7.48,7.26,7.38,38111392.0,280388160.0,1698066054.0,0.022443998518328546
2010-04-14,7.4,7.51,7.34,7.49,28440430.0,212353200.0,1698066054.0,0.016748718303981832
2010-04-15,7.49,7.5,7.31,7.34,24921596.0,183879488.0,1698066054.0,0.014676458516613158
2010-04-16,7.35,7.4,7.31,7.31,16633178.0,122183520.0,1698066054.0,0.009795365710785242
2010-04-19,7.25,7.27,6.9,6.91,37648648.0,267474928.0,1698066054.0,0.02217148615115063
2010-04-20,6.9,6.98,6.7,6.8,24482880.0,166235184.0,1698066054.0,0.014418096364583471
2010-04-21,6.8,6.97,6.8,6.95,22266160.0,154205152.0,1698066054.0,0.01311265833714146
2010-04-22,6.95,6.96,6.81,6.83,20492362.0,140474864.0,1698066054.0,0.012068059397175842
2010-04-23,6.85,7.3,6.85,7.19,51097340.0,367047968.0,1698066054.0,0.03009149136432828
2010-04-26,7.14,7.18,7.01,7.06,21499704.0,152103312.0,1698066054.0,0.012661288381188027
2010-04-27,7.03,7.04,6.72,6.79,24846540.0,169286048.0,1698066054.0,0.014632257644790066
2010-04-28,6.75,6.78,6.6,6.64,17168940.0,114340464.0,1698066054.0,0.010110878760903608
2010-04-29,6.66,6.77,6.51,6.51,15145516.0,100714648.0,1698066054.0,0.008919273761066542
2010-04-30,6.52,6.59,6.23,6.3,18747716.0,118774800.0,1698066054.0,0.011040628222817062
2010-05-04,6.23,6.26,6.14,6.19,13022183.0,80689176.0,1698066054.0,0.007668831827433728
2010-05-05,6.15,6.24,5.9,6.24,26444200.0,160527952.0,1698066054.0,0.015573127993288298
2010-05-06,6.28,6.85,6.28,6.51,58070524.0,382722816.0,1698066054.0,0.03419803597345807
2010-05-07,6.3,6.77,6.24,6.62,38498024.0,255226528.0,1698066054.0,0.022671688129748103
2010-05-10,6.61,6.61,6.29,6.49,20602534.0,132682248.0,1698066054.0,0.012132940265467435
2010-05-11,6.64,6.69,6.28,6.31,19370764.0,125795768.0,1698066054.0,0.011407544455864848
2010-05-12,6.28,6.4,6.06,6.19,15628525.0,97112456.0,1698066054.0,0.009203720292968062
2010-05-13,6.16,6.29,6.07,6.29,14242996.0,88390696.0,1698066054.0,0.008387775002302708
2010-05-14,6.26,6.32,6.16,6.27,13026998.0,81415592.0,1698066054.0,0.007671667406172646
2010-05-17,6.2,6.25,5.91,5.92,16620126.0,100843408.0,1698066054.0,0.009787679319570215
2010-05-18,5.9,6.08,5.78,6.0,15474626.0,91736304.0,1698066054.0,0.009113088365171452
2010-05-19,5.96,6.09,5.95,6.02,11793496.0,70979656.0,1698066054.0,0.006945251612691387
2010-05-20,5.95,6.05,5.89,5.9,11001949.0,65563720.0,1698066054.0,0.006479105435317771
2010-05-21,5.81,5.96,5.71,5.93,13443656.0,78477392.0,1698066054.0,0.00791703948638031
2010-05-24,6.0,6.18,5.98,6.17,20988992.0,128473920.0,1698066054.0,0.012360527407374932
2010-05-25,6.14,6.14,6.03,6.05,14215858.0,86376000.0,1698066054.0,0.00837179329185271
2010-05-26,6.05,6.18,6.02,6.09,11335521.0,69181592.0,1698066054.0,0.006675547734611271
2010-05-27,6.08,6.24,6.05,6.22,21510748.0,132993176.0,1698066054.0,0.012667792250677663
2010-05-28,6.29,6.29,6.11,6.16,17904848.0,110701168.0,1698066054.0,0.010544258839532753
2010-05-31,6.16,6.17,5.98,5.99,13080126.0,79403768.0,1698066054.0,0.00770295476385514
2010-06-01,5.93,5.94,5.8,5.88,13556530.0,79380512.0,1698066054.0,0.007983511576635051
2010-06-02,5.86,5.9,5.8,5.89,8870907.0,51847820.0,1698066054.0,0.0052241236311764815
2010-06-03,5.91,6.08,5.86,5.92,14159619.0,84811208.0,1698066054.0,0.0083386738499632
2010-06-04,5.89,5.96,5.86,5.95,6813541.0,40291728.0,1698066054.0,0.004012530009624702
2010-06-07,5.83,5.88,5.79,5.86,8435539.0,49238084.0,1698066054.0,0.0049677331338960976
2010-06-08,5.84,5.93,5.81,5.9,9124013.0,53640012.0,1698066054.0,0.005373179081289143
2010-06-09,5.94,6.06,5.88,6.04,13869435.0,82790384.0,1698066054.0,0.00816778297129777
2010-06-10,6.03,6.08,5.96,6.01,11908372.0,71690184.0,1698066054.0,0.007012902691240067
2010-06-11,6.03,6.18,6.0,6.14,17484264.0,106186144.0,1698066054.0,0.010296574717346066
2010-06-17,6.15,6.2,6.03,6.04,10606731.0,64765896.0,1698066054.0,0.006246359483492743
2010-06-18,6.03,6.06,5.81,5.84,10478890.0,62170980.0,1698066054.0,0.006171073248485068
2010-06-21,5.82,5.97,5.78,5.94,9396031.0,55291916.0,1698066054.0,0.005533371907333353
2010-06-22,5.94,5.99,5.91,5.93,7394317.0,44010888.0,1698066054.0,0.0043545520402941875
2010-06-23,5.92,5.93,5.8,5.84,10424090.0,60940896.0,1698066054.0,0.006138801241238404
2010-06-24,5.86,5.9,5.81,5.83,8928413.0,52152980.0,1698066054.0,0.005257989216007259
2010-06-25,5.81,5.85,5.68,5.7,16018389.0,91791128.0,1698066054.0,0.009433313246128882
2010-06-28,5.7,5.75,5.55,5.56,11927596.0,67375184.0,1698066054.0,0.007024223805607035
2010-06-29,5.57,5.59,5.18,5.2,15294911.0,81750976.0,1698066054.0,0.009007253259654409
2010-06-30,5.2,5.2,5.01,5.04,8773533.0,44452208.0,1697897303.0,0.005167293089221663
2010-07-01,5.0,5.09,4.89,4.92,10243247.0,51090044.0,1697897303.0,0.006032901390385211
2010-07-02,4.92,4.96,4.7,4.89,11127048.0,53802676.0,1697897303.0,0.006553428161019936
2010-07-05,4.85,4.88,4.75,4.84,7255587.0,34855884.0,1697897303.0,0.0042732778874082465
2010-07-06,4.83,5.01,4.81,4.97,10904936.0,53822680.0,1697897303.0,0.006422612239699164
2010-07-07,4.96,5.01,4.9,5.0,9059585.0,44859488.0,1697897303.0,0.005335767354122477
2010-07-08,5.01,5.05,4.9,4.94,8081790.0,40085196.0,1697897303.0,0.004759881522704792
2010-07-09,4.96,5.09,4.91,5.07,12333195.0,62036740.0,1697897303.0,0.007263805047695514
2010-07-12,5.07,5.14,5.04,5.1,10977885.0,55949372.0,1697897303.0,0.006465576557900922
2010-07-13,5.06,5.07,4.98,5.02,9260932.0,46483824.0,1697897303.0,0.005454353442718202
2010-07-14,5.01,5.14,5.01,5.05,9490960.0,48155416.0,1697897303.0,0.005589831601257924
2010-07-15,5.0,5.0,4.82,4.83,16941344.0,82878536.0,1697897303.0,0.009977837864555463
2010-07-16,4.79,4.82,4.74,4.82,7340658.0,35066300.0,1697897303.0,0.004323381624453879
2010-07-19,4.76,4.9,4.73,4.88,10103622.0,48921816.0,1697897303.0,0.005950667323723288
2010-07-20,4.9,5.18,4.9,5.18,25400632.0,128227648.0,1697897303.0,0.014960052033253039
2010-07-21,5.23,5.7,5.23,5.7,91986112.0,516773536.0,1697897303.0,0.05417648749277741
2010-07-22,5.65,5.72,5.54,5.69,62007728.0,348893312.0,1697897303.0,0.03652030537444113
2010-07-23,5.7,5.71,5.56,5.62,28836964.0,162061920.0,1697897303.0,0.01698392708972929
2010-07-26,5.68,6.18,5.65,6.05,68560896.0,404910624.0,1697897303.0,0.040379883918102905
2010-07-27,6.04,6.04,5.9,5.94,31990652.0,190490352.0,1697897303.0,0.018841335069839614
2010-07-28,5.96,6.16,5.95,6.06,39470384.0,239086816.0,1697897303.0,0.02324662624191706
2010-07-29,6.06,6.12,5.96,6.03,32463086.0,195439440.0,1697897303.0,0.019119581580488557
2010-07-30,6.04,6.08,5.9,5.95,22404112.0,133835120.0,1697897303.0,0.01319521031125638
2010-08-02,5.91,6.16,5.91,6.12,39418544.0,238411216.0,1697897303.0,0.023216094359977908
2010-08-03,6.12,6.13,5.98,5.98,33059836.0,200350672.0,1697897303.0,0.019471045711414267
2010-08-04,5.95,6.0,5.8,5.97,28822476.0,169600096.0,1697897303.0,0.016975394182600925
2010-08-05,5.99,6.02,5.88,5.9,19886854.0,118253928.0,1697897303.0,0.011712636544543707
2010-08-06,5.9,6.06,5.81,6.05,31483048.0,187867200.0,1697897303.0,0.018542374703330335
2010-08-09,6.06,6.12,6.01,6.08,30693488.0,186586960.0,1697897303.0,0.018077352467530245
2010-08-10,6.09,6.11,5.82,5.82,28232680.0,168618448.0,1697897303.0,0.016628025705745526
2010-08-11,5.8,5.91,5.78,5.88,14624835.0,85578008.0,1697897303.0,0.008613497986102872
2010-08-12,5.81,5.89,5.71,5.72,19706826.0,114206960.0,1697897303.0,0.011606606574602704
2010-08-13,5.72,5.83,5.71,5.83,13668091.0,79033712.0,1697897303.0,0.008050010431049021
2010-08-16,5.84,6.08,5.8,6.03,29115856.0,174124448.0,1697897303.0,0.017148184374022768
2010-08-17,6.03,6.09,5.98,6.05,24748512.0,149185936.0,1697897303.0,0.014575976978273108
2010-08-18,6.08,6.14,6.01,6.04,28191168.0,171244208.0,1697897303.0,0.016603576641643327
2010-08-19,6.06,6.08,5.96,6.0,23287986.0,140004464.0,1697897303.0,0.01371578007624646
2010-08-20,6.0,6.03,5.82,5.84,23375960.0,138162304.0,1697897303.0,0.013767593575122134
2010-08-23,5.83,5.97,5.8,5.89,16754845.0,98627304.0,1697897303.0,0.009867996710046014
2010-08-24,5.9,5.96,5.79,5.91,18849884.0,111049608.0,1697897303.0,0.011101898781919438
2010-08-25,5.86,5.89,5.72,5.74,16505533.0,95878512.0,1697897303.0,0.009721160974127539
2010-08-26,5.74,5.8,5.69,5.72,12650974.0,72516496.0,1697897303.0,0.0074509653661897594
2010-08-27,5.72,5.72,5.65,5.71,10805858.0,61430332.0,1697897303.0,0.006364258887099487
2010-08-30,5.76,5.84,5.74,5.81,15360038.0,89094320.0,1697897303.0,0.00904650591814975
2010-08-31,5.81,5.82,5.69,5.69,21831078.0,124836816.0,1697897303.0,0.012857714045146816
2010-09-01,5.7,5.77,5.52,5.56,22526712.0,127221560.0,1697897303.0,0.01326741726970044
2010-09-02,5.6,5.65,5.52,5.61,18092876.0,100994288.0,1697897303.0,0.01065604849482466
2010-09-03,5.58,5.84,5.54,5.82,34265408.0,195602288.0,1697897303.0,0.020181083943920958
2010-09-06,5.84,5.88,5.69,5.77,21413788.0,123506384.0,1697897303.0,0.012611945352739629
2010-09-07,5.77,5.79,5.7,5.75,13917270.0,79791800.0,1697897303.0,0.008196767834785824
2010-09-08,5.75,5.75,5.68,5.74,15457159.0,88285040.0,1697897303.0,0.009103706668647673
2010-09-09,5.78,5.82,5.67,5.68,22286154.0,127976496.0,1697897303.0,0.013125737322641828
2010-09-10,5.68,5.72,5.54,5.61,17926914.0,100462848.0,1697897303.0,0.010558302889300248
2010-09-13,5.61,5.74,5.55,5.67,15542197.0,87941920.0,1697897303.0,0.009153790969888831
2010-09-14,5.67,6.24,5.66,6.24,104272520.0,639758720.0,1697897303.0,0.06141273669247356
2010-09-15,6.32,6.77,6.25,6.5,175467696.0,1144410880.0,1697897303.0,0.10334411609581313
2010-09-16,6.44,6.44,6.12,6.24,61742700.0,385233376.0,1697897303.0,0.03636421348388231
2010-09-17,6.22,6.31,6.07,6.09,36732156.0,227391664.0,1697897303.0,0.021633909150511207
2010-09-21,6.01,6.18,5.84,5.93,26915242.0,161082288.0,1697897303.0,0.015852102451923148
2010-09-27,5.98,6.09,5.84,6.06,29646594.0,176848032.0,1697897303.0,0.017460769828432903
2010-09-28,6.06,6.06,5.88,5.89,23174500.0,137448832.0,1697897303.0,0.013648940933620176
2010-09-29,5.95,5.98,5.81,5.83,18382056.0,108561232.0,1697897303.0,0.01082636503840421
2010-09-30,5.84,5.94,5.77,5.89,16452887.0,96340184.0,1697897303.0,0.009690154387388175
2010-10-08,5.95,6.16,5.93,6.07,33552244.0,203370640.0,1697897303.0,0.019761056184444625
2010-10-11,6.15,6.4,6.12,6.26,48565008.0,303219936.0,1697897303.0,0.028603030297645746
2010-10-12,6.24,6.83,6.12,6.59,71751368.0,467710688.0,1697897303.0,0.04225895634160154
2010-10-13,6.6,6.64,6.36,6.47,49731732.0,322794816.0,1697897303.0,0.02929018846553878
2010-10-14,6.47,6.52,6.2,6.28,50343964.0,319936128.0,1697897303.0,0.029650770933582194
2010-10-15,6.24,6.6,6.2,6.45,61025232.0,395358560.0,1697897303.0,0.03594165082433139
2010-10-18,6.46,6.82,6.25,6.7,91485648.0,603270528.0,1697897303.0,0.053881732327600025
2010-10-19,6.61,6.78,6.55,6.69,58192352.0,388495104.0,1697897303.0,0.03427318713398062
2010-10-20,6.55,6.67,6.42,6.55,55971004.0,366281472.0,1697897303.0,0.03296489363703289
2010-10-21,6.55,7.1,6.55,7.09,101281192.0,690652928.0,1697897303.0,0.059650952870381
2010-10-22,7.03,7.26,6.87,7.08,96795344.0,682616000.0,1697897303.0,0.057008950911797286
2010-10-25,7.02,7.16,6.91,7.11,63962756.0,449885888.0,1697897303.0,0.03767174603963665
2010-10-26,7.14,7.19,6.9,6.97,59004796.0,413697184.0,1697897303.0,0.034751687216738575
2010-10-27,6.98,7.04,6.75,6.8,47727596.0,328775872.0,1697897303.0,0.02810982496742914
2010-10-28,6.77,6.93,6.7,6.76,32613492.0,221642960.0,1697897303.0,0.019208165265576137
2010-10-29,6.77,6.79,6.65,6.7,29225550.0,195812768.0,1697897303.0,0.017212790166025723
2010-11-01,6.7,6.95,6.7,6.9,35366868.0,242941984.0,1697897303.0,0.020829803980199856
2010-11-02,6.93,6.93,6.72,6.75,44710944.0,303915296.0,1697897303.0,0.026333126226775094
2010-11-03,6.71,6.75,6.61,6.62,32049902.0,213955328.0,1697897303.0,0.018876231173329098
2010-11-04,6.61,6.84,6.61,6.8,33039000.0,222175472.0,1697897303.0,0.01945877406226141
2010-11-05,6.85,6.9,6.75,6.86,39891800.0,272637504.0,1697897303.0,0.023494824998847412
2010-11-08,6.86,7.04,6.8,6.96,48566768.0,336806048.0,1697897303.0,0.02860406687388442
2010-11-09,6.98,6.99,6.81,6.97,42453300.0,291856416.0,1697897303.0,0.025003455700759777
2010-11-10,7.01,7.2,6.97,7.05,76258496.0,541657024.0,1697897303.0,0.044913491449252864
2010-11-11,7.0,7.15,6.86,6.87,59490248.0,417421696.0,1697897303.0,0.03503760085777108
2010-11-12,6.8,6.83,6.2,6.23,66903576.0,436691968.0,1697897303.0,0.039403782479534334
2010-11-15,6.27,6.38,6.15,6.31,27455166.0,171849088.0,1697897303.0,0.01617009812754264
2010-11-16,6.32,6.36,6.02,6.04,30768062.0,189794896.0,1697897303.0,0.018121273851861464
2010-11-17,6.0,6.1,5.9,5.94,21015208.0,126559128.0,1697897303.0,0.012377196172506082
2010-11-18,5.95,6.08,5.93,6.01,16616937.0,99661368.0,1697897303.0,0.009786773894180572
2010-11-19,6.02,6.04,5.84,6.04,22669342.0,135259824.0,1697897303.0,0.013351421172497146
2010-11-22,6.0,6.08,5.95,6.03,20081992.0,120733104.0,1697897303.0,0.011827565757079243
2010-11-23,6.03,6.04,5.71,5.82,21784374.0,127747800.0,1697897303.0,0.012830207081140525
2010-11-24,5.75,5.94,5.73,5.93,16086778.0,94462552.0,1697897303.0,0.009474529449794409
2010-11-25,5.98,6.15,5.91,6.08,23152116.0,139536592.0,1697897303.0,0.013635757568548302
2010-11-26,6.09,6.1,5.97,5.99,16026594.0,96360016.0,1697897303.0,0.009439083254141903
2010-11-29,5.99,6.0,5.88,5.93,12760497.0,75640464.0,1697897303.0,0.007515470445387709
2010-11-30,5.93,5.93,5.62,5.73,25566848.0,146904064.0,1697897303.0,0.015057947235575532
2010-12-01,5.71,6.12,5.66,5.98,24546060.0,145590048.0,1697897303.0,0.014456740084709352
2010-12-02,6.05,6.07,5.91,5.91,15161640.0,90565096.0,1697897303.0,0.008929656683717578
2010-12-03,5.91,5.99,5.83,5.88,10512370.0,61931516.0,1697897303.0,0.006191405087590271
2010-12-06,5.82,5.96,5.78,5.84,9262964.0,54116420.0,1697897303.0,0.005455550217102854
2010-12-07,5.81,5.91,5.72,5.87,10631087.0,61750076.0,1697897303.0,0.006261325099707753
2010-12-08,5.84,5.9,5.77,5.79,10136825.0,59078912.0,1697897303.0,0.005970222687844154
2010-12-09,5.79,5.83,5.7,5.7,9445190.0,54300848.0,1697897303.0,0.005562874729414656
2010-12-10,5.69,5.8,5.68,5.75,7621203.0,43699928.0,1697897303.0,0.0044886124658624306
2010-12-13,5.78,5.91,5.76,5.9,13324291.0,78099816.0,1697897303.0,0.00784752468624423
2010-12-14,5.91,6.01,5.91,5.94,13945995.0,83001656.0,1697897303.0,0.008213685819135787
2010-12-15,5.95,6.08,5.9,5.97,17599796.0,105201000.0,1697897303.0,0.010365642238139535
2010-12-16,5.97,5.98,5.9,5.91,10179536.0,60379108.0,1697897303.0,0.005995377919508951
2010-12-17,5.92,5.96,5.89,5.93,8168673.0,48350992.0,1697897303.0,0.004811052462105242
2010-12-20,5.96,6.06,5.76,5.87,17971692.0,106591344.0,1697897303.0,0.010584675509081718
2010-12-21,5.89,6.01,5.88,5.98,13346394.0,79583456.0,1697897303.0,0.00786054255249618
2010-12-22,6.0,6.02,5.9,5.9,11152088.0,66222828.0,1697897303.0,0.006568175813870175
2010-12-23,5.89,5.9,5.77,5.79,10260618.0,59851944.0,1697897303.0,0.0060431322800681775
2010-12-24,5.76,5.82,5.74,5.76,7690296.0,44399528.0,1697897303.0,0.004529305739759456
2010-12-27,5.78,5.85,5.59,5.62,11869498.0,68246352.0,1697897303.0,0.006990704313522312
2010-12-28,5.63,5.69,5.41,5.44,10850424.0,59835688.0,1697897303.0,0.0063905066465612965
2010-12-29,5.44,5.49,5.35,5.43,8177180.0,44172204.0,1697897303.0,0.004816062776913428
2010-12-30,5.44,5.48,5.35,5.4,7813452.0,42208960.0,1697897303.0,0.004601840162060732
2010-12-31,5.44,5.55,5.4,5.53,8216088.0,45131876.0,1698572303.0,0.004837055205415062
2011-01-04,5.57,5.59,5.49,5.57,10766796.0,59654808.0,1698572303.0,0.006338732817545536
2011-01-05,5.56,5.59,5.49,5.57,9231005.0,51078880.0,1698572303.0,0.00543456700883224
2011-01-06,5.56,5.79,5.55,5.74,17540300.0,99200864.0,1698572303.0,0.01032649594545991
2011-01-07,5.69,5.75,5.6,5.64,13506136.0,76639280.0,1698572303.0,0.007951463694624955
2011-01-10,5.64,5.67,5.49,5.5,8022268.0,44684100.0,1698572303.0,0.004722947610667593
2011-01-11,5.51,5.52,5.42,5.47,6702967.0,36611464.0,1698572303.0,0.003946235899502949
2011-01-12,5.49,5.54,5.45,5.52,5423137.0,29789532.0,1698572303.0,0.00319276193920136
2011-01-13,5.52,5.56,5.47,5.49,5280092.0,29069510.0,1698572303.0,0.0031085470960961503
2011-01-14,5.49,5.5,5.39,5.43,8370977.0,45487024.0,1698572303.0,0.004928242963349439
2011-01-17,5.39,5.42,5.19,5.2,9074450.0,48136920.0,1698572303.0,0.0053423984271807595
2011-01-18,5.18,5.21,5.14,5.19,5694303.0,29432940.0,1698572303.0,0.0033524054230383857
2011-01-19,5.2,5.27,5.2,5.27,5410080.0,28348030.0,1698572303.0,0.0031850748952192234
2011-01-20,5.29,5.29,5.08,5.09,8032806.0,41489180.0,1698572303.0,0.0047291516444796285
2011-01-21,5.1,5.24,5.1,5.15,6978524.0,35973908.0,1698572303.0,0.004108464495549943
2011-01-24,5.16,5.2,5.1,5.11,4850057.0,24924826.0,1698572303.0,0.002855372710030584
2011-01-25,5.11,5.15,5.09,5.13,4553666.0,23323382.0,1698572303.0,0.002680878518952278
2011-01-26,5.14,5.23,5.13,5.2,4859798.0,25225328.0,1698572303.0,0.002861107526254065
2011-01-27,5.17,5.25,5.13,5.23,7327013.0,38190632.0,1698572303.0,0.004313630327692915
2011-01-28,5.23,5.27,5.2,5.23,5734479.0,29955054.0,1698572303.0,0.003376058228355558
2011-01-31,5.21,5.29,5.19,5.27,7558981.0,39661932.0,1698572303.0,0.004450196783881033
2011-02-01,5.27,5.3,5.26,5.27,4429889.0,23363698.0,1698572303.0,0.00260800732013349
2011-02-09,5.26,5.27,5.19,5.21,5842460.0,30583732.0,1698572303.0,0.003439629852483236
2011-02-10,5.21,5.38,5.17,5.35,9762058.0,51632692.0,1698572303.0,0.005747213693970141
2011-02-11,5.36,5.46,5.32,5.39,11007660.0,59386024.0,1698572303.0,0.006480536613341917
2011-02-14,5.41,5.52,5.4,5.5,12994538.0,71234400.0,1698572303.0,0.007650270746231519
2011-02-15,5.5,5.55,5.47,5.47,12744788.0,70214144.0,1698572303.0,0.007503235498124097
2011-02-16,5.46,5.54,5.44,5.54,11022215.0,60606104.0,1698572303.0,0.006489105574447837
2011-02-17,5.54,5.87,5.47,5.73,27146280.0,154253936.0,1698572303.0,0.015981821881856036
2011-02-18,5.7,5.7,5.59,5.6,16021610.0,90122216.0,1698572303.0,0.009432398003725131
2011-02-21,5.57,5.68,5.54,5.65,12178534.0,68477288.0,1698572303.0,0.00716986493803673
2011-02-22,5.65,5.71,5.51,5.51,16211741.0,90894648.0,1698572303.0,0.009544333774527583
2011-02-23,5.48,5.57,5.46,5.52,8779093.0,48458404.0,1698572303.0,0.005168512982635158
2011-02-24,5.5,5.75,5.44,5.66,16847696.0,94028760.0,1698572303.0,0.009918739384978656
2011-02-25,5.61,5.71,5.6,5.67,16578146.0,94043768.0,1698572303.0,0.009760047288372629
2011-02-28,5.68,5.71,5.6,5.71,13588836.0,76931864.0,1698572303.0,0.008000151642646914
2011-03-01,5.71,5.85,5.68,5.8,28654632.0,165357984.0,1698572303.0,0.016869833535723206
2011-03-02,5.76,5.79,5.65,5.72,14293330.0,81707464.0,1698572303.0,0.00841490819952455
2011-03-03,5.74,5.77,5.61,5.62,13817357.0,78465552.0,1698572303.0,0.008134688747482773
2011-03-04,5.61,5.73,5.6,5.71,11051632.0,62560320.0,1698572303.0,0.006506424236684377
2011-03-07,5.75,5.85,5.7,5.8,21923682.0,126611272.0,1698572303.0,0.012907123212405284
2011-03-08,5.81,5.87,5.72,5.78,17275000.0,99942128.0,1698572303.0,0.010170305950173026
2011-03-09,5.81,5.83,5.72,5.74,14271467.0,82011320.0,1698572303.0,0.008402036801609145
2011-03-10,5.74,5.74,5.63,5.63,14613146.0,82727880.0,1698572303.0,0.008603193384344263
2011-03-11,5.61,5.71,5.59,5.6,12449742.0,70273064.0,1698572303.0,0.007329533148522085
2011-03-14,5.58,5.63,5.55,5.62,11650387.0,65136464.0,1698572303.0,0.006858929101471402
2011-03-15,5.63,5.79,5.38,5.76,39221712.0,220347264.0,1698572303.0,0.023090987608079466
2011-03-16,5.71,5.84,5.68,5.77,29873404.0,172342768.0,1698572303.0,0.01758736083664965
2011-03-17,5.78,6.35,5.73,6.02,97717216.0,598871936.0,1698572303.0,0.05752902942513128
2011-03-18,6.04,6.22,5.93,6.08,66779016.0,407873920.0,1698572303.0,0.03931479153525324
2011-03-21,6.08,6.08,5.86,5.92,33225316.0,197720176.0,1698572303.0,0.019560731057087066
2011-03-22,5.9,5.94,5.78,5.83,21519316.0,125383680.0,1698572303.0,0.012669060929577633
2011-03-23,5.8,5.92,5.8,5.87,15767270.0,92454816.0,1698572303.0,0.009282660486193034
2011-03-24,5.87,5.92,5.83,5.86,14832417.0,87127320.0,1698572303.0,0.00873228473925022
2011-03-25,5.86,5.93,5.82,5.88,17188864.0,100970952.0,1698572303.0,0.010119595126825755
2011-03-28,5.9,5.92,5.82,5.83,18969024.0,111078000.0,1698572303.0,0.011167628229011574
2011-03-29,5.83,5.85,5.7,5.71,19772156.0,113936672.0,1698572303.0,0.011640455908222824
2011-03-30,5.7,5.82,5.69,5.75,13000247.0,74855464.0,1698572303.0,0.007653631804215284
2011-03-31,5.76,5.79,5.61,5.62,12638444.0,71670184.0,1698572303.0,0.007440627624551582
2011-04-01,5.67,5.7,5.61,5.7,8471706.0,47947116.0,1698572303.0,0.004987545119532071
2011-04-06,5.68,5.73,5.65,5.7,11133651.0,63325872.0,1698572303.0,0.006554711259765549
2011-04-07,5.71,5.75,5.69,5.75,11741555.0,67284296.0,1698572303.0,0.006912602412780541
2011-04-08,5.73,5.82,5.7,5.8,15457412.0,89061776.0,1698572303.0,0.009100237871946509
2011-04-11,5.8,5.83,5.69,5.7,16929828.0,97375392.0,1698572303.0,0.009967092934518432
2011-04-12,5.69,5.97,5.66,5.94,46476784.0,272797088.0,1698572303.0,0.027362264130831055
2011-04-13,5.91,5.92,5.84,5.91,20598072.0,121124536.0,1698572303.0,0.012126697205423583
2011-04-14,5.91,5.91,5.85,5.85,14378593.0,84449136.0,1698572303.0,0.008465105061824383
2011-04-15,5.85,5.91,5.8,5.88,15317758.0,89724016.0,1698572303.0,0.009018019411329115
2011-04-18,5.88,5.95,5.86,5.92,19234036.0,113663960.0,1698572303.0,0.011323648670138476
2011-04-19,5.89,5.89,5.76,5.76,18264792.0,105781560.0,1698572303.0,0.01075302591932114
2011-04-20,5.8,5.81,5.72,5.76,11752122.0,67673704.0,1698572303.0,0.006918823519754519
2011-04-21,5.79,5.8,5.72,5.74,12478820.0,71731680.0,1698572303.0,0.007346652231382817
2011-04-25,5.74,5.75,5.58,5.58,14168837.0,80094104.0,1698572303.0,0.008341615470224701
2011-04-26,5.59,5.63,5.45,5.47,12716479.0,70038528.0,1698572303.0,0.007486569148419701
2011-04-27,5.47,5.58,5.46,5.49,9176028.0,50654764.0,1698572303.0,0.0054022004148974985
2011-04-28,5.51,5.56,5.34,5.35,9959153.0,54386340.0,1698572303.0,0.005863249378557658
2011-04-29,5.4,5.62,5.35,5.58,12685710.0,69865400.0,1698572303.0,0.007468454523598811
2011-05-03,5.57,5.65,5.51,5.59,10169926.0,56852012.0,1698572303.0,0.005987337708284767
2011-05-04,5.58,5.58,5.4,5.43,10648516.0,58488212.0,1698572303.0,0.0062690978660094165
2011-05-05,5.41,5.57,5.4,5.49,7160678.0,39473284.0,1698572303.0,0.004215703969358789
2011-05-06,5.47,5.66,5.42,5.62,15692709.0,87868368.0,1698572303.0,0.00923876420937967
2011-05-09,5.63,5.71,5.62,5.69,15023257.0,85252992.0,1698572303.0,0.008844637919425677
2011-05-10,5.69,5.76,5.61,5.73,12685934.0,72096576.0,1698572303.0,0.007468586399056573
2011-05-11,5.7,5.72,5.6,5.62,10124620.0,57274960.0,1698572303.0,0.005960664719492957
2011-05-12,5.58,5.84,5.55,5.74,31615382.0,181951920.0,1698572303.0,0.018612915060584264
2011-05-13,5.75,5.89,5.72,5.81,24558460.0,142375536.0,1698572303.0,0.014458295332277063
2011-05-16,5.8,5.87,5.67,5.75,23447306.0,135245200.0,1698572303.0,0.013804125946589158
2011-05-17,5.71,5.76,5.57,5.63,14822647.0,83855864.0,1698572303.0,0.008726532849864797
2011-05-18,5.68,5.93,5.68,5.78,26497868.0,154530896.0,1698572303.0,0.015600082465256116
2011-05-19,5.76,5.76,5.65,5.66,14668437.0,83402112.0,1698572303.0,0.008635744839411761
2011-05-20,5.7,5.72,5.55,5.58,12567215.0,70561920.0,1698572303.0,0.007398692995172429
2011-05-23,5.59,5.62,5.41,5.42,12307134.0,67719280.0,1698572303.0,0.007245575580305456
2011-05-24,5.42,5.5,5.4,5.48,7621791.0,41561876.0,1698572303.0,0.00448717489772939
2011-05-25,5.47,5.47,5.34,5.35,8476657.0,45729880.0,1698572303.0,0.004990459920386445
2011-05-26,5.37,5.45,5.33,5.34,6135616.0,33031672.0,1698572303.0,0.0036122195029103803
2011-05-27,5.34,5.37,5.26,5.28,7271415.0,38653340.0,1698572303.0,0.004280898132600718
2011-05-30,5.29,5.33,5.19,5.19,5954126.0,31067190.0,1698572303.0,0.003505370945637043
2011-05-31,5.26,5.33,5.22,5.33,5937263.0,31299136.0,1698572303.0,0.0034954431963323965
2011-06-01,5.33,5.33,5.26,5.29,5366732.0,28385230.0,1698572303.0,0.0031595546392233853
2011-06-02,5.24,5.27,5.13,5.17,7450679.0,38638000.0,1698572303.0,0.004386436177512545
2011-06-03,5.19,5.27,5.18,5.23,5327405.0,27833816.0,1698572303.0,0.00313640166544032
2011-06-07,5.21,5.29,5.2,5.25,4506301.0,23609284.0,1698572303.0,0.002652993335662556
2011-06-08,5.25,5.26,5.15,5.24,6043364.0,31489972.0,1698572303.0,0.003557908008582429
2011-06-09,5.24,5.24,5.13,5.15,6093986.0,31568238.0,1698572303.0,0.003587710684577199
2011-06-10,5.16,5.19,5.09,5.16,6115556.0,31393328.0,1698572303.0,0.0036004095846840145
2011-06-13,5.16,5.16,5.08,5.12,4212576.0,21494436.0,1698572303.0,0.0024800686980235073
2011-06-14,5.1,5.17,5.1,5.16,6353415.0,32666564.0,1698572303.0,0.0037404442476653287
2011-06-15,5.16,5.18,5.1,5.1,4669895.0,23978196.0,1698572303.0,0.002749305985828264
2011-06-16,5.09,5.09,4.96,4.97,9028491.0,45226964.0,1698572303.0,0.0053153409978803825
2011-06-17,4.98,5.0,4.91,4.92,4208789.0,20890406.0,1698572303.0,0.002477839178565718
2011-06-20,4.92,4.96,4.82,4.83,4481825.0,21839552.0,1698572303.0,0.0026385835869831677
2011-06-21,4.85,4.87,4.81,4.87,4658086.0,22569618.0,1698572303.0,0.002742353676539373
2011-06-22,4.9,4.91,4.82,4.85,3376684.0,16392236.0,1698572303.0,0.0019879542331145616
2011-06-23,4.85,4.92,4.79,4.89,7141235.0,34762964.0,1698572303.0,0.004204257297370991
2011-06-24,4.89,5.02,4.86,5.01,10403177.0,51648624.0,1698572303.0,0.006124659504706406
2011-06-27,5.01,5.04,4.96,5.02,7036162.0,35275016.0,1698572303.0,0.004142397699275331
2011-06-28,5.02,5.03,4.95,4.99,6629453.0,33024130.0,1698572303.0,0.003902956022708678
2011-06-29,5.0,5.06,4.93,4.99,8304043.0,41415024.0,1698572303.0,0.0048888369281269274
2011-06-30,5.0,5.05,4.94,5.02,9338873.0,46881960.0,1696421478.0,0.005505042892412613
2011-07-01,5.02,5.04,4.98,5.01,6688791.0,33515300.0,1696421478.0,0.003942882760412681
2011-07-04,5.02,5.17,5.02,5.17,15516162.0,79340632.0,1696421478.0,0.009146407423639091
2011-07-05,5.23,5.34,5.17,5.26,24794472.0,130484528.0,1696421478.0,0.014615749872037401
2011-07-06,5.2,5.23,5.14,5.2,10941851.0,56692268.0,1696421478.0,0.006449960190848279
2011-07-07,5.17,5.22,5.13,5.14,10273768.0,53051216.0,1696421478.0,0.006056141196769262
2011-07-08,5.14,5.18,5.11,5.15,6103660.0,31427944.0,1696421478.0,0.0035979619918488203
2011-07-11,5.13,5.17,5.11,5.13,5946178.0,30554394.0,1696421478.0,0.0035051301089457205
2011-07-12,5.11,5.12,5.01,5.02,8412939.0,42460640.0,1696421478.0,0.004959226883827511
2011-07-13,5.02,5.09,5.02,5.07,6607011.0,33385538.0,1696421478.0,0.0038946754009441986
2011-07-14,5.09,5.11,5.06,5.09,7144427.0,36318252.0,1696421478.0,0.00421146931505662
2011-07-15,5.1,5.13,5.05,5.12,7665228.0,39073716.0,1696421478.0,0.004518469082952745
2011-07-18,5.12,5.15,5.09,5.14,7731325.0,39625980.0,1696421478.0,0.004557431687975834
2011-07-19,5.12,5.12,5.06,5.08,5738779.0,29161596.0,1696421478.0,0.003382873345110996
2011-07-20,5.09,5.13,5.04,5.08,5506771.0,27992634.0,1696421478.0,0.003246110162724549
2011-07-21,5.08,5.08,4.99,5.0,7017442.0,35206364.0,1696421478.0,0.0041366146862707905
2011-07-22,5.01,5.03,4.97,4.99,4900605.0,24507782.0,1696421478.0,0.0028887897633656347
2011-07-25,4.96,4.97,4.7,4.75,11208152.0,54246852.0,1696421478.0,0.006606938278813751
2011-07-26,4.74,4.84,4.74,4.82,5237341.0,25115602.0,1696421478.0,0.0030872876038887313
2011-07-27,4.78,4.85,4.77,4.83,5808053.0,27990000.0,1696421478.0,0.0034237087158595853
2011-07-28,4.8,4.87,4.78,4.83,4473818.0,21616398.0,1696421478.0,0.0026372090061453466
2011-07-29,4.87,4.87,4.79,4.79,3450095.0,16602850.0,1696421478.0,0.0020337487144217823
2011-08-01,4.83,4.86,4.8,4.81,3921651.0,18954334.0,1696421478.0,0.002311719729358437
2011-08-02,4.79,4.8,4.72,4.76,4765036.0,22603820.0,1696421478.0,0.0028088750713164455
2011-08-03,4.75,4.79,4.72,4.76,3490266.0,16608462.0,1696421478.0,0.002057428560804864
2011-08-04,4.78,4.82,4.76,4.78,3016387.0,14427264.0,1696421478.0,0.0017780881927739894
2011-08-05,4.69,4.71,4.63,4.69,5320919.0,24875088.0,1696421478.0,0.0031365548414731873
2011-08-08,4.6,4.64,4.23,4.39,10358181.0,46227264.0,1696421478.0,0.006105900646938166
2011-08-09,4.29,4.37,4.01,4.32,9551473.0,40282108.0,1696421478.0,0.0056303655216984935
2011-08-10,4.41,4.45,4.33,4.33,5615005.0,24599774.0,1696421478.0,0.003309911524239733
2011-08-11,4.24,4.36,4.2,4.35,6196212.0,26635628.0,1696421478.0,0.0036525191883947606
2011-08-12,4.39,4.44,4.36,4.41,6009916.0,26485982.0,1696421478.0,0.003542702139733225
2011-08-15,4.41,4.47,4.41,4.45,5697806.0,25355012.0,1696421478.0,0.0033587207388563844
2011-08-16,4.46,4.48,4.39,4.41,4426524.0,19569940.0,1696421478.0,0.002609330321152654
2011-08-17,4.4,4.43,4.37,4.38,3437046.0,15106852.0,1696421478.0,0.002026056640152961
2011-08-18,4.37,4.4,4.29,4.3,4444483.0,19279488.0,1696421478.0,0.0026199167233132616
2011-08-19,4.22,4.27,4.2,4.26,5132202.0,21734432.0,1696421478.0,0.003025310671054826
2011-08-22,4.24,4.55,4.21,4.38,10333531.0,45140956.0,1696421478.0,0.006091370059864333
2011-08-23,4.36,4.4,4.3,4.38,6366269.0,27719754.0,1696421478.0,0.003752763733872037
2011-08-24,4.39,4.43,4.33,4.34,5034628.0,22026960.0,1696421478.0,0.002967793125288408
2011-08-25,4.37,4.43,4.31,4.42,6846829.0,30097052.0,1696421478.0,0.0040360423920546475
2011-08-26,4.43,4.46,4.4,4.45,5461988.0,24240326.0,1696421478.0,0.003219711652342096
2011-08-29,4.44,4.44,4.36,4.37,4151992.0,18197554.0,1696421478.0,0.0024475002550044347
2011-08-30,4.4,4.44,4.3,4.31,5104570.0,22379136.0,1696421478.0,0.003009022266104556
2011-08-31,4.32,4.35,4.28,4.3,3257616.0,14050238.0,1696421478.0,0.0019202869347307331
2011-09-01,4.3,4.34,4.27,4.27,2977360.0,12803180.0,1696421478.0,0.0017550827071054096
2011-09-02,4.27,4.31,4.22,4.25,3281061.0,13938303.0,1696421478.0,0.0019341072030449734
2011-09-05,4.22,4.25,4.16,4.19,3335340.0,13973052.0,1696421478.0,0.0019661033789387097
2011-09-06,4.17,4.19,4.14,4.16,3844725.0,16014763.0,1696421478.0,0.0022663736871173946
2011-09-07,4.19,4.25,4.17,4.24,2871315.0,12097675.0,1696421478.0,0.0016925717088804744
2011-09-08,4.23,4.27,4.22,4.22,2676228.0,11358068.0,1696421478.0,0.001577572575392729
2011-09-09,4.25,4.29,4.21,4.22,2406514.0,10213167.0,1696421478.0,0.001418582605330584
2011-09-13,4.18,4.19,4.13,4.16,2718422.0,11279863.0,1696421478.0,0.0016024449320253182
2011-09-14,4.19,4.19,4.1,4.17,2908952.0,12073005.0,1696421478.0,0.0017147578227018887
2011-09-15,4.16,4.2,4.15,4.15,2727172.0,11380080.0,1696421478.0,0.0016076028483294174
2011-09-16,4.15,4.2,4.13,4.15,2828115.0,11780293.0,1696421478.0,0.001667106339241951
2011-09-19,4.14,4.15,4.09,4.11,2570835.0,10565582.0,1696421478.0,0.001515445915616968
2011-09-20,4.12,4.15,4.09,4.11,2605447.0,10717616.0,1696421478.0,0.0015358488640875366
2011-09-21,4.11,4.23,4.08,4.21,5640921.0,23531618.0,1696421478.0,0.0033251883881182504
2011-09-22,4.18,4.27,4.13,4.13,5598421.0,23533610.0,1696421478.0,0.003300135651784055
2011-09-23,4.09,4.14,4.06,4.13,3561261.0,14600448.0,1696421478.0,0.002099278420005951
2011-09-26,4.09,4.18,4.08,4.1,2457498.0,10114605.0,1696421478.0,0.0014486364573132338
2011-09-27,4.13,4.17,4.1,4.14,2585461.0,10705335.0,1696421478.0,0.0015240675937728254
2011-09-28,4.17,4.19,4.08,4.09,2842763.0,11729902.0,1696421478.0,0.0016757409858730874
2011-09-29,4.08,4.08,4.0,4.04,4593192.0,18559094.0,1696421478.0,0.0027075771319608347
2011-09-30,4.05,4.09,4.01,4.06,3003836.0,12157338.0,1696421478.0,0.0017706896776273897
2011-10-10,4.06,4.1,4.05,4.08,2300338.0,9374066.0,1696421478.0,0.0013559943857301246
2011-10-11,4.12,4.18,4.07,4.1,3582694.0,14773684.0,1696421478.0,0.002111912662308323
2011-10-12,4.07,4.2,4.06,4.19,6572974.0,27340452.0,1696421478.0,0.003874611401259328
2011-10-13,4.19,4.24,4.16,4.22,6466869.0,27149678.0,1696421478.0,0.0038120650344654504
2011-10-14,4.21,4.22,4.15,4.19,4642410.0,19440758.0,1696421478.0,0.00273658996906428
2011-10-17,4.21,4.23,4.15,4.17,2984490.0,12484879.0,1696421478.0,0.001759285672048064
2011-10-18,4.14,4.17,4.09,4.09,3530225.0,14574577.0,1696421478.0,0.002080983438244349
2011-10-19,4.09,4.13,4.07,4.08,2662473.0,10903307.0,1696421478.0,0.0015694643309626854
2011-10-20,4.06,4.09,3.98,4.03,4610069.0,18519662.0,1696421478.0,0.0027175257209281806
2011-10-21,4.0,4.04,4.0,4.02,2731959.0,10982629.0,1696421478.0,0.0016104246706548713
2011-10-24,4.01,4.08,3.96,4.06,3933254.0,15839028.0,1696421478.0,0.002318559421115747
2011-10-25,4.04,4.13,4.03,4.11,6090374.0,24877166.0,1696421478.0,0.0035901302117326765
2011-10-26,4.1,4.29,4.03,4.21,12642515.0,52913420.0,1696421478.0,0.0074524610563790564
2011-10-27,4.2,4.28,4.16,4.2,9425501.0,39861684.0,1696421478.0,0.00555610803225164
2011-10-28,4.23,4.27,4.18,4.24,9013695.0,38090504.0,1696421478.0,0.005313358217220119
2011-10-31,4.22,4.3,4.21,4.25,6392850.0,27221980.0,1696421478.0,0.0037684325993896663
2011-11-01,4.22,4.31,4.2,4.27,8667082.0,36988472.0,1696421478.0,0.005109038120772956
2011-11-02,4.23,4.3,4.17,4.29,9981312.0,42197584.0,1696421478.0,0.005883745360125652
2011-11-03,4.32,4.34,4.26,4.27,11998809.0,51613240.0,1696421478.0,0.007073011722385184
2011-11-04,4.3,4.37,4.26,4.36,14103040.0,61014728.0,1696421478.0,0.008313405708955543
2011-11-07,4.34,4.37,4.27,4.28,7428078.0,32039198.0,1696421478.0,0.0043786748142079345
2011-11-08,4.29,4.33,4.25,4.26,5941726.0,25450912.0,1696421478.0,0.003502505761130195
2011-11-09,4.28,4.3,4.22,4.28,6365671.0,27117216.0,1696421478.0,0.0037524112271349113
2011-11-10,4.25,4.26,4.21,4.21,5720561.0,24182132.0,1696421478.0,0.0033721342686277873
2011-11-11,4.22,4.23,4.19,4.2,4099853.0,17271568.0,1696421478.0,0.002416765558069644
2011-11-14,4.23,4.31,4.23,4.29,7699452.0,32953430.0,1696421478.0,0.004538643314677486
2011-11-15,4.3,4.55,4.29,4.43,20815976.0,92373080.0,1696421478.0,0.012270521370986791
2011-11-16,4.44,4.44,4.26,4.28,13587430.0,58816152.0,1696421478.0,0.008009465911749085
2011-11-17,4.28,4.39,4.27,4.32,8064949.0,34924188.0,1696421478.0,0.004754095078723119
2011-11-18,4.3,4.31,4.21,4.22,6585842.0,27952924.0,1696421478.0,0.003882196780345173
2011-11-21,4.2,4.25,4.1,4.16,6526644.0,27148818.0,1696421478.0,0.00384730097127431
2011-11-22,4.13,4.18,4.09,4.13,4661046.0,19237478.0,1696421478.0,0.0027475754465777873
2011-11-23,4.13,4.21,4.12,4.16,5500520.0,22916408.0,1696421478.0,0.0032424253473169007
2011-11-24,4.12,4.15,4.08,4.13,3776079.0,15536684.0,1696421478.0,0.0022259085073904022
2011-11-25,4.12,4.17,4.09,4.1,3851028.0,15879170.0,1696421478.0,0.002270089155284793
2011-11-28,4.11,4.15,4.09,4.12,2646481.0,10916411.0,1696421478.0,0.0015600374283872395
2011-11-29,4.15,4.17,4.11,4.14,4775892.0,19752286.0,1696421478.0,0.0028152744243904225
2011-11-30,4.15,4.19,3.97,4.03,9666610.0,39453612.0,1696421478.0,0.0056982360370705
2011-12-01,4.14,4.18,4.05,4.08,8728927.0,35854900.0,1696421478.0,0.005145494273210328
2011-12-02,4.05,4.08,3.98,4.01,5175814.0,20718932.0,1696421478.0,0.003051018904866754
2011-12-05,4.04,4.04,3.92,3.95,3584439.0,14168670.0,1696421478.0,0.0021129412981883977
2011-12-06,3.95,3.96,3.9,3.93,3166722.0,12425795.0,1696421478.0,0.0018667070896399014
2011-12-07,3.92,3.96,3.9,3.93,2390309.0,9398644.0,1696421478.0,0.0014090301443353925
2011-12-08,3.93,3.95,3.84,3.87,4352406.0,16927800.0,1696421478.0,0.0025656395279381153
2011-12-09,3.85,3.89,3.84,3.87,1987674.0,7691696.0,1696421478.0,0.0011716864150667161
2011-12-12,3.87,3.88,3.73,3.73,4739764.0,18005882.0,1696421478.0,0.0027939778300779096
2011-12-13,3.72,3.73,3.38,3.48,10971831.0,38979376.0,1696421478.0,0.006467632685796495
2011-12-14,3.47,3.51,3.44,3.45,3914968.0,13611456.0,1696421478.0,0.0023077802602544037
2011-12-15,3.45,3.46,3.15,3.3,13372908.0,43562856.0,1696421478.0,0.00788301030930475
2011-12-16,3.23,3.35,3.17,3.35,10001370.0,32629434.0,1696421478.0,0.005895569072723094
2011-12-19,3.3,3.3,3.18,3.27,9308129.0,30178510.0,1696421478.0,0.00548692003768653
2011-12-20,3.27,3.3,3.2,3.27,10113654.0,32958572.0,1696421478.0,0.0059617578126418885
2011-12-21,3.27,3.3,3.15,3.15,13661673.0,43967108.0,1696421478.0,0.008053230389482254
2011-12-22,3.15,3.16,3.04,3.1,8142508.0,25242308.0,1696421478.0,0.004799814259366504
2011-12-23,3.11,3.16,3.07,3.15,10525991.0,32861748.0,1696421478.0,0.00620482063950855
2011-12-26,3.12,3.17,3.08,3.09,9855542.0,30735708.0,1696421478.0,0.005809606944860904
2011-12-27,3.09,3.11,2.99,3.0,11324568.0,34533916.0,1696421478.0,0.006675562734180379
2011-12-28,2.99,3.01,2.85,2.96,14023658.0,41032756.0,1696421478.0,0.008266611913292459
2011-12-29,2.94,2.98,2.89,2.95,12020913.0,35273724.0,1696421478.0,0.007086041503183562
2011-12-30,2.96,3.07,2.92,3.05,13961658.0,41693304.0,1696421478.0,0.008230064392051985
2012-01-04,3.08,3.09,2.98,3.03,15926475.0,48240460.0,1705024085.0,0.009340909105105105
2012-01-05,3.0,3.01,2.88,2.93,12420498.0,36485272.0,1705024085.0,0.007284646656472304
2012-01-06,2.92,2.98,2.86,2.96,7636394.0,22282816.0,1705024085.0,0.004478760192997509
2012-01-09,2.96,3.08,2.94,3.08,11661263.0,35300612.0,1705024085.0,0.006839353826488616
2012-01-10,3.08,3.21,3.05,3.2,15566393.0,49028792.0,1705024085.0,0.009129720299522925
2012-01-11,3.2,3.25,3.16,3.19,13375042.0,42800300.0,1705024085.0,0.007844488601461603
2012-01-12,3.16,3.25,3.15,3.23,9760547.0,31393974.0,1705024085.0,0.005724580131077738
2012-01-13,3.21,3.24,3.11,3.14,7498709.0,23723540.0,1705024085.0,0.004398007668026578
2012-01-16,3.1,3.17,3.09,3.1,3794410.0,11868947.0,1705024085.0,0.0022254289739256088
2012-01-17,3.1,3.3,3.09,3.27,10108448.0,32432594.0,1705024085.0,0.005928624756054399
2012-01-18,3.27,3.35,3.22,3.24,8364509.0,27467118.0,1705024085.0,0.004905801081396454
2012-01-19,3.25,3.31,3.22,3.29,5956693.0,19503102.0,1705024085.0,0.00349361223246298
2012-01-20,3.29,3.4,3.28,3.32,6070879.0,20140490.0,1705024085.0,0.003560582547430701
2012-01-30,3.33,3.34,3.25,3.26,4390887.0,14449611.0,1705024085.0,0.0025752639148203
2012-01-31,3.27,3.28,3.22,3.26,3433271.0,11163634.0,1705024085.0,0.0020136202357516845
2012-02-01,3.25,3.28,3.2,3.21,3686929.0,11953358.0,1705024085.0,0.002162391154726709
2012-02-02,3.22,3.28,3.2,3.28,4446402.0,14421111.0,1705024085.0,0.0026078235721813865
2012-02-03,3.28,3.32,3.27,3.3,6523058.0,21488884.0,1705024085.0,0.003825786425767704
2012-02-06,3.3,3.31,3.25,3.29,9197400.0,30125824.0,1705024085.0,0.0053942933011412566
2012-02-07,3.28,3.28,3.21,3.22,5468691.0,17662526.0,1705024085.0,0.0032073980937342593
2012-02-08,3.22,3.31,3.21,3.31,7993826.0,26137724.0,1705024085.0,0.004688394768335487
2012-02-09,3.28,3.34,3.28,3.31,10838129.0,35875784.0,1705024085.0,0.006356584106552371
2012-02-10,3.31,3.35,3.29,3.31,8929232.0,29678348.0,1705024085.0,0.0052370122384517515
2012-02-13,3.3,3.36,3.26,3.34,9990748.0,33152938.0,1705024085.0,0.005859593473132668
2012-02-14,3.33,3.36,3.31,3.36,10205229.0,34043532.0,1705024085.0,0.005985387004078596
2012-02-15,3.34,3.46,3.32,3.42,15501038.0,52737620.0,1705024085.0,0.009091389462689028
2012-02-16,3.4,3.5,3.39,3.5,19367492.0,66661944.0,1705024085.0,0.01135907238518569
2012-02-17,3.52,3.57,3.43,3.46,14945444.0,52048648.0,1705024085.0,0.00876553248219951
2012-02-20,3.51,3.54,3.41,3.42,10344444.0,35861104.0,1705024085.0,0.006067036877077311
2012-02-21,3.43,3.44,3.35,3.43,8968359.0,30520846.0,1705024085.0,0.005259960301381901
2012-02-22,3.43,3.49,3.42,3.47,10573117.0,36544796.0,1705024085.0,0.006201154044108415
2012-02-23,3.48,3.51,3.45,3.5,14457546.0,50426660.0,1705024085.0,0.0084793793396766
2012-02-24,3.49,3.56,3.49,3.56,15693014.0,55315176.0,1705024085.0,0.009203983766598816
2012-02-27,3.62,3.78,3.62,3.64,41125136.0,151851264.0,1705024085.0,0.024119973648348787
2012-02-28,3.61,3.69,3.58,3.69,17901586.0,65072152.0,1705024085.0,0.010499315615239535
2012-02-29,3.68,3.77,3.65,3.65,15552809.0,57602440.0,1705024085.0,0.009121753256640946
2012-03-01,3.61,3.66,3.61,3.64,6126186.0,22297094.0,1705024085.0,0.003593020212380167
2012-03-02,3.63,3.69,3.63,3.68,7806338.0,28604172.0,1705024085.0,0.004578432685307199
2012-03-05,3.68,3.73,3.61,3.63,15438151.0,56930352.0,1705024085.0,0.009054506112739164
2012-03-06,3.61,3.63,3.52,3.56,10824776.0,38611356.0,1705024085.0,0.00634875254562753
2012-03-07,3.52,3.62,3.51,3.54,8294229.0,29577286.0,1705024085.0,0.004864581722316257
2012-03-08,3.54,3.61,3.54,3.59,5819492.0,20859598.0,1705024085.0,0.0034131435744498588
2012-03-09,3.61,3.71,3.59,3.69,12541105.0,45746336.0,1705024085.0,0.007355382900646826
2012-03-12,3.69,3.7,3.66,3.7,7744831.0,28494002.0,1705024085.0,0.004542358708088279
2012-03-13,3.7,3.72,3.67,3.71,7327413.0,27050044.0,1705024085.0,0.004297542225041355
2012-03-14,3.72,3.75,3.52,3.54,14958243.0,54527492.0,1705024085.0,0.008773039121028017
2012-03-15,3.5,3.55,3.4,3.43,11003471.0,38109132.0,1705024085.0,0.006453557516754961
2012-03-16,3.42,3.53,3.42,3.53,10200560.0,35441028.0,1705024085.0,0.005982648626338906
2012-03-19,3.51,3.56,3.46,3.55,6959505.0,24407220.0,1705024085.0,0.004081763454971957
2012-03-20,3.52,3.61,3.5,3.53,8861211.0,31557258.0,1705024085.0,0.00519711778734199
2012-03-21,3.53,3.56,3.47,3.51,6645270.0,23308052.0,1705024085.0,0.003897464005618431
2012-03-22,3.49,3.52,3.45,3.47,5274452.0,18355564.0,1705024085.0,0.0030934765358461196
2012-03-23,3.48,3.48,3.41,3.42,5368090.0,18471122.0,1705024085.0,0.0031483954081504956
2012-03-27,3.44,3.49,3.41,3.46,6950782.0,23975732.0,1705024085.0,0.004076647398209627
2012-03-28,3.44,3.45,3.3,3.31,6666888.0,22441914.0,1705024085.0,0.003910143005399247
2012-03-29,3.31,3.31,3.18,3.2,5473383.0,17733650.0,1705024085.0,0.0032101499610194656
2012-03-30,3.2,3.24,3.13,3.2,4492397.0,14421787.0,1705024085.0,0.0026347997307029246
2012-04-05,3.2,3.29,3.18,3.29,4309755.0,14031377.0,1705024085.0,0.0025276798362646002
2012-04-06,3.29,3.39,3.28,3.36,6246271.0,20866874.0,1705024085.0,0.0036634503025216795
2012-04-09,3.36,3.37,3.29,3.3,5448646.0,18083830.0,1705024085.0,0.0031956416615663234
2012-04-10,3.3,3.36,3.28,3.36,5189705.0,17253364.0,1705024085.0,0.003043772252636537
2012-04-11,3.33,3.4,3.27,3.37,10298090.0,34642168.0,1705024085.0,0.006039850164345333
2012-04-12,3.4,3.43,3.31,3.41,14813764.0,50073328.0,1705024085.0,0.00868830190161214
2012-04-13,3.4,3.5,3.4,3.47,11946945.0,41267680.0,1705024085.0,0.007006906884837349
2012-04-16,3.45,3.66,3.43,3.62,20447724.0,73022952.0,1705024085.0,0.011992630590904527
2012-04-17,3.62,3.65,3.5,3.51,11290496.0,40305612.0,1705024085.0,0.006621898247261416
2012-04-18,3.51,3.58,3.5,3.56,7537392.0,26691636.0,1705024085.0,0.004420695324078076
2012-04-19,3.56,3.59,3.52,3.52,5130271.0,18203016.0,1705024085.0,0.003008914094019968
2012-04-20,3.52,3.58,3.49,3.56,8321613.0,29449210.0,1705024085.0,0.004880642492507664
2012-04-23,3.54,3.56,3.49,3.52,10089577.0,35515140.0,1705024085.0,0.005917556877209743
2012-04-24,3.5,3.54,3.37,3.47,9715929.0,33449606.0,1705024085.0,0.005698411585781206
2012-04-25,3.47,3.62,3.43,3.6,15589628.0,55455252.0,1705024085.0,0.009143347673003692
2012-04-26,3.61,3.62,3.55,3.58,6949773.0,24867300.0,1705024085.0,0.0040760556177128725
2012-04-27,3.59,3.61,3.53,3.53,4940353.0,17598014.0,1705024085.0,0.0028975268111828462
2012-05-02,3.6,3.62,3.55,3.61,8670544.0,31193332.0,1705024085.0,0.005085291214522638
2012-05-03,3.61,3.67,3.58,3.66,13048124.0,47530972.0,1705024085.0,0.007652750547509128
2012-05-04,3.65,3.67,3.58,3.66,11488069.0,41728216.0,1705024085.0,0.006737775202747356
2012-05-07,3.65,3.69,3.62,3.67,13249488.0,48524616.0,1705024085.0,0.007770850931997245
2012-05-08,3.66,3.86,3.66,3.77,28511344.0,107792904.0,1705024085.0,0.016721959678358444
2012-05-09,3.72,3.77,3.65,3.75,15056377.0,56158108.0,1705024085.0,0.008830594906229726
2012-05-10,3.75,3.91,3.72,3.86,15891456.0,61011404.0,1705024085.0,0.009320370392304458
2012-05-11,3.86,3.98,3.84,3.91,27388136.0,107887664.0,1705024085.0,0.016063195963592503
2012-05-14,3.94,3.96,3.83,3.84,15284752.0,59583540.0,1705024085.0,0.008964537295671106
2012-05-15,3.8,3.82,3.71,3.8,11282020.0,42637264.0,1705024085.0,0.006616927056487885
2012-05-16,3.79,3.9,3.78,3.82,12161480.0,46696612.0,1705024085.0,0.007132732086890139
2012-05-17,3.81,4.05,3.81,3.98,20788328.0,82599824.0,1705024085.0,0.012192395510940833
2012-05-18,3.95,3.97,3.86,3.95,15399796.0,60226416.0,1705024085.0,0.009032010829336759
2012-05-21,3.91,3.96,3.85,3.91,8322204.0,32518318.0,1705024085.0,0.004880989115177221
2012-05-22,3.91,3.95,3.79,3.83,13937996.0,53836656.0,1705024085.0,0.008174662236516148
2012-05-23,3.82,3.86,3.75,3.84,10075477.0,38279192.0,1705024085.0,0.00590928719930663
2012-05-24,3.82,3.86,3.76,3.76,6790416.0,25863446.0,1705024085.0,0.003982592421854263
2012-05-25,3.75,3.79,3.71,3.75,6528151.0,24437180.0,1705024085.0,0.0038287734803464668
2012-05-28,3.75,3.87,3.72,3.84,9551123.0,36567124.0,1705024085.0,0.005601752540639331
2012-05-29,3.81,3.92,3.81,3.9,9626123.0,37326860.0,1705024085.0,0.005645740189060145
2012-05-30,3.91,3.91,3.85,3.86,6283015.0,24347634.0,1705024085.0,0.003685000731236005
2012-05-31,3.87,3.89,3.81,3.87,5176418.0,19966894.0,1705024085.0,0.0030359794008423054
2012-06-01,3.86,3.91,3.73,3.9,17142320.0,65778272.0,1705024085.0,0.010054004603694499
2012-06-04,3.86,3.91,3.8,3.85,13286737.0,51339968.0,1705024085.0,0.007792697544210937
2012-06-05,3.83,4.01,3.81,3.94,17078738.0,67467976.0,1705024085.0,0.01001671363486927
2012-06-06,3.91,4.11,3.91,4.08,33605312.0,136277296.0,1705024085.0,0.0197095819910368
2012-06-07,4.1,4.13,4.04,4.09,19270920.0,78822672.0,1705024085.0,0.011302432716075093
2012-06-08,4.12,4.13,4.0,4.02,14331748.0,58251864.0,1705024085.0,0.00840559856372938
2012-06-11,4.02,4.05,3.98,4.04,10692822.0,42947384.0,1705024085.0,0.006271361263497929
2012-06-12,4.04,4.05,4.0,4.03,4112665.0,16547118.0,1705024085.0,0.0024120861612344905
2012-06-13,4.02,4.28,4.02,4.22,29756696.0,124953352.0,1705024085.0,0.017452361090840543
2012-06-14,4.2,4.32,4.19,4.23,21688688.0,92490256.0,1705024085.0,0.01272045843270302
2012-06-15,4.22,4.32,4.21,4.27,9857368.0,41966924.0,1705024085.0,0.005781365839181093
2012-06-18,4.28,4.35,4.19,4.22,14014315.0,59824196.0,1705024085.0,0.00821942348104719
2012-06-19,4.22,4.23,4.14,4.16,15223838.0,63650368.0,1705024085.0,0.008928811114125699
2012-06-20,4.17,4.22,4.1,4.15,7151485.0,29645844.0,1705024085.0,0.004194360104889662
2012-06-21,4.16,4.2,4.08,4.18,7228140.0,30103198.0,1705024085.0,0.004239318414085628
2012-06-25,4.15,4.32,4.12,4.22,15339103.0,65548268.0,1705024085.0,0.0089964142647287
2012-06-26,4.22,4.25,4.12,4.17,6290269.0,26206748.0,1705024085.0,0.003689255216591266
2012-06-27,4.17,4.3,4.15,4.27,10780300.0,45816524.0,1705024085.0,0.006322667283612009
2012-06-28,4.29,4.44,4.19,4.39,24195290.0,105078304.0,1705024085.0,0.014190585466128475
2012-07-02,4.38,4.52,4.26,4.49,21868560.0,96727680.0,1702340114.0,0.012846175579223882
2012-07-03,4.46,4.52,4.36,4.43,9208648.0,40977028.0,1702340114.0,0.005409405514367149
2012-07-04,4.42,4.49,4.38,4.45,9530368.0,42377608.0,1702340114.0,0.005598392425592575
2012-07-05,4.44,4.44,4.34,4.35,6036159.0,26406404.0,1702340114.0,0.0035458008363656525
2012-07-06,4.38,4.48,4.32,4.47,8145039.0,35931392.0,1702340114.0,0.004784613211552389
2012-07-09,4.46,4.6,4.41,4.52,15707365.0,71126760.0,1702340114.0,0.00922692526060042
2012-07-10,4.51,4.64,4.48,4.62,12785725.0,58666616.0,1702340114.0,0.0075106759776442655
2012-07-11,4.6,4.63,4.32,4.46,23504780.0,105094048.0,1702340114.0,0.013807334860229933
2012-07-12,4.44,4.44,4.3,4.39,12346320.0,53924076.0,1702340114.0,0.007252557757679674
2012-07-13,4.37,4.58,4.32,4.55,13832319.0,62126904.0,1702340114.0,0.008125473215512796
2012-07-16,4.51,4.56,4.1,4.2,18788682.0,81450584.0,1702340114.0,0.01103697307340782
2012-07-17,4.18,4.28,4.07,4.28,11423649.0,48194484.0,1702340114.0,0.006710556196175026
2012-07-18,4.27,4.52,4.23,4.4,21286974.0,93502600.0,1702340114.0,0.01250453644658696
2012-07-19,4.4,4.47,4.36,4.39,5982754.0,26305506.0,1702340114.0,0.0035144293145641047
2012-07-20,4.37,4.44,4.3,4.32,6835660.0,29737316.0,1702340114.0,0.004015449053795838
2012-07-23,4.3,4.4,4.21,4.38,6656253.0,28723722.0,1702340114.0,0.003910060595564395
2012-07-24,4.38,4.39,4.32,4.35,4312119.0,18811810.0,1702340114.0,0.0025330537443941123
2012-07-25,4.33,4.35,4.28,4.29,4887417.0,21046674.0,1702340114.0,0.002870999138072358
2012-07-26,4.37,4.46,4.3,4.36,9526327.0,41805780.0,1702340114.0,0.0055960186343820125
2012-07-27,4.36,4.36,4.21,4.21,9419323.0,40031620.0,1702340114.0,0.005533161630003157
2012-07-30,4.2,4.24,4.09,4.21,7223979.0,30003026.0,1702340114.0,0.004243557994427899
2012-07-31,4.21,4.22,4.07,4.13,5334274.0,21996234.0,1702340114.0,0.003133494861650191
2012-08-01,4.13,4.23,4.11,4.23,3849136.0,16159435.0,1702340114.0,0.002261085178187841
2012-08-02,4.22,4.32,4.2,4.26,5253192.0,22441160.0,1702340114.0,0.0030858651316490095
2012-08-03,4.28,4.31,4.25,4.3,3447969.0,14766519.0,1702340114.0,0.002025428979581691
2012-08-06,4.31,4.32,4.2,4.29,8016581.0,34114388.0,1702340114.0,0.0047091535551984295
2012-08-07,4.3,4.32,4.17,4.23,10708924.0,45133712.0,1702340114.0,0.006290707662898908
2012-08-08,4.23,4.23,4.16,4.19,5301013.0,22197326.0,1702340114.0,0.0031139564628740223
2012-08-09,4.17,4.24,4.16,4.2,7262611.0,30482894.0,1702340114.0,0.004266251461897937
2012-08-10,4.2,4.23,4.16,4.19,5253737.0,22021608.0,1702340114.0,0.003086185279189162
2012-08-13,4.19,4.19,4.02,4.11,7646519.0,31397000.0,1702340114.0,0.004491769263448139
2012-08-14,4.08,4.11,3.98,4.11,10053733.0,40750504.0,1702340114.0,0.005905830989541025
2012-08-15,4.11,4.13,4.0,4.02,5261437.0,21279822.0,1702340114.0,0.0030907084646188392
2012-08-16,4.0,4.02,3.9,3.92,9741248.0,38524880.0,1702340114.0,0.005722268963697815
2012-08-17,3.92,4.06,3.91,4.03,5066002.0,20249752.0,1702340114.0,0.0029759047315735167
2012-08-20,4.0,4.09,4.0,4.02,8023267.0,32391512.0,1702340114.0,0.0047130810899754195
2012-08-21,4.03,4.07,4.01,4.07,3351425.0,13531434.0,1702340114.0,0.0019687164582670464
2012-08-22,4.06,4.12,4.06,4.1,4416581.0,18042100.0,1702340114.0,0.0025944175101544954
2012-08-23,4.12,4.21,4.1,4.2,7691237.0,32101096.0,1702340114.0,0.004518037809687659
2012-08-24,4.2,4.2,4.07,4.09,6179004.0,25427674.0,1702340114.0,0.0036297118003529583
2012-08-27,4.06,4.06,3.92,3.98,5007741.0,19899802.0,1702340114.0,0.0029416806658178764
2012-08-28,3.99,4.03,3.96,4.01,2334112.0,9313603.0,1702340114.0,0.001371119660991552
2012-08-29,4.0,4.02,3.79,3.81,6630695.0,25696870.0,1702340114.0,0.0038950471444979414
2012-08-30,3.81,3.85,3.7,3.78,4520311.0,17035164.0,1702340114.0,0.00265535127958572
2012-08-31,3.78,3.83,3.75,3.78,1939369.0,7374264.0,1702340114.0,0.0011392370913724471
2012-09-03,3.78,3.89,3.78,3.86,2624745.0,10097383.0,1702340114.0,0.0015418452390413447
2012-09-04,3.88,3.97,3.86,3.91,3570706.0,14017136.0,1702340114.0,0.002097527967904068
2012-09-05,3.96,4.07,3.85,4.01,5992382.0,23955034.0,1702340114.0,0.003520085058631239
2012-09-06,4.0,4.08,4.0,4.02,3798320.0,15337846.0,1702340114.0,0.002231234504058688
2012-09-07,4.02,4.16,4.0,4.09,12951888.0,52902788.0,1702340114.0,0.007608284556936664
2012-09-10,4.07,4.1,4.04,4.07,5355932.0,21816892.0,1702340114.0,0.003146217348667847
2012-09-11,4.05,4.09,4.03,4.06,4632297.0,18818100.0,1702340114.0,0.0027211348436802446
2012-09-12,4.06,4.09,4.02,4.03,7341950.0,29672624.0,1702340114.0,0.004312857307197309
2012-09-13,4.02,4.06,4.0,4.02,5172276.0,20820106.0,1702340114.0,0.003038332914476572
2012-09-14,4.03,4.05,3.92,3.99,4939586.0,19586168.0,1702340114.0,0.0029016446004984406
2012-09-17,3.98,3.98,3.84,3.86,3707067.0,14449411.0,1702340114.0,0.0021776300573035784
2012-09-18,3.85,3.86,3.78,3.86,3035813.0,11569317.0,1702340114.0,0.0017833175491980447
2012-09-19,3.83,3.86,3.8,3.86,1462220.0,5631223.0,1702340114.0,0.0008589470388289281
2012-09-20,3.87,3.87,3.8,3.85,2791369.0,10724927.0,1702340114.0,0.001639724622032845
2012-09-21,3.85,3.88,3.79,3.87,2634296.0,10142363.0,1702340114.0,0.001547455751254182
2012-09-24,3.86,3.87,3.78,3.85,2397385.0,9167541.0,1702340114.0,0.0014082879092632368
2012-09-25,3.82,3.89,3.81,3.84,1830191.0,7050987.0,1702340114.0,0.0010751030213930564
2012-09-26,3.84,3.85,3.76,3.79,2528249.0,9589125.0,1702340114.0,0.0014851609142073005
2012-09-27,3.77,3.88,3.77,3.86,3007238.0,11531703.0,1702340114.0,0.0017665318318405084
2012-09-28,3.85,4.04,3.82,4.0,9588531.0,38203140.0,1702340114.0,0.005632558923533655
2012-10-08,4.01,4.04,3.96,4.0,2701009.0,10780600.0,1702340114.0,0.0015866447473022421
2012-10-09,4.0,4.09,3.99,4.06,8970544.0,36322904.0,1702340114.0,0.005269536872347942
2012-10-10,4.09,4.12,4.05,4.08,9201433.0,37553108.0,1702340114.0,0.005405167230876873
2012-10-11,4.06,4.1,4.02,4.07,6344156.0,25831474.0,1702340114.0,0.003726726491272707
2012-10-12,4.08,4.1,4.04,4.08,3332570.0,13583915.0,1702340114.0,0.0019576405282311286
2012-10-15,4.09,4.15,4.06,4.14,9070273.0,37353048.0,1702340114.0,0.005328120347635772
2012-10-16,4.16,4.2,4.09,4.1,8740845.0,36327092.0,1702340114.0,0.005134605551567235
2012-10-17,4.15,4.19,4.12,4.15,8813011.0,36672284.0,1702340114.0,0.005176997785296858
2012-10-18,4.15,4.21,4.15,4.19,8537104.0,35701560.0,1702340114.0,0.005014922652524653
2012-10-19,4.19,4.2,4.11,4.13,7378600.0,30561298.0,1702340114.0,0.0043343864949892145
2012-10-22,4.11,4.17,4.09,4.14,4836285.0,19980138.0,1702340114.0,0.0028409628371125844
2012-10-23,4.14,4.16,4.11,4.13,4615302.0,19074590.0,1702340114.0,0.0027111515272676
2012-10-24,4.12,4.18,4.09,4.16,8937198.0,36896644.0,1702340114.0,0.005249948542304044
2012-10-25,4.16,4.28,4.15,4.23,20751424.0,87966944.0,1702340114.0,0.012189940088552715
2012-10-26,4.21,4.22,4.09,4.13,10468307.0,43448052.0,1702340114.0,0.006149362817634925
2012-10-29,4.13,4.14,4.08,4.12,5663291.0,23241728.0,1702340114.0,0.003326768225353585
2012-10-30,4.11,4.12,3.99,4.05,7973846.0,32217298.0,1702340114.0,0.004684049876063721
2012-10-31,4.03,4.1,3.98,4.1,7227505.0,29204820.0,1702340114.0,0.004245629260898683
2012-11-01,4.08,4.15,4.08,4.12,6745371.0,27785572.0,1702340114.0,0.003962410886359458
2012-11-02,4.11,4.19,4.1,4.17,7879779.0,32719426.0,1702340114.0,0.004628792410633402
2012-11-05,4.17,4.23,4.15,4.2,9413664.0,39537584.0,1702340114.0,0.005529837382425684
2012-11-06,4.22,4.23,4.11,4.19,6097324.0,25352384.0,1702340114.0,0.003581730789197628
2012-11-07,4.2,4.26,4.13,4.2,9961104.0,41645032.0,1702340114.0,0.005851418243675364
2012-11-08,4.17,4.23,4.14,4.18,8951875.0,37512684.0,1702340114.0,0.005258570203674352
2012-11-09,4.18,4.2,4.1,4.19,5107562.0,21232504.0,1702340114.0,0.003000318184360191
2012-11-12,4.19,4.32,4.18,4.28,10538125.0,44859604.0,1702340114.0,0.006190375773521836
2012-11-13,4.29,4.3,4.13,4.19,6301395.0,26473664.0,1702340114.0,0.003701607539044339
2012-11-14,4.15,4.19,4.13,4.19,2764578.0,11517048.0,1702340114.0,0.0016239868738709637
2012-11-15,4.16,4.24,4.14,4.19,4637340.0,19466374.0,1702340114.0,0.002724097236423344
2012-11-16,4.2,4.2,4.04,4.13,5912961.0,24200082.0,1702340114.0,0.003473431044344174
2012-11-19,4.11,4.11,4.02,4.08,3799955.0,15429143.0,1702340114.0,0.002232194946679145
2012-11-20,4.1,4.13,4.08,4.1,3939821.0,16159402.0,1702340114.0,0.0023143559665891773
2012-11-21,4.09,4.13,4.06,4.13,3470546.0,14244674.0,1702340114.0,0.0020386913117175125
2012-11-22,4.12,4.12,4.05,4.08,2579833.0,10528102.0,1702340114.0,0.0015154627320260632
2012-11-23,4.08,4.12,4.06,4.1,2662261.0,10887793.0,1702340114.0,0.0015638831383374193
2012-11-26,4.1,4.11,4.06,4.1,1893536.0,7744157.0,1702340114.0,0.001112313564385642
2012-11-27,4.08,4.14,4.08,4.1,7000565.0,28736474.0,1702340114.0,0.00411231865032583
2012-11-28,4.1,4.1,3.92,3.95,5541878.0,21980586.0,1702340114.0,0.003255446989954441
2012-11-29,3.92,3.97,3.87,3.91,3216481.0,12662202.0,1702340114.0,0.0018894467524719328
2012-11-30,3.91,3.95,3.82,3.94,6344140.0,24604940.0,1702340114.0,0.00372671709244584
2012-12-03,3.9,3.93,3.84,3.85,5759219.0,22419580.0,1702340114.0,0.003383118891833856
2012-12-04,3.84,3.96,3.84,3.95,3721569.0,14568070.0,1702340114.0,0.0021861489190050302
2012-12-05,3.96,4.24,3.92,4.1,11446858.0,46648304.0,1702340114.0,0.006724189781972088
2012-12-06,4.09,4.18,4.06,4.15,8493293.0,35009408.0,1702340114.0,0.004989186902283147
2012-12-07,4.16,4.26,4.14,4.19,11885045.0,50140612.0,1702340114.0,0.00698159251624144
2012-12-10,4.21,4.23,4.14,4.18,8781080.0,36615384.0,1702340114.0,0.005158240664003997
2012-12-11,4.17,4.23,4.14,4.19,9177834.0,38587764.0,1702340114.0,0.0053913045486749306
2012-12-12,4.17,4.22,4.16,4.19,3986521.0,16699801.0,1702340114.0,0.0023417887925068306
2012-12-13,4.18,4.19,4.13,4.13,3417706.0,14187709.0,1702340114.0,0.0020076516859897013
2012-12-14,4.13,4.3,4.13,4.29,14132546.0,60127180.0,1702340114.0,0.00830183456512263
2012-12-17,4.28,4.29,4.21,4.25,11390737.0,48359340.0,1702340114.0,0.006691222809309891
2012-12-18,4.24,4.24,4.14,4.19,10882827.0,45493268.0,1702340114.0,0.006392862924688151
2012-12-19,4.18,4.19,4.14,4.18,4016277.0,16757339.0,1702340114.0,0.002359268260772477
2012-12-20,4.17,4.2,4.13,4.19,6099562.0,25388378.0,1702340114.0,0.0035830454501056303
2012-12-21,4.19,4.2,4.12,4.16,8015877.0,33434124.0,1702340114.0,0.0047087400068162874
2012-12-24,4.17,4.21,4.13,4.16,5363579.0,22402352.0,1702340114.0,0.0031507094004835277
2012-12-25,4.14,4.27,4.14,4.24,12398275.0,52407688.0,1702340114.0,0.007283077510796412
2012-12-26,4.26,4.31,4.23,4.27,11476667.0,48946216.0,1702340114.0,0.006741700383851731
2012-12-27,4.26,4.46,4.23,4.31,29846172.0,128933752.0,1702340114.0,0.01753243770416139
2012-12-28,4.28,4.31,4.23,4.31,12815067.0,54786948.0,1702340114.0,0.0075279122512647316
2012-12-31,4.32,4.51,4.31,4.48,25598890.0,113869976.0,1712656533.0,0.014946890696851707
2013-01-04,4.5,4.75,4.46,4.65,35844544.0,165859920.0,1712656533.0,0.020929207526048658
2013-01-07,4.63,4.73,4.6,4.69,17327026.0,80912848.0,1712656533.0,0.0101170466267681
2013-01-08,4.69,4.74,4.61,4.68,19946688.0,93197168.0,1712656533.0,0.011646636447916437
2013-01-09,4.68,4.71,4.55,4.57,16562099.0,76750592.0,1712656533.0,0.009670414750930098
2013-01-10,4.58,4.62,4.51,4.55,18059860.0,82212208.0,1712656533.0,0.01054493977748427
2013-01-11,4.57,4.58,4.4,4.43,15065521.0,67491688.0,1712656533.0,0.008796580464157783
2013-01-14,4.45,4.6,4.43,4.6,14871121.0,67721048.0,1712656533.0,0.00868307259129814
2013-01-15,4.61,4.64,4.57,4.61,12294689.0,56562824.0,1712656533.0,0.007178724258543438
2013-01-16,4.61,4.64,4.48,4.56,12336757.0,56212640.0,1712656533.0,0.007203287268808147
2013-01-17,4.55,4.59,4.46,4.55,7931538.0,35807080.0,1712656533.0,0.004631131722661639
2013-01-18,4.65,4.96,4.65,4.87,39858392.0,191287168.0,1712656533.0,0.023272846149824018
2013-01-21,4.87,4.88,4.78,4.84,22036416.0,106108248.0,1712656533.0,0.012866804041204683
2013-01-22,4.85,4.91,4.77,4.81,20459654.0,98699120.0,1712656533.0,0.011946151260207174
2013-01-23,4.82,4.84,4.68,4.76,14182184.0,67395496.0,1712656533.0,0.008280810382428267
2013-01-24,4.76,4.81,4.66,4.76,15493282.0,73366032.0,1712656533.0,0.009046345079396022
2013-01-25,4.73,4.76,4.6,4.65,18707724.0,87156824.0,1712656533.0,0.010923219944883135
2013-01-28,4.66,4.76,4.65,4.74,12648747.0,59622672.0,1712656533.0,0.007385454559206706
2013-01-29,4.74,4.79,4.67,4.74,19093366.0,90285920.0,1712656533.0,0.011148391771556685
2013-01-30,4.74,4.78,4.65,4.69,20163820.0,94602064.0,1712656533.0,0.011773417268131251
2013-01-31,4.7,4.81,4.68,4.79,23417000.0,111423480.0,1712656533.0,0.013672910796060941
2013-02-01,4.78,4.9,4.73,4.85,21581500.0,104559504.0,1712656533.0,0.012601183940948422
2013-02-04,4.94,4.98,4.68,4.7,29376304.0,140639184.0,1712656533.0,0.0171524782897027
2013-02-05,4.7,4.74,4.6,4.68,28690232.0,133933600.0,1712656533.0,0.016751888920625745
2013-02-06,4.68,4.73,4.67,4.69,11791550.0,55392216.0,1712656533.0,0.006884947315936815
2013-02-07,4.7,4.72,4.66,4.67,8817355.0,41256216.0,1712656533.0,0.005148349847213645
2013-02-08,4.66,4.7,4.66,4.68,12266694.0,57410680.0,1712656533.0,0.00716237830740812
2013-02-18,4.81,4.92,4.81,4.86,38067288.0,185020992.0,1712656533.0,0.022227041596786994
2013-02-19,4.86,4.87,4.77,4.8,16971074.0,81507912.0,1712656533.0,0.00990921044178798
2013-02-20,4.79,4.85,4.79,4.85,13008450.0,62850300.0,1712656533.0,0.007595480908955841
2013-02-21,4.82,4.83,4.73,4.77,17215440.0,82385288.0,1712656533.0,0.010051892874191372
2013-02-22,4.75,4.77,4.69,4.73,10221197.0,48430672.0,1712656533.0,0.005968036674636619
2013-02-25,4.73,4.78,4.71,4.74,7157329.0,33944856.0,1712656533.0,0.004179080196227529
2013-02-26,4.73,4.75,4.66,4.66,9268122.0,43725752.0,1712656533.0,0.00541154739518341
2013-02-27,4.66,4.72,4.61,4.63,7256595.0,33762592.0,1712656533.0,0.0042370404457506014
2013-02-28,4.63,4.75,4.63,4.74,7971303.0,37345368.0,1712656533.0,0.004654350038321432
2013-03-01,4.75,4.77,4.71,4.77,8531814.0,40448988.0,1712656533.0,0.004981625816739286
2013-03-04,4.81,4.97,4.8,4.81,38475084.0,187105408.0,1712656533.0,0.02246514888341596
2013-03-05,4.82,4.95,4.82,4.94,26405194.0,129202584.0,1712656533.0,0.015417682116184122
2013-03-06,4.96,5.25,4.96,5.17,41462528.0,212167824.0,1712656533.0,0.024209482287362985
2013-03-07,5.19,5.23,5.05,5.1,23089040.0,118381728.0,1712656533.0,0.013481418810551432
2013-03-08,5.1,5.14,5.05,5.06,10031750.0,50979672.0,1712656533.0,0.00585742080020431
2013-03-11,5.08,5.17,5.06,5.1,11389452.0,58175624.0,1712656533.0,0.006650167024470166
2013-03-12,5.1,5.18,4.96,5.04,18660404.0,94474104.0,1712656533.0,0.010895590353608863
2013-03-13,5.04,5.11,4.95,5.0,9487316.0,47548164.0,1712656533.0,0.005539532192938536
2013-03-14,4.96,5.03,4.96,5.01,4845536.0,24220220.0,1712656533.0,0.002829251462061833
2013-03-15,5.01,5.03,4.93,4.99,12994175.0,64780616.0,1712656533.0,0.007587145904403005
2013-03-18,4.98,5.0,4.89,4.96,7775060.0,38512612.0,1712656533.0,0.004539766059444915
2013-03-19,4.89,4.89,4.79,4.81,10387925.0,50041708.0,1712656533.0,0.006065387192260808
2013-03-20,4.83,5.15,4.82,5.14,23643558.0,118109032.0,1712656533.0,0.013805195346777684
2013-03-21,5.13,5.18,5.04,5.09,17561760.0,89640960.0,1712656533.0,0.010254105047693179
2013-03-22,5.09,5.23,5.05,5.18,15790074.0,81383272.0,1712656533.0,0.009219638436400954
2013-03-25,5.16,5.23,5.12,5.16,9967913.0,51652788.0,1712656533.0,0.005820147126954614
2013-03-26,5.18,5.18,5.01,5.04,10573316.0,53664408.0,1712656533.0,0.006173634816012464
2013-03-27,5.04,5.1,5.04,5.07,6439703.0,32614786.0,1712656533.0,0.003760066817787335
2013-03-28,5.07,5.07,4.88,4.9,11976952.0,59255760.0,1712656533.0,0.006993201362459054
2013-03-29,4.92,4.97,4.9,4.95,5143028.0,25382180.0,1712656533.0,0.0030029535408311785
2013-04-01,4.94,5.02,4.88,4.97,6273246.0,31197762.0,1712656533.0,0.0036628745338747964
2013-04-02,5.0,5.03,4.9,4.91,7203659.0,35681476.0,1712656533.0,0.0042061317381492744
2013-04-03,4.91,4.95,4.84,4.88,9291020.0,45429276.0,1712656533.0,0.005424917267985571
2013-04-08,4.85,4.98,4.76,4.94,8183003.0,39925092.0,1712656533.0,0.004777959177644406
2013-04-09,4.94,5.04,4.92,4.99,7970051.0,39770524.0,1712656533.0,0.004653619010251369
2013-04-10,5.0,5.03,4.89,4.96,6335822.0,31348996.0,1712656533.0,0.003699411924060316
2013-04-11,4.94,5.0,4.94,4.96,6886422.0,34238788.0,1712656533.0,0.004020900786182328
2013-04-12,5.16,5.29,5.09,5.1,37619928.0,195288624.0,1712656533.0,0.02196583335603345
2013-04-15,5.04,5.14,5.02,5.07,12482088.0,63504936.0,1712656533.0,0.007288144329870723
2013-04-16,5.08,5.09,4.9,5.01,15265814.0,75818208.0,1712656533.0,0.008913529190385542
2013-04-17,5.0,5.02,4.91,4.98,13810053.0,68410248.0,1712656533.0,0.00806352746969611
2013-04-18,4.94,5.01,4.92,4.96,10774571.0,53632828.0,1712656533.0,0.006291145242722173
2013-04-19,4.94,5.05,4.93,5.04,14385077.0,72052592.0,1712656533.0,0.0083992772180667
2013-04-22,5.0,5.1,4.98,5.1,13409527.0,67602032.0,1712656533.0,0.007829665050534684
2013-04-23,5.11,5.17,4.98,4.99,14876892.0,75183840.0,1712656533.0,0.008686442210301603
2013-04-24,5.0,5.08,4.93,5.08,11918640.0,59901112.0,1712656533.0,0.006959153671707041
2013-04-25,5.08,5.22,5.07,5.2,27341280.0,141305568.0,1712656533.0,0.01596425171841504
2013-04-26,5.18,5.22,5.12,5.13,14977861.0,77378048.0,1712656533.0,0.008745396821488666
2013-05-02,5.14,5.3,5.14,5.21,19237072.0,100053592.0,1712656533.0,0.01123230001423759
2013-05-03,5.22,5.4,5.22,5.39,37289216.0,199730128.0,1712656533.0,0.021772734510101564
2013-05-06,5.4,5.52,5.32,5.38,29035892.0,156888688.0,1712656533.0,0.016953715727892536
2013-05-07,5.35,5.45,5.35,5.4,16728775.0,90383560.0,1712656533.0,0.009767734906366074
2013-05-08,5.44,5.5,5.38,5.41,17027312.0,92386448.0,1712656533.0,0.009942047148340863
2013-05-09,5.41,5.44,5.3,5.4,21284428.0,114362704.0,1712656533.0,0.012427727095237723
2013-05-10,5.38,5.42,5.33,5.41,12047597.0,64882240.0,1712656533.0,0.007034450146811777
2013-05-13,5.41,5.61,5.4,5.5,26843398.0,148047296.0,1712656533.0,0.015673544276259155
2013-05-14,5.5,5.59,5.44,5.5,16627284.0,91625168.0,1712656533.0,0.009708475505520406
2013-05-15,5.5,5.55,5.46,5.55,11896683.0,65434536.0,1712656533.0,0.006946333237733897
2013-05-16,5.56,5.6,5.5,5.6,18133192.0,100676536.0,1712656533.0,0.010587757469524102
2013-05-17,5.61,5.73,5.57,5.65,21530928.0,121494416.0,1712656533.0,0.012571655545134338
2013-05-20,5.65,5.73,5.64,5.7,27273224.0,154902000.0,1712656533.0,0.01592451462070241
2013-05-21,5.69,5.8,5.66,5.69,22165982.0,126786664.0,1712656533.0,0.012942456104244458
2013-05-22,5.67,5.67,5.42,5.43,44869544.0,246990656.0,1712656533.0,0.026198798845792858
2013-05-23,5.41,5.48,5.36,5.39,23415862.0,127003920.0,1712656533.0,0.013672246331249653
2013-05-24,5.38,5.44,5.36,5.42,15774257.0,85054712.0,1712656533.0,0.009210403076189942
2013-05-27,5.4,5.42,5.24,5.34,38115064.0,202911296.0,1712656533.0,0.02225493744109637
2013-05-28,5.33,5.4,5.2,5.39,23008672.0,122306000.0,1712656533.0,0.013434492880891023
2013-05-29,5.4,5.49,5.39,5.48,21191772.0,115579088.0,1712656533.0,0.012373626346947173
2013-05-30,5.48,5.48,5.42,5.45,13262028.0,72243616.0,1712656533.0,0.007743542119778899
2013-05-31,5.43,5.47,5.3,5.31,16919552.0,91263320.0,1712656533.0,0.009879127352150765
2013-06-03,5.3,5.42,5.28,5.34,11548933.0,61829052.0,1712656533.0,0.006743286104056218
2013-06-04,5.34,5.36,5.2,5.26,14711304.0,77413544.0,1712656533.0,0.00858975732526517
2013-06-05,5.27,5.29,5.22,5.27,8601006.0,45190524.0,1712656533.0,0.005022026211486737
2013-06-06,5.25,5.28,5.16,5.18,12366246.0,64640696.0,1712656533.0,0.0072205055489663675
2013-06-07,5.19,5.25,5.06,5.08,13004028.0,66987092.0,1712656533.0,0.007592898955181226
2013-06-14,5.0,5.15,4.95,5.07,17518322.0,88515792.0,1712656533.0,0.010228742110546692
2013-06-17,5.09,5.23,5.06,5.17,12623282.0,65245028.0,1712656533.0,0.007370585845305621
2013-06-18,5.17,5.28,5.12,5.21,10595127.0,55341420.0,1712656533.0,0.0061863700023033165
2013-06-19,5.21,5.24,5.14,5.17,10874401.0,56242136.0,1712656533.0,0.006349434805209714
2013-06-20,5.18,5.19,4.97,5.0,10446351.0,52922672.0,1712656533.0,0.006099501446271597
2013-06-21,4.97,5.0,4.78,4.92,9898631.0,48454088.0,1712656533.0,0.0057796941822660245
2013-06-24,4.95,4.95,4.55,4.6,12061057.0,56871148.0,1712656533.0,0.007042309282453191
2013-06-25,4.6,4.63,4.14,4.55,15186022.0,67300936.0,1712656533.0,0.00886693958034842
2013-06-26,4.54,4.67,4.51,4.59,11762691.0,53881844.0,1712656533.0,0.006868096885366565
2013-06-27,4.59,4.96,4.57,4.71,17876992.0,84690632.0,1712656533.0,0.010438165303749202
2013-06-28,4.65,4.81,4.61,4.67,12591031.0,59280052.0,1712656533.0,0.007351754865842677
2013-07-01,4.66,4.81,4.66,4.78,9811342.0,46569536.0,1712656533.0,0.005728727162132047
2013-07-02,4.8,4.81,4.71,4.79,10106588.0,48155240.0,1712656533.0,0.005901117827925863
2013-07-03,4.78,4.78,4.7,4.74,9262938.0,43913676.0,1712656533.0,0.005408520518573819
2013-07-04,4.71,4.91,4.7,4.84,11574078.0,55957116.0,1712656533.0,0.006757967973722143
2013-07-05,4.83,4.88,4.81,4.85,7727898.0,37397788.0,1712656533.0,0.0045122287225117545
2013-07-08,4.81,4.81,4.66,4.7,10825274.0,51085852.0,1712656533.0,0.006320750127895025
2013-07-09,4.69,4.75,4.65,4.71,5699031.0,26734094.0,1712656533.0,0.0033275971510862185
2013-07-10,4.7,4.9,4.67,4.9,12157393.0,58644760.0,1712656533.0,0.0070985587394480805
2013-07-11,4.91,5.13,4.89,5.13,26278322.0,132387920.0,1712656533.0,0.015343603048049098
2013-07-12,5.12,5.17,4.97,4.99,39672888.0,200478624.0,1712656533.0,0.02316453254670182
2013-07-15,5.03,5.06,4.98,5.01,15099482.0,75645464.0,1712656533.0,0.008816409892502363
2013-07-16,5.02,5.03,4.91,5.0,14172667.0,70337064.0,1712656533.0,0.008275253518096964
2013-07-17,5.0,5.01,4.91,4.92,8806145.0,43633456.0,1712656533.0,0.005141804460100699
2013-07-18,4.9,4.93,4.81,4.85,11336552.0,55067788.0,1712656533.0,0.0066192793368452935
2013-07-19,4.85,4.88,4.68,4.7,10008599.0,47949672.0,1712656533.0,0.005843903203678726
2013-07-22,4.68,4.77,4.65,4.77,7645347.0,36117932.0,1712656533.0,0.004464028164834612
2013-07-23,4.77,4.89,4.77,4.87,10212555.0,49623976.0,1712656533.0,0.005962990712510831
2013-07-24,4.87,4.9,4.8,4.85,13167192.0,63817608.0,1712656533.0,0.007688168495136321
2013-07-25,4.87,4.88,4.8,4.83,10458510.0,50520996.0,1712656533.0,0.006106600943319439
2013-07-26,4.85,4.85,4.69,4.72,15625965.0,74043736.0,1712656533.0,0.009123817122063902
2013-07-29,4.7,4.71,4.56,4.57,10615272.0,48936032.0,1712656533.0,0.006198132430794867
2013-07-30,4.61,4.65,4.54,4.6,6796726.0,31299736.0,1712656533.0,0.003968528347067007
2013-07-31,4.61,4.68,4.58,4.6,5288414.0,24455146.0,1712656533.0,0.003087842715746672
2013-08-01,4.61,4.69,4.6,4.69,8666848.0,40395224.0,1712656533.0,0.0050604705806473575
2013-08-02,4.7,4.74,4.66,4.7,9151956.0,43059560.0,1712656533.0,0.005343719434490956
2013-08-05,4.69,4.74,4.68,4.74,9604043.0,45308544.0,1712656533.0,0.005607687714930755
2013-08-06,4.74,5.02,4.7,4.95,26011476.0,126621232.0,1712656533.0,0.015187794808125722
2013-08-07,5.02,5.05,4.8,4.84,22815508.0,111825624.0,1712656533.0,0.013321706693889684
2013-08-08,4.84,4.88,4.8,4.81,9217866.0,44559096.0,1712656533.0,0.005382203508051547
2013-08-09,4.83,4.86,4.76,4.81,9648384.0,46374148.0,1712656533.0,0.005633577903153335
2013-08-12,4.81,4.93,4.79,4.91,16146327.0,78816672.0,1712656533.0,0.009427650371739772
2013-08-13,4.92,4.97,4.88,4.91,13112275.0,64453804.0,1712656533.0,0.007656103104941707
2013-08-14,4.93,4.94,4.8,4.82,19098258.0,92831528.0,1712656533.0,0.011151248152801692
2013-08-15,4.82,4.84,4.7,4.71,15457993.0,73874024.0,1712656533.0,0.009025740247475529
2013-08-16,4.7,4.89,4.68,4.72,15744258.0,75149144.0,1712656533.0,0.009192887013031935
2013-08-19,4.7,4.76,4.63,4.76,9802525.0,46335220.0,1712656533.0,0.005723579019565156
2013-08-20,4.76,4.78,4.68,4.7,7683159.0,36360452.0,1712656533.0,0.004486106146771695
2013-08-21,4.7,4.72,4.64,4.67,10240571.0,47785340.0,1712656533.0,0.005979348925299081
2013-08-22,4.67,4.69,4.63,4.66,6485203.0,30241464.0,1712656533.0,0.003786633732474134
2013-08-23,4.68,4.69,4.59,4.62,8689919.0,40297196.0,1712656533.0,0.005073941466114152
2013-08-26,4.62,4.69,4.61,4.69,8621867.0,40192384.0,1712656533.0,0.005034206703954458
2013-08-27,4.7,4.7,4.65,4.69,9081858.0,42457452.0,1712656533.0,0.005302790037002708
2013-08-28,4.67,4.67,4.6,4.62,13942332.0,64499776.0,1712656533.0,0.0081407636215171
2013-08-29,4.63,4.67,4.61,4.66,8395556.0,38880428.0,1712656533.0,0.004902066373631729
2013-08-30,4.65,4.77,4.64,4.71,17019320.0,80489920.0,1712656533.0,0.009937380713567746
2013-09-02,4.71,4.77,4.7,4.75,10412341.0,49349956.0,1712656533.0,0.0060796434074035085
2013-09-03,4.76,4.76,4.71,4.75,10770560.0,51046900.0,1712656533.0,0.00628880326701209
2013-09-04,4.76,4.76,4.71,4.72,7819393.0,36952564.0,1712656533.0,0.004565651576561615
2013-09-05,4.73,4.76,4.71,4.72,8140019.0,38480152.0,1712656533.0,0.004752861325756552
2013-09-06,4.72,4.72,4.65,4.68,9210200.0,43072580.0,1712656533.0,0.005377727420842997
2013-09-09,4.69,4.76,4.68,4.73,14231337.0,67206216.0,1712656533.0,0.008309510240837063
2013-09-10,4.75,4.88,4.73,4.85,25781440.0,124346304.0,1712656533.0,0.015053479494128085
2013-09-11,4.88,4.89,4.75,4.88,23227960.0,112698968.0,1712656533.0,0.013562532564140226
2013-09-12,4.88,4.95,4.83,4.92,21939156.0,107177560.0,1712656533.0,0.012810015071480768
2013-09-13,5.15,5.36,4.98,4.99,52878376.0,270533248.0,1712656533.0,0.030875061625680905
2013-09-16,5.01,5.12,4.95,4.99,22254508.0,111479040.0,1712656533.0,0.012994145394124976
2013-09-17,5.02,5.16,4.99,5.03,32848276.0,166399312.0,1712656533.0,0.0191797218923171
2013-09-18,5.02,5.04,4.89,4.96,18780596.0,92984848.0,1712656533.0,0.010965769048334923
2013-09-23,4.96,5.17,4.92,5.1,28163916.0,142576048.0,1712656533.0,0.01644457920039943
2013-09-24,5.07,5.08,4.96,5.03,18215644.0,91376272.0,1712656533.0,0.01063590022226599
2013-09-25,5.0,5.07,4.96,5.0,15385638.0,77083600.0,1712656533.0,0.00898349301424117
2013-09-26,4.97,4.99,4.81,4.81,16362183.0,79844544.0,1712656533.0,0.009553686150566886
2013-09-27,4.81,4.84,4.76,4.77,10459174.0,50060420.0,1712656533.0,0.006106988645107396
2013-09-30,4.76,4.82,4.73,4.82,7037283.0,33671580.0,1712656533.0,0.00410898674918376
2013-10-08,4.83,4.98,4.83,4.96,13545083.0,66814016.0,1712656533.0,0.007908814604101358
2013-10-09,4.95,5.02,4.91,4.95,15540332.0,76936672.0,1712656533.0,0.009073817020846876
2013-10-10,5.07,5.13,5.0,5.02,33547252.0,169797424.0,1712656533.0,0.01958784575517688
2013-10-11,5.06,5.35,5.02,5.29,53661032.0,277308064.0,1712656533.0,0.031332045256035
2013-10-14,5.34,5.34,5.18,5.3,44526580.0,233407312.0,1712656533.0,0.02599854620120729
2013-10-15,5.33,5.39,5.25,5.31,41494032.0,221010576.0,1712656533.0,0.024227877102314478
2013-10-16,5.29,5.3,5.13,5.18,25770016.0,133958376.0,1712656533.0,0.015046809154932877
2013-10-17,5.2,5.35,5.19,5.25,28405864.0,150020384.0,1712656533.0,0.016585849791050895
2013-10-18,5.2,5.23,5.11,5.12,24668956.0,127243512.0,1712656533.0,0.014403913175041735
2013-10-21,5.12,5.2,5.09,5.16,20782130.0,107092072.0,1712656533.0,0.012134441202636629
2013-10-22,5.17,5.27,5.15,5.18,17343704.0,90250328.0,1712656533.0,0.010126784714749341
2013-10-23,5.55,5.68,5.33,5.49,121657208.0,673030144.0,1712656533.0,0.0710342124389047
2013-10-24,5.57,5.76,5.48,5.59,78647512.0,444126848.0,1712656533.0,0.04592135695896709
2013-10-25,5.55,5.7,5.41,5.55,45889612.0,253624512.0,1712656533.0,0.02679440454976503
2013-10-28,5.55,5.69,5.48,5.57,33862256.0,189228400.0,1712656533.0,0.01977177288471535
2013-10-29,5.61,5.8,5.43,5.8,71262352.0,403451392.0,1712656533.0,0.04160924892229982
2013-10-30,5.8,6.0,5.7,5.71,95699152.0,561506752.0,1712656533.0,0.05587760894028598
2013-10-31,5.72,5.79,5.48,5.52,51880352.0,292312576.0,1712656533.0,0.030292327153958312
2013-11-01,5.5,5.51,5.34,5.39,32496292.0,175948240.0,1712656533.0,0.01897420257585296
2013-11-04,5.43,5.51,5.4,5.49,22865122.0,124871136.0,1712656533.0,0.013350675724774759
2013-11-05,5.49,5.64,5.39,5.64,30697652.0,170546736.0,1712656533.0,0.017923997841077923
2013-11-06,5.61,5.67,5.46,5.49,28447640.0,158721280.0,1712656533.0,0.01661024230595102
2013-11-07,5.46,5.53,5.41,5.44,17673678.0,96660768.0,1712656533.0,0.010319452651163886
2013-11-08,5.4,5.47,5.31,5.45,22184678.0,119836784.0,1712656533.0,0.012953372478683675
2013-11-11,5.44,5.48,5.4,5.45,14217523.0,77466760.0,1712656533.0,0.008301444408760504
2013-11-12,5.45,5.58,5.45,5.48,16143912.0,88753656.0,1712656533.0,0.009426240281652551
2013-11-13,5.45,5.45,5.0,5.1,40953628.0,214556624.0,1712656533.0,0.02391234156463525
2013-11-14,5.14,5.16,5.04,5.12,18314742.0,93369688.0,1712656533.0,0.010693762378565603
2013-11-15,5.14,5.29,5.07,5.2,32813576.0,169570544.0,1712656533.0,0.019159460970566946
2013-11-18,5.2,5.36,5.2,5.34,25485346.0,135212896.0,1712656533.0,0.014880593691111095
2013-11-19,5.37,5.38,5.27,5.31,17873422.0,94885104.0,1712656533.0,0.0104360808227507
2013-11-20,5.3,5.34,5.27,5.33,15030213.0,79755928.0,1712656533.0,0.008775964538360827
2013-11-21,5.31,5.31,5.21,5.25,17312484.0,90988944.0,1712656533.0,0.010108555724056553
2013-11-22,5.28,5.37,5.27,5.28,16136643.0,85793400.0,1712656533.0,0.009421995998073246
2013-11-25,5.29,5.32,5.23,5.25,12444733.0,65669772.0,1712656533.0,0.007266333184856978
2013-11-26,5.23,5.28,5.19,5.21,11365529.0,59305580.0,1712656533.0,0.006636198666227258
2013-11-27,5.21,5.29,5.17,5.28,11881830.0,62320032.0,1712656533.0,0.006937660745781302
2013-11-28,5.29,5.35,5.25,5.3,17014224.0,90326280.0,1712656533.0,0.009934405219122823
2013-11-29,5.31,5.32,5.26,5.27,12995593.0,68776128.0,1712656533.0,0.0075879738579200575
2013-12-02,5.19,5.31,5.14,5.16,26925284.0,140369792.0,1712656533.0,0.015721356548260106
2013-12-03,5.17,5.3,5.17,5.29,15153690.0,79602456.0,1712656533.0,0.00884806130593845
2013-12-04,5.3,5.39,5.28,5.36,32734394.0,175163632.0,1712656533.0,0.019113227532353096
2013-12-05,5.36,5.38,5.3,5.34,12788085.0,68329344.0,1712656533.0,0.007466812378077677
2013-12-06,5.35,5.46,5.34,5.41,25944104.0,140408144.0,1712656533.0,0.015148457089965744
2013-12-09,5.45,5.45,5.38,5.41,13892564.0,75202064.0,1712656533.0,0.008111704671843856
2013-12-10,5.43,5.45,5.35,5.36,13616799.0,73337608.0,1712656533.0,0.007950688732753633
2013-12-11,5.36,5.37,5.24,5.26,17187168.0,90798184.0,1712656533.0,0.010035385186014994
2013-12-12,5.26,5.29,5.2,5.24,9679276.0,50864580.0,1712656533.0,0.005651615378505084
2013-12-13,5.21,5.28,5.2,5.27,9417014.0,49271936.0,1712656533.0,0.0054984836822503744
2013-12-16,5.27,5.27,5.15,5.16,10772279.0,55958480.0,1712656533.0,0.00628980697088784
2013-12-17,5.16,5.19,5.14,5.15,5791161.0,29885824.0,1712656533.0,0.0033813907741652247
2013-12-18,5.16,5.19,5.14,5.17,5281328.0,27254370.0,1712656533.0,0.00308370528371435
2013-12-19,5.19,5.2,5.12,5.12,5687200.0,29318106.0,1712656533.0,0.003320689169379416
2013-12-20,5.12,5.15,5.02,5.03,9365154.0,47440896.0,1712656533.0,0.005468203238389772
2013-12-23,5.03,5.08,4.97,5.02,6937956.0,34835336.0,1712656533.0,0.004050990882478361
2013-12-24,5.02,5.07,5.0,5.03,6925363.0,34876832.0,1712656533.0,0.004043637977936583
2013-12-25,5.1,5.24,5.1,5.21,13302284.0,68695704.0,1712656533.0,0.007767047124562015
2013-12-26,5.15,5.19,5.07,5.07,12774963.0,65420696.0,1712656533.0,0.007459150596659652
2013-12-27,5.06,5.15,5.06,5.12,7942987.0,40611884.0,1712656533.0,0.00463781665906272
2013-12-30,5.15,5.21,5.12,5.17,9652087.0,49891496.0,1712656533.0,0.0056357400412870755
2013-12-31,5.17,5.3,5.16,5.3,20994556.0,110350736.0,1712656533.0,0.012258474244818122
2014-01-02,5.34,5.36,5.26,5.3,14107026.0,74789864.0,1712656533.0,0.008236926510471554
2014-01-03,5.29,5.29,5.11,5.16,14398115.0,74776176.0,1712656533.0,0.008406889952872997
2014-01-06,5.14,5.16,5.03,5.06,13643856.0,69404840.0,1712656533.0,0.007966486996724637
2014-01-07,5.07,5.13,5.03,5.08,8424181.0,42900568.0,1712656533.0,0.004918780174355018
2014-01-08,5.09,5.13,4.95,4.96,18730832.0,94084520.0,1712656533.0,0.010936712434214619
2014-01-09,4.94,5.01,4.92,4.93,9304085.0,46226584.0,1712656533.0,0.005432545767774209
2014-01-10,4.93,4.96,4.82,4.84,11207461.0,54820696.0,1712656533.0,0.006543904620717083
2014-01-13,4.88,4.89,4.82,4.86,7424610.0,36100396.0,1712656533.0,0.004335142427533075
2014-01-14,4.85,4.99,4.81,4.97,10742215.0,52434400.0,1712656533.0,0.006272252954994567
2014-01-15,4.94,4.99,4.89,4.93,16537563.0,81594928.0,1712656533.0,0.009656088469199213
2014-01-16,4.95,5.06,4.92,5.02,15533005.0,77889400.0,1712656533.0,0.00906953887174995
2014-01-17,5.0,5.01,4.92,4.92,8723947.0,43223916.0,1712656533.0,0.005093810014970468
2014-01-20,4.93,5.03,4.89,4.96,6457733.0,32084676.0,1712656533.0,0.003770594322662126
2014-01-21,4.97,5.06,4.97,5.03,8569676.0,42941128.0,1712656533.0,0.005003732993088113
2014-01-22,5.04,5.12,5.01,5.1,14337667.0,72745544.0,1712656533.0,0.00837159507685129
2014-01-23,5.11,5.14,5.07,5.1,13056334.0,66690612.0,1712656533.0,0.007623439813194582
2014-01-24,5.08,5.12,5.02,5.05,25916344.0,131397456.0,1712656533.0,0.015132248352565622
2014-01-27,5.05,5.08,5.01,5.03,16686720.0,84341256.0,1712656533.0,0.009743179486648419
2014-01-28,5.02,5.06,4.98,5.03,9715286.0,48724044.0,1712656533.0,0.005672641193842923
2014-01-29,5.04,5.06,4.99,5.0,12444465.0,62454020.0,1712656533.0,0.007266176702810032
2014-01-30,5.0,5.01,4.96,4.97,8282704.0,41236492.0,1712656533.0,0.004836173418549649
2014-02-07,4.97,4.97,4.91,4.95,17229460.0,84897384.0,1712656533.0,0.010060078987244316
2014-02-10,4.95,5.05,4.95,5.04,20540632.0,103138600.0,1712656533.0,0.011993433361690857
2014-02-11,5.05,5.11,5.04,5.09,21146490.0,107441992.0,1712656533.0,0.012347186719895577
2014-02-12,5.12,5.15,5.09,5.13,20088864.0,102971624.0,1712656533.0,0.011729651341597983
2014-02-13,5.15,5.16,5.07,5.08,19015736.0,97167792.0,1712656533.0,0.011103064527883361
2014-02-14,5.08,5.12,5.07,5.12,12190991.0,62138524.0,1712656533.0,0.007118176216363401
2014-02-17,5.13,5.14,5.1,5.14,18295920.0,93678784.0,1712656533.0,0.010682772434208792
2014-02-18,5.14,5.19,5.13,5.15,20498304.0,105715376.0,1712656533.0,0.011968718540485082
2014-02-19,5.17,5.29,5.16,5.26,29973860.0,156910000.0,1712656533.0,0.01750138420778149
2014-02-20,5.27,5.31,5.17,5.18,21482044.0,112502216.0,1712656533.0,0.012543112752660722
2014-02-21,5.19,5.3,5.17,5.21,20990124.0,109880624.0,1712656533.0,0.012255886452161158
2014-02-24,5.21,5.21,5.07,5.09,17522164.0,89488728.0,1712656533.0,0.01023098540914508
2014-02-25,5.12,5.13,4.97,4.99,17204956.0,86951456.0,1712656533.0,0.010045771389936946
2014-02-26,5.05,5.12,5.03,5.12,15409569.0,78390648.0,1712656533.0,0.008997466043589955
2014-02-27,5.13,5.24,5.12,5.15,27504542.0,142390272.0,1712656533.0,0.016059578479417157
2014-02-28,5.16,5.23,5.15,5.19,18722016.0,97011152.0,1712656533.0,0.010931564875535964
2014-03-03,5.21,5.3,5.2,5.29,27898318.0,146565584.0,1712656533.0,0.01628949965299318
2014-03-04,5.29,5.3,5.19,5.28,25979014.0,136158176.0,1712656533.0,0.01516884062824522
2014-03-05,5.02,5.02,4.88,4.9,24984512.0,123003304.0,1712656533.0,0.014588162610885858
2014-03-06,4.88,5.12,4.88,5.08,41678952.0,209561776.0,1712656533.0,0.024335849714707508
2014-03-07,5.01,5.11,4.92,4.94,29747372.0,148941120.0,1712656533.0,0.01736914052924119
2014-03-10,4.89,4.9,4.68,4.7,25131752.0,119840264.0,1712656533.0,0.014674134314588808
2014-03-11,4.7,4.82,4.7,4.72,13747746.0,65221936.0,1712656533.0,0.00802714714544577
2014-03-12,4.72,4.8,4.61,4.73,13127918.0,61821604.0,1712656533.0,0.007665236868599852
2014-03-13,4.74,4.8,4.71,4.74,13385421.0,63714020.0,1712656533.0,0.007815589840744793
2014-03-14,4.73,4.73,4.65,4.67,10252726.0,47901544.0,1712656533.0,0.005986446086793983
2014-03-17,4.69,4.71,4.65,4.68,17358918.0,81090456.0,1712656533.0,0.010135667990354725
2014-03-18,4.68,4.74,4.66,4.7,13518162.0,63407976.0,1712656533.0,0.007893095748930297
2014-03-19,4.7,4.71,4.65,4.68,8888859.0,41523996.0,1712656533.0,0.005190100191560125
2014-03-20,4.68,4.71,4.61,4.61,10813939.0,50429748.0,1712656533.0,0.00631413175475272
2014-03-21,4.6,4.68,4.51,4.68,15603997.0,71760312.0,1712656533.0,0.009110990265320175
2014-03-24,4.69,4.73,4.67,4.72,13576107.0,63863316.0,1712656533.0,0.00792692915270011
2014-03-25,4.73,4.8,4.7,4.76,15797060.0,75196944.0,1712656533.0,0.009223717479609789
2014-03-26,4.76,4.78,4.69,4.7,10552639.0,49737164.0,1712656533.0,0.00616156175897996
2014-03-27,4.7,4.72,4.65,4.66,8319157.0,38932416.0,1712656533.0,0.004857457896375537
2014-03-28,4.66,4.69,4.61,4.61,8784840.0,40767036.0,1712656533.0,0.005129364721256693
2014-03-31,4.61,4.65,4.57,4.61,7337873.0,33745040.0,1712656533.0,0.004284497713704748
2014-04-01,4.61,4.67,4.6,4.66,6077995.0,28200668.0,1712656533.0,0.003548869772127276
2014-04-02,4.66,4.7,4.65,4.68,8329527.0,38944496.0,1712656533.0,0.004863512817371188
2014-04-03,4.68,4.69,4.62,4.62,8223136.0,38242404.0,1712656533.0,0.004801392364174633
2014-04-04,4.63,4.68,4.61,4.66,6359171.0,29590912.0,1712656533.0,0.0037130451304564055
2014-04-08,4.66,4.73,4.64,4.71,11599803.0,54455688.0,1712656533.0,0.006772988498564295
2014-04-09,4.71,4.73,4.69,4.72,9815919.0,46238140.0,1712656533.0,0.005731399618583068
2014-04-10,4.71,4.75,4.69,4.73,12754882.0,60169488.0,1712656533.0,0.007447425537015133
2014-04-11,4.76,4.76,4.7,4.7,9514753.0,44940612.0,1712656533.0,0.0055555523344387936
2014-04-14,4.71,4.72,4.68,4.71,6781675.0,31849898.0,1712656533.0,0.0039597402452439074
2014-04-15,4.71,4.71,4.64,4.65,8742985.0,40799100.0,1712656533.0,0.005104926079186013
2014-04-16,4.64,4.66,4.62,4.64,8764486.0,40654752.0,1712656533.0,0.005117480260124054
2014-04-17,4.66,4.67,4.62,4.63,8028564.0,37198388.0,1712656533.0,0.004687784062538592
2014-04-18,4.63,4.63,4.6,4.62,7161864.0,33062478.0,1712656533.0,0.004181728129372686
2014-04-21,4.62,4.63,4.57,4.58,8272655.0,38093684.0,1712656533.0,0.004830305925677393
2014-04-22,4.57,4.59,4.49,4.54,13467589.0,60994460.0,1712656533.0,0.007863566769227979
2014-04-23,4.54,4.56,4.5,4.53,5326064.0,24166448.0,1712656533.0,0.0031098261077897047
2014-04-24,4.53,4.54,4.51,4.53,4768336.0,21584042.0,1712656533.0,0.002784175290329506
2014-04-25,4.53,4.53,4.41,4.41,13823852.0,61680920.0,1712656533.0,0.008071584543449145
2014-04-28,4.42,4.43,4.23,4.25,10383278.0,44633264.0,1712656533.0,0.006062673863633346
2014-04-29,4.24,4.27,4.22,4.27,10337300.0,43853476.0,1712656533.0,0.0060358278503702765
2014-04-30,4.26,4.27,4.21,4.22,11828445.0,50042752.0,1712656533.0,0.0069064898723625165
2014-05-05,4.21,4.25,4.2,4.24,9127887.0,38587580.0,1712656533.0,0.005329665828565756
2014-05-06,4.24,4.3,4.22,4.28,8169183.0,34887084.0,1712656533.0,0.004769889842238438
2014-05-07,4.27,4.28,4.19,4.2,7958256.0,33676008.0,1712656533.0,0.004646732048521021
2014-05-08,4.19,4.25,4.18,4.2,7541626.0,31745776.0,1712656533.0,0.004403466693225173
2014-05-09,4.2,4.2,4.15,4.16,7300245.0,30430492.0,1712656533.0,0.004262527167202882
2014-05-12,4.19,4.27,4.18,4.26,9528396.0,40395300.0,1712656533.0,0.005563518321627188
2014-05-13,4.27,4.28,4.22,4.24,7490053.0,31820496.0,1712656533.0,0.00437335382528798
2014-05-14,4.24,4.27,4.22,4.25,6517493.0,27677208.0,1712656533.0,0.0038054874835782384
2014-05-15,4.25,4.25,4.18,4.19,4625701.0,19481754.0,1712656533.0,0.0027008923919481526
2014-05-16,4.19,4.21,4.15,4.19,4984198.0,20854596.0,1712656533.0,0.002910214572486029
2014-05-19,4.19,4.22,4.17,4.19,4433245.0,18554086.0,1712656533.0,0.0025885195978171066
2014-05-20,4.21,4.23,4.18,4.19,4465460.0,18787984.0,1712656533.0,0.002607329557303595
2014-05-21,4.19,4.21,4.16,4.2,3776888.0,15835404.0,1712656533.0,0.0022052804676394506
2014-05-22,4.21,4.24,4.2,4.21,5013312.0,21155006.0,1712656533.0,0.0029272138945561714
2014-05-23,4.22,4.22,4.18,4.22,4527403.0,19006206.0,1712656533.0,0.0026434973462364387
2014-05-26,4.23,4.24,4.22,4.24,4829767.0,20429262.0,1712656533.0,0.002820044128486094
2014-05-27,4.24,4.24,4.21,4.21,3962795.0,16711778.0,1712656533.0,0.002313829377720302
2014-05-28,4.21,4.23,4.19,4.23,5006653.0,21071670.0,1712656533.0,0.0029233257828001407
2014-05-29,4.23,4.23,4.18,4.19,5442019.0,22849982.0,1712656533.0,0.003177530868064601
2014-05-30,4.19,4.21,4.16,4.19,5713900.0,23912052.0,1712656533.0,0.00333627898525057
2014-06-03,4.18,4.2,4.17,4.18,3668766.0,15365868.0,1712656533.0,0.0021421493039083276
2014-06-04,4.18,4.18,4.1,4.12,9133614.0,37744892.0,1712656533.0,0.005333009756486883
2014-06-05,4.12,4.15,4.1,4.14,3875492.0,16013476.0,1712656533.0,0.002262854183151036
2014-06-06,4.14,4.15,4.11,4.13,4055290.0,16737618.0,1712656533.0,0.002367836120005038
2014-06-09,4.14,4.15,4.11,4.11,3759341.0,15529216.0,1712656533.0,0.002195034980782104
2014-06-10,4.12,4.13,4.09,4.13,5790752.0,23819896.0,1712656533.0,0.003381151963877161
2014-06-11,4.12,4.14,4.12,4.14,4554448.0,18811908.0,1712656533.0,0.0026592886035486252
2014-06-12,4.13,4.14,4.11,4.12,5645901.0,23240726.0,1712656533.0,0.0032965751691673255
2014-06-13,4.11,4.15,4.1,4.14,7508955.0,30983192.0,1712656533.0,0.004384390480703582
2014-06-16,4.14,4.17,4.14,4.17,7266856.0,30188026.0,1712656533.0,0.004243031722928651
2014-06-17,4.17,4.17,4.12,4.12,5034997.0,20828916.0,1712656533.0,0.002939875510929429
2014-06-18,4.12,4.13,4.09,4.09,5087365.0,20890338.0,1712656533.0,0.002970452570013348
2014-06-19,4.09,4.11,3.98,4.0,8340523.0,33698348.0,1712656533.0,0.004869933252401869
2014-06-20,4.0,4.01,3.98,3.99,5152412.0,20579130.0,1712656533.0,0.0030084327480272427
2014-06-23,4.0,4.04,3.99,4.01,4876996.0,19592334.0,1712656533.0,0.002847620585930991
2014-06-24,4.01,4.04,4.0,4.03,5080571.0,20402490.0,1712656533.0,0.002966485633345609
2014-06-25,4.02,4.03,4.0,4.02,3164030.0,12688343.0,1712656533.0,0.0018474398917906092
2014-06-26,4.02,4.05,4.01,4.04,5484117.0,22140558.0,1712656533.0,0.0032021113949763564
2014-06-27,4.03,4.06,4.01,4.06,6357196.0,25696148.0,1712656533.0,0.0037118919511925277
2014-06-30,4.06,4.09,4.06,4.08,6265641.0,25524646.0,1712656533.0,0.0036584340638485743
2014-07-01,4.07,4.09,4.05,4.07,7505276.0,30507492.0,1712656533.0,0.004382242355887478
2014-07-02,4.07,4.08,4.05,4.08,6562423.0,26663802.0,1712656533.0,0.003831721581971159
2014-07-03,4.07,4.13,4.06,4.13,11493062.0,47155184.0,1712656533.0,0.006710663684485534
2014-07-04,4.12,4.15,4.11,4.12,7864993.0,32516060.0,1712656533.0,0.004592276880071902
2014-07-07,4.12,4.13,4.09,4.11,5310193.0,21819184.0,1712656533.0,0.003100559217614008
2014-07-08,4.11,4.16,4.1,4.15,9384478.0,38857588.0,1712656533.0,0.005479486294640491
2014-07-09,4.15,4.16,4.08,4.08,7909216.0,32584082.0,1712656533.0,0.004618098169482766
2014-07-10,4.08,4.22,4.08,4.2,22563046.0,94336000.0,1712656533.0,0.013174297102336748
2014-07-11,4.2,4.22,4.16,4.18,10725737.0,44918760.0,1712656533.0,0.006262631644660301
2014-07-14,4.19,4.25,4.17,4.24,12335096.0,52068920.0,1712656533.0,0.00720231743045002
2014-07-15,4.24,4.27,4.2,4.23,11681743.0,49460084.0,1712656533.0,0.006820832300529928
2014-07-16,4.23,4.33,4.21,4.29,20270756.0,86791080.0,1712656533.0,0.011835855940415812
2014-07-17,4.29,4.33,4.22,4.27,13869062.0,59234732.0,1712656533.0,0.00809798213054783
2014-07-18,4.25,4.3,4.24,4.27,7779719.0,33272674.0,1712656533.0,0.004542486394731197
2014-07-21,4.28,4.28,4.2,4.22,8574172.0,36238140.0,1712656533.0,0.00500635815459211
2014-07-22,4.21,4.24,4.19,4.23,8730987.0,36848204.0,1712656533.0,0.005097920588143986
2014-07-23,4.23,4.25,4.2,4.21,7992652.0,33776160.0,1712656533.0,0.004666815468247772
2014-07-24,4.21,4.27,4.21,4.25,10708923.0,45485508.0,1712656533.0,0.0062528141478791184
2014-07-25,4.25,4.32,4.25,4.31,14731166.0,63231452.0,1712656533.0,0.008601354513386252
2014-07-28,4.33,4.41,4.33,4.4,22720162.0,99532392.0,1712656533.0,0.013266035286247322
2014-07-29,4.4,4.46,4.37,4.4,20649624.0,91126568.0,1712656533.0,0.012057072508186321
2014-07-30,4.38,4.4,4.36,4.37,11998708.0,52511040.0,1712656533.0,0.0070059044348969885
2014-07-31,4.38,4.43,4.36,4.42,12428525.0,54627124.0,1712656533.0,0.007256869524346129
2014-08-01,4.41,4.45,4.38,4.39,16696059.0,73816736.0,1712656533.0,0.009748632418873913
2014-08-04,4.38,4.45,4.38,4.44,14082606.0,62254544.0,1712656533.0,0.008222667959775914
2014-08-05,4.45,4.5,4.44,4.5,20312516.0,90949912.0,1712656533.0,0.01186023911310418
2014-08-06,4.5,4.55,4.47,4.54,17904132.0,80889640.0,1712656533.0,0.010454012030443702
2014-08-07,4.54,4.54,4.42,4.43,16641687.0,74488856.0,1712656533.0,0.009716885247767306
2014-08-08,4.44,4.45,4.4,4.43,9224878.0,40842728.0,1712656533.0,0.005386297732354489
2014-08-11,4.44,4.48,4.43,4.48,8992299.0,40162404.0,1712656533.0,0.005250497590575565
2014-08-12,4.47,4.47,4.43,4.45,10252903.0,45581304.0,1712656533.0,0.005986549435011556
2014-08-13,4.45,4.5,4.43,4.48,11580234.0,51685240.0,1712656533.0,0.006761562389696031
2014-08-14,4.47,4.48,4.4,4.41,14441308.0,64215388.0,1712656533.0,0.00843210983740194
2014-08-15,4.41,4.46,4.41,4.44,13607771.0,60342876.0,1712656533.0,0.007945417389769184
2014-08-18,4.44,4.49,4.43,4.48,15912188.0,70951960.0,1712656533.0,0.009290939364314445
2014-08-19,4.49,4.5,4.46,4.49,14488858.0,64869088.0,1712656533.0,0.008459873722970232
2014-08-20,4.49,4.56,4.48,4.56,24365568.0,110446632.0,1712656533.0,0.014226768491239569
2014-08-21,4.55,4.56,4.47,4.52,14677498.0,66292568.0,1712656533.0,0.008570018399596997
2014-08-22,4.52,4.58,4.49,4.57,18009202.0,81758800.0,1712656533.0,0.010515361167281986
2014-08-25,4.57,4.58,4.51,4.52,13557529.0,61503784.0,1712656533.0,0.007916081677072608
2014-08-26,4.51,4.54,4.43,4.44,14127494.0,63392232.0,1712656533.0,0.00824887753486297
2014-08-27,4.43,4.46,4.41,4.44,10360182.0,45945772.0,1712656533.0,0.006049188380960679
2014-08-28,4.44,4.45,4.35,4.36,11201960.0,49243924.0,1712656533.0,0.006540692651537038
2014-08-29,4.36,4.42,4.35,4.42,6664740.0,29246576.0,1712656533.0,0.0038914632744988338
2014-09-01,4.42,4.48,4.41,4.46,9055688.0,40332852.0,1712656533.0,0.005287509681896037
2014-09-02,4.47,4.51,4.45,4.5,16620663.0,74445096.0,1712656533.0,0.0097046095815173
2014-09-03,4.51,4.53,4.48,4.51,18441648.0,83148552.0,1712656533.0,0.010767861298900613
2014-09-04,4.52,4.58,4.49,4.57,25116736.0,113812896.0,1712656533.0,0.01466536664885393
2014-09-05,4.57,4.6,4.54,4.58,20406816.0,93298056.0,1712656533.0,0.011915299773652865
2014-09-09,4.58,4.72,4.56,4.68,36397192.0,168932880.0,1712656533.0,0.02125189219127569
2014-09-10,4.67,4.7,4.62,4.69,22088240.0,103032496.0,1712656533.0,0.012897063465088829
2014-09-11,4.7,4.77,4.65,4.67,38487360.0,180874752.0,1712656533.0,0.02247231669538728
2014-09-12,4.66,4.77,4.64,4.77,36299072.0,171777568.0,1712656533.0,0.021194601077669788
2014-09-15,4.78,5.02,4.76,5.0,59811604.0,292088352.0,1712656533.0,0.034923291884584776
2014-09-16,4.98,5.06,4.8,4.82,64225312.0,318185760.0,1712656533.0,0.03750040405795713
2014-09-17,4.8,4.87,4.73,4.86,32474062.0,156326128.0,1712656533.0,0.018961222740391696
2014-09-18,4.85,5.02,4.78,4.94,38168868.0,188004352.0,1712656533.0,0.022286352963685568
2014-09-19,4.94,4.96,4.83,4.89,25561636.0,125000128.0,1712656533.0,0.014925138524549686
2014-09-22,4.88,4.88,4.72,4.74,32047056.0,152936656.0,1712656533.0,0.018711898960770787
2014-09-23,4.72,4.82,4.72,4.79,20361760.0,97286224.0,1712656533.0,0.01188899210534235
2014-09-24,4.77,4.91,4.77,4.88,27177336.0,132108072.0,1712656533.0,0.015868526745636744
2014-09-25,4.89,4.94,4.82,4.85,29528000.0,144451264.0,1712656533.0,0.017241051799380257
2014-09-26,4.84,4.9,4.79,4.88,18466172.0,89682904.0,1712656533.0,0.01078218057397268
2014-09-29,4.89,4.93,4.86,4.91,24505230.0,120051160.0,1712656533.0,0.01430831548989864
2014-09-30,4.92,4.95,4.9,4.95,25883906.0,127580168.0,1712656533.0,0.015113308186002757
2014-10-08,4.95,4.97,4.92,4.97,26423944.0,130893432.0,1712656533.0,0.015428630020588021
2014-10-09,4.98,5.06,4.95,5.03,33949468.0,169551472.0,1712656533.0,0.019822694945455244
2014-10-10,5.01,5.01,4.92,4.95,28443560.0,141352752.0,1712656533.0,0.01660786004195273
2014-10-13,4.91,4.92,4.85,4.9,20639236.0,100738296.0,1712656533.0,0.012051007077202443
2014-10-14,4.89,4.93,4.84,4.87,22306178.0,108985536.0,1712656533.0,0.013024314899220952
2014-10-15,4.87,4.92,4.83,4.91,19354682.0,94299464.0,1712656533.0,0.011300971109541202
2014-10-16,4.88,4.92,4.84,4.85,19691068.0,96258616.0,1712656533.0,0.011497382937317766
2014-10-17,4.84,4.86,4.71,4.76,23466368.0,112068048.0,1712656533.0,0.013701736190440234
2014-10-20,4.78,4.81,4.76,4.8,14422557.0,68967856.0,1712656533.0,0.008421161349109803
2014-10-21,4.79,4.85,4.78,4.79,13677283.0,65831176.0,1712656533.0,0.007986004628751793
2014-10-22,4.8,4.82,4.74,4.74,11775890.0,56280364.0,1712656533.0,0.006875803626178676
2014-10-23,4.72,4.74,4.6,4.61,19847616.0,92383424.0,1712656533.0,0.01158878947271093
2014-10-24,4.61,4.66,4.59,4.63,10274244.0,47524808.0,1712656533.0,0.005999010193832017
2014-10-27,4.61,4.67,4.59,4.65,8439025.0,39137728.0,1712656533.0,0.004927447411313498
2014-10-28,4.65,4.75,4.64,4.75,11486578.0,54137148.0,1712656533.0,0.006706877753170606
2014-10-29,4.77,4.83,4.74,4.82,21990502.0,105467536.0,1712656533.0,0.012839995396788645
2014-10-30,4.81,4.96,4.79,4.91,46340296.0,226580592.0,1712656533.0,0.0270575536350113
2014-10-31,4.9,4.94,4.86,4.92,34437036.0,168981744.0,1712656533.0,0.020107380164356634
2014-11-03,4.92,4.96,4.89,4.92,27312054.0,134370912.0,1712656533.0,0.015947187000862596
2014-11-04,4.91,5.0,4.9,4.95,35766752.0,177417904.0,1712656533.0,0.020883785692481283
2014-11-05,4.95,5.17,4.95,5.03,73983024.0,375580032.0,1712656533.0,0.04319781729405285
2014-11-06,5.01,5.04,4.88,4.98,33700496.0,167222720.0,1712656533.0,0.019677323123842017
2014-11-07,4.98,5.09,4.91,4.97,39496300.0,198549792.0,1712656533.0,0.023061424891081764
2014-11-10,5.0,5.07,4.95,5.07,36778304.0,184959520.0,1712656533.0,0.021474419004245262
2014-11-11,5.08,5.1,4.86,4.91,47066832.0,233791840.0,1712656533.0,0.027481769457624226
2014-11-12,4.87,4.98,4.87,4.98,19285682.0,95258008.0,1712656533.0,0.011260682821334848
2014-11-13,4.99,5.01,4.89,4.94,20085504.0,99337632.0,1712656533.0,0.011727689477128805
2014-11-14,4.94,4.95,4.88,4.92,14295156.0,70165792.0,1712656533.0,0.008346773404098532
2014-11-17,4.94,4.97,4.9,4.93,17228902.0,85087328.0,1712656533.0,0.010059753177609255
2014-11-18,4.91,4.94,4.89,4.92,13929263.0,68416176.0,1712656533.0,0.008133132786175522
2014-11-19,4.91,4.97,4.9,4.95,19057632.0,94067080.0,1712656533.0,0.011127527109371673
2014-11-20,4.94,4.99,4.91,4.98,23056260.0,114404248.0,1712656533.0,0.01346227895421224
2014-11-21,4.98,5.0,4.91,4.98,25794880.0,127904296.0,1712656533.0,0.015061326952004801
2014-11-24,5.02,5.09,4.98,5.06,56016716.0,282174048.0,1712656533.0,0.03270750142871758
2014-11-25,5.06,5.11,5.05,5.11,39266944.0,199372352.0,1712656533.0,0.022927506621083844
2014-11-26,5.12,5.18,5.05,5.09,50554852.0,259016864.0,1712656533.0,0.029518383298631892
2014-11-27,5.1,5.29,5.09,5.24,75657168.0,393410976.0,1712656533.0,0.044175330279138926
2014-11-28,5.2,5.22,5.11,5.18,50674072.0,261695248.0,1712656533.0,0.029587994453993655
2014-12-01,5.2,5.28,5.13,5.15,53354112.0,277184064.0,1712656533.0,0.031152838278987256
2014-12-02,5.14,5.24,5.11,5.23,48545036.0,252098656.0,1712656533.0,0.028344875381968955
2014-12-03,5.25,5.39,5.21,5.32,81673672.0,433167104.0,1712656533.0,0.04768829617981552
2014-12-04,5.34,5.51,5.31,5.51,91048656.0,496840960.0,1712656533.0,0.05316223903955412
2014-12-05,5.57,5.65,5.26,5.37,94610240.0,516443808.0,1712656533.0,0.0552418060346721
2014-12-08,5.38,5.69,5.32,5.68,94124128.0,524201664.0,1712656533.0,0.05495797095704069
2014-12-09,5.7,5.99,5.43,5.47,141657392.0,818861440.0,1712656533.0,0.082712084571834
2014-12-10,5.46,5.85,5.43,5.8,79857528.0,448861664.0,1712656533.0,0.04662787106537724
2014-12-11,5.79,6.04,5.7,5.87,84342792.0,496785344.0,1712656533.0,0.049246763945284294
2014-12-12,5.87,5.93,5.75,5.85,49951104.0,291709152.0,1712656533.0,0.02916586194460276
2014-12-15,5.88,6.37,5.82,6.32,112439104.0,685637312.0,1712656533.0,0.06565186996545326
2014-12-16,6.27,6.4,6.18,6.34,74062720.0,465046112.0,1712656533.0,0.04324435085081943
2014-12-17,6.34,6.36,6.13,6.23,66826928.0,415552480.0,1712656533.0,0.03901945703201892
2014-12-18,6.18,6.26,6.15,6.19,41321056.0,256425920.0,1712656533.0,0.02412687845099879
2014-12-19,6.18,6.47,5.9,6.32,90411672.0,556995264.0,1712656533.0,0.05279031157615069
2014-12-22,6.38,6.75,6.33,6.51,117734952.0,773088640.0,1712656533.0,0.06874405330633798
2014-12-23,6.46,6.46,6.09,6.14,59287724.0,371880448.0,1712656533.0,0.03461740451609862
2014-12-24,6.14,6.32,6.01,6.11,54152104.0,332767200.0,1712656533.0,0.03161877641931139
2014-12-25,6.15,6.29,6.02,6.29,43447440.0,268568544.0,1712656533.0,0.025368449051424602
2014-12-26,6.29,6.51,6.27,6.38,56549388.0,360584672.0,1712656533.0,0.03301852234256476
2014-12-29,6.42,6.55,6.31,6.35,69092808.0,445360000.0,1712656533.0,0.04034247770565682
2014-12-30,6.35,6.39,6.16,6.2,38645236.0,241101568.0,1712656533.0,0.02256449863435636
2014-12-31,6.2,6.36,6.15,6.32,38822364.0,243031200.0,1712656533.0,0.022667921589623247
2015-01-05,6.37,6.68,6.37,6.65,83949992.0,550863360.0,1712656533.0,0.04901741264662551
2015-01-06,6.64,6.85,6.5,6.82,81481720.0,542765248.0,1712656533.0,0.04757621766535485
2015-01-07,6.75,6.85,6.63,6.77,43299956.0,292305760.0,1712656533.0,0.025282334878992344
2015-01-08,6.77,6.8,6.54,6.55,45743412.0,304091936.0,1712656533.0,0.026709040089826348
2015-01-09,6.52,6.65,6.5,6.5,35145888.0,231042560.0,1712656533.0,0.020521270507424035
2015-01-12,6.44,6.45,6.1,6.16,45252680.0,282065696.0,1712656533.0,0.026422507448549813
2015-01-13,6.15,6.23,6.11,6.2,19744084.0,121895344.0,1712656533.0,0.011528338355977882
2015-01-14,6.16,6.3,6.16,6.27,25207130.0,157401232.0,1712656533.0,0.014718146641957194
2015-01-15,6.26,6.41,6.18,6.41,24893560.0,157674000.0,1712656533.0,0.014535056808147533
2015-01-16,6.41,6.55,6.41,6.5,35033276.0,227635024.0,1712656533.0,0.020455517685518326
2015-01-19,6.3,6.35,5.97,6.13,51466560.0,317489536.0,1712656533.0,0.030050718873473038
2015-01-20,6.22,6.28,6.1,6.27,29423652.0,182219808.0,1712656533.0,0.01718012422984755
2015-01-21,6.27,6.54,6.25,6.5,39255984.0,253620416.0,1712656533.0,0.022921107206029617
2015-01-22,6.52,6.55,6.44,6.53,25794612.0,167591136.0,1712656533.0,0.015061170469957854
2015-01-23,6.52,6.63,6.42,6.46,27164508.0,177124416.0,1712656533.0,0.01586103662735977
2015-01-26,6.47,6.85,6.45,6.79,75812584.0,509876672.0,1712656533.0,0.044266075853050216
2015-01-27,6.8,6.84,6.57,6.77,42306984.0,284123616.0,1712656533.0,0.024702550210632338
2015-01-28,6.75,6.83,6.65,6.71,30276916.0,204288864.0,1712656533.0,0.01767833504068968
2015-01-29,6.63,6.78,6.59,6.62,26032724.0,174298768.0,1712656533.0,0.01520020126534034
2015-01-30,6.63,6.76,6.59,6.63,28249218.0,188096512.0,1712656533.0,0.016494386034610713
2015-02-02,6.56,6.56,6.3,6.45,26910086.0,173826016.0,1712656533.0,0.01571248261486648
2015-02-03,6.45,6.58,6.4,6.57,20207308.0,131845472.0,1712656533.0,0.011798809399689482
2015-02-04,6.58,6.62,6.47,6.48,20748608.0,135825936.0,1712656533.0,0.01211486810122716
2015-02-05,6.62,6.62,6.16,6.28,41099428.0,260139696.0,1712656533.0,0.023997472469279982
2015-02-06,6.24,6.24,5.9,5.95,44970776.0,271144064.0,1712656533.0,0.026257907019585695
2015-02-09,5.87,5.95,5.82,5.85,21143364.0,124159816.0,1712656533.0,0.012345361485273359
2015-02-10,5.85,6.0,5.85,5.96,15785324.0,93797584.0,1712656533.0,0.0092168649672853
2015-02-11,6.08,6.28,6.01,6.04,33735772.0,206163232.0,1712656533.0,0.01969792036521546
2015-02-12,6.04,6.08,5.97,6.0,27178808.0,163445424.0,1712656533.0,0.01586938622911848
2015-02-13,6.05,6.13,6.02,6.08,30721294.0,186868400.0,1712656533.0,0.01793780212672683
2015-02-16,6.08,6.12,6.06,6.11,24573640.0,149601184.0,1712656533.0,0.014348259284046417
2015-02-17,6.11,6.2,6.1,6.19,23881836.0,146858800.0,1712656533.0,0.013944323067607158
2015-02-25,6.21,6.35,6.12,6.21,33777320.0,210590208.0,1712656533.0,0.01972217975359803
2015-02-26,6.26,6.29,6.14,6.29,29235356.0,181712832.0,1712656533.0,0.017070180410773583
2015-02-27,6.29,6.35,6.22,6.34,31897824.0,200669456.0,1712656533.0,0.018624764151703967
2015-03-02,6.45,6.48,6.35,6.4,41851072.0,267921360.0,1712656533.0,0.02443634855769414
2015-03-03,6.39,6.65,6.36,6.5,61205820.0,397746144.0,1712656533.0,0.03573735820385885
2015-03-04,6.48,6.63,6.46,6.6,43881848.0,287721760.0,1712656533.0,0.025622094771760053
2015-03-05,6.6,6.63,6.4,6.45,40717168.0,264249584.0,1712656533.0,0.023774275352616777
2015-03-06,6.48,6.5,6.34,6.38,26316170.0,168681248.0,1712656533.0,0.015365702049962635
2015-03-09,6.34,6.47,6.29,6.45,28392056.0,180852656.0,1712656533.0,0.016577787462303744
2015-03-10,6.45,6.49,6.4,6.45,27551900.0,178030496.0,1712656533.0,0.016087230258444354
2015-03-11,6.43,6.56,6.34,6.37,40277176.0,258770912.0,1712656533.0,0.023517369200377784
2015-03-12,6.39,6.5,6.38,6.5,39940200.0,256719760.0,1712656533.0,0.023320612878542646
2015-03-13,6.53,6.53,6.42,6.48,41869112.0,270657216.0,1712656533.0,0.024446881901451282
2015-03-16,6.53,6.95,6.5,6.9,100943832.0,681526400.0,1712656533.0,0.058939915887968646
2015-03-17,6.9,7.32,6.89,7.17,133055888.0,949065856.0,1712656533.0,0.0776897675840063
2015-03-18,7.17,7.35,7.17,7.25,77188976.0,559151936.0,1712656533.0,0.04506973494842588
2015-03-19,7.27,7.35,7.12,7.2,75954544.0,550108864.0,1712656533.0,0.04434896462687303
2015-03-20,7.22,7.43,7.16,7.43,76498240.0,561456192.0,1712656533.0,0.044666422324621466
2015-03-23,7.55,7.75,7.54,7.71,89039672.0,679719232.0,1712656533.0,0.05198921691790259
2015-03-24,7.76,7.87,7.42,7.82,102183136.0,789753280.0,1712656533.0,0.059663530913001805
2015-03-25,7.77,7.79,7.6,7.68,68834160.0,529172128.0,1712656533.0,0.04019145618148295
2015-03-26,7.66,7.84,7.55,7.62,62716328.0,482631136.0,1712656533.0,0.03661932605374297
2015-03-27,7.62,7.75,7.6,7.66,41607212.0,318819424.0,1712656533.0,0.024293961572737596
2015-03-30,7.68,8.11,7.65,7.98,76290096.0,603790528.0,1712656533.0,0.04454488949186171
2015-03-31,8.03,8.13,7.83,7.83,73128008.0,582328512.0,1712656533.0,0.04269858351102322
2015-04-01,7.86,8.09,7.86,8.07,58953804.0,472165696.0,1712656533.0,0.03442243255670926
2015-04-02,8.12,8.88,8.11,8.85,114646584.0,978421568.0,1712656533.0,0.06694079156617447
2015-04-03,8.75,9.48,8.58,9.35,103646832.0,951635072.0,1712656533.0,0.06051816578683497
2015-04-07,9.19,9.19,8.86,9.05,93607216.0,840062592.0,1712656533.0,0.05465615212177514
2015-04-08,9.07,9.15,8.74,8.89,84680944.0,755734272.0,1712656533.0,0.049444206919683646
2015-04-09,8.75,8.8,8.3,8.56,91955752.0,784652160.0,1712656533.0,0.053691881721856016
2015-04-10,8.5,8.92,8.41,8.81,65575824.0,575992000.0,1712656533.0,0.03828895212581424
2015-04-13,8.88,9.15,8.88,8.99,71560600.0,644568320.0,1712656533.0,0.04178339242057473
2015-04-14,9.02,9.18,8.81,9.03,81703960.0,734114240.0,1712656533.0,0.04770598098667341
2015-04-15,8.99,8.99,8.51,8.63,56986236.0,499692256.0,1712656533.0,0.03327359275019331
2015-04-16,8.56,8.8,8.31,8.68,48163284.0,415286368.0,1712656533.0,0.028121974880529067
2015-04-17,8.73,8.97,8.73,8.82,70250944.0,621134080.0,1712656533.0,0.04101869969044167
2015-04-20,8.7,8.83,8.52,8.54,81281472.0,702163072.0,1712656533.0,0.04745929521409766
2015-04-21,8.5,8.91,8.46,8.91,73484544.0,639892928.0,1712656533.0,0.04290676068673251
2015-04-22,8.95,9.78,8.92,9.52,152395936.0,1417700480.0,1712656533.0,0.08898219407311833
2015-04-23,9.62,10.4,9.35,10.38,180813792.0,1758920192.0,1712656533.0,0.10557504585188185
2015-04-24,10.0,10.3,9.83,10.01,133007048.0,1338800384.0,1712656533.0,0.077661250482615
2015-04-27,10.04,10.49,9.9,10.16,101595184.0,1037972288.0,1712656533.0,0.05932023265753075
2015-04-28,10.19,10.28,9.5,9.56,83084760.0,811968064.0,1712656533.0,0.048512213861388404
2015-04-29,9.41,9.85,9.41,9.71,47849896.0,464037184.0,1712656533.0,0.027938991314378152
2015-04-30,9.75,10.65,9.59,10.4,127997096.0,1304151040.0,1712656533.0,0.07473599845252801
2015-05-04,10.6,11.42,10.44,11.28,138591952.0,1538891392.0,1712656533.0,0.08092221022111969
2015-05-05,11.1,11.1,10.15,10.28,99708936.0,1056046720.0,1712656533.0,0.058218874642274814
2015-05-06,10.25,10.6,9.8,9.89,82809464.0,846489216.0,1712656533.0,0.04835147176588033
2015-05-07,9.97,10.1,9.52,9.98,57718860.0,566440832.0,1712656533.0,0.03370136328438015
2015-05-08,9.98,10.4,9.98,10.25,60175128.0,612028992.0,1712656533.0,0.03513554927127937
2015-05-11,10.3,11.05,10.1,10.95,91803728.0,978100736.0,1712656533.0,0.05360311669683743
2015-05-12,10.9,11.54,10.8,11.02,90280840.0,1007936576.0,1712656533.0,0.05271392031060556
2015-06-03,12.12,12.12,12.12,12.12,1282980.0,15549718.0,1712656533.0,0.0007491169275795475
2015-06-04,13.33,13.33,12.12,12.94,225836144.0,2939686656.0,1712656533.0,0.13186306749106944
2015-06-05,13.0,14.2,13.0,13.96,163586784.0,2232959232.0,1708459113.0,0.09575106758788438
2015-06-08,14.15,14.4,13.02,13.41,118667400.0,1613785984.0,1708459113.0,0.06945872985606534
2015-06-09,13.77,14.1,13.37,13.73,90264576.0,1235545600.0,1708459113.0,0.05283391057658867
2015-06-10,13.82,15.1,13.47,15.1,152668512.0,2248224768.0,1708459113.0,0.08936035450793958
2015-06-11,15.29,16.61,15.2,16.61,99987040.0,1608501504.0,1708459113.0,0.058524690019900995
2015-06-12,18.2,18.2,16.79,17.16,196401360.0,3424323072.0,1708459113.0,0.11495818571573858
2015-06-15,17.38,17.39,16.42,16.6,101435944.0,1700158464.0,1708459113.0,0.05937276650529945
2015-06-16,16.21,16.53,15.02,15.14,89419128.0,1399910144.0,1708459113.0,0.052339050621459035
2015-06-17,15.28,16.65,15.28,16.65,107275328.0,1720357376.0,1708459113.0,0.06279069085336665
2015-06-18,17.06,18.19,16.65,16.69,113289416.0,1967489024.0,1708459113.0,0.06631087342855246
2015-06-19,16.72,16.96,15.1,15.18,82207960.0,1313481216.0,1708459113.0,0.04811818987909253
2015-06-23,15.28,15.7,13.66,14.95,86044336.0,1256304768.0,1708459113.0,0.05036370806024668
2015-06-24,15.06,15.96,15.05,15.75,86268560.0,1344621184.0,1708459113.0,0.05049495147034286
2015-06-25,15.76,15.83,14.45,14.61,76217064.0,1151137792.0,1708459113.0,0.04461158210931092
2015-06-26,14.0,14.0,13.15,13.15,63006416.0,846851968.0,1708459113.0,0.036879089186607886
2015-06-29,13.7,13.9,11.84,11.84,89900176.0,1122695168.0,1708459113.0,0.052620618963563105
2015-06-30,11.56,12.77,10.66,12.65,101164248.0,1178257664.0,1710795807.0,0.05913285944825793
2015-07-01,12.7,13.33,11.8,12.12,91227616.0,1168068352.0,1710795807.0,0.05332466658307633
2015-07-02,12.51,12.53,10.95,10.97,81478336.0,949187968.0,1710795807.0,0.04762598532602085
2015-07-03,10.4,10.91,9.87,9.87,79990328.0,810369600.0,1710795807.0,0.04675620998877045
2015-07-06,10.86,10.86,8.88,10.5,159062928.0,1601074816.0,1710795807.0,0.09297598658423646
2015-07-07,10.0,10.37,9.45,9.45,88575112.0,854664896.0,1710795807.0,0.05177421620837536
2015-07-08,8.51,10.4,8.51,9.23,225140976.0,2044888192.0,1710795807.0,0.13160014484417076
2015-07-09,8.8,10.15,8.8,10.15,75510512.0,744421440.0,1710795807.0,0.04413765318516472
2015-07-10,10.85,11.17,10.46,11.17,43084016.0,476605184.0,1710795807.0,0.02518361093925688
2015-07-13,11.99,12.29,11.41,12.29,105300520.0,1267829632.0,1710795807.0,0.0615506067814439
2015-07-14,12.45,13.24,11.6,12.31,124331656.0,1553997056.0,1710795807.0,0.07267474907950836
2015-07-15,11.81,12.2,11.08,11.08,69352032.0,793330880.0,1710795807.0,0.040537878171219996
2015-07-16,11.08,11.77,10.06,11.21,61579564.0,683870400.0,1710795807.0,0.03599468957548129
2015-07-17,11.28,12.06,11.27,11.86,55080240.0,644330880.0,1710795807.0,0.032195683304009876
2015-07-20,11.86,12.66,11.84,12.2,66601196.0,815329536.0,1710795807.0,0.03892995045200038
2015-07-21,11.6,12.41,11.6,12.12,47233288.0,573136576.0,1710795807.0,0.02760895707526129
2015-07-22,12.05,12.29,11.54,12.12,50067568.0,598908416.0,1710795807.0,0.029265659756202572
2015-07-23,12.24,12.65,12.1,12.47,66114016.0,818883392.0,1710795807.0,0.03864518239376302
2015-07-24,12.5,12.79,11.88,12.04,70197448.0,873200192.0,1710795807.0,0.04103204351610852
2015-07-27,11.55,12.19,10.84,10.84,59163572.0,681070784.0,1710795807.0,0.034582485974026
2015-07-28,10.6,10.91,9.83,10.37,67295336.0,690323456.0,1710795807.0,0.039335691451107234
2015-07-29,10.5,11.03,10.04,11.01,42274196.0,443245312.0,1710795807.0,0.02471025228553182
2015-07-30,11.0,11.11,10.3,10.39,45727748.0,495171168.0,1710795807.0,0.026728933875625287
2015-07-31,10.28,10.56,10.18,10.32,28832274.0,297343072.0,1710795807.0,0.01685313576408596
2015-08-03,10.23,10.49,9.9,10.44,36808648.0,371516896.0,1710795807.0,0.021515512166555128
2015-08-04,10.47,11.07,10.4,10.99,36768932.0,395892576.0,1710795807.0,0.021492297239421514
2015-08-05,11.0,11.15,10.61,10.75,30931612.0,337160640.0,1710795807.0,0.018080247726489782
2015-08-06,10.51,10.75,10.45,10.6,16881852.0,179108992.0,1710795807.0,0.009867835735232195
2015-08-07,10.66,10.96,10.66,10.88,26275972.0,285283840.0,1710795807.0,0.015358917699288002
2015-08-10,11.08,11.5,10.94,11.4,41107372.0,463294912.0,1710795807.0,0.024028216477853456
2015-08-11,11.4,11.74,11.27,11.42,43079976.0,496106080.0,1710795807.0,0.025181249465150227
2015-08-12,11.21,11.5,11.03,11.09,30630082.0,345679872.0,1710795807.0,0.017903996417732628
2015-08-13,11.0,11.31,10.91,11.31,28434706.0,317234048.0,1710795807.0,0.016620748007245962
2015-08-14,11.4,12.09,11.4,12.02,64645844.0,766820160.0,1710795807.0,0.03778700166056696
2015-08-17,12.26,12.74,12.08,12.58,60940148.0,762502144.0,1710795807.0,0.035620936029100284
2015-08-18,12.61,12.72,11.32,11.32,56928424.0,677659264.0,1710795807.0,0.03327598990310127
2015-08-19,10.75,11.73,10.19,11.45,46841368.0,511569824.0,1710795807.0,0.027379870705984258
2015-08-20,11.3,11.37,10.7,10.78,30028836.0,331961920.0,1710795807.0,0.01755255412547314
2015-08-21,10.5,10.76,10.0,10.05,30530328.0,316175712.0,1710795807.0,0.0178456878810903
2015-08-24,9.53,9.56,9.05,9.05,30956412.0,282495680.0,1710795807.0,0.018094743904174183
2015-08-25,8.15,8.36,8.15,8.15,65147560.0,531742304.0,1710795807.0,0.03808026634940192
2015-08-26,8.26,8.47,7.5,7.63,40109436.0,322957280.0,1710795807.0,0.023444899640205862
2015-08-27,7.7,8.16,7.61,8.13,30925426.0,246211344.0,1710795807.0,0.018076631865394793
2015-08-28,8.38,8.85,8.2,8.78,31992408.0,269819040.0,1710795807.0,0.01870030769838098
2015-08-31,8.78,8.78,8.25,8.31,25084072.0,210952848.0,1710795807.0,0.014662224385496171
2015-09-01,8.21,8.21,7.5,7.54,24911830.0,192727760.0,1710795807.0,0.014561544924338244
2015-09-02,7.11,8.02,6.98,7.91,36728772.0,281944352.0,1710795807.0,0.021468822783945483
2015-09-07,8.0,8.42,7.9,8.02,19872660.0,162245856.0,1710795807.0,0.011616032678293793
2015-09-08,8.02,8.34,7.75,8.31,15016156.0,121225552.0,1710795807.0,0.008777292964221065
2015-09-09,8.38,8.65,8.26,8.51,28489524.0,242043280.0,1710795807.0,0.016652790405161426
2015-09-10,8.34,8.44,8.16,8.17,15771078.0,131083376.0,1710795807.0,0.009218562458167165
2015-09-11,8.2,8.28,7.83,8.06,16812486.0,135751136.0,1710795807.0,0.009827289692439607
2015-09-14,8.15,8.18,7.25,7.25,21184076.0,160481744.0,1710795807.0,0.012382585878058561
2015-09-15,7.0,7.19,6.56,6.64,19315882.0,133288688.0,1710795807.0,0.011290582967859706
2015-09-16,6.7,7.3,6.62,7.29,20427044.0,141556048.0,1710795807.0,0.0119400830399627
2015-09-17,7.32,7.48,7.02,7.05,20998660.0,152540496.0,1710795807.0,0.01227420590702909
2015-09-18,7.1,7.23,7.0,7.11,12300583.0,87365344.0,1710795807.0,0.0071899772899080994
2015-09-21,7.02,7.36,6.94,7.35,16937058.0,122198216.0,1710795807.0,0.009900104928185624
2015-09-22,7.37,7.55,7.28,7.42,19553996.0,145555744.0,1710795807.0,0.01142976614742194
2015-09-23,7.32,7.37,7.12,7.16,12607441.0,91241656.0,1710795807.0,0.007369342938774224
2015-09-24,7.23,7.29,7.16,7.27,9170770.0,66337512.0,1710795807.0,0.005360528686402141
2015-09-25,7.27,7.32,6.94,7.02,10910030.0,77494208.0,1710795807.0,0.006377166670247749
2015-09-28,6.8,7.49,6.8,7.37,14777457.0,106173760.0,1710795807.0,0.008637767838532
2015-09-29,7.2,7.25,7.02,7.05,10645654.0,75985872.0,1710795807.0,0.006222632739945685
2015-09-30,7.12,7.19,7.02,7.05,7239709.0,51329792.0,1710795807.0,0.004231778550296622
2015-10-08,7.42,7.42,7.26,7.33,14426383.0,105880040.0,1710795807.0,0.008432556907710494
2015-10-09,7.33,8.06,7.33,8.06,34802552.0,278191616.0,1710795807.0,0.02034290232510489
2015-10-12,8.11,8.78,8.1,8.54,52062260.0,436402272.0,1710795807.0,0.03043160369401116
2015-10-13,8.8,9.3,8.62,9.15,85908576.0,771670272.0,1710795807.0,0.050215563802816825
2015-10-14,9.25,9.27,8.85,8.86,63369840.0,572277888.0,1710795807.0,0.037041147599679615
2015-10-15,8.72,9.18,8.72,9.12,43986880.0,398739584.0,1710795807.0,0.02571135597832337
2015-10-16,9.3,9.3,8.93,9.12,46321768.0,421396928.0,1710795807.0,0.02707615240256431
2015-10-19,9.28,10.03,9.28,9.69,69418896.0,672669824.0,1710795807.0,0.040576961736731684
2015-10-20,9.71,10.2,9.71,10.19,64752416.0,650992064.0,1710795807.0,0.03784929547702592
2015-10-21,10.21,10.35,9.18,9.2,73386688.0,717502016.0,1710795807.0,0.04289622858539073
2015-10-22,9.11,10.12,9.1,10.12,74741272.0,731168640.0,1710795807.0,0.04368801448669905
2015-10-23,10.36,10.94,10.33,10.46,84077728.0,890058112.0,1710795807.0,0.04914539049954546
2015-10-26,10.6,10.98,10.1,10.28,72225088.0,760184512.0,1710795807.0,0.04221724632739879
2015-10-27,10.1,10.45,9.57,10.32,51354948.0,512772960.0,1710795807.0,0.030018163354079346
2015-10-28,10.24,10.27,9.81,9.87,35455448.0,354945056.0,1710795807.0,0.02072453524548532
2015-10-29,9.89,10.08,9.69,9.8,31589198.0,310524032.0,1710795807.0,0.01846462206111778
2015-10-30,9.8,9.8,9.37,9.53,29271336.0,280450816.0,1710795807.0,0.017109777730475815
2015-11-02,9.38,9.84,9.18,9.48,26274752.0,251377312.0,1710795807.0,0.015358204580869656
2015-11-03,9.52,9.63,9.23,9.35,19482704.0,183176608.0,1710795807.0,0.011388094312765638
2015-11-04,9.43,9.98,9.42,9.96,37641596.0,367085664.0,1710795807.0,0.02200238967501748
2015-11-05,9.93,10.16,9.77,9.99,47460424.0,473790144.0,1710795807.0,0.027741723358105003
2015-11-06,10.01,10.5,9.91,10.36,59331064.0,607063168.0,1710795807.0,0.03468038894953873
2015-11-09,10.18,10.38,9.97,10.21,48510372.0,494376160.0,1710795807.0,0.028355442421305863
2015-11-10,10.1,10.26,9.88,10.02,54133928.0,542669760.0,1710795807.0,0.03164254189687758
2015-11-11,10.04,10.12,9.9,10.06,30724866.0,307421792.0,1710795807.0,0.017959399873605137
2015-11-12,10.07,10.08,9.73,9.87,37795636.0,373105760.0,1710795807.0,0.02209242964318301
2015-11-13,9.88,10.28,9.88,9.99,45480948.0,459059744.0,1710795807.0,0.02658467352673375
2015-11-16,9.75,9.94,9.65,9.91,25173908.0,246527616.0,1710795807.0,0.014714735620111325
2015-11-17,10.0,10.1,9.92,9.97,33049152.0,330051968.0,1710795807.0,0.019317999181886
2015-11-18,10.03,10.07,9.76,9.78,20262880.0,200369360.0,1710795807.0,0.01184412535797149
2015-11-19,9.79,9.88,9.66,9.85,21246096.0,207481456.0,1710795807.0,0.012418838012735437
2015-11-20,9.85,10.07,9.75,10.04,34543644.0,342585920.0,1710795807.0,0.02019156456817292
2015-11-23,10.03,10.47,10.0,10.15,48882856.0,501558304.0,1710795807.0,0.02857316799584604
2015-11-24,10.18,10.23,9.87,10.05,24307084.0,243357792.0,1710795807.0,0.014208056800550716
2015-11-25,10.0,11.06,9.95,11.06,103660200.0,1107853568.0,1710795807.0,0.060591801532279534
2015-11-26,11.53,11.88,11.12,11.25,120934200.0,1388217984.0,1710795807.0,0.07068885690809973
2015-11-27,11.11,11.56,10.13,10.37,74155952.0,809039680.0,1710795807.0,0.043345881312415444
2015-11-30,10.25,11.28,9.8,11.27,58497388.0,611625024.0,1710795807.0,0.03419308590811855
2015-12-01,11.17,11.17,10.59,10.92,46333664.0,504795584.0,1710795807.0,0.027083105891666473
2015-12-02,10.89,10.99,10.25,10.55,33853064.0,357920256.0,1710795807.0,0.01978790447199173
2015-12-03,10.6,10.97,10.54,10.76,30411666.0,326709888.0,1710795807.0,0.017776327178010205
2015-12-04,10.7,10.83,10.34,10.49,29009432.0,305119200.0,1710795807.0,0.016956688741755842
2015-12-07,10.55,10.56,10.27,10.42,20202192.0,210415296.0,1710795807.0,0.011808651808321857
2015-12-08,10.4,10.68,10.3,10.42,31114308.0,327926848.0,1710795807.0,0.018187037794160317
2015-12-09,10.33,10.42,9.99,10.09,29577926.0,299980384.0,1710795807.0,0.01728898672709922
2015-12-10,10.1,10.19,9.89,9.92,22926264.0,229549840.0,1710795807.0,0.013400935346108199
2015-12-11,9.85,10.0,9.54,10.0,35135048.0,341679904.0,1710795807.0,0.020537253982175558
2015-12-14,10.2,10.2,9.76,10.11,25586660.0,255583344.0,1710795807.0,0.014955998778643254
2015-12-15,10.11,10.19,9.95,10.02,21191072.0,212985376.0,1710795807.0,0.012386675203021467
2015-12-16,10.02,10.1,9.96,10.0,16707456.0,167353312.0,1710795807.0,0.009765897210899582
2015-12-17,10.02,10.45,10.02,10.37,33941300.0,349824864.0,1710795807.0,0.019839480469336923
2015-12-18,10.4,10.43,10.08,10.13,23569878.0,240761968.0,1710795807.0,0.013777142721276264
2015-12-21,10.13,10.29,10.05,10.16,20163252.0,205318832.0,1710795807.0,0.011785890471264172
2015-12-22,10.17,10.27,10.02,10.17,19071612.0,192990336.0,1710795807.0,0.011147801462901294
2015-12-23,10.19,10.24,10.05,10.07,21275876.0,215322864.0,1710795807.0,0.012436245116422594
2015-12-24,9.95,10.0,9.61,9.77,31511880.0,308024320.0,1710795807.0,0.01841942788909349
2015-12-25,9.79,9.99,9.75,9.99,23912860.0,236708160.0,1710795807.0,0.013977623689604939
2015-12-28,10.03,10.23,9.95,9.96,32501732.0,328441856.0,1710795807.0,0.0189980194404346
2015-12-29,9.94,9.99,9.72,9.97,17746710.0,175184352.0,1710795807.0,0.010373365381997339
2015-12-30,10.0,10.06,9.86,9.92,19223174.0,191081488.0,1710795807.0,0.01123639298234497
2015-12-31,9.94,9.99,9.78,9.78,13934937.0,137177264.0,1718238038.0,0.008110015429654923
2016-01-04,9.8,9.85,8.8,8.81,20778192.0,191915904.0,1718238038.0,0.012092731938460322
2016-01-05,8.25,9.1,8.18,8.7,24614920.0,212330880.0,1718238038.0,0.014325675171672577
2016-01-06,8.67,8.88,8.55,8.84,22564636.0,197114992.0,1718238038.0,0.013132427231249551
2016-01-07,8.69,8.69,7.96,8.0,4028300.0,33550408.0,1718238038.0,0.0023444365163099714
2016-01-08,8.21,8.45,7.5,8.18,25444018.0,207627296.0,1718238038.0,0.014808203192624233
2016-01-11,8.1,8.1,7.36,7.4,28363780.0,219273488.0,1718238038.0,0.016507479972341293
2016-01-12,7.46,7.59,7.16,7.4,18913404.0,138677824.0,1718238038.0,0.011007441100544416
2016-01-13,7.45,7.54,7.16,7.2,14432712.0,106263208.0,1718238038.0,0.00839971626795053
2016-01-14,7.0,7.46,6.91,7.39,15599067.0,112486072.0,1718238038.0,0.009078525009350306
2016-01-15,7.33,7.52,7.01,7.08,14729875.0,107179576.0,1718238038.0,0.008572662619636406
2016-01-18,6.88,7.22,6.8,7.11,10369692.0,73473856.0,1718238038.0,0.006035073005408579
2016-01-19,7.15,7.37,7.1,7.31,12344935.0,89610760.0,1718238038.0,0.007184647718758046
2016-01-20,7.33,7.41,7.21,7.33,15619546.0,114530408.0,1718238038.0,0.009090443614076247
2016-01-21,7.26,7.5,7.11,7.11,15425119.0,112618856.0,1718238038.0,0.008977288745134858
2016-01-22,7.2,7.28,7.0,7.18,9907469.0,70752312.0,1718238038.0,0.005766063130305348
2016-01-25,7.23,7.4,7.18,7.22,10276870.0,74805016.0,1718238038.0,0.005981051386781137
2016-01-26,7.1,7.35,6.71,6.75,20475940.0,145004352.0,1718238038.0,0.011916823831832781
2016-01-27,6.79,6.85,6.16,6.45,20182620.0,131360400.0,1718238038.0,0.011746114073631048
2016-01-28,6.44,6.59,6.34,6.4,12561623.0,81228280.0,1718238038.0,0.007310758301347767
2016-01-29,6.4,6.72,6.33,6.62,10888138.0,71390800.0,1718238038.0,0.0063368041908056045
2016-02-01,6.57,6.66,6.29,6.4,10203320.0,65982352.0,1718238038.0,0.0059382459090921375
2016-02-02,6.45,6.65,6.41,6.56,11893568.0,77798944.0,1718238038.0,0.006921955943801542
2016-02-03,6.57,6.59,6.43,6.55,8282320.0,53858748.0,1718238038.0,0.004820240162789365
2016-02-04,6.58,6.72,6.55,6.61,15018901.0,99524216.0,1718238038.0,0.008740873306169933
2016-02-05,6.65,6.69,6.57,6.61,8346997.0,55406928.0,1718238038.0,0.004857881629553355
2016-02-15,6.3,6.88,6.22,6.6,11711066.0,76162528.0,1718238038.0,0.006815741323962006
2016-02-16,6.62,7.26,6.62,7.26,34625572.0,247661536.0,1718238038.0,0.02015178993494032
2016-02-17,7.38,7.66,7.26,7.4,39480536.0,294101856.0,1718238038.0,0.02297733790479617
2016-02-18,7.59,7.59,7.26,7.3,18565792.0,136432272.0,1718238038.0,0.010805133857710581
2016-02-19,7.3,7.43,7.22,7.4,15525560.0,113894536.0,1718238038.0,0.009035744557297479
2016-02-22,7.53,7.56,7.39,7.48,16973016.0,126714008.0,1718238038.0,0.009878151702284687
2016-02-23,7.5,7.51,7.23,7.36,12747177.0,93885520.0,1718238038.0,0.0074187491593641465
2016-02-24,7.36,7.43,7.23,7.42,11981652.0,87921000.0,1718238038.0,0.006973220086517489
2016-02-25,7.49,7.49,6.68,6.73,21750306.0,153065328.0,1718238038.0,0.012658494061344951
2016-02-26,6.9,6.9,6.62,6.82,14765825.0,100227112.0,1718238038.0,0.008593585215461282
2016-02-29,6.76,6.78,6.2,6.72,16611260.0,107671200.0,1718238038.0,0.00966761277112409
2016-03-01,6.68,6.87,6.5,6.78,12908546.0,86155688.0,1718238038.0,0.007512664552011274
2016-03-02,6.75,7.07,6.75,7.06,17407276.0,120963984.0,1718238038.0,0.010130887347984553
2016-03-03,7.08,7.24,7.02,7.06,18924500.0,134699360.0,1718238038.0,0.01101389887866049
2016-03-04,7.06,7.14,6.72,6.9,16587366.0,115686352.0,1718238038.0,0.00965370666529267
2016-03-07,6.94,7.12,6.94,7.08,12828452.0,90403000.0,1718238038.0,0.007466050521691454
2016-03-08,7.09,7.1,6.8,7.03,10770854.0,74502776.0,1718238038.0,0.006268545895152625
2016-03-09,6.79,6.96,6.79,6.86,7387128.0,50771832.0,1718238038.0,0.00429924599306304
2016-03-10,6.89,6.94,6.74,6.77,6422434.0,43838096.0,1718238038.0,0.0037378022473973423
2016-03-11,6.7,6.77,6.65,6.71,8320758.0,55801288.0,1718238038.0,0.004842610753563121
2016-03-14,6.9,6.98,6.81,6.91,15051423.0,103994352.0,1718238038.0,0.008759800834999323
2016-03-15,6.89,6.95,6.79,6.82,9230962.0,63306652.0,1718238038.0,0.005372341780272007
2016-03-16,6.85,6.92,6.75,6.75,7387454.0,50397652.0,1718238038.0,0.004299435722304735
2016-03-17,6.75,6.98,6.69,6.92,26463628.0,180637872.0,1718238038.0,0.015401607585642333
2016-03-18,6.88,7.16,6.87,7.11,35245496.0,248012960.0,1718238038.0,0.020512580457725846
2016-03-21,7.15,7.44,7.15,7.32,34161640.0,249456480.0,1718238038.0,0.01988178543629704
2016-03-22,7.32,7.38,7.23,7.25,20139200.0,147149056.0,1718238038.0,0.011720844001010295
2016-03-23,7.25,7.32,7.18,7.25,14585952.0,105424144.0,1718238038.0,0.008488900651377617
2016-03-24,7.2,7.42,7.18,7.2,24546872.0,179404528.0,1718238038.0,0.014286071811430821
2016-03-25,7.2,7.48,7.2,7.34,19818016.0,145714464.0,1718238038.0,0.011533917630567552
2016-03-28,7.38,8.07,7.38,7.67,39592408.0,306862432.0,1718238038.0,0.023042446462240407
2016-03-29,7.68,8.04,7.5,7.92,46613008.0,364984544.0,1718238038.0,0.027128376260519033
2016-03-30,8.18,8.18,7.83,8.02,37293520.0,298255712.0,1718238038.0,0.021704513097270867
2016-03-31,8.06,8.21,7.92,8.19,37075496.0,298297344.0,1718238038.0,0.021577624973985125
2016-04-01,8.1,8.16,7.85,8.06,27388396.0,220193472.0,1718238038.0,0.015939814737124334
2016-04-05,8.0,8.12,7.9,8.08,23017302.0,184635664.0,1718238038.0,0.013395875013215137
2016-04-06,7.98,8.07,7.81,7.89,28581996.0,226550368.0,1718238038.0,0.016634479838002515
2016-04-07,7.9,7.94,7.61,7.61,25795030.0,198992144.0,1718238038.0,0.015012489206690464
2016-04-08,7.56,7.76,7.52,7.68,18407544.0,140744736.0,1718238038.0,0.010713034860656483
2016-04-11,7.8,7.8,7.7,7.79,19197136.0,148911024.0,1718238038.0,0.011172570723870798
2016-04-12,7.76,7.77,7.6,7.66,11080205.0,84942776.0,1718238038.0,0.006448585559715097
2016-04-13,7.74,7.87,7.7,7.76,19695918.0,153702864.0,1718238038.0,0.011462857627646117
2016-04-14,7.8,7.86,7.74,7.85,12384392.0,96570984.0,1718238038.0,0.007207611358909982
2016-04-15,7.85,7.88,7.74,7.86,11953386.0,93366560.0,1718238038.0,0.006956769513677825
2016-04-18,7.86,7.86,7.71,7.73,8463123.0,65655416.0,1718238038.0,0.0049254659790042435
2016-04-19,7.8,7.82,7.69,7.74,7347286.0,56869908.0,1718238038.0,0.004276058286168613
2016-04-20,7.76,7.79,7.17,7.38,18261056.0,135134304.0,1718238038.0,0.010627780084100315
2016-04-21,7.3,7.45,7.25,7.26,9480780.0,69790056.0,1718238038.0,0.0055177337425467935
2016-04-22,7.14,7.31,7.14,7.28,7773744.0,56357728.0,1718238713.0,0.0045242514565553265
2016-04-25,7.35,7.36,7.23,7.26,7471061.0,54409548.0,1718238713.0,0.004348092580777512
2016-04-26,7.27,7.34,7.2,7.27,6753590.0,49038976.0,1718238713.0,0.003930530693379855
2016-04-27,7.31,7.32,7.18,7.19,9741704.0,70555224.0,1718238713.0,0.00566958707558814
2016-04-28,7.2,7.22,7.02,7.12,8372810.0,59505752.0,1718238713.0,0.004872902662856019
2016-04-29,7.13,7.18,7.08,7.1,5688892.0,40572280.0,1718238713.0,0.0033108857092780447
2016-05-03,7.15,7.3,7.11,7.27,13513145.0,97581632.0,1718238713.0,0.007864532964925695
2016-05-04,7.25,7.3,7.2,7.25,12123280.0,87895912.0,1718238713.0,0.007055643612425114
2016-05-05,7.26,7.27,7.2,7.25,8362675.0,60486856.0,1718238713.0,0.004867004180926053
2016-05-06,7.26,7.26,6.99,7.0,14476223.0,102893040.0,1718238713.0,0.008425035992074054
2016-05-09,6.98,6.98,6.69,6.74,11417774.0,77654856.0,1718238713.0,0.006645045251055288
2016-05-10,6.75,6.8,6.6,6.76,7141152.0,48150604.0,1718238713.0,0.004156088409585264
2016-05-11,6.77,6.81,6.68,6.69,8456074.0,56978947.0,1718238713.0,0.004921361587317466
2016-05-12,6.62,6.73,6.48,6.7,11473665.0,75894110.0,1718238713.0,0.006677573327379687
2016-05-13,6.7,6.75,6.51,6.6,8368677.0,55623678.0,1718238713.0,0.0048704972927705184
2016-05-16,6.6,6.76,6.54,6.75,8631979.0,57336743.0,1718238713.0,0.005023736768757113
2016-05-17,6.78,6.8,6.66,6.74,7821001.0,52689751.0,1718238713.0,0.00455175461990653
2016-05-18,6.7,6.73,6.53,6.57,7303501.0,48259617.0,1718238713.0,0.004250574116822382
2016-05-19,6.6,6.66,6.57,6.59,5612903.0,37127918.0,1718238713.0,0.0032666607715990856
2016-05-20,6.56,6.64,6.53,6.63,4438208.0,29287318.0,1718238713.0,0.0025829984893373775
2016-05-23,6.63,6.73,6.62,6.67,7035215.0,46980163.0,1718238713.0,0.004094433996145215
2016-05-24,6.69,6.79,6.65,6.73,10663579.0,71665174.0,1718238713.0,0.006206110314777898
2016-05-25,6.75,6.77,6.65,6.68,5688944.0,38121255.0,1718238713.0,0.003310915972826181
2016-05-26,6.68,6.69,6.51,6.63,7082270.0,46660880.0,1718238713.0,0.004121819597251736
2016-05-27,6.64,6.74,6.63,6.71,6351358.0,42405892.0,1718238713.0,0.0036964351646522355
2016-05-30,6.7,6.75,6.65,6.69,7123048.0,47727334.0,1718238713.0,0.004145552038903456
2016-05-31,6.7,6.92,6.7,6.91,14003935.0,95886593.0,1718238713.0,0.00815016848011153
2016-06-01,6.92,7.16,6.89,7.13,20924753.0,147550935.0,1713021813.0,0.012215111822396858
2016-06-02,7.14,7.14,7.04,7.11,12113173.0,85851998.0,1713021813.0,0.007071231030494765
2016-06-03,6.95,6.95,6.8,6.89,13213219.0,90665363.0,1713021813.0,0.00771339798461749
2016-06-06,6.89,6.9,6.73,6.82,13999216.0,95307551.0,1713021813.0,0.008172234523670949
2016-06-07,6.83,6.84,6.75,6.79,6409877.0,43441054.0,1713021813.0,0.003741853694655784
2016-06-08,6.78,6.82,6.72,6.79,7060018.0,47740207.0,1713021813.0,0.004121382428654456
2016-06-13,6.74,6.74,6.48,6.49,10681326.0,70892493.0,1713021813.0,0.006235370687600228
2016-06-14,6.49,6.56,6.45,6.49,5243404.0,34083425.0,1713021813.0,0.003060909067361654
2016-06-15,6.47,6.66,6.43,6.6,12020836.0,79008248.0,1713021813.0,0.007017328039126376
2016-06-16,6.61,7.0,6.58,6.81,23219571.0,158814475.0,1713021813.0,0.013554743333557306
2016-06-17,6.81,6.86,6.74,6.77,9131653.0,62005154.0,1713021813.0,0.005330727799669881
2016-06-20,6.77,6.81,6.66,6.71,6545220.0,43853787.0,1713021813.0,0.0038208620289180172
2016-06-21,6.73,6.82,6.67,6.68,7046885.0,47476448.0,1713021813.0,0.00411371585961235
2016-06-22,6.66,6.77,6.66,6.77,5700289.0,38398493.0,1713021813.0,0.0033276219583083617
2016-06-23,6.77,6.79,6.66,6.7,6434969.0,43197760.0,1713021813.0,0.0037565014941231224
2016-06-24,6.69,6.74,6.46,6.64,11271526.0,74696029.0,1713021813.0,0.006579908039968432
2016-06-27,6.62,6.7,6.57,6.7,8324854.0,55402999.0,1713021813.0,0.00485974780754295
2016-06-28,6.64,6.75,6.64,6.74,7845788.0,52652184.0,1713021813.0,0.004580086453341619
2016-06-29,6.73,6.79,6.73,6.77,8068737.0,54553721.0,1713021813.0,0.004710235992774249
2016-06-30,6.79,6.82,6.74,6.78,7296423.0,49434135.0,1718238713.0,0.004246454782328025
2016-07-01,6.81,6.9,6.77,6.78,8297615.0,56491357.0,1718238713.0,0.0048291398262774446
2016-07-04,6.77,6.86,6.73,6.85,13107239.0,89472318.0,1718238713.0,0.007628299200124005
2016-07-05,6.85,6.9,6.83,6.9,13796991.0,94816398.0,1718238713.0,0.008029728870391247
2016-07-06,6.9,6.91,6.81,6.85,11273238.0,77102784.0,1718238713.0,0.006560926555028678
2016-07-07,6.87,6.87,6.77,6.85,9762759.0,66643853.0,1718238713.0,0.005681840902626666
2016-07-08,6.86,6.86,6.8,6.84,7824471.0,53459168.0,1718238713.0,0.004553774129753297
2016-07-11,6.84,6.91,6.82,6.85,11879659.0,81621780.0,1718238713.0,0.006913858307416683
2016-07-12,6.86,6.95,6.8,6.93,19041413.0,131008892.0,1718238713.0,0.011081936901976902
2016-07-13,6.93,7.17,6.93,7.15,31290093.0,221725075.0,1718238713.0,0.018210562224714583
2016-07-14,7.13,7.17,7.03,7.06,17156260.0,121340676.0,1718238713.0,0.009984794237376724
2016-07-15,7.08,7.15,7.08,7.09,12355459.0,87824851.0,1718238713.0,0.0071907697728610075
2016-07-18,7.1,7.33,6.98,7.21,21044672.0,150364623.0,1718238713.0,0.012247816232272262
2016-07-19,7.16,7.33,7.13,7.28,23602492.0,170901585.0,1718238713.0,0.013736445245603078
2016-07-20,7.28,7.36,7.22,7.23,12653554.0,92081734.0,1718238713.0,0.007364258472507132
2016-07-21,7.25,7.27,7.15,7.16,11782133.0,84813574.0,1718238713.0,0.00685709902288763
2016-07-22,7.18,7.19,7.07,7.09,11276890.0,80421945.0,1718238713.0,0.006563051987293921
2016-07-25,7.11,7.24,7.1,7.2,12473882.0,89595663.0,1718238713.0,0.007259690929801557
2016-07-26,7.2,7.29,7.16,7.24,10099453.0,72982488.0,1718238713.0,0.00587779388485935
2016-07-27,7.26,7.34,6.93,7.05,23984900.0,171488075.0,1718238713.0,0.01395900337859516
2016-07-28,7.11,7.19,7.02,7.17,14206457.0,100862587.0,1718238713.0,0.00826803452425763
2016-07-29,7.17,7.35,7.15,7.24,19963911.0,145173871.0,1718238713.0,0.011618822721752981
2016-08-01,7.24,7.31,7.1,7.25,19597098.0,141527642.0,1718238713.0,0.011405340743245144
2016-08-02,7.27,7.28,7.16,7.26,12088860.0,87123062.0,1718238713.0,0.00703561147152433
2016-08-03,7.24,7.26,7.16,7.26,12671315.0,91394429.0,1718238713.0,0.007374595220169504
2016-08-04,7.22,7.43,7.22,7.4,23125659.0,169610491.0,1718238713.0,0.013458932583135205
2016-08-05,7.38,7.52,7.35,7.39,20484099.0,152226303.0,1718238713.0,0.011921567617479237
2016-08-08,7.39,7.41,7.31,7.4,11642052.0,85761251.0,1718238713.0,0.006775573098148441
2016-08-09,7.38,7.45,7.37,7.42,13022126.0,96459116.0,1718238713.0,0.0075787641737298
2016-08-10,7.45,7.7,7.42,7.63,28906098.0,219438446.0,1718238713.0,0.016823097850897972
2016-08-11,7.63,7.64,7.48,7.48,18964722.0,143232551.0,1718238713.0,0.011037303406398108
2016-08-12,7.48,7.61,7.46,7.56,13348266.0,100636172.0,1718238713.0,0.007768574819673499
2016-08-15,7.66,7.98,7.62,7.97,39030025.0,305185551.0,1718238713.0,0.02271513539108579
2016-08-16,7.98,8.29,7.94,8.02,52525692.0,425191382.0,1718238713.0,0.03056949631188993
2016-08-17,8.01,8.16,7.86,7.9,33458418.0,266845002.0,1718238713.0,0.019472508532637163
2016-08-18,7.86,8.18,7.86,8.15,37937298.0,304926160.0,1718238713.0,0.022079177772547372
2016-08-19,8.1,8.23,8.08,8.15,24405863.0,198892818.0,1718238713.0,0.01420400018655615
2016-08-22,8.15,8.16,7.88,7.88,22211109.0,178062390.0,1718238713.0,0.01292667243029345
2016-08-23,7.88,8.44,7.86,8.39,44647823.0,366759932.0,1718238713.0,0.02598464501014883
2016-08-24,8.4,8.67,8.26,8.37,53130564.0,451111573.0,1718238713.0,0.030921526559738267
2016-08-25,8.3,8.7,8.19,8.68,56058669.0,475958872.0,1718238713.0,0.03262565822540631
2016-08-26,8.69,8.77,8.54,8.57,38293369.0,330769218.0,1718238713.0,0.022286408000399886
2016-08-29,8.64,8.65,8.19,8.37,38348451.0,321094334.0,1718238713.0,0.022318465245754242
2016-08-30,8.45,8.94,8.38,8.88,53985032.0,467257635.0,1718238713.0,0.03141881951067413
2016-08-31,8.78,8.97,8.64,8.72,35958293.0,314396572.0,1718238713.0,0.020927414059492208
2016-09-01,8.77,8.77,8.53,8.58,26574856.0,229160789.0,1718238713.0,0.015466335264674018
2016-09-02,8.55,8.73,8.27,8.4,28788534.0,244576704.0,1718238713.0,0.016754676624492978
2016-09-05,8.42,8.48,8.19,8.35,23923813.0,199273320.0,1718238713.0,0.013923451275422404
2016-09-06,8.34,8.55,8.29,8.47,21674693.0,182627336.0,1718238713.0,0.012614482979583523
2016-09-07,8.46,8.53,8.4,8.47,20083979.0,169709335.0,1718238713.0,0.011688701254398987
2016-09-08,8.48,8.57,8.36,8.48,14929863.0,126613556.0,1718238713.0,0.008689050530081963
2016-09-09,8.49,8.63,8.4,8.4,19411510.0,165493122.0,1718238713.0,0.011297330139947789
2016-09-12,8.21,8.26,7.8,7.93,37256630.0,297447984.0,1718238713.0,0.021683034911342963
2016-09-13,7.97,8.32,7.95,8.3,25221253.0,205271494.0,1718238713.0,0.01467855008106781
2016-09-14,8.16,8.25,8.09,8.13,12348895.0,101012941.0,1718238713.0,0.007186949581900149
2016-09-19,8.1,8.34,8.1,8.16,10443979.0,85801720.0,1718238713.0,0.0060783050230343635
2016-09-20,8.16,8.23,8.08,8.11,8661178.0,70439852.0,1718238713.0,0.005040730333026783
2016-09-21,8.1,8.19,8.05,8.07,6562711.0,53205966.0,1718238713.0,0.0038194407740596635
2016-09-22,8.17,8.3,8.06,8.15,9537700.0,77506439.0,1718238713.0,0.0055508585203201625
2016-09-23,8.19,8.19,8.07,8.18,8406441.0,68258173.0,1718238713.0,0.004892475612612972
2016-09-26,8.15,8.24,7.97,8.01,13417919.0,108484083.0,1718238713.0,0.0078091122604103495
2016-09-27,7.95,8.08,7.8,8.08,9724976.0,77806346.0,1718238713.0,0.005659851524949316
2016-09-28,8.14,8.14,8.01,8.04,6362142.0,51219152.0,1718238713.0,0.003702711358942592
2016-09-29,8.04,8.09,7.96,7.97,8452434.0,67927948.0,1718238713.0,0.004919243138947946
2016-09-30,7.95,8.01,7.92,8.0,9233583.0,73621250.0,1718238713.0,0.005373865069003366
2016-10-10,8.05,8.08,7.98,8.07,9385034.0,75444969.0,1718238713.0,0.005462008234940753
2016-10-11,8.08,8.13,8.05,8.11,9760898.0,78972864.0,1718238713.0,0.005680757816798183
2016-10-12,8.11,8.11,8.02,8.04,6725380.0,54116072.0,1718238713.0,0.00391411271851608
2016-10-13,8.06,8.13,8.03,8.1,7275525.0,58886695.0,1718238713.0,0.004234292327925218
2016-10-14,8.09,8.15,8.05,8.15,8281144.0,67034712.0,1718238713.0,0.004819553847405369
2016-10-17,8.15,8.19,8.02,8.1,8948600.0,72704824.0,1718238713.0,0.005208007439417994
2016-10-18,8.07,8.19,8.03,8.18,8116056.0,66058895.0,1718238713.0,0.0047234740659693195
2016-10-19,8.2,8.28,8.18,8.2,11340209.0,93368624.0,1718238713.0,0.006599903095071284
2016-10-20,8.25,8.5,8.17,8.5,24891901.0,208409909.0,1718238713.0,0.014486870079035404
2016-10-21,8.9,9.28,8.7,8.79,79748693.0,710986975.0,1718238713.0,0.04641304633438322
2016-10-24,8.79,8.84,8.52,8.67,33832824.0,292144540.0,1718238713.0,0.019690409571164167
2016-10-25,8.66,8.69,8.55,8.62,18144617.0,156017959.0,1718238713.0,0.010560009422858348
2016-10-26,8.61,8.61,8.5,8.51,17460601.0,148980502.0,1718238713.0,0.01016191805474703
2016-10-27,8.52,8.65,8.52,8.61,15144101.0,130310218.0,1718238713.0,0.008813735184419628
2016-10-28,8.55,8.56,8.32,8.35,20218148.0,169842008.0,1718238713.0,0.011766786446511638
2016-10-31,8.3,8.38,8.2,8.29,10471269.0,86841865.0,1718238713.0,0.006094187565892656
2016-11-01,8.29,8.37,8.29,8.36,8321654.0,69302211.0,1718238713.0,0.004843130315385928
2016-11-02,8.32,8.36,8.25,8.26,9684473.0,80308178.0,1718238713.0,0.00563627913090793
2016-11-03,8.26,8.39,8.16,8.35,11068780.0,91798853.0,1718238713.0,0.00644193377570582
2016-11-04,8.34,8.43,8.29,8.32,13411636.0,112218901.0,1718238713.0,0.007805455609007687
2016-11-07,8.33,8.39,8.28,8.33,9335657.0,77818099.0,1718238713.0,0.005433271250011697
2016-11-08,8.32,8.39,8.29,8.33,9657090.0,80446891.0,1718238713.0,0.0056203424628577785
2016-11-09,8.35,8.48,8.31,8.41,18183470.0,152746937.0,1718238713.0,0.010582621531237726
2016-11-10,8.48,8.54,8.42,8.5,16221135.0,137617130.0,1718238713.0,0.009440559613325392
2016-11-11,8.5,8.59,8.44,8.56,17168095.0,146186796.0,1718238713.0,0.009991682104534215
2016-11-14,8.56,8.69,8.47,8.53,17511130.0,150593314.0,1718238713.0,0.01019132549366556
2016-11-15,8.53,8.54,8.44,8.5,9830641.0,83413888.0,1718238713.0,0.005721347636752962
2016-11-16,8.46,8.56,8.45,8.5,8471521.0,71971365.0,1718238713.0,0.004930351607087787
2016-11-17,8.5,8.72,8.48,8.72,23417004.0,202133135.0,1718238713.0,0.013628492841436753
2016-11-18,8.77,8.8,8.51,8.55,16382991.0,141553952.0,1718238713.0,0.009534758398846528
2016-11-21,8.53,8.68,8.53,8.59,13668165.0,117779644.0,1718238713.0,0.007954753257849568
2016-11-22,8.59,8.65,8.57,8.6,9168754.0,78831791.0,1718238713.0,0.005336135154347439
2016-11-23,8.6,8.65,8.5,8.52,12366093.0,105783930.0,1718238713.0,0.007196958668454818
2016-11-24,8.5,8.66,8.44,8.62,14414687.0,123333173.0,1718238713.0,0.008389222574802969
2016-11-25,8.59,8.74,8.47,8.7,18110231.0,156573520.0,1718238713.0,0.010539997069662113
2016-11-28,8.69,8.95,8.67,8.79,23144566.0,204297556.0,1718238713.0,0.013469936292839189
2016-11-29,8.73,8.81,8.63,8.64,15617050.0,136605070.0,1718238713.0,0.009088987392638265
2016-11-30,8.63,8.65,8.53,8.58,9506057.0,81505866.0,1718238713.0,0.005532442569288101
2016-12-01,8.58,8.75,8.55,8.71,8608880.0,74231342.0,1718238713.0,0.005010293351480319
2016-12-02,8.73,8.73,8.52,8.52,12325485.0,105940565.0,1718238713.0,0.00717332516532585
2016-12-05,8.48,8.57,8.4,8.57,9218074.0,78259470.0,1718238713.0,0.0053648389657718065
2016-12-06,8.51,8.58,8.47,8.49,5641721.0,47988269.0,1718238713.0,0.0032834325971795282
2016-12-07,8.49,8.53,8.4,8.5,6966416.0,58928225.0,1718238713.0,0.004054393575987366
2016-12-08,8.5,8.73,8.45,8.63,14110350.0,121664230.0,1718238713.0,0.008212101085397905
2016-12-09,8.61,8.77,8.61,8.66,13766339.0,119850638.0,1718238713.0,0.0080118896727477
2016-12-12,8.69,8.71,8.44,8.53,17197547.0,147037591.0,1718238713.0,0.010008822912605391
2016-12-13,8.5,8.52,8.4,8.48,12543911.0,105809268.0,1718238713.0,0.007300447199271083
2016-12-14,8.49,8.8,8.47,8.65,20528358.0,178152472.0,1718238713.0,0.011947325970882139
2016-12-15,8.66,8.79,8.62,8.74,16738496.0,145444274.0,1718238713.0,0.009741659219617409
2016-12-16,8.74,9.29,8.71,9.15,56624758.0,514779565.0,1718238713.0,0.03295511710426699
2016-12-19,9.15,9.19,9.0,9.06,24058910.0,218179735.0,1718238713.0,0.01400207655547102
2016-12-20,9.07,9.26,9.03,9.26,31211185.0,286301739.0,1718238713.0,0.018164638454400837
2016-12-21,9.24,9.4,9.15,9.27,21287343.0,196895173.0,1718238713.0,0.0123890486455359
2016-12-22,9.24,9.42,9.19,9.36,20437691.0,190387356.0,1718238713.0,0.011894558564750485
2016-12-23,9.4,9.5,9.22,9.3,19154584.0,179067969.0,1718238713.0,0.011147801440555716
2016-12-26,9.35,9.45,9.08,9.4,18813211.0,175180379.0,1718238713.0,0.010949125320982103
2016-12-27,9.35,9.55,9.23,9.26,22385262.0,210335124.0,1718238713.0,0.013028027962957439
2016-12-28,9.22,9.36,9.18,9.23,13959791.0,129090800.0,1718238713.0,0.008124477055709314
2016-12-29,9.23,9.3,9.15,9.2,11600999.0,107052478.0,1718238713.0,0.006751680608886386
2016-12-30,9.26,9.31,9.13,9.27,23686660.0,218315430.0,1718238713.0,0.013785430290209042
2017-02-27,10.2,10.2,9.41,9.64,71586670.0,699648750.0,1718238713.0,0.041662819873853
2017-02-28,9.65,9.69,9.26,9.39,29686855.0,280024635.0,1718238713.0,0.017277491640359754
2017-03-01,9.4,9.55,9.14,9.53,25181813.0,235315592.0,1718238713.0,0.014655596343789282
2017-03-02,9.5,9.64,9.42,9.53,19526561.0,186133295.0,1718238713.0,0.011364288822189981
2017-03-03,9.45,9.55,9.38,9.55,10828829.0,102491340.0,1718238713.0,0.006302284378806217
2017-03-06,9.53,9.55,9.37,9.42,10512599.0,99377854.0,1718238713.0,0.0061182412667476664
2017-03-07,9.4,9.48,9.35,9.38,9991067.0,93940809.0,1718238713.0,0.005814714174700358
2017-03-08,9.38,9.45,9.27,9.34,7196665.0,67228854.0,1718238713.0,0.004188396493194365
2017-03-09,9.34,9.34,8.99,9.2,18058185.0,164609347.0,1718238713.0,0.010509706749925848
2017-03-10,9.18,9.19,8.99,9.06,9288241.0,84016540.0,1718238713.0,0.0054056755500421555
2017-03-13,9.05,9.3,9.0,9.26,13770236.0,126222741.0,1718238713.0,0.008014157692883968
2017-03-14,9.26,9.29,9.18,9.19,7901929.0,72764714.0,1718238713.0,0.004598854012667098
2017-03-15,9.16,9.26,9.1,9.18,4817710.0,44220384.0,1718238713.0,0.0028038653555817073
2017-03-16,9.19,9.25,9.13,9.15,6387515.0,58540808.0,1718238713.0,0.003717478224459025
2017-03-17,9.2,9.2,9.01,9.05,11377656.0,102981914.0,1718238713.0,0.006621696923668371
2017-03-20,9.02,9.09,8.98,9.03,7058682.0,63716354.0,1718238713.0,0.0041080915862242015
2017-03-21,9.03,9.16,9.01,9.14,10119661.0,91943209.0,1718238713.0,0.005889554765258044
2017-03-22,9.11,9.19,9.05,9.17,8260147.0,75452216.0,1718238713.0,0.004807333775862842
2017-03-23,9.13,9.21,9.12,9.18,6295985.0,57707988.0,1718238713.0,0.003664208559826576
2017-03-24,9.18,9.21,9.13,9.19,5963797.0,54714782.0,1718238713.0,0.0034708780304381374
2017-03-27,9.19,9.21,9.15,9.15,4415310.0,40508587.0,1718238713.0,0.002569672052313956
2017-03-28,9.15,9.15,8.99,9.0,7859400.0,71206086.0,1718238713.0,0.0045741025042310285
2017-03-29,9.0,9.04,8.89,8.89,6161902.0,55462775.0,1718238713.0,0.003586173418966611
2017-03-30,8.9,9.06,8.76,8.98,13651291.0,122042865.0,1718238713.0,0.00794493273647944
2017-03-31,8.94,9.05,8.92,9.0,5169683.0,46447710.0,1718238713.0,0.003008710583044581
2017-04-05,8.99,9.02,8.9,8.92,9290601.0,83113085.0,1718238713.0,0.005407049049534481
2017-04-06,8.91,8.93,8.67,8.69,17716451.0,155013886.0,1718238713.0,0.010310820531489212
2017-04-07,8.69,8.78,8.65,8.73,8854589.0,77204353.0,1718238713.0,0.005153293854344673
2017-04-10,8.73,8.85,8.6,8.82,9273165.0,80837018.0,1718238713.0,0.0053969014490479585
2017-04-11,8.82,8.84,8.69,8.77,7018486.0,61509945.0,1718238713.0,0.00408469786351508
2017-04-12,8.78,9.48,8.74,8.98,22744196.0,206068383.0,1718238713.0,0.013236924431931363
2017-04-13,8.92,9.14,8.82,9.09,14561535.0,131669882.0,1718238713.0,0.00847468683473901
2017-04-14,9.05,9.19,8.93,8.98,8974095.0,81114132.0,1718238713.0,0.0052228453078742845
2017-04-17,8.2,9.03,8.2,8.56,16696590.0,142186935.0,1718238713.0,0.00971727029176766
2017-04-18,8.51,8.59,8.15,8.17,19458881.0,162985044.0,1718238713.0,0.011324899650308367
2017-04-19,8.04,8.16,7.7,7.79,13846087.0,109175391.0,1718238713.0,0.008058302315762106
2017-04-20,7.85,7.85,7.5,7.52,12368370.0,94486356.0,1718238713.0,0.007198283862668388
2017-04-21,7.51,7.7,7.5,7.54,9183100.0,69573489.0,1718238713.0,0.0053444844016851106
2017-04-24,7.56,7.59,7.3,7.34,8578651.0,63382147.0,1718238713.0,0.004992700336161032
2017-04-25,7.36,7.37,7.0,7.17,13573280.0,97257420.0,1634847469.0,0.008302474853083679
2017-04-26,7.16,7.2,6.8,6.86,27730899.0,193630190.0,2039195295.0,0.013598942223922697
2017-04-27,6.67,6.67,6.17,6.27,98244171.0,615088331.0,2039195295.0,0.04817791176788685
2017-04-28,6.19,6.28,6.12,6.23,32900836.0,204574379.0,2039195295.0,0.01613422514296258
2017-05-02,6.24,6.34,6.23,6.25,27353757.0,171805169.0,2039195295.0,0.013413995739922498
2017-05-03,6.27,6.29,6.21,6.23,14828548.0,92590333.0,2039195295.0,0.007271764522191093
2017-05-04,6.23,6.32,6.2,6.27,15981404.0,100438776.0,2039195295.0,0.007837113021585311
2017-05-05,6.26,6.26,6.17,6.19,14344786.0,89123926.0,2039195295.0,0.007034532707667904
2017-05-08,6.28,6.28,6.12,6.12,11428962.0,70437570.0,2039195295.0,0.0056046431786220844
2017-05-09,6.12,6.16,6.01,6.15,13300431.0,81255835.0,2039195295.0,0.006522391961482041
2017-05-10,6.16,6.16,5.96,5.99,13660915.0,82789262.0,2039195295.0,0.006699169536873613
2017-05-11,5.95,5.98,5.51,5.78,19973863.0,114865268.0,2039195295.0,0.009794973070492496
2017-05-12,5.77,5.82,5.69,5.78,11556181.0,66540876.0,2039195295.0,0.005667030042848348
2017-05-15,5.79,6.01,5.75,5.99,14977206.0,89064408.0,2039195295.0,0.007344664847316647
2017-05-16,5.98,6.07,5.91,6.05,9485856.0,56800092.0,2039195295.0,0.004651764361784681
2017-05-17,6.06,6.16,6.02,6.08,9751137.0,59509516.0,2039195295.0,0.0047818553837924585
2017-05-18,6.04,6.09,5.98,6.01,7280693.0,43938081.0,2039195295.0,0.003570375538748975
2017-05-19,6.0,6.15,5.98,6.15,9582005.0,58322811.0,2039195295.0,0.004698914823653514
2017-05-22,6.1,6.18,5.9,5.92,10295238.0,62099229.0,2039195295.0,0.0050486768115066685
2017-05-23,5.88,5.95,5.73,5.78,9788730.0,57344439.0,2039195295.0,0.0048002905969827675
2017-05-24,5.81,5.85,5.2,5.79,11304641.0,64981227.0,2039195295.0,0.005543677463222079
2017-05-25,5.79,5.91,5.72,5.88,9395049.0,54543182.0,2039195295.0,0.004607233560726708
2017-05-26,5.88,5.94,5.83,5.86,7328397.0,43012492.0,2039195295.0,0.003593769080366577
2017-05-31,5.89,5.97,5.64,5.69,12940282.0,75118042.0,2039195295.0,0.0063457786665793575
2017-06-01,5.69,5.76,5.62,5.68,10376263.0,58935203.0,2039195295.0,0.005088410622289122
2017-06-02,5.67,5.7,5.56,5.67,8465460.0,47696543.0,2039195295.0,0.00415137285808616
2017-06-05,5.69,5.78,5.68,5.73,6805277.0,39108578.0,2039195295.0,0.003337236515151924
2017-06-06,5.73,5.75,5.67,5.68,7552894.0,43025860.0,2039195295.0,0.0037038600562287
2017-06-07,5.71,5.85,5.68,5.85,12628670.0,72953849.0,2039195295.0,0.006192967407763659
2017-06-08,5.82,5.88,5.78,5.81,10472061.0,60978371.0,2039195295.0,0.005135388957436762
2017-06-09,5.81,5.86,5.78,5.83,7796692.0,45398096.0,2039195295.0,0.003823416040198347
2017-06-12,5.81,5.94,5.8,5.88,11432553.0,67148996.0,2039195295.0,0.005606404167385057
2017-06-13,5.88,5.98,5.86,5.98,13298116.0,78811648.0,2039195295.0,0.0065212567097454
2017-06-14,5.98,6.02,5.91,5.93,10910328.0,65088987.0,2039195295.0,0.00535031050078997
2017-06-15,5.91,5.97,5.9,5.94,11900220.0,70656791.0,2039195295.0,0.005835743162598853
2017-06-16,5.95,5.96,5.9,5.9,8051989.0,47649575.0,2039195295.0,0.003948611013247753
2017-06-19,5.9,5.97,5.87,5.97,12353498.0,73041486.0,2039195295.0,0.006058025943022785
2017-06-20,5.96,6.48,5.96,6.29,37963666.0,233799377.0,2039195295.0,0.018616983911783694
2017-06-21,6.28,6.32,6.11,6.16,23092148.0,142937707.0,2039195295.0,0.011324147351958264
2017-06-22,6.19,6.22,6.01,6.05,19422369.0,118843581.0,2039195295.0,0.009524526193063819
2017-06-23,6.02,6.11,5.96,6.08,12495871.0,75317998.0,2039195295.0,0.0061278441700209985
2017-06-26,6.15,6.15,6.04,6.13,12488805.0,75988772.0,2039195295.0,0.006124379077679267
2017-06-27,6.12,6.18,6.06,6.15,10685607.0,65448909.0,2039195295.0,0.005240109677675575
2017-06-28,6.14,6.14,6.03,6.09,9242134.0,56137901.0,2039195295.0,0.004532245647418483
2017-06-29,6.09,6.09,5.97,6.04,15727666.0,94559768.0,2039195295.0,0.0077126825657961315
2017-06-30,6.01,6.01,5.96,5.98,9043139.0,54144584.0,2039195295.0,0.004434660585071622
2017-07-03,6.0,6.0,5.95,5.98,10016717.0,59775636.0,2039195295.0,0.004912093032266436
2017-07-04,5.98,5.99,5.87,5.9,13551940.0,80183485.0,2039195295.0,0.0066457293390332186
2017-07-05,5.9,5.92,5.87,5.91,10247313.0,60445574.0,2039195295.0,0.005025174893805353
2017-07-06,5.91,5.92,5.8,5.84,12801352.0,74911646.0,2039195295.0,0.006277648850695293
2017-07-07,5.83,5.84,5.76,5.82,12127266.0,70232896.0,2039195295.0,0.005947084141345079
2017-07-10,5.81,5.89,5.77,5.87,16108151.0,94136763.0,2039195295.0,0.007899268421958575
2017-07-11,5.85,5.88,5.78,5.79,10259200.0,59709554.0,2035612695.0,0.005039858527704849
2017-07-12,5.77,5.78,5.56,5.63,15599835.0,87861604.0,2035612695.0,0.007663459280990582
2017-07-13,5.64,5.68,5.6,5.65,7365800.0,41477081.0,2035612695.0,0.003618468296101877
2017-07-14,5.68,5.83,5.62,5.8,17166867.0,98987472.0,2035612695.0,0.008433267802940283
2017-07-17,5.8,5.81,5.53,5.62,15415300.0,87308390.0,2035612695.0,0.007572805985079593
2017-07-18,5.6,5.72,5.59,5.7,13792681.0,77970863.0,2035612695.0,0.006775690205645922
2017-07-19,5.72,5.87,5.69,5.85,15040879.0,87265662.0,2035612695.0,0.0073888707006712784
2017-07-20,5.86,6.06,5.81,6.0,29304446.0,175492970.0,2035612695.0,0.014395884871409687
2017-07-21,6.01,6.2,6.0,6.05,34285116.0,208798997.0,2035612695.0,0.016842651887666676
2017-07-24,6.03,6.1,5.96,6.05,20879673.0,126200993.0,2035612695.0,0.0102571933508206
2017-07-25,6.06,6.09,5.98,6.08,13854608.0,83511181.0,2035612695.0,0.006806112004523532
2017-07-26,6.07,6.55,6.05,6.5,61644669.0,390473039.0,2035612695.0,0.030283103043823374
2017-07-27,6.49,6.68,6.36,6.38,43574983.0,283036513.0,2035612695.0,0.021406323072670756
2017-07-28,6.38,6.49,6.31,6.34,22312803.0,142431106.0,2035612695.0,0.010961222169033486
2017-07-31,6.33,6.55,6.33,6.48,31915639.0,206364160.0,2035612695.0,0.0156786401845465
2017-08-01,6.47,6.48,6.33,6.4,20335398.0,130186785.0,2035612695.0,0.009989816849712662
2017-08-02,6.42,6.56,6.35,6.5,25059328.0,161990482.0,2035612695.0,0.012310459677104736
2017-08-03,6.5,6.73,6.49,6.55,23961472.0,158432801.0,2035612695.0,0.01177113507832589
2017-08-04,6.54,6.74,6.51,6.68,22200168.0,147813863.0,2035612695.0,0.010905889934037771
2017-08-07,6.68,7.04,6.63,7.0,53653473.0,371095763.0,2035612695.0,0.026357407345605103
2017-08-08,7.0,7.09,6.92,7.0,34317716.0,239873826.0,2035612695.0,0.016858666721962057
2017-08-09,7.0,7.35,6.9,7.3,45260175.0,324467931.0,2035612695.0,0.02223417800015243
2017-08-10,7.31,7.44,7.14,7.19,36611868.0,265798247.0,2035612695.0,0.01798567482406077
2017-08-11,7.18,7.21,6.85,6.94,39384005.0,277478226.0,2035612695.0,0.0193474942933582
2017-08-14,6.92,7.06,6.9,6.99,16890698.0,118173114.0,2035612695.0,0.008297599067586873
2017-08-15,7.0,7.35,6.98,7.24,24702373.0,178752814.0,2035612695.0,0.012135104610359094
2017-08-16,7.29,7.48,7.24,7.29,23307349.0,171367469.0,2035612695.0,0.011449795463178716
2017-08-17,7.3,7.36,7.17,7.27,17664138.0,128455143.0,2035612695.0,0.008677553467507728
2017-08-18,7.22,7.24,7.13,7.17,17294775.0,124124851.0,2035612695.0,0.008496102938678127
2017-08-21,7.18,7.24,6.97,7.07,23068115.0,162609532.0,2035612695.0,0.011332271142079903
2017-08-22,7.05,7.13,6.97,7.06,14541064.0,102843167.0,2035612695.0,0.007143335289525692
2017-08-23,7.1,7.11,6.97,7.06,9971112.0,70043657.0,2035612695.0,0.004898334552781909
2017-08-24,7.05,7.23,7.02,7.07,16512425.0,117636662.0,2035612695.0,0.008111771478218257
2017-08-25,7.05,7.17,7.04,7.11,16272029.0,115383319.0,2035612695.0,0.007993676321614806
2017-08-28,7.12,7.39,7.08,7.37,30889689.0,223445984.0,2035612695.0,0.015174639594198444
2017-08-29,7.37,7.98,7.35,7.67,53063130.0,410429333.0,2035612695.0,0.02606739982037693
2017-08-30,7.75,7.94,7.58,7.84,36726222.0,285025923.0,2035612695.0,0.01804185152225139
2017-08-31,7.85,8.04,7.8,7.89,34063641.0,269853819.0,2035612695.0,0.01673385172123816
2017-09-01,7.9,8.09,7.81,8.04,31642621.0,251143429.0,2035612695.0,0.01554451938609078
2017-09-04,8.09,8.14,7.99,8.0,17256100.0,138864244.0,2035612695.0,0.008477103744924327
2017-09-05,8.0,8.03,7.89,7.95,17682575.0,140239221.0,2035612695.0,0.008686610691431161
2017-09-06,7.97,8.01,7.89,7.98,14046301.0,111603126.0,2035612695.0,0.006900281686443304
2017-09-07,7.97,8.12,7.93,7.99,14195428.0,114168961.0,2035612695.0,0.006973540710798132
2017-09-08,7.96,8.09,7.95,8.03,13339889.0,106805870.0,2035612695.0,0.006553254964839959
2017-09-11,8.09,8.1,8.0,8.0,10379900.0,83379650.0,2035612695.0,0.005099152714804621
2017-09-12,7.99,8.48,7.97,8.34,34602404.0,286080938.0,2035612695.0,0.016998520438093457
2017-09-13,8.36,8.49,8.33,8.38,14902631.0,125031949.0,2035612695.0,0.007320956013196803
2017-09-14,8.43,8.43,8.2,8.26,16938748.0,140130392.0,2035612695.0,0.00832120375433206
2017-09-15,8.27,8.29,8.15,8.16,14857988.0,121649514.0,2035612695.0,0.00729902502401126
2017-09-18,8.2,8.46,8.17,8.38,15276519.0,127701202.0,2035612695.0,0.007504629459976914
2017-09-19,8.38,8.43,8.16,8.19,13221675.0,109580066.0,2035612695.0,0.0064951820316683576
2017-09-20,8.19,8.28,8.13,8.28,11160278.0,91781134.0,2035612695.0,0.0054825154251653945
2017-09-21,8.29,8.38,8.1,8.13,15246520.0,125260879.0,2035612695.0,0.0074898923736570625
2017-09-22,8.15,8.15,7.84,7.91,21951651.0,174307704.0,2035612695.0,0.01078380531518546
2017-09-25,7.88,7.95,7.57,7.72,24011335.0,187040443.0,2035612695.0,0.011795630406009037
2017-09-26,7.73,8.0,7.71,7.97,15075799.0,118279864.0,2035612695.0,0.007406025240965596
2017-09-27,7.99,8.02,7.87,7.94,9244819.0,73586243.0,2035612695.0,0.004541541238521309
2017-09-28,7.92,7.97,7.85,7.89,8450012.0,66743186.0,2035612695.0,0.0041510902446007785
2017-09-29,7.89,8.03,7.89,7.96,9423813.0,75076441.0,2035612695.0,0.004629472503854669
2017-10-09,8.01,8.15,8.01,8.12,11359070.0,91827070.0,2042232795.0,0.005562083826981145
2017-10-10,8.15,8.25,8.11,8.16,8795103.0,71845766.0,2042232795.0,0.004306611382175948
2017-10-11,8.19,8.2,7.98,8.0,9198585.0,74416940.0,2042232795.0,0.004504180435512006
2017-10-12,8.0,8.01,7.78,7.85,12606479.0,99658530.0,2042232795.0,0.006172890294810881
2017-10-13,7.83,7.99,7.82,7.91,9186170.0,72961292.0,2042232795.0,0.004498101304851487
2017-10-16,7.95,8.08,7.87,7.99,12662322.0,100902423.0,2042232795.0,0.006200234386109739
2017-10-17,7.99,8.0,7.83,7.92,8730724.0,69121997.0,2042232795.0,0.004275087551906638
2017-10-18,7.92,7.95,7.69,7.7,9354417.0,73137998.0,2042232795.0,0.004580485154729875
2017-10-19,7.69,8.01,7.58,7.87,16506505.0,128717871.0,2042232795.0,0.008082577579016892
2017-10-20,8.0,8.0,7.78,7.81,9443442.0,74179541.0,2042232795.0,0.004624077148854129
2017-10-23,7.79,7.88,7.72,7.74,7351828.0,57073775.0,2042232795.0,0.003599897141011292
2017-10-24,7.72,7.86,7.68,7.72,10264159.0,79826644.0,2042232795.0,0.005025949551456498
2017-10-25,7.71,7.88,7.64,7.84,9250713.0,71636548.0,2042232795.0,0.0045297054393840545
2017-10-26,7.84,7.9,7.77,7.82,10157697.0,79505631.0,2042232795.0,0.004973819353439577
2017-10-27,7.81,7.87,7.75,7.82,6312520.0,49256038.0,2042232795.0,0.0030909894383514686
2017-10-30,7.86,7.86,7.45,7.59,14650281.0,111410236.0,2042232795.0,0.007173658671953704
2017-10-31,7.6,7.6,7.32,7.46,16055074.0,119637838.0,2042232795.0,0.007861529811541392
2017-11-01,7.48,7.54,7.32,7.33,10644098.0,78983395.0,2042232795.0,0.0052119905360740225
2017-11-02,7.32,7.75,7.18,7.69,20157147.0,148512032.0,2042232795.0,0.009870151458418823
2017-11-03,7.67,7.75,7.5,7.65,15642011.0,119211776.0,2042232795.0,0.007659269324386694
2017-11-06,7.65,7.67,7.4,7.55,10722564.0,81099600.0,2042232795.0,0.005250412208760951
2017-11-07,7.6,7.6,7.4,7.56,8580613.0,64519445.0,2042232795.0,0.004201584178360039
2017-11-08,7.59,7.81,7.51,7.79,16679580.0,129026972.0,2042232795.0,0.008167325508059917
2017-11-09,7.81,7.98,7.8,7.97,13678208.0,108599671.0,2042232795.0,0.006697673268928188
2017-11-10,7.98,8.06,7.88,7.97,11319721.0,90165600.0,2042232795.0,0.005542816190061231
2017-11-13,7.99,8.06,7.87,7.91,9086526.0,72115528.0,2042232795.0,0.004449309609681398
2017-11-14,7.91,7.94,7.7,7.78,13738513.0,106847005.0,2042232795.0,0.006727202223779782
2017-11-15,7.79,7.89,7.72,7.79,7177060.0,56053094.0,2042232795.0,0.0035143202173481894
2017-11-16,7.77,7.98,7.74,7.88,9802159.0,77215470.0,2042232795.0,0.004799726565942254
2017-11-17,7.88,7.99,7.73,7.77,16359189.0,129113491.0,2042232795.0,0.008010442805566639
2017-11-20,7.86,7.88,7.52,7.85,9190973.0,71226066.0,2042232795.0,0.0045004531425125805
2017-11-21,7.85,8.08,7.8,8.05,18734660.0,149852705.0,2042232795.0,0.009173616272282024
2017-11-22,8.1,8.12,7.86,7.99,14699625.0,117063442.0,2042232795.0,0.007197820461990965
2017-11-23,7.99,8.04,7.83,7.89,10440911.0,82752657.0,2042232795.0,0.005112497960840943
2017-11-24,7.89,7.93,7.8,7.89,9177485.0,72238349.0,2042232795.0,0.0044938486065199046
2017-11-27,7.89,8.18,7.84,8.13,21744812.0,175154642.0,2042232795.0,0.010647567727458809
2017-11-28,8.15,8.2,8.07,8.15,11084538.0,90217012.0,2042232795.0,0.005427656448930936
2017-11-29,8.15,8.23,8.09,8.11,18054060.0,147525146.0,2042232795.0,0.00884035357976905
2017-11-30,8.14,8.18,7.95,8.0,13924842.0,112097137.0,2042232795.0,0.006818440108342301
2017-12-01,8.0,8.05,7.95,8.01,6636590.0,53069454.0,2042232795.0,0.0032496736005064495
2017-12-04,8.02,8.02,7.88,7.89,8956270.0,71024665.0,2042232795.0,0.0043855284382503515
2017-12-05,7.91,7.91,7.58,7.77,16106469.0,124547746.0,2042232795.0,0.007886695894529496
2017-12-06,7.73,7.79,7.63,7.7,7857001.0,60508301.0,2042232795.0,0.003847260223827715
2017-12-07,7.7,7.83,7.67,7.71,8621314.0,66731332.0,2042232795.0,0.004221513835791673
2017-12-08,7.7,7.81,7.69,7.73,8771049.0,68108982.0,2042232795.0,0.0042948330971249535
2017-12-11,7.73,7.82,7.72,7.79,8232874.0,63943972.0,2042232795.0,0.004031310250308658
2017-12-12,7.81,7.81,7.65,7.66,7033602.0,54283287.0,2042232795.0,0.003444074552725024
2017-12-13,7.66,7.79,7.63,7.77,6151756.0,47692909.0,2042232795.0,0.0030122697153142134
2017-12-14,7.77,7.92,7.74,7.88,8320340.0,65413368.0,2042232795.0,0.004074138864271837
2017-12-15,7.9,7.95,7.83,7.88,9348435.0,73869789.0,2042232795.0,0.0045775560077615934
2017-12-18,7.9,7.98,7.85,7.88,7118913.0,56313052.0,2042232795.0,0.003485847949082612
2017-12-19,7.9,7.96,7.8,7.84,7410466.0,58403213.0,2042232795.0,0.0036286098324064963
2017-12-20,7.87,7.89,7.8,7.86,6757106.0,52978511.0,2042232795.0,0.0033086854821563084
2017-12-21,7.87,7.88,7.73,7.77,9545810.0,74262158.0,2042232795.0,0.004674202678250498
2017-12-22,7.76,7.8,7.7,7.74,6007465.0,46479875.0,2042232795.0,0.0029416161637929234
2017-12-25,7.74,7.78,7.67,7.7,6672670.0,51505949.0,2042232795.0,0.0032673405384228
2017-12-26,7.7,7.8,7.65,7.79,6711694.0,51847894.0,2042232795.0,0.003286449035796627
2017-12-27,7.79,8.01,7.75,7.97,17633032.0,140052924.0,2042232795.0,0.008634192949584868
2017-12-28,7.99,8.06,7.94,7.98,18454033.0,147699397.0,2042232795.0,0.00903620441566751
2017-12-29,7.98,8.04,7.96,8.0,13301611.0,106419760.0,2042232795.0,0.006513268728504578
2018-01-02,8.03,8.29,8.0,8.29,20251298.0,165586331.0,2039195295.0,0.00993102428671502
2018-01-03,8.31,8.63,8.31,8.58,36619929.0,311228613.0,2039195295.0,0.01795802937060033
2018-01-04,8.59,8.63,8.49,8.57,18694325.0,160155489.0,2039195295.0,0.009167501046043754
2018-01-05,8.64,8.94,8.61,8.91,30052244.0,265582627.0,2039195295.0,0.014737305482062717
2018-01-08,8.91,9.1,8.88,9.06,31493715.0,283086914.0,2039195295.0,0.015444187752502636
2018-01-09,9.05,9.14,8.92,8.95,16803990.0,151318689.0,2039195295.0,0.008240500574517067
2018-01-10,8.96,9.15,8.91,9.15,21021779.0,188741065.0,2039195295.0,0.010308860093755758
2018-01-11,9.14,9.36,9.07,9.28,25014197.0,230114249.0,2039195295.0,0.01226670003669266
2018-01-12,9.27,9.33,9.16,9.17,16384873.0,151129573.0,2039195295.0,0.008034969990454005
2018-01-15,9.18,9.26,8.92,8.93,25591866.0,232109077.0,2039195295.0,0.012549982859782932
2018-01-16,9.02,9.19,8.97,9.0,17681825.0,160001978.0,2039195295.0,0.00867098165798779
2018-01-17,9.13,9.2,9.02,9.16,15792914.0,143874551.0,2039195295.0,0.007744679501136256
2018-01-18,9.16,9.2,8.99,9.06,14087123.0,128047349.0,2039195295.0,0.0069081774730163845
2018-01-19,8.99,9.12,8.95,9.0,15564810.0,140455734.0,2039195295.0,0.007632819690278856
2018-01-22,9.02,9.05,8.95,8.99,13663682.0,122984489.0,2039195295.0,0.006700526444672872
2018-01-23,9.05,9.07,8.87,8.92,15231096.0,136403716.0,2039195295.0,0.007469169842312724
2018-01-24,8.98,9.15,8.91,9.11,19315376.0,174095499.0,2039195295.0,0.009472057947250217
2018-01-25,9.1,9.15,8.9,8.92,17851369.0,160908265.0,2039195295.0,0.00875412425860859
2018-01-26,8.93,9.11,8.91,9.07,14179196.0,128244311.0,2039195295.0,0.006953329107205497
2018-01-29,9.07,9.2,9.0,9.02,14253741.0,129485488.0,2039195295.0,0.006989885193904393
2018-01-30,9.02,9.07,8.97,9.02,10897509.0,98259758.0,2039195295.0,0.005344024197545042
2018-01-31,8.71,8.72,8.12,8.12,52069851.0,428278950.0,2039195295.0,0.025534509189812545
2018-02-01,8.0,8.24,7.81,8.13,26248033.0,211486353.0,2039195295.0,0.012871760279340973
2018-02-02,8.04,8.26,8.04,8.15,10371963.0,84449511.0,2039195295.0,0.005086301947357132
2018-02-05,8.16,8.29,8.06,8.19,9001050.0,73659421.0,2039195295.0,0.0044140205806035854
2018-02-06,8.13,8.14,7.39,7.8,27223745.0,214963860.0,2039195295.0,0.013350239217769478
2018-02-07,7.87,7.99,7.75,7.79,13479314.0,106208501.0,2039195295.0,0.0066101143098214145
2018-02-08,7.84,7.9,7.75,7.78,5923695.0,46282605.0,2039195295.0,0.002904917942153255
2018-02-09,7.63,7.64,7.38,7.5,18194564.0,136566541.0,2039195295.0,0.008922423489605001
2018-02-12,7.51,7.68,7.47,7.49,11922524.0,90054992.0,2039195295.0,0.005846680810432136
2018-02-13,7.57,7.59,7.4,7.44,9832500.0,73771080.0,2039195295.0,0.0048217549462323565
2018-02-14,7.46,7.5,7.41,7.41,5589760.0,41624735.0,2039195295.0,0.00274115971810341
2018-02-22,7.53,7.55,7.4,7.44,8008509.0,59740213.0,2039195295.0,0.003927288876958692
2018-02-23,7.43,7.53,7.35,7.4,8506950.0,63282577.0,2039195295.0,0.004171719119232275
2018-02-26,7.45,7.53,7.32,7.51,17333323.0,128612261.0,2039195295.0,0.008500079929813687
2018-02-27,7.5,7.99,7.46,7.82,17559704.0,136553543.0,2039195295.0,0.008611094799529734
2018-02-28,7.9,7.92,7.71,7.87,10025170.0,78594931.0,2039195295.0,0.004916238294871115
2018-03-01,7.85,8.03,7.78,7.96,9465269.0,75159578.0,2039195295.0,0.0046416687127556365
2018-03-02,7.96,8.1,7.85,7.99,9747691.0,77948140.0,2039195295.0,0.0047801655015097515
2018-03-05,7.99,8.05,7.92,7.95,5680564.0,45205253.0,2039195295.0,0.002785689047992826
2018-03-06,7.96,8.0,7.9,7.95,7887254.0,62741063.0,2039195295.0,0.0038678266958241487
2018-03-07,7.97,8.16,7.97,8.03,10151914.0,81977442.0,2039195295.0,0.004978392224075821
2018-03-08,8.05,8.16,8.01,8.1,7282100.0,59049653.0,2039195295.0,0.003571065516802303
2018-03-09,8.1,8.49,8.1,8.47,15536541.0,129122832.0,2039195295.0,0.007618956868964333
2018-03-12,8.48,8.66,8.34,8.49,17347483.0,147241778.0,2039195295.0,0.008507023845403684
2018-03-13,8.5,8.56,8.43,8.47,7684225.0,65270907.0,2039195295.0,0.003768263402157369
2018-03-14,8.45,8.59,8.37,8.46,8297901.0,70281815.0,2039195295.0,0.004069203680660709
2018-03-15,8.48,8.48,8.16,8.27,11682272.0,97115198.0,2039195295.0,0.005728863747697103
2018-03-16,8.32,8.43,8.26,8.32,9478433.0,79128079.0,2039195295.0,0.004648124200384642
2018-03-19,8.38,8.38,8.27,8.35,5726453.0,47614809.0,2039195295.0,0.00280819253263332
2018-03-20,8.3,8.37,8.17,8.35,7949648.0,65964470.0,2039195295.0,0.0038984240594768537
2018-03-21,8.35,8.53,8.27,8.35,10607729.0,89526800.0,2039195295.0,0.005201919122709627
2018-03-22,8.32,8.43,8.24,8.3,9000229.0,74866954.0,2039195295.0,0.004413617970808431
2018-03-23,8.12,8.12,7.72,7.97,20858496.0,165758529.0,2039195295.0,0.01022878782191384
2018-03-26,7.9,8.05,7.59,8.0,12060873.0,94112118.0,2039195295.0,0.005914525710005622
2018-03-27,8.05,8.5,8.05,8.48,14631762.0,120099904.0,2039195295.0,0.007175262730291853
2018-03-28,8.4,8.46,8.23,8.24,11667993.0,97520232.0,2039195295.0,0.005721861475754337
2018-03-29,8.25,8.4,8.2,8.25,8678955.0,72023239.0,2039195295.0,0.004256068568459501
2018-03-30,8.3,8.34,8.19,8.21,7689998.0,63375579.0,2039195295.0,0.0037710944208509465
2018-04-02,8.21,8.4,8.21,8.32,10958153.0,91418425.0,2039195295.0,0.005373763379539378
2018-04-03,8.21,8.26,8.12,8.14,7860900.0,64231974.0,2039195295.0,0.003854902970438641
2018-04-04,8.15,8.24,8.06,8.14,7058136.0,57340531.0,2039195295.0,0.0034612359185538432
2018-04-09,8.09,8.15,7.94,7.94,9310132.0,74570358.0,2039195295.0,0.0045655911539360435
2018-04-10,7.95,7.99,7.77,7.98,8145217.0,64228334.0,2039195295.0,0.003994329047331388
2018-04-11,8.0,8.18,7.96,8.0,7656000.0,61834334.0,2039195295.0,0.0037544221579816858
2018-04-12,8.05,8.13,7.93,8.03,5482450.0,43925802.0,2039195295.0,0.002688536018812264
2018-04-13,8.03,8.04,7.85,7.86,5661278.0,44935235.0,2039195295.0,0.002776231395728088
2018-04-16,7.85,7.95,7.8,7.87,5912150.0,46540203.0,2039195295.0,0.0028992563951556194
2018-04-17,7.71,7.87,7.7,7.75,9209014.0,71514482.0,2039195295.0,0.004516003946546963
2018-04-18,7.79,8.02,7.72,8.02,11035325.0,87034479.0,2039195295.0,0.005411607719504865
2018-04-19,8.01,8.01,7.89,7.95,5426536.0,43111050.0,2039195295.0,0.002661116379243117
2018-04-20,7.9,7.99,7.7,7.77,6762952.0,53121228.0,2039195295.0,0.0033164807787573873
2018-04-23,7.79,7.86,7.75,7.75,3680800.0,28699033.0,2039195295.0,0.0018050257417840895
2018-04-24,7.75,7.95,7.75,7.94,5560034.0,43832393.0,2039195295.0,0.002726582399259606
2018-04-25,7.95,7.95,7.86,7.86,2794993.0,22029498.0,2039195295.0,0.0013706352730673596
2018-04-26,7.87,7.89,7.34,7.54,26101253.0,197184061.0,2039195295.0,0.012799780905732229
2018-04-27,7.56,7.63,7.2,7.2,29322025.0,214378493.0,2039195295.0,0.01437921373783868
2018-05-02,7.26,7.35,6.93,7.0,24958121.0,176577432.0,2039195295.0,0.012239200954021425
2018-05-03,7.0,7.11,6.71,6.96,30762886.0,213090534.0,2039195295.0,0.015085796870671967
2018-05-04,6.95,7.08,6.88,7.02,18482735.0,128976316.0,2039195295.0,0.009063739527704236
2018-05-07,7.09,7.31,7.06,7.23,21086096.0,152230112.0,2039195295.0,0.01034040047645363
2018-05-08,7.25,7.36,7.2,7.33,11384388.0,82967468.0,2039195295.0,0.005582784556199165
2018-05-09,7.33,7.37,7.23,7.28,9292125.0,67678888.0,2039195295.0,0.004556760709866193
2018-05-10,7.29,7.35,7.09,7.26,13135173.0,94796983.0,2039195295.0,0.006441351170339965
2018-05-11,7.25,7.29,7.11,7.14,8387877.0,60141838.0,2039195295.0,0.004113326968028337
2018-05-14,7.12,7.25,7.11,7.19,9094627.0,65381625.0,2039195295.0,0.004459909760629376
2018-05-15,7.0,7.26,6.99,7.26,6307501.0,45268445.0,2039195295.0,0.0030931323819085215
2018-05-16,7.24,7.26,7.14,7.19,8182657.0,58827145.0,2039195295.0,0.0040126892309252805
2018-05-17,7.23,7.24,7.14,7.14,5425376.0,38915375.0,2039195295.0,0.002660547527400999
2018-05-18,7.17,7.23,7.16,7.2,5499848.0,39591979.0,2039195295.0,0.002697067815665002
2018-05-21,7.2,7.34,7.2,7.29,6631161.0,48307253.0,2039195295.0,0.003251851853649947
2018-05-22,7.33,7.42,7.3,7.41,7397716.0,54526500.0,2039195295.0,0.003627762391438825
2018-05-23,7.43,7.82,7.39,7.8,21156612.0,162652158.0,2039195295.0,0.010374980783780201
2018-05-24,7.78,7.83,7.61,7.67,12327217.0,95073334.0,2039195295.0,0.006045138016072168
2018-05-25,7.67,7.8,7.59,7.75,8943349.0,68808157.0,2039195295.0,0.004385724614963865
2018-05-28,7.8,7.92,7.72,7.86,8795240.0,68955187.0,2039195295.0,0.004313093513684279
2018-05-29,7.86,7.95,7.8,7.8,6937467.0,54574287.0,2039195295.0,0.0034020611056774725
2018-05-30,7.6,7.73,7.5,7.55,11230409.0,85399959.0,2039195295.0,0.005507274868442652
2018-05-31,7.61,7.92,7.61,7.9,19325413.0,150989195.0,2039195295.0,0.0094769799868531
2018-06-01,7.85,8.22,7.85,8.05,18359759.0,148330055.0,2039195295.0,0.009003433386207377
2018-06-04,8.08,8.17,7.97,8.03,7996906.0,64428043.0,2039195295.0,0.003921598887368951
2018-06-05,8.05,8.11,7.9,8.03,8990549.0,72222622.0,2039195295.0,0.004408871000263857
2018-06-06,8.03,8.05,7.9,7.98,5648797.0,45059101.0,2039195295.0,0.002770110844140605
2018-06-07,7.96,8.08,7.95,7.97,4940601.0,39564766.0,2039195295.0,0.002422818948294994
2018-06-08,7.99,7.99,7.68,7.77,14324284.0,111431890.0,2039195295.0,0.00702447874174798
2018-06-11,7.79,8.1,7.78,7.99,14023028.0,111784048.0,2039195295.0,0.006876745956791745
2018-06-12,7.99,8.07,7.88,7.92,6409768.0,50909384.0,2039195295.0,0.0031432830468550096
2018-06-13,8.04,8.04,7.8,7.81,6837140.0,53693973.0,2039195295.0,0.0033528617963979757
2018-06-14,7.8,7.88,7.59,7.77,9147767.0,70455057.0,2039195295.0,0.004485969059672629
2018-06-15,7.76,7.8,7.62,7.66,7849973.0,60289567.0,2039195295.0,0.003849544484163789
2018-06-19,7.61,7.64,6.89,7.06,20181169.0,144254444.0,2039195295.0,0.009896633760132327
2018-06-20,7.03,7.18,6.97,7.08,9593212.0,67754688.0,2039195295.0,0.004704410618993704
2018-06-21,7.12,7.12,6.95,7.0,8280991.0,58191787.0,2039195295.0,0.004060911193893275
2018-06-22,7.0,7.08,6.92,7.03,6209100.0,43492790.0,2039195295.0,0.0030448775628427486
2018-06-25,7.08,7.13,6.96,7.01,6328741.0,44509930.0,2039195295.0,0.0031035482552935175
2018-06-26,6.95,7.02,6.9,6.91,7734510.0,53731173.0,2039195295.0,0.0037929226391236843
2018-06-27,6.91,7.06,6.9,6.93,5783851.0,40330782.0,2039195295.0,0.0028363399102487633
2018-06-28,6.93,6.93,6.71,6.85,8298610.0,56568556.0,2039195295.0,0.004069551366829727
2018-06-29,6.86,7.0,6.82,6.96,8480365.0,58876349.0,2039195295.0,0.0041586821138678625
2018-07-02,6.94,7.1,6.86,6.91,10432777.0,72634653.0,2039194395.0,0.005116126753575154
2018-07-03,6.86,6.98,6.8,6.91,6839056.0,46937515.0,2039194395.0,0.003353802862919305
2018-07-04,6.87,6.93,6.81,6.86,5633190.0,38525650.0,2039194395.0,0.0027624585541291664
2018-07-05,6.86,6.9,6.66,6.86,12154635.0,82163153.0,2039194395.0,0.005960508242766134
2018-07-06,6.86,6.92,6.73,6.86,8615377.0,58934056.0,2039194395.0,0.004224892448274898
2018-07-09,6.86,7.05,6.86,7.05,8905830.0,62051701.0,2039194395.0,0.004367327618120488
2018-07-10,7.05,7.09,6.99,7.06,4667877.0,32905897.0,2039194395.0,0.002289078967383097
2018-07-11,7.01,7.04,6.86,6.9,7203471.0,49958464.0,2039194395.0,0.00353250823838205
2018-07-12,6.9,7.11,6.9,7.09,7204105.0,50688824.0,2039194395.0,0.003532819145474358
2018-07-13,7.15,7.43,7.1,7.41,11605067.0,85020819.0,2039194395.0,0.005691005736606097
2018-07-16,7.51,7.59,7.4,7.43,6924341.0,51795769.0,2039194395.0,0.0033956257515115424
2018-07-17,7.47,7.47,7.26,7.45,5735200.0,42218901.0,2039194395.0,0.0028124832110476648
2018-07-18,7.44,7.58,7.41,7.45,7617750.0,57245857.0,2039194395.0,0.003735666407615837
2018-07-19,7.45,7.53,7.38,7.41,4611072.0,34289668.0,2039194395.0,0.00226122237845794
2018-07-20,7.41,7.53,7.34,7.45,7288183.0,54206698.0,2039194395.0,0.003574050133655845
2018-07-23,7.41,7.55,7.4,7.51,6276201.0,47093096.0,2039194395.0,0.003077784548343661
2018-07-24,7.54,7.67,7.46,7.61,9867425.0,74887814.0,2039194395.0,0.0048388839358299626
2018-07-25,7.65,7.78,7.5,7.62,10898586.0,83086207.0,2039194395.0,0.005344554705879329
2018-07-26,7.55,7.61,7.46,7.5,8684938.0,65206320.0,2039194395.0,0.0042590044486661115
2018-07-27,7.49,7.52,7.42,7.43,6334725.0,47285778.0,2039194395.0,0.0031064841172241454
2018-07-30,7.43,7.55,7.41,7.44,5461736.0,40763836.0,2039194395.0,0.002678379272418508
2018-07-31,7.49,7.49,7.4,7.42,4736591.0,35258756.0,2039194395.0,0.002322775607668341
2018-08-01,7.41,7.47,7.22,7.26,8451751.0,62027296.0,2039194395.0,0.004144651937413745
2018-08-02,7.31,7.42,6.99,7.33,9769789.0,70017018.0,2039194395.0,0.0047910042436145476
2018-08-03,7.27,7.32,7.03,7.12,8428600.0,60258784.0,2039194395.0,0.004133298924647152
2018-08-06,7.12,7.16,7.02,7.11,5969264.0,42400573.0,2039194395.0,0.002927265794098066
2018-08-07,7.13,7.26,7.06,7.26,5056890.0,36284765.0,2039194395.0,0.002479846949559706
2018-08-08,7.25,7.27,7.05,7.07,7914985.0,56476730.0,2039194395.0,0.0038814274006475974
2018-08-09,7.08,7.19,7.03,7.11,6036054.0,43000707.0,2039194395.0,0.0029600189245322047
2018-08-10,7.11,7.21,7.1,7.19,4980679.0,35717669.0,2039194395.0,0.0024424738574274083
2018-08-13,7.15,7.2,7.07,7.16,5262930.0,37475539.0,2039194395.0,0.0025808868506624156
2018-08-14,7.13,7.21,7.08,7.14,4404233.0,31363071.0,2039194395.0,0.0021597906559565646
2018-08-15,7.1,7.14,6.81,6.84,6931294.0,48543868.0,2039194395.0,0.0033990354313424838
2018-08-16,6.82,7.05,6.7,6.98,10236222.0,71071656.0,2039194395.0,0.005019738199113675
2018-08-17,6.96,7.03,6.84,6.84,4282209.0,29645803.0,2039194395.0,0.002099951338871741
2018-08-20,6.89,6.95,6.7,6.83,6564729.0,44663247.0,2039194395.0,0.0032192757179484105
2018-08-21,6.81,6.96,6.8,6.85,5499187.0,37801162.0,2039194395.0,0.0026967448584027712
2018-08-22,6.82,6.87,6.8,6.8,3879629.0,26453116.0,2039194395.0,0.0019025302391535849
2018-08-23,6.82,6.88,6.77,6.82,5511000.0,37561548.0,2039194395.0,0.0027025378323482494
2018-08-24,6.86,6.86,6.76,6.78,3744581.0,25420070.0,2039194395.0,0.001836304086153591
2018-08-27,6.82,6.9,6.75,6.87,6105949.0,41746486.0,2039194395.0,0.0029942947150950754
2018-08-28,6.87,6.93,6.83,6.89,3849600.0,26388503.0,2039194395.0,0.0018878043257862132
2018-08-29,6.85,6.89,6.78,6.81,3792417.0,25888758.0,2039194395.0,0.0018597623695410363
2018-08-30,6.81,6.86,6.75,6.82,3977196.0,26997770.0,2039194395.0,0.0019503760944772507
2018-08-31,6.83,7.09,6.81,7.02,13893600.0,97213934.0,2039194395.0,0.006813278829162337
2018-09-03,7.02,7.29,6.95,7.29,11758365.0,84027722.0,2039194395.0,0.005766181502278992
2018-09-04,7.24,7.36,7.17,7.2,8771654.0,63305431.0,2039194395.0,0.004301529084969852
2018-09-05,7.22,7.25,7.14,7.21,5111293.0,36838731.0,2039194395.0,0.002506525622340189
2018-09-06,7.21,7.26,7.11,7.15,4839241.0,34772878.0,2039194395.0,0.0023731141140175605
2018-09-07,7.14,7.23,7.12,7.17,3991395.0,28626019.0,2039194395.0,0.001957339138331635
2018-09-10,7.15,7.21,7.1,7.17,5659451.0,40542060.0,2039194395.0,0.0027753366789731687
2018-09-11,7.11,7.24,7.09,7.14,6682925.0,47925713.0,2039194395.0,0.003277237823125735
2018-09-12,7.13,7.2,7.13,7.15,7203905.0,51601489.0,2039194395.0,0.0035327210675272576
2018-09-13,7.17,7.25,6.95,7.07,12044383.0,85181452.0,2039194395.0,0.005906441793647633
2018-09-14,7.11,7.32,7.1,7.26,11415564.0,82309448.0,2039194395.0,0.005598075410559374
2018-09-17,7.22,7.28,7.13,7.15,6919596.0,49751011.0,2039194395.0,0.0033932988522165884
2018-09-18,7.22,7.23,7.13,7.16,6514900.0,46817786.0,2039194395.0,0.0031948400878181113
2018-09-19,7.17,7.27,7.16,7.24,7321274.0,52964074.0,2039194395.0,0.003590277620393322
2018-09-20,7.2,7.22,7.09,7.15,6903945.0,49331824.0,2039194395.0,0.003385623762466256
2018-09-21,7.15,7.22,7.09,7.2,6852153.0,49159661.0,2039194395.0,0.0033602254972851667
2018-09-25,7.21,7.27,7.18,7.21,4692708.0,33856075.0,2039194395.0,0.0023012558349053327
2018-09-26,7.2,7.23,7.16,7.19,5204170.0,37452718.0,2039194395.0,0.002552071549804353
2018-09-27,7.22,7.27,7.13,7.14,7075013.0,50869830.0,2039194395.0,0.0034695137537390105
2018-09-28,7.15,7.21,7.13,7.2,5581465.0,40086303.0,2039194395.0,0.002737093145060356
2018-10-08,7.15,7.16,6.92,6.94,7920429.0,55755297.0,2039194395.0,0.003884097082367667
2018-10-09,6.93,7.09,6.92,7.01,4076600.0,28658136.0,2039194395.0,0.0019991227957450322
2018-10-10,7.03,7.1,7.0,7.04,4305477.0,30323826.0,2039194395.0,0.002111361727237388
2018-10-11,6.9,6.98,6.34,6.43,16232725.0,107276489.0,2039194395.0,0.007960361719217064
2018-10-12,6.39,6.72,5.81,6.5,22625841.0,139863637.0,2039194395.0,0.011095480183486871
2018-10-15,6.45,6.5,6.25,6.27,10221039.0,65091517.0,2039194395.0,0.005012292611759557
2018-10-16,6.33,6.34,5.97,6.0,9284164.0,56635722.0,2039194395.0,0.004552858728311677
2018-10-17,6.1,6.51,5.96,6.33,12176305.0,75291202.0,2039194395.0,0.005971134988334449
2018-10-18,6.33,6.33,6.02,6.05,8725415.0,53378217.0,2039194395.0,0.0042788539539900024
2018-10-19,5.96,6.25,5.94,6.17,7165555.0,43833357.0,2039194395.0,0.0035139146211707784
2018-10-22,6.2,6.51,6.2,6.44,11875624.0,76266874.0,2039194395.0,0.005823684112274151
2018-10-23,6.43,6.5,6.24,6.26,8577484.0,54464177.0,2039194395.0,0.004206310110027544
2018-10-24,6.22,6.3,6.18,6.23,4993659.0,31158212.0,2039194395.0,0.0024488391161942165
2018-10-25,6.15,6.22,6.0,6.21,6800935.0,41463837.0,2039194395.0,0.0033351087158122556
2018-10-26,6.25,6.32,6.15,6.16,4837050.0,30059247.0,2039194395.0,0.002372039670107077
2018-10-29,6.13,6.21,6.11,6.14,4977948.0,30718008.0,2039194395.0,0.002441134603059754
2018-10-30,6.18,6.32,6.01,6.2,6774953.0,41780637.0,2039194395.0,0.0033223674097044584
2018-10-31,6.2,6.34,6.17,6.26,6565545.0,41206245.0,2039194395.0,0.00321967587597258
2018-11-01,6.26,6.35,6.23,6.3,7944856.0,49980834.0,2039194395.0,0.00389607583243676
2018-11-02,6.34,6.45,6.32,6.4,11003572.0,70252401.0,2039194395.0,0.005396038762650679
2018-11-05,6.36,6.42,6.34,6.36,7083276.0,45121673.0,2039194395.0,0.0034735658441234583
2018-11-06,6.38,6.54,6.38,6.52,11741993.0,75995668.0,2039194395.0,0.005758152841529363
2018-11-07,6.57,6.7,6.47,6.52,8666495.0,57010583.0,2039194395.0,0.004249960190774259
2018-11-08,6.53,6.63,6.46,6.57,6663700.0,43631850.0,2039194395.0,0.0032678100804607205
2018-11-09,6.54,6.56,6.39,6.44,5619950.0,36457038.0,2039194395.0,0.0027559657940311277
2018-11-12,6.7,7.08,6.7,7.05,23545416.0,163682372.0,2039194395.0,0.011546430324510576
2018-11-13,6.96,7.22,6.93,7.05,15981268.0,112925770.0,2039194395.0,0.007837049787497087
2018-11-14,7.07,7.23,7.01,7.19,13043232.0,93244554.0,2039194395.0,0.0063962670905634775
2018-11-15,7.2,7.35,7.09,7.34,17381249.0,126119966.0,2039194395.0,0.00852358609979408
2018-11-16,7.3,7.64,7.25,7.6,20617286.0,154974866.0,2039194395.0,0.010110505428296845
2018-11-19,7.82,7.92,7.5,7.71,22780656.0,176506781.0,2039194395.0,0.011171399870388522
2018-11-20,7.65,7.95,7.56,7.82,21792563.0,169377018.0,2039194395.0,0.010686849205467731
2018-11-21,7.83,7.83,7.38,7.52,25306068.0,191652514.0,2039194395.0,0.0124098359931006
2018-11-22,7.5,7.63,7.43,7.5,11967720.0,89837041.0,2039194395.0,0.005868847045354889
2018-11-23,7.42,7.46,7.0,7.02,26472135.0,190074581.0,2039194395.0,0.012981663280807517
2018-11-26,7.08,7.12,6.89,7.04,13417198.0,94297870.0,2039194395.0,0.006579656178389996
2018-11-27,7.04,7.11,6.99,7.05,8304823.0,58592866.0,2039194395.0,0.004072599954355995
2018-11-28,7.05,7.15,7.01,7.07,11024235.0,77988781.0,2039194395.0,0.005406171685755344
2018-11-29,7.08,7.16,6.94,6.95,10183316.0,72074838.0,2039194395.0,0.004993793639767237
2018-11-30,6.91,7.02,6.87,7.0,5909015.0,41046193.0,2039194395.0,0.0028977203029238417
2018-12-03,7.19,7.35,7.1,7.13,12840670.0,92219273.0,2039194395.0,0.006296932764960841
2018-12-04,7.1,7.15,7.05,7.11,6306561.0,44747441.0,2039194395.0,0.0030926727807134837
2018-12-05,7.01,7.07,6.96,7.03,6063300.0,42546948.0,2039194395.0,0.002973380083265676
2018-12-06,7.01,7.04,6.89,6.89,5656300.0,39267720.0,2039194395.0,0.0027737914609166038
2018-12-07,6.89,6.97,6.89,6.97,3706956.0,25726587.0,2039194395.0,0.0018178531723553506
2018-12-10,6.9,6.95,6.72,6.76,6544344.0,44482524.0,2039194395.0,0.0032092791231902148
2018-12-11,6.76,7.09,6.76,7.05,8248694.0,57507756.0,2039194395.0,0.0040450748688920365
2018-12-12,7.09,7.16,7.04,7.05,5380634.0,38205958.0,2039194395.0,0.002638607684089873
2018-12-13,7.06,7.25,7.03,7.17,11056926.0,79323460.0,2039194395.0,0.005422203016598621
2018-12-14,7.25,7.27,7.0,7.03,7629265.0,54294535.0,2039194395.0,0.0037413132454201356
2018-12-17,7.1,7.22,7.04,7.17,10089817.0,72271454.0,2039194395.0,0.004947942689887592
2018-12-18,7.17,7.2,6.99,7.12,6950750.0,49383056.0,2039194395.0,0.003408576454036399
2018-12-19,7.12,7.15,6.96,7.02,5357388.0,37676958.0,2039194395.0,0.0026272080842984075
2018-12-20,7.02,7.08,6.95,6.99,4123951.0,28900542.0,2039194395.0,0.0020223432401107596
2018-12-21,6.99,7.04,6.93,6.99,4999563.0,34916053.0,2039194395.0,0.0024517343771926167
2018-12-24,7.02,7.05,6.9,6.92,5467950.0,38031990.0,2039194395.0,0.002681426554234914
2018-12-25,6.92,6.93,6.63,6.84,9295611.0,62958177.0,2039194395.0,0.004558472219613962
2018-12-26,6.84,6.92,6.72,6.74,4411436.0,29955158.0,2039194395.0,0.0021633229332213813
2018-12-27,6.84,6.86,6.55,6.7,10290329.0,69244263.0,2039194395.0,0.0050462717165324494
2018-12-28,6.71,6.75,6.62,6.73,5488221.0,36687827.0,2039194395.0,0.002691367244563263
2019-01-02,6.75,6.76,6.51,6.6,6930960.0,45774386.0,2039195295.0,0.0033988701410768997
2019-01-03,6.62,6.69,6.48,6.53,5001955.0,32845064.0,2039195295.0,0.0024529063068478687
2019-01-04,6.5,6.67,6.43,6.65,10168549.0,66641141.0,2039195295.0,0.004986549853725511
2019-01-07,6.69,6.7,6.55,6.69,7806820.0,51790878.0,2039195295.0,0.0038283827052474637
2019-01-08,6.67,6.68,6.6,6.67,4436109.0,29439390.0,2039195295.0,0.002175421359041533
2019-01-09,6.63,6.77,6.63,6.66,8516695.0,57133774.0,2039195295.0,0.00417649796509559
2019-01-10,6.65,6.87,6.61,6.71,6011120.0,40357862.0,2039195295.0,0.0029477902458577418
2019-01-11,6.71,6.77,6.66,6.72,4413646.0,29632047.0,2039195295.0,0.0021644057392747173
2019-01-14,6.69,6.78,6.59,6.6,4897607.0,32542933.0,2039195295.0,0.002401735141312201
2019-01-15,6.6,6.72,6.57,6.69,5742836.0,38329649.0,2039195295.0,0.0028162265841242045
2019-01-16,6.71,6.76,6.67,6.68,4219700.0,28293338.0,2039195295.0,0.002069296653609629
2019-01-17,6.66,6.71,6.6,6.62,3873076.0,25763317.0,2039195295.0,0.0018993158769523347
2019-01-18,6.62,6.71,6.61,6.7,6132989.0,40890593.0,2039195295.0,0.003007553526156993
2019-01-21,6.7,6.73,6.67,6.68,5370680.0,35941670.0,2039195295.0,0.0026337251822660763
2019-01-22,6.67,6.68,6.47,6.57,6274828.0,41273688.0,2039195295.0,0.003077109885152025
2019-01-23,6.56,6.6,6.54,6.57,2589940.0,17005541.0,2039195295.0,0.0012700794310139872
2019-01-24,6.56,6.69,6.54,6.65,5073400.0,33638977.0,2039195295.0,0.002487942186037655
2019-01-25,6.63,6.66,6.56,6.63,3954230.0,26150705.0,2039195295.0,0.0019391129479827483
2019-01-28,6.63,6.67,6.53,6.56,4512500.0,29748860.0,2039195295.0,0.0022128827047926277
2019-01-29,6.56,6.57,6.36,6.41,8433654.0,54317827.0,2039195295.0,0.0041357755290426955
2019-01-30,6.45,6.45,6.26,6.3,5772008.0,36610832.0,2039195295.0,0.0028305322271744452
2019-01-31,6.4,6.7,6.36,6.4,11296424.0,73217365.0,2039195295.0,0.005539647932543901
2019-02-01,6.4,6.69,6.4,6.67,10781669.0,71073480.0,2039195295.0,0.005287217475656249
2019-02-11,6.64,6.83,6.64,6.71,8657477.0,58243538.0,2039195295.0,0.0042455359823689665
2019-02-12,6.73,6.95,6.71,6.88,11289030.0,77242340.0,2039195295.0,0.005536021992439915
2019-02-13,6.9,6.96,6.82,6.92,10679276.0,73660315.0,2039195295.0,0.005237005021630358
2019-02-14,6.9,7.0,6.88,6.95,8646801.0,60069760.0,2039195295.0,0.004240300583863401
2019-02-15,6.93,7.04,6.87,6.92,10128872.0,70461464.0,2039195295.0,0.004967092668777465
2019-02-18,6.92,7.15,6.92,7.13,13576248.0,95921145.0,2039195295.0,0.006657649727462715
2019-02-19,7.15,7.2,7.01,7.1,11167668.0,79214922.0,2039195295.0,0.00547650733962683
2019-02-20,7.11,7.12,7.03,7.07,7747036.0,54762082.0,2039195295.0,0.003799065258239525
2019-02-21,7.09,7.14,6.98,7.02,11397749.0,80500313.0,2039195295.0,0.005589336650563427
2019-02-22,7.02,7.12,6.98,7.12,11324038.0,79912693.0,2039195295.0,0.005553189548723434
2019-02-25,7.2,7.45,7.2,7.42,25812514.0,189582214.0,2039195295.0,0.012658186326386165
2019-02-26,7.6,7.62,7.33,7.34,25570732.0,190998885.0,2039195295.0,0.012539618967686957
2019-02-27,7.34,7.44,7.23,7.28,15771081.0,115790606.0,2039195295.0,0.007733972826766453
2019-02-28,7.34,7.42,7.28,7.35,13079813.0,96213335.0,2039195295.0,0.006414203206564381
2019-03-01,7.43,7.43,7.25,7.35,12140800.0,88978196.0,2039195295.0,0.00595372107309614
2019-03-04,7.31,7.65,7.31,7.46,27370052.0,206055134.0,2039195295.0,0.013421986637135704
2019-03-05,7.43,7.6,7.43,7.59,17020766.0,128350382.0,2039195295.0,0.008346805252902469
2019-03-06,7.69,7.69,7.47,7.59,20192114.0,152952541.0,2039195295.0,0.009902001073418522
2019-03-07,7.6,7.76,7.51,7.71,26927128.0,205145688.0,2039195295.0,0.013204781349792197
2019-03-08,7.63,7.71,7.41,7.49,27889740.0,211446836.0,2039195295.0,0.013676836185520916
2019-03-11,7.45,7.63,7.45,7.6,21240582.0,160398597.0,2039195295.0,0.01041615879169631
2019-03-12,7.6,7.85,7.6,7.77,28039047.0,216832735.0,2039195295.0,0.013750054773444346
2019-03-13,7.77,8.2,7.65,8.06,40850058.0,324324099.0,2039195295.0,0.020032440296504313
2019-03-14,8.04,8.16,7.83,7.99,27147142.0,216375247.0,2039195295.0,0.013312673909440341
2019-03-15,8.0,8.13,7.95,8.05,20694689.0,166469122.0,2039195295.0,0.010148458585963931
2019-03-18,8.1,8.32,8.02,8.31,29258961.0,239990690.0,2039195295.0,0.0143482878132082
2019-03-19,8.32,8.38,8.18,8.21,19163863.0,158283141.0,2039195295.0,0.009397757560047725
2019-03-20,8.2,8.25,8.0,8.14,18564203.0,150839740.0,2039195295.0,0.009103690581043636
2019-03-21,8.14,8.38,8.13,8.25,23806763.0,196538046.0,2039195295.0,0.01167458705812677
2019-03-22,8.29,8.37,8.15,8.28,17529056.0,144400273.0,2039195295.0,0.00859606534154935
2019-03-25,8.02,8.23,8.02,8.05,17460328.0,141835316.0,2039195295.0,0.008562361850682869
2019-03-26,8.1,8.16,7.79,7.83,20465876.0,162638046.0,2039195295.0,0.010036251088937511
2019-03-27,7.88,7.94,7.65,7.86,20094186.0,156760571.0,2039195295.0,0.009853978208595269
2019-03-28,7.9,8.11,7.77,7.98,22915796.0,183356987.0,2039195295.0,0.011237666179491651
2019-03-29,7.98,8.18,7.94,8.18,20870337.0,169138444.0,2039195295.0,0.01023459452420912
2019-04-01,8.27,8.44,8.2,8.32,24982902.0,208621133.0,2039195295.0,0.012251353296693438
2019-04-02,8.33,8.44,8.24,8.32,19658696.0,164220373.0,2039195295.0,0.00964041847693651
2019-04-03,8.25,8.34,8.18,8.27,15038572.0,123883601.0,2039195295.0,0.007374758090543751
2019-04-04,8.27,8.46,8.23,8.29,15528733.0,129222406.0,2039195295.0,0.007615127907599453
2019-04-08,8.25,8.4,8.0,8.11,20360775.0,165930217.0,2039195295.0,0.009984710660093985
2019-04-09,8.16,8.16,8.0,8.1,10103927.0,81544279.0,2039195295.0,0.004954859902224323
2019-04-10,8.07,8.07,7.86,7.94,29366035.0,232981301.0,2039195295.0,0.014400795780572845
2019-04-11,7.94,7.95,7.75,7.81,14167900.0,111078603.0,2039195295.0,0.0069477896671981095
2019-04-12,7.98,8.09,7.8,7.88,20731341.0,164293817.0,2039195295.0,0.010166432342616797
2019-04-15,7.95,8.0,7.68,7.7,18082840.0,141791828.0,2039195295.0,0.008867635210976691
2019-04-16,7.71,7.89,7.55,7.89,17182219.0,132506009.0,2039195295.0,0.008425980111924494
2019-04-17,7.99,8.06,7.8,7.84,17886797.0,141808528.0,2039195295.0,0.008771497778490117
2019-04-18,7.84,7.89,7.68,7.84,14390285.0,111565708.0,2039195295.0,0.007056844940395961
2019-04-19,7.78,7.89,7.69,7.89,13572083.0,105678647.0,2039195295.0,0.006655607255115798
2019-04-22,8.0,8.09,7.84,7.87,16190055.0,128379038.0,2039195295.0,0.007939433285128288
2019-04-23,7.95,8.0,7.75,7.85,21536085.0,169615632.0,2039195295.0,0.010561070365749348
2019-04-24,7.79,7.79,7.59,7.69,15262520.0,117321488.0,2039195295.0,0.007484579842559905
2019-04-25,7.7,7.73,7.45,7.48,15708428.0,118863971.0,2039195295.0,0.007703248452228309
2019-04-26,7.42,7.56,7.39,7.41,11303741.0,84406298.0,2039195295.0,0.005543236112654918
2019-04-29,7.4,7.45,7.2,7.22,12892408.0,93725342.0,2039195295.0,0.006322301758743515
2019-04-30,7.22,7.39,7.19,7.31,8830100.0,64305597.0,2039195295.0,0.004330188492318976
2019-05-06,7.23,7.23,6.77,6.77,18058244.0,125882440.0,2039195295.0,0.008855573590365703
2019-05-07,6.85,6.94,6.78,6.92,10060833.0,68965903.0,2039195145.0,0.004933727419206856
2019-05-08,6.8,6.94,6.68,6.81,6179311.0,42273436.0,2039195145.0,0.003030269572361109
2019-05-09,6.83,6.88,6.72,6.74,5547550.0,37681800.0,2084122680.9999998,0.0026618154730402846
2019-05-10,6.76,6.99,6.68,6.89,9245648.0,63390289.0,2084122680.9999998,0.004436230210576554
2019-05-13,6.85,6.91,6.77,6.78,5387450.0,36808535.0,2084122680.9999998,0.0025849965787114815
2019-05-14,6.68,6.86,6.68,6.74,6191852.0,42057973.0,2084122680.9999998,0.0029709633009842957
2019-05-15,6.79,6.85,6.74,6.79,6655323.0,45295188.0,2084122680.9999998,0.003193345123429421
2019-05-16,6.71,6.99,6.71,6.91,9148835.0,62940016.0,2084122680.9999998,0.004389777570872278
2019-05-17,6.93,6.96,6.7,6.7,7764326.0,53062952.0,2084122680.9999998,0.0037254649502084665
2019-05-20,6.7,6.83,6.44,6.69,13232075.0,87607346.0,2084122680.9999998,0.006348990450816941
2019-05-21,6.73,6.95,6.69,6.81,8862824.0,60369953.0,2084122680.9999998,0.004252544286763127
2019-05-22,6.8,6.88,6.72,6.76,4894428.0,33173020.0,2084122680.9999998,0.0023484356485442425
2019-05-23,6.76,6.77,6.66,6.7,4594800.0,30829891.0,2084122680.9999998,0.0022046686799624157
2019-05-24,6.7,6.89,6.64,6.83,7804150.0,52593973.0,2084122680.9999998,0.0037445732303318284
2019-05-27,6.82,7.01,6.74,6.9,12518838.0,86663006.0,2084122680.9999998,0.006006766355036852
2019-05-28,6.99,7.02,6.84,6.86,8707613.0,60378572.0,2084122680.9999998,0.004178071223629662
2019-05-29,6.86,6.91,6.81,6.81,4574059.0,31305475.0,2084122680.9999998,0.0021947167706103
2019-05-30,6.82,6.84,6.74,6.84,3896677.0,26458610.0,2084122680.9999998,0.0018696965565051591
2019-05-31,6.78,6.88,6.78,6.84,3158675.0,21604513.0,2084122680.9999998,0.001515589762923366
2019-06-03,6.84,6.88,6.75,6.79,4713749.0,32056093.0,2084122680.9999998,0.0022617425754122393
2019-06-04,6.79,6.84,6.7,6.81,5539733.0,37463081.0,2084122680.9999998,0.0026580647341460416
2019-06-05,6.82,6.85,6.65,6.66,5101966.0,34444620.0,2084122680.9999998,0.0024480161587954047
2019-06-06,6.66,6.7,6.5,6.59,7723431.0,50742508.0,2084122680.9999998,0.003705842784789501
2019-06-10,6.59,6.65,6.5,6.54,4221877.0,27733080.0,2084122680.9999998,0.002025733436178655
2019-06-11,6.59,6.7,6.51,6.69,7828830.0,51761410.0,2084122680.9999998,0.003756415143586262
2019-06-12,6.7,6.7,6.58,6.59,4955683.0,32865252.0,2084122680.9999998,0.0023778269125799127
2019-06-13,6.59,6.6,6.51,6.56,5382954.0,35252438.0,2084122680.9999998,0.002582839316069993
2019-06-14,6.56,6.59,6.46,6.51,6279717.0,40870982.0,2084122680.9999998,0.0030131225274065334
2019-06-17,6.52,6.55,6.46,6.49,3415948.0,22185535.0,2084122680.9999998,0.0016390340315095876
2019-06-18,6.46,6.54,6.46,6.52,3055427.0,19884811.0,2084122680.9999998,0.001466049493081641
2019-06-19,6.59,6.72,6.57,6.57,6753607.0,44847226.0,2084122680.9999998,0.0032405035757105704
2019-06-20,6.59,6.68,6.51,6.61,7489074.0,49508910.0,2084122680.9999998,0.003593394030147307
2019-06-21,6.6,6.77,6.6,6.73,8658034.0,58213579.0,2084122680.9999998,0.004154282316934298
2019-06-24,6.72,6.83,6.68,6.75,6430501.0,43534110.0,2084122680.9999998,0.0030854714353545296
2019-06-25,6.76,6.78,6.6,6.65,6318785.0,42155237.0,2084122680.9999998,0.003031868064968293
2019-06-26,6.65,6.68,6.61,6.62,4529010.0,30086673.0,2084122680.9999998,0.0021731014403753328
2019-06-27,6.64,6.69,6.45,6.51,14390040.0,94265091.0,2084122680.9999998,0.00690460313645999
2019-06-28,6.51,6.51,6.38,6.44,7421935.0,47823742.0,2084122680.9999998,0.0035611795158041375
2019-07-01,6.5,6.59,6.47,6.56,8629487.0,56491234.0,2084122680.9999998,0.004140584946688175
2019-07-02,6.57,6.57,6.46,6.47,7420001.0,48190261.0,2084122680.9999998,0.003560251547399191
2019-07-03,6.47,6.49,6.38,6.41,5649254.0,36218170.0,2084122680.9999998,0.002710614903576303
2019-07-04,6.41,6.45,6.38,6.4,5175123.0,33150414.0,2084122680.9999998,0.0024831182190852997
2019-07-05,6.38,6.42,6.36,6.41,4800319.0,30697280.0,2084122680.9999998,0.0023032804372613612
2019-07-08,6.41,6.41,6.16,6.2,9237282.0,57733924.0,2084122680.9999998,0.004432216051488766
2019-07-09,6.2,6.23,5.99,6.11,9592048.0,58407111.0,2084122680.9999998,0.004602439236157423
2019-07-10,6.1,6.1,5.99,6.02,5784203.0,34992929.0,2084122680.9999998,0.0027753658902769747
2019-07-11,6.04,6.1,5.94,5.99,8796493.0,52876779.0,2084122680.9999998,0.004220717465528125
2019-07-12,6.0,6.07,5.95,6.05,4411905.0,26571846.0,2084122680.9999998,0.0021169123296921697
2019-07-15,6.05,6.31,5.97,6.23,11729489.0,72538351.0,2084122680.9999998,0.005628022336176476
2019-07-16,6.23,6.44,6.2,6.4,11574785.0,73583585.0,2084122680.9999998,0.005553792540872023
2019-07-17,6.4,6.5,6.37,6.45,9128780.0,58981685.0,2084122680.9999998,0.004380154816807543
2019-07-18,6.49,6.49,6.36,6.37,7440071.0,47748812.0,2084122680.9999998,0.003569881498736974
2019-07-19,6.41,6.49,6.4,6.45,5046448.0,32539975.0,2084122680.9999998,0.002421377611791367
2019-07-22,6.41,6.45,6.32,6.35,6306077.0,40195160.0,2084122680.9999998,0.0030257705352423063
2019-07-23,6.35,6.43,6.35,6.42,3899082.0,24946709.0,2084122680.9999998,0.0018708505192838024
2019-07-24,6.44,6.52,6.43,6.45,4905100.0,31787250.0,2084122680.9999998,0.0023535562684085585
2019-07-25,6.44,6.47,6.35,6.39,4251697.0,27224267.0,2084122680.9999998,0.002040041614997424
2019-07-26,6.39,6.43,6.28,6.35,5982975.0,37901347.0,2084122680.9999998,0.002870740314159078
2019-07-29,6.35,6.37,6.24,6.26,4413001.0,27723445.0,2084122680.9999998,0.002117438210442853
2019-07-30,6.28,6.49,6.24,6.43,7977527.0,51286014.0,2084122680.9999998,0.0038277626709442257
2019-07-31,6.5,6.5,6.42,6.44,5410902.0,34868122.0,2084122680.9999998,0.002596249275212413
2019-08-01,6.42,6.46,6.34,6.35,3895142.0,24855905.0,2084122680.9999998,0.0018689600355632809
2019-08-02,6.25,6.29,6.17,6.27,5415241.0,33780043.0,2084122680.9999998,0.0025983312063960025
2019-08-05,6.27,6.3,6.13,6.17,5931858.0,36830147.0,2084122680.9999998,0.0028462134470672268
2019-08-06,6.1,6.17,5.9,5.93,11767700.0,70679463.0,2084122680.9999998,0.005646356669538112
2019-08-07,5.97,6.04,5.92,5.98,6468159.0,38698976.0,2084122680.9999998,0.003103540429249808
2019-08-08,6.01,6.05,5.93,5.97,4787118.0,28578741.0,2084122680.9999998,0.002296946357161208
2019-08-09,6.0,6.01,5.91,5.93,5265098.0,31342027.0,2084122680.9999998,0.0025262898619162434
2019-08-12,5.93,6.03,5.88,6.03,5158884.0,30672491.0,2084122680.9999998,0.0024753264512838917
2019-08-13,5.98,5.98,5.87,5.92,5398700.0,31955981.0,2084122680.9999998,0.0025903945334972344
2019-08-14,5.98,6.05,5.95,5.95,4478631.0,26855817.0,2084122680.9999998,0.002148928679117427
2019-08-15,5.86,6.0,5.85,5.96,3603059.0,21333299.0,2084122680.9999998,0.0017288132953244323
2019-08-16,5.99,6.01,5.92,5.93,4010043.0,23914666.0,2084122680.9999998,0.00192409162692664
2019-08-19,5.97,6.03,5.91,6.02,8413689.0,50292563.0,2084122680.9999998,0.004037041138078762
2019-08-20,6.01,6.03,5.98,6.0,6146067.0,36866093.0,2084122680.9999998,0.0029489948245517896
2019-08-21,5.98,5.98,5.93,5.95,3595902.0,21395540.0,2084122680.9999998,0.001725379236444287
2019-08-22,5.95,5.96,5.88,5.92,5971181.0,35267816.0,2084122680.9999998,0.0028650813382707966
2019-08-23,5.94,5.94,5.86,5.88,4410488.0,25979731.0,2084122680.9999998,0.0021162324272982662
2019-08-26,5.84,5.84,5.66,5.74,7542057.0,43253139.0,2084122680.9999998,0.0036188162380062887
2019-08-27,5.74,5.94,5.73,5.85,8450502.0,49597474.0,2084122680.9999998,0.004054704685592355
2019-08-28,5.82,5.89,5.81,5.83,4761650.0,27808752.0,2084122680.9999998,0.00228472634716267
2019-08-29,5.89,5.89,5.75,5.78,4488284.0,26004926.0,2084122680.9999998,0.0021535603642327044
2019-08-30,5.8,5.83,5.68,5.75,4915100.0,28275061.0,2084122680.9999998,0.0023583544504403387
2019-09-02,5.74,5.84,5.69,5.79,8499200.0,49071998.0,2084122680.9999998,0.004078070872450719
2019-09-03,5.8,5.81,5.73,5.77,4988347.0,28765475.0,2084122680.9999998,0.00239349969436852
2019-09-04,5.78,5.87,5.75,5.86,7068575.0,41154554.0,2084122680.9999998,0.0033916309555291485
2019-09-05,5.87,5.99,5.85,5.9,11161424.0,66179159.0,2084122680.9999998,0.0053554544085881485
2019-09-06,5.9,5.93,5.84,5.88,4766627.0,28009515.0,2084122680.9999998,0.002287114402359887
2019-09-09,5.92,5.94,5.85,5.9,7281862.0,42914847.0,2084122680.9999998,0.0034939699406303813
2019-09-10,5.92,5.92,5.82,5.89,7482968.0,43819781.0,2084122680.9999998,0.0035904642601987022
2019-09-11,5.87,5.93,5.86,5.89,6373232.0,37503339.0,2084122680.9999998,0.0030579927266767273
2019-09-12,5.9,5.92,5.85,5.91,5890914.0,34714984.0,2084122680.9999998,0.0028265677705563057
2019-09-16,5.91,5.93,5.81,5.84,11281108.0,66114675.0,2084122680.9999998,0.005412880970417308
2019-09-17,5.84,5.84,5.69,5.71,12421341.0,71183372.0,2084122680.9999998,0.005959985519681603
2019-09-18,5.73,5.73,5.63,5.68,10174425.0,57739107.0,2084122680.9999998,0.004881874321869636
2019-09-19,5.69,5.71,5.64,5.69,5359715.0,30380272.0,2084122680.9999998,0.0025716888208463387
2019-09-20,5.69,5.77,5.68,5.73,8256266.0,47358349.0,2084122680.9999998,0.003961506717079867
2019-09-23,5.72,5.72,5.63,5.69,5978391.0,33811805.0,2084122680.9999998,0.00286854082751571
2019-09-24,5.68,5.75,5.67,5.68,5408914.0,30838116.0,2084122680.9999998,0.002595295396624495
2019-09-25,5.69,5.72,5.63,5.69,4985073.0,28261396.0,2084122680.9999998,0.0023919287695713153
2019-09-26,5.71,5.75,5.7,5.72,8670266.0,49650306.0,2084122680.9999998,0.004160151453195572
2019-09-27,5.72,6.07,5.7,5.96,23638257.0,140509555.0,2084122680.9999998,0.011342066000000508
2019-09-30,5.96,6.23,5.95,6.18,24470444.0,149738162.0,2084122680.9999998,0.011741364471048623
2019-10-08,6.18,6.21,6.1,6.13,12247494.0,75251781.0,2084122680.9999998,0.005876570564513712
2019-10-09,6.1,6.14,6.01,6.13,15183720.0,92476154.0,2084122680.9999998,0.007285425247958329
2019-10-10,6.1,6.15,6.05,6.08,7466371.0,45438451.0,2084122680.9999998,0.0035825007174805565
2019-10-11,6.1,6.12,5.95,6.04,10547489.0,63434972.0,2084122680.9999998,0.005060877220020044
2019-10-14,6.07,6.14,6.04,6.05,9991153.0,60798443.0,2084122680.9999998,0.004793937080136791
2019-10-15,6.03,6.04,5.92,5.94,7354278.0,43865532.0,2084122680.9999998,0.0035287164556317215
2019-10-16,5.98,6.03,5.88,5.92,8820025.0,52326176.0,2084122680.9999998,0.00423200854748531
2019-10-17,5.91,5.94,5.76,5.76,11387830.0,66073415.0,2084122680.9999998,0.005464088128696873
2019-10-18,5.77,5.82,5.7,5.73,7518000.0,43285936.0,2084122680.9999998,0.003607273251492435
2019-10-21,5.73,5.79,5.67,5.76,4008084.0,22972700.0,2084122680.9999998,0.001923151663066614
2019-10-22,5.76,5.82,5.72,5.8,4230282.0,24429705.0,2084122680.9999998,0.002029766308176366
2019-10-23,5.8,5.82,5.69,5.73,4776152.0,27360009.0,2084122680.9999998,0.0022916846707451578
2019-10-24,5.72,5.75,5.67,5.72,4032082.0,23017832.0,2084122680.9999998,0.0019346663403064805
2019-10-25,5.7,5.77,5.68,5.76,3411750.0,19568841.0,2084122680.9999998,0.0016370197546926462
2019-10-28,5.75,5.83,5.72,5.78,6091654.0,35123145.0,2084122680.9999998,0.0029228864766622635
2019-10-29,5.81,5.82,5.68,5.69,4732700.0,27071736.0,2084122680.9999998,0.002270835610180666
2019-10-30,5.68,5.72,5.61,5.64,4516561.0,25510418.0,2084122680.9999998,0.0021671281835639695
2019-10-31,5.63,5.7,5.63,5.67,3709008.0,21033206.0,2084122680.9999998,0.0017796495541329415
2019-11-01,5.67,5.92,5.62,5.9,11169729.0,64960394.0,2084122680.9999998,0.0053594392987655415
2019-11-04,5.91,5.96,5.82,5.86,6084447.0,35730161.0,2084122680.9999998,0.0029194284268719596
2019-11-05,5.9,5.9,5.78,5.86,4543101.0,26495684.0,2084122680.9999998,0.0021798625586763147
2019-11-06,5.84,5.87,5.75,5.77,3995958.0,23123966.0,2084122680.9999998,0.0019173333875348773
2019-11-07,5.77,5.84,5.75,5.77,4091447.0,23714600.0,2084122680.9999998,0.0019631507479381445
2019-11-08,5.8,5.85,5.76,5.79,4497932.0,26076180.0,2084122680.9999998,0.002158189650256966
2019-11-11,5.78,5.78,5.66,5.7,4309743.0,24551418.0,2084122680.9999998,0.0020678931424190955
2019-11-12,5.71,5.71,5.65,5.7,3136811.0,17814390.0,2084122680.9999998,0.0015050990177290816
2019-11-13,5.69,5.7,5.63,5.65,3380074.0,19106089.0,2084122680.9999998,0.001621821033288779
2019-11-14,5.65,5.69,5.63,5.67,2643001.0,14966257.0,2084122680.9999998,0.0012681599908177384
2019-11-15,5.67,5.72,5.65,5.67,2329710.0,13231877.0,2084122680.9999998,0.00111783726612589
2019-11-18,5.7,5.7,5.6,5.66,4603500.0,26026295.0,2084122680.9999998,0.0022088430983300644
2019-11-19,5.66,5.72,5.66,5.72,3013751.0,17178441.0,2084122680.9999998,0.0014460525896459932
2019-11-20,5.73,5.73,5.62,5.65,3490793.0,19772739.0,2084122680.9999998,0.0016749460249264475
2019-11-21,5.63,5.67,5.6,5.66,2515722.0,14203721.0,2084122680.9999998,0.0012070892097354419
2019-11-22,5.65,5.74,5.63,5.67,4417216.0,25089076.0,2084122680.9999998,0.002119460644169248
2019-11-25,5.63,5.71,5.63,5.69,3558018.0,20207836.0,2084122680.9999998,0.0017072018036350905
2019-11-26,5.7,5.72,5.64,5.66,3382739.0,19196370.0,2084122680.9999998,0.0016230997488002484
2019-11-27,5.66,5.74,5.66,5.69,3630658.0,20719789.0,2084122680.9999998,0.0017420557979139428
2019-11-28,5.69,5.73,5.65,5.72,3830518.0,21834283.0,2084122680.9999998,0.0018379522640011039
2019-11-29,5.73,5.76,5.69,5.73,3756749.0,21504055.0,2084122680.9999998,0.0018025565549708638
2019-12-02,5.72,5.77,5.67,5.68,6042248.0,34595714.0,2084122680.9999998,0.0028991805785160496
2019-12-03,5.66,5.7,5.64,5.69,6277025.0,35582217.0,2084122680.9999998,0.0030118308568035782
2019-12-04,5.71,5.71,5.61,5.61,6881806.0,38841367.0,2084122680.9999998,0.003302015789539791
2019-12-05,5.62,5.66,5.61,5.64,3760978.0,21200605.0,2084122680.9999998,0.0018045857061521036
2019-12-06,5.64,5.67,5.6,5.64,5877487.0,33109188.0,2084122680.9999998,0.0028201252515422342
2019-12-09,5.66,5.74,5.63,5.71,7779846.0,44232426.0,2084122680.9999998,0.0037329117287217897
2019-12-10,5.69,5.73,5.68,5.69,5784357.0,33019597.0,2084122680.9999998,0.002775439782280264
2019-12-11,5.7,5.72,5.62,5.64,6734194.0,38049368.0,2084122680.9999998,0.0032311888649322754
2019-12-12,5.65,5.67,5.62,5.63,3520451.0,19839914.0,2084122680.9999998,0.0016891764731963015
2019-12-13,5.64,5.67,5.63,5.65,6704113.0,37894294.0,2084122680.9999998,0.003216755453562477
2019-12-16,5.65,5.66,5.62,5.65,9083837.0,51200534.0,2084122680.9999998,0.004358590347302113
2019-12-17,5.66,5.8,5.63,5.77,15341270.0,87578506.0,2084122680.9999998,0.007361020605869027
2019-12-18,5.75,5.82,5.73,5.77,10623170.0,61423297.0,2084122680.9999998,0.005097190341454761
2019-12-19,5.77,5.81,5.74,5.79,5536868.0,32021144.0,2084122680.9999998,0.0026566900549939367
2019-12-20,5.8,5.95,5.8,5.85,13374031.0,78923474.0,2084122680.9999998,0.006417103523667282
2019-12-23,5.85,5.85,5.67,5.68,9448845.0,54467593.0,2084122680.9999998,0.00453372783000772
2019-12-24,5.72,5.72,5.67,5.71,4863600.0,27704109.0,2084122680.9999998,0.00233364381297667
2019-12-25,5.72,5.72,5.67,5.69,3869821.0,22029744.0,2084122680.9999998,0.00185681055884061
2019-12-26,5.7,5.71,5.66,5.68,4780365.0,27150175.0,2084122680.9999998,0.002293706144835147
2019-12-27,5.68,5.71,5.66,5.67,5135060.0,29169138.0,2084122680.9999998,0.0024638952624113785
2019-12-30,5.66,5.7,5.53,5.66,7034630.0,39732079.0,2084122680.9999998,0.0033753435266222704
2019-12-31,5.65,5.67,5.62,5.65,5243097.0,29576718.0,2084122680.9999998,0.0025157333816281232
2020-01-02,5.66,5.74,5.65,5.72,7998912.0,45648588.0,2084122680.9999998,0.003838023583219188
2020-01-03,5.75,5.79,5.71,5.76,8049903.0,46237724.0,2084122680.9999998,0.003862489993217439
2020-01-06,5.9,6.13,5.83,6.09,31617899.0,190057658.0,2084122680.9999998,0.015170843486444454
2020-01-07,6.12,6.55,6.11,6.46,35992954.0,229230965.0,2084122680.9999998,0.017270074515349513
2020-01-08,6.45,6.53,6.39,6.47,24257266.0,156662584.0,2084122680.9999998,0.011639077786131536
2020-01-09,6.47,6.55,6.3,6.35,21497534.0,137753569.0,2084122680.9999998,0.010314908136638623
2020-01-10,6.38,6.41,6.23,6.26,12773802.0,80218995.0,2084122680.9999998,0.006129102723391935
2020-01-13,6.28,6.28,6.11,6.22,13659551.0,84391060.0,2084122680.9999998,0.006554101217038673
2020-01-14,6.22,6.27,6.13,6.15,10317817.0,63814658.0,2084122680.9999998,0.0049506764136597395
2020-01-15,6.16,6.31,6.07,6.21,17324294.0,107179113.0,2084122680.9999998,0.00831251161840794
2020-01-16,6.19,6.22,6.14,6.19,7603442.0,47015672.0,2084122680.9999998,0.0036482698784083725
2020-01-17,6.2,6.23,6.1,6.13,9355705.0,57605692.0,2084122680.9999998,0.004489037562563718
2020-01-20,6.14,6.25,6.09,6.17,7287794.0,44905273.0,2084122680.9999998,0.0034968162222116335
2020-01-21,6.15,6.18,6.05,6.07,8295117.0,50564871.0,2084122680.9999998,0.003980148134091537
2020-01-22,6.07,6.15,5.99,6.11,7233598.0,43893297.0,2084122680.9999998,0.0034708119948721966
2020-01-23,6.07,6.14,5.88,5.93,12392561.0,74129311.0,2084122680.9999998,0.00594617635179414
2020-02-03,5.34,5.38,5.34,5.34,9287166.0,49630638.0,2084122680.9999998,0.0044561513027360986
2020-02-04,4.86,5.34,4.86,5.21,22684044.0,117941987.0,2084122680.9999998,0.010884217232891388
2020-02-05,5.21,5.34,5.18,5.22,12735983.0,66817832.0,2084122680.9999998,0.006110956478765945
2020-02-06,5.21,5.28,5.15,5.24,12720467.0,66219773.0,2084122680.9999998,0.006103511619525435
2020-02-07,5.23,5.23,5.1,5.18,17556285.0,90583502.0,2084122680.9999998,0.008423825123181412
2020-02-10,5.16,5.44,5.15,5.41,16061812.0,84863174.0,2084122680.9999998,0.007706749773623332
2020-02-11,5.37,5.45,5.34,5.36,9521463.0,51360796.0,2084122680.9999998,0.004568571268286102
2020-02-12,5.39,5.41,5.3,5.39,7977699.0,42763307.0,2084122680.9999998,0.0038278451996751725
2020-02-13,5.39,5.43,5.3,5.3,8213379.0,43931912.0,2084122680.9999998,0.0039409287538001705
2020-02-14,5.29,5.36,5.24,5.27,8290499.0,43963713.0,2084122680.9999998,0.0039779323336292605
2020-02-17,5.3,5.41,5.29,5.4,9429636.0,50630821.0,2084122680.9999998,0.004524511002142873
2020-02-18,5.42,5.54,5.39,5.46,12193706.0,66583700.0,2084122680.9999998,0.0058507621030011725
2020-02-19,5.44,5.61,5.42,5.6,15440741.0,85423686.0,2084122680.9999998,0.0074087486023573495
2020-02-20,5.63,5.7,5.55,5.62,12340259.0,69262421.0,2084122680.9999998,0.005921080900131522
2020-02-21,5.65,5.68,5.59,5.62,12884473.0,72577976.0,2084122680.9999998,0.006182204683755851
2020-02-24,5.6,5.61,5.48,5.56,16899547.0,93630790.0,2084122680.9999998,0.00810871027606268
2020-02-25,5.45,5.5,5.3,5.42,19155040.0,103433863.0,2084122680.9999998,0.009190936874603305
2020-02-26,5.38,5.87,5.26,5.67,37321890.0,207630855.0,2084122680.9999998,0.017907722199008113
2020-02-27,5.61,5.75,5.45,5.48,22036757.0,122706202.0,2084122680.9999998,0.01057363714761089
2020-02-28,5.34,5.41,5.25,5.25,17049882.0,90830760.0,2084122680.9999998,0.00818084374563745
2020-03-02,5.29,5.48,5.26,5.39,13977541.0,75223270.0,2084122680.9999998,0.006706678607467255
2020-03-03,5.46,5.49,5.37,5.4,13405831.0,72684544.0,2084122680.9999998,0.006432361742528343
2020-03-04,5.35,5.52,5.35,5.49,13070299.0,71135213.0,2084122680.9999998,0.006271367381179612
2020-03-05,5.53,5.64,5.52,5.6,14268818.0,79650521.0,2084122680.9999998,0.006846438614234342
2020-03-06,5.56,5.64,5.53,5.6,10392812.0,57944073.0,2084122680.9999998,0.004986660379807076
2020-03-09,5.6,5.61,5.42,5.44,12068700.0,66275379.0,2084122680.9999998,0.005790781948694699
2020-03-10,5.4,5.54,5.34,5.45,16190021.0,88038023.0,2084122680.9999998,0.0077682667856345845
2020-03-11,5.48,5.49,5.33,5.36,14681953.0,79514014.0,2084122680.9999998,0.0070446683076042975
2020-03-12,5.32,5.41,5.25,5.33,13707070.0,72701891.0,2084122680.9999998,0.00657690169823549
2020-03-13,5.22,5.33,5.15,5.26,14728371.0,76972718.0,2084122680.9999998,0.007066940508959415
2020-03-16,5.37,5.37,5.12,5.13,11759725.0,61574375.0,2084122680.9999998,0.005642530119367767
2020-03-17,5.17,5.24,5.08,5.15,9068472.0,46597701.0,2084122680.9999998,0.0043512179406102825
2020-03-18,5.18,5.28,5.1,5.19,14023117.0,73338425.0,2084122680.9999998,0.006728546801895297
2020-03-19,5.16,5.25,5.12,5.17,8166074.0,42259353.0,2084122680.9999998,0.003918230953698834
2020-03-20,5.24,5.35,5.19,5.32,11977400.0,63189695.0,2084122680.9999998,0.005746974546744545
2020-03-23,5.24,5.36,5.21,5.22,8340688.0,43919578.0,2084122680.9999998,0.004002013929428562
2020-03-24,5.3,5.36,5.28,5.35,9211918.0,49048457.0,2084122680.9999998,0.004420045942583359
2020-03-25,5.4,5.43,5.29,5.35,8546300.0,45748039.0,2084122680.9999998,0.004100670309820404
2020-03-26,5.31,5.34,5.26,5.28,5680688.0,30016955.0,2084122680.9999998,0.002725697508975001
2020-03-27,5.29,5.35,5.27,5.28,5041149.0,26713639.0,2084122680.9999998,0.0024188350551327263
2020-03-30,5.25,5.29,5.18,5.27,7272701.0,38020621.0,2084122680.9999998,0.0034895743260710673
2020-03-31,5.29,5.34,5.2,5.2,6201317.0,32565332.0,2084122680.9999998,0.002975504780277376
2020-04-01,5.23,5.34,5.2,5.28,6797005.0,35892382.0,2084122680.9999998,0.0032613267260920907
2020-04-02,5.26,5.34,5.26,5.33,5441817.0,28868963.0,2084122680.9999998,0.0026110828549636617
2020-04-03,5.33,5.35,5.21,5.23,6917505.0,36319555.0,2084122680.9999998,0.0033191448195750432
2020-04-07,5.28,5.33,5.27,5.28,7467154.0,39498521.0,2084122680.9999998,0.003582876415133645
2020-04-08,5.25,5.29,5.23,5.26,5817800.0,30538665.0,2084122680.9999998,0.0027914863424491473
2020-04-09,5.27,5.3,5.25,5.26,5754764.0,30306494.0,2084122680.9999998,0.0027612405221936168
2020-04-10,5.26,5.26,5.15,5.17,6847500.0,35601609.0,2084122680.9999998,0.0032855551462615653
2020-04-13,5.2,5.2,5.04,5.08,8458624.0,43108662.0,2084122680.9999998,0.0040586017690385666
2020-04-14,5.08,5.11,5.03,5.09,6886976.0,34985646.0,2084122680.9999998,0.0033044964496502212
2020-04-15,5.09,5.12,5.07,5.08,5280640.0,26879698.0,2084122680.9999998,0.002533747196430036
2020-04-16,5.09,5.16,5.05,5.13,6891707.0,35296533.0,2084122680.9999998,0.0033067664695694567
2020-04-17,5.16,5.44,5.13,5.28,17461450.0,92555112.0,2084122680.9999998,0.008378321563883025
2020-04-20,5.3,5.33,5.24,5.25,10063930.0,53052007.0,2084122680.9999998,0.004828856809509479
2020-04-21,5.32,5.42,5.25,5.32,12936463.0,68948258.0,2084122680.9999998,0.006207150432139077
2020-04-22,5.32,5.34,5.26,5.3,7134576.0,37784591.0,2084122680.9999998,0.0034232994367571017
2020-04-23,5.34,5.34,5.23,5.24,7473674.0,39324709.0,2084122680.9999998,0.0035860048298183658
2020-04-24,5.26,5.27,5.2,5.24,5204091.0,27207017.0,2084122680.9999998,0.002497017592794961
2020-04-27,5.22,5.3,5.18,5.2,6469948.0,33973407.0,2084122680.9999998,0.0031043988240152935
2020-04-28,5.24,5.29,5.1,5.17,9422881.0,48566469.0,2084122680.9999998,0.004521269830180405
2020-04-29,5.15,5.2,5.14,5.17,2951075.0,15251619.0,2084122680.9999998,0.001415979503943607
2020-04-30,5.16,5.21,5.13,5.18,6994345.0,36241407.0,2084122680.9999998,0.0033560140503072432
2020-05-06,5.14,5.18,5.13,5.18,7761572.0,40008169.0,2084122680.9999998,0.003724143530876914
2020-05-07,5.17,5.2,5.12,5.15,9227191.0,47397325.0,2084122680.9999998,0.004427374206000497
2020-05-08,5.15,5.19,5.13,5.16,6437361.0,33227417.0,2084122680.9999998,0.003088762988228331
2020-05-11,5.17,5.21,5.14,5.15,7271680.0,37620796.0,2084122680.9999998,0.0034890844316856225
2020-05-12,5.17,5.17,5.08,5.09,8743546.0,44624004.0,2084122680.9999998,0.0041953125311244574
2020-05-13,5.09,5.12,5.05,5.09,7476988.0,37969812.0,2084122680.9999998,0.003587594947343698
2020-05-14,5.12,5.14,5.06,5.06,8585724.0,43661698.0,2084122680.9999998,0.004119586662662495
2020-05-15,5.09,5.16,5.06,5.12,6397907.0,32755643.0,2084122680.9999998,0.003069832240840145
2020-05-18,5.12,5.15,5.07,5.13,6414049.0,32826043.0,2084122680.9999998,0.003077577466275845
2020-05-19,5.15,5.19,5.12,5.19,5843367.0,30098359.0,2084122680.9999998,0.0028037538544498
2020-05-20,5.16,5.24,5.12,5.19,7957770.0,41180262.0,2084122680.9999998,0.0038182829027040375
2020-05-21,5.04,5.04,4.9,4.91,8988763.0,44617014.0,2084122680.9999998,0.004312972111453165
2020-05-22,4.9,4.92,4.83,4.83,5772576.0,28061911.0,2084122680.9999998,0.0027697870440286237
2020-05-25,4.83,4.9,4.81,4.83,6606484.0,32023568.0,2084122680.9999998,0.0031699112822044092
2020-05-26,4.83,4.87,4.8,4.84,6238291.0,30111379.0,2084122680.9999998,0.0029932455785216805
2020-05-27,4.84,4.85,4.77,4.82,4424762.0,21272144.0,2084122680.9999998,0.0021230813523304298
2020-05-28,4.82,4.85,4.79,4.82,5366202.0,25840450.0,2084122680.9999998,0.002574801401530355
2020-05-29,4.82,4.84,4.79,4.83,3235469.0,15612670.0,2084122680.9999998,0.00155243692201822
2020-06-01,4.83,4.92,4.83,4.88,7587650.0,37041308.0,2084122680.9999998,0.0036406925893437848
2020-06-02,4.91,4.92,4.85,4.87,7797132.0,38010839.0,2084122680.9999998,0.003741205866181925
2020-06-03,4.87,4.9,4.85,4.87,7149009.0,34822816.0,2084122680.9999998,0.00343022465288357
2020-06-04,4.86,4.88,4.8,4.81,6831621.0,33026407.0,2084122680.9999998,0.0032779361130133014
2020-06-05,4.8,4.83,4.78,4.81,6941894.0,33338552.0,2084122680.9999998,0.0033308471057323526
2020-06-08,4.83,4.84,4.75,4.78,7727925.0,36965636.0,2084122680.9999998,0.0037079990877945833
2020-06-09,4.79,4.79,4.73,4.74,7312700.0,34745097.0,2084122680.9999998,0.0035087665743799854
2020-06-10,4.74,4.76,4.72,4.73,5407000.0,25621864.0,2084122680.9999998,0.002594377024583612
2020-06-11,4.71,4.75,4.69,4.71,5337100.0,25205084.0,2084122680.9999998,0.0025608377321814676
2020-06-12,4.68,4.76,4.66,4.73,7868841.0,36965847.0,2084122680.9999998,0.0037756131497136184
2020-06-15,4.74,4.76,4.69,4.69,6742644.0,31876441.0,2084122680.9999998,0.00323524332874913
2020-06-16,4.69,4.75,4.69,4.73,4778045.0,22584929.0,2084122680.9999998,0.002292592966603774
2020-06-17,4.73,4.73,4.7,4.73,6260079.0,29515112.0,2084122680.9999998,0.0030036998575325236
2020-06-18,4.7,4.76,4.7,4.76,5984601.0,28337005.0,2084122680.9999998,0.002871520498557446
2020-06-19,4.78,4.81,4.74,4.8,8630305.0,41255291.0,2084122680.9999998,0.004140977437978375
2020-06-22,4.8,4.82,4.78,4.79,5720900.0,27450250.0,2084122680.9999998,0.002744991958561196
2020-06-23,4.79,4.8,4.72,4.72,5397950.0,25623718.0,2084122680.9999998,0.0025900346698448508
2020-06-24,4.72,4.74,4.7,4.74,4386150.0,20702021.0,2084122680.9999998,0.0021045546118693193
2020-06-29,4.74,4.83,4.69,4.76,14001651.0,66739992.0,2084122680.9999998,0.006718247024345877
2020-06-30,4.77,4.79,4.7,4.72,7367290.0,34885178.0,2084122831.0,0.0035349595956707795
2020-07-01,4.73,4.74,4.7,4.72,6186382.0,29162406.0,2084122831.0,0.002968338481773486
2020-07-02,4.71,4.83,4.7,4.81,14983320.0,71577933.0,2084122831.0,0.007189269162610119
2020-07-03,4.82,5.29,4.82,5.29,40552255.0,210553371.0,2084122831.0,0.019457708728492885
2020-07-06,5.51,5.77,5.42,5.77,50322702.0,281537261.0,2084122831.0,0.02414574671486817
2020-07-07,5.76,5.91,5.56,5.57,42695292.0,244366834.0,2084122831.0,0.020485976817169658
2020-07-08,5.58,5.69,5.51,5.63,25890060.0,144850269.0,2084122831.0,0.012422521175288637
2020-07-09,5.63,5.71,5.58,5.64,23657986.0,133227166.0,2084122831.0,0.011351531516330287
2020-07-10,5.63,5.65,5.5,5.5,18590317.0,103500235.0,2084122831.0,0.008919971857455267
2020-07-13,5.51,5.7,5.48,5.62,21620825.0,120475267.0,2084122831.0,0.010374064656076886
2020-07-14,5.66,5.79,5.5,5.76,25771405.0,144589088.0,2084122831.0,0.012365588350488158
2020-07-15,6.34,6.34,6.12,6.34,55755201.0,352406016.0,2084122831.0,0.026752358436209656
2020-07-16,6.2,6.55,6.04,6.07,61523583.0,387974766.0,2084122831.0,0.029520132923489862
2020-07-17,6.07,6.45,6.04,6.26,39169122.0,246831799.0,2084122831.0,0.018794056385441515
2020-07-20,6.3,6.35,6.17,6.34,29612309.0,185826131.0,2084122831.0,0.014208523873706367
2020-07-21,6.41,6.45,6.15,6.17,27001160.0,168582267.0,2084122831.0,0.012955647142469214
2020-07-22,6.22,6.3,6.11,6.19,16016050.0,99383542.0,2084122831.0,0.007684791779914051
2020-07-23,6.1,6.18,6.0,6.13,19362595.0,117788881.0,2084122831.0,0.009290524873099478
2020-07-24,6.16,6.29,5.85,5.98,26330841.0,159263508.0,2084122831.0,0.012634015907481798
2020-07-27,6.02,6.04,5.8,5.97,14844489.0,88285228.0,2084122831.0,0.007122655526439075
2020-07-28,6.02,6.08,5.95,5.98,9653613.0,58007419.0,2084122831.0,0.004631978910459908
2020-07-29,5.98,6.14,5.91,6.14,15550252.0,94278951.0,2084122831.0,0.0074612934365959165
2020-07-30,6.14,6.15,6.04,6.1,10692579.0,65174879.0,2084122831.0,0.005130493673863506
2020-07-31,6.08,6.48,6.06,6.42,38048286.0,239248692.0,2084122831.0,0.018256258908571018
2020-08-03,6.55,6.96,6.51,6.85,59221472.0,402494125.0,2084122831.0,0.02841553823945418
2020-08-04,6.85,7.07,6.8,6.95,37321730.0,258986876.0,2084122831.0,0.01790764413923356
2020-08-05,7.03,7.24,6.94,7.16,38122993.0,271128430.0,2084122831.0,0.018292104684495922
2020-08-06,7.1,7.22,7.03,7.1,27909821.0,198147853.0,2084122831.0,0.013391639199407628
2020-08-07,7.11,7.3,7.07,7.25,31783348.0,228524795.0,2084122831.0,0.015250227830741517
2020-08-10,7.2,7.2,6.9,7.02,36171670.0,252981686.0,2084122831.0,0.017355824456202602
2020-08-11,7.0,7.15,6.9,6.91,27539114.0,193232470.0,2084122831.0,0.01321376724556404
2020-08-12,6.91,6.99,6.81,6.93,26025348.0,179803281.0,2084122831.0,0.012487434815688174
2020-08-13,6.94,6.96,6.83,6.9,14350150.0,98869131.0,2084122831.0,0.0068854626927696665
2020-08-14,6.89,6.91,6.74,6.9,15853087.0,108275752.0,2084122831.0,0.007606599171697284
2020-08-17,6.92,7.32,6.89,7.26,34195529.0,244676927.0,2084122831.0,0.01640763610059987
2020-08-18,7.3,7.38,7.11,7.18,21174139.0,153320261.0,2084122831.0,0.01015973659759788
2020-08-19,7.21,7.44,7.14,7.22,26859413.0,195398852.0,2084122831.0,0.012887634356518404
2020-08-20,7.2,7.3,7.08,7.15,19641961.0,140976741.0,2084122831.0,0.009424569755600935
2020-08-21,7.24,7.35,7.19,7.25,15100158.0,109567490.0,2084122831.0,0.007245330157798171
2020-08-24,7.33,7.38,7.19,7.27,17028002.0,124394147.0,2084122831.0,0.008170344735309892
2020-08-25,7.33,7.33,7.15,7.16,11596384.0,83857916.0,2084122831.0,0.005564155733774983
2020-08-26,7.17,7.2,6.88,6.96,23409369.0,164140461.0,2084122831.0,0.01123224056269647
2020-08-27,7.0,7.03,6.86,6.9,15717828.0,108744356.0,2084122831.0,0.007541699446024638
2020-08-28,6.9,7.16,6.84,7.12,17088920.0,119804968.0,2084122831.0,0.00819957429850736
2020-08-31,7.15,7.18,6.92,7.0,16339740.0,115485634.0,2084122831.0,0.007840104122922494
2020-09-01,7.05,7.14,6.95,7.09,13931290.0,98295473.0,2084122831.0,0.006684486054651354
2020-09-02,7.09,7.1,6.87,6.92,14475446.0,100721204.0,2084122831.0,0.006945581990028111
2020-09-03,6.94,7.07,6.86,6.91,15650495.0,108601550.0,2084122831.0,0.007509391849275317
2020-09-04,6.81,6.89,6.74,6.87,11745521.0,79942949.0,2084122831.0,0.005635714375992074
2020-09-07,6.86,6.92,6.67,6.68,14916745.0,101343856.0,2084122831.0,0.007157325268032631
2020-09-08,6.75,6.89,6.69,6.87,11464356.0,78019068.0,2084122831.0,0.005500806300605226
2020-09-09,6.81,6.93,6.78,6.82,19322593.0,132620951.0,2084122831.0,0.009271331186717373
2020-09-10,6.85,6.95,6.75,6.78,15275242.0,104779281.0,2084122831.0,0.007329338642037073
2020-09-11,6.78,6.85,6.65,6.7,11103043.0,74664616.0,2084122831.0,0.005327441758637881
2020-09-14,6.72,6.83,6.44,6.66,25852834.0,170738117.0,2084122831.0,0.012404659464142686
2020-09-15,6.58,6.65,6.46,6.62,15682481.0,103096305.0,2084122831.0,0.007524739313217571
2020-09-16,6.63,6.81,6.61,6.67,11556843.0,77273681.0,2084122831.0,0.005545183243568622
2020-09-17,6.67,6.75,6.61,6.69,9812733.0,65581815.0,2084122831.0,0.004708327577454575
2020-09-18,6.68,6.93,6.68,6.92,15551640.0,106217336.0,2084122831.0,0.0074619594242139944
2020-09-21,6.94,6.95,6.68,6.7,14258154.0,96529808.0,2084122831.0,0.006841321340527074
2020-09-22,6.65,6.73,6.58,6.63,11752001.0,78144148.0,2084122831.0,0.005638823597724889
2020-09-23,6.6,6.67,6.56,6.62,6254883.0,41363795.0,2084122831.0,0.003001206506143783
2020-09-24,6.64,6.65,6.4,6.42,11008430.0,71315817.0,2084122831.0,0.005282044722247947
2020-09-25,6.41,6.48,6.29,6.38,8279158.0,52758760.0,2084122831.0,0.003972490429476035
2020-09-28,6.31,6.48,6.31,6.38,8251994.0,52691903.0,2084122831.0,0.003959456648742984
2020-09-29,6.35,6.56,6.35,6.5,11039520.0,71527271.0,2084122831.0,0.005296962269111095
2020-09-30,6.5,6.55,6.31,6.4,9551081.0,61192677.0,2084122831.0,0.004582782193992481
2020-10-09,6.46,6.9,6.46,6.79,17002300.0,114773570.0,2084122831.0,0.008158012448739399
2020-10-12,6.8,6.96,6.76,6.95,15441915.0,106007797.0,2084122831.0,0.007409311375659509
2020-10-13,6.94,6.95,6.74,6.81,13715826.0,93678300.0,2084122831.0,0.006581102512762598
2020-10-14,7.13,7.33,7.02,7.21,41296608.0,296698883.0,2084122831.0,0.019814862821777704
2020-10-15,7.16,7.52,7.16,7.3,41057487.0,302340434.0,2084122831.0,0.019700128221473334
2020-10-16,7.33,7.53,7.33,7.43,32895087.0,245155875.0,2084122831.0,0.01578366040173186
2020-10-19,7.5,7.67,7.4,7.54,33806233.0,255819843.0,2084122831.0,0.016220844806819353
2020-10-20,7.5,7.6,7.44,7.54,22155909.0,166820942.0,2084122831.0,0.010630807681027702
2020-10-21,7.55,7.96,7.52,7.83,42548672.0,329134318.0,2084122831.0,0.020415625877283045
2020-10-22,7.83,7.85,7.58,7.73,22104403.0,170279109.0,2084122831.0,0.010606094166433514
2020-10-23,7.73,7.92,7.67,7.82,20798709.0,162528977.0,2084122831.0,0.009979598462543786
2020-10-26,7.82,8.1,7.79,8.01,30931629.0,246072346.0,2084122831.0,0.014841557579962042
2020-10-27,7.88,7.99,7.7,7.84,27558231.0,215484486.0,2084122831.0,0.013222939929494013
2020-10-28,7.79,7.84,7.69,7.71,26188577.0,203073089.0,2084122831.0,0.0125657550555378
2020-10-29,7.7,7.88,7.62,7.66,23966944.0,185318950.0,2084122831.0,0.011499775178078264
2020-10-30,7.74,7.85,7.55,7.57,28100125.0,215941200.0,2084122831.0,0.013482950516173296
2020-11-02,7.57,7.89,7.48,7.62,31485384.0,242385808.0,2084122831.0,0.015107259289939615
2020-11-03,7.72,7.76,7.5,7.56,21182052.0,160674776.0,2084122831.0,0.01016353339876636
2020-11-04,7.61,7.64,7.43,7.45,19409640.0,145423525.0,2084122831.0,0.009313097918843345
2020-11-05,7.53,7.62,7.46,7.58,18840430.0,142159673.0,2084122831.0,0.009039980619069375
2020-11-06,7.6,7.61,7.41,7.45,15642407.0,116709552.0,2084122831.0,0.007505511079927323
2020-11-09,7.48,7.66,7.42,7.49,25111876.0,188983344.0,2084122831.0,0.012049134353540413
2020-11-10,7.5,7.5,7.28,7.31,25972706.0,190882711.0,2084122831.0,0.012462176227654406
2020-11-11,7.34,7.36,7.2,7.21,15368258.0,111649991.0,2084122831.0,0.007373969408811683
2020-11-12,7.22,7.29,7.13,7.19,16502025.0,118944225.0,2084122831.0,0.007917971414420919
2020-11-13,7.2,7.27,7.15,7.25,11868754.0,85568346.0,2084122831.0,0.005694843808368605
2020-11-16,7.21,7.27,7.03,7.09,35657703.0,254002762.0,2084122831.0,0.017109213751519043
2020-11-17,7.09,7.56,7.01,7.29,44609580.0,325966770.0,2084122831.0,0.02140448697958724
2020-11-18,7.33,7.49,7.29,7.47,21891087.0,162173492.0,2084122831.0,0.010503741273971006
2020-11-19,7.46,7.48,7.3,7.36,17397827.0,128273446.0,2084122831.0,0.008347793489528736
2020-11-20,7.34,7.6,7.31,7.59,19823058.0,148715897.0,2084122831.0,0.009511463386487895
2020-11-23,7.55,7.66,7.52,7.63,22970749.0,174799376.0,2084122831.0,0.011021782717565747
2020-11-24,7.65,7.67,7.5,7.58,15269644.0,115765294.0,2084122831.0,0.007326652619929003
2020-11-25,7.56,7.68,7.48,7.53,20323391.0,153817836.0,2084122831.0,0.009751532250260158
2020-11-26,7.5,7.58,7.36,7.39,24124175.0,179238374.0,2084122831.0,0.01157521746855236
2020-11-27,7.43,7.51,7.26,7.39,17420397.0,128043798.0,2084122831.0,0.008358622985595037
2020-11-30,7.37,7.43,7.15,7.16,22401251.0,163181088.0,2084122831.0,0.01074852723015921
2020-12-01,7.17,7.35,7.13,7.32,17624279.0,128052862.0,2084122831.0,0.008456449273454555
2020-12-02,7.33,7.33,7.08,7.11,32506001.0,232895489.0,2084122831.0,0.015596969869766759
2020-12-03,7.13,7.17,7.02,7.12,17553855.0,124563887.0,2084122831.0,0.008422658558745955
2020-12-04,7.1,7.16,7.05,7.15,12214307.0,86826974.0,2084122831.0,0.005860646415998118
2020-12-07,7.15,7.16,6.98,7.01,15677336.0,110438143.0,2084122831.0,0.007522270648739897
2020-12-08,7.09,7.09,6.95,7.02,11305051.0,79249212.0,2084122831.0,0.005424368867249361
2020-12-09,7.06,7.07,6.85,6.87,14603920.0,101895181.0,2084122831.0,0.007007226149426507
2020-12-10,6.89,7.06,6.86,7.05,13028161.0,91219907.0,2084122831.0,0.0062511483518218796
2020-12-11,7.0,7.02,6.76,6.79,13826809.0,94748755.0,2084122831.0,0.006634354172573238
2020-12-14,6.85,6.87,6.7,6.76,12347513.0,83619713.0,2084122831.0,0.005924561074970538
2020-12-15,6.74,6.84,6.7,6.79,10236519.0,69257406.0,2084122831.0,0.004911667799871629
2020-12-16,6.79,6.89,6.77,6.8,9212801.0,62840716.0,2084122831.0,0.0044204693039035185
2020-12-17,6.8,6.86,6.72,6.85,11881591.0,80847481.0,2084122831.0,0.005701003234199491
2020-12-18,6.88,7.0,6.82,6.86,15046854.0,103701793.0,2084122831.0,0.00721975393013676
2020-12-21,6.84,7.04,6.66,6.89,24124610.0,165698649.0,2084122831.0,0.011575426189455722
2020-12-22,6.85,6.9,6.69,6.76,16540873.0,112061384.0,2084122831.0,0.00793661139063641
2020-12-23,6.71,7.3,6.66,7.22,44131236.0,312812064.0,2084122831.0,0.021174968837525298
2020-12-24,7.22,7.5,7.15,7.23,34396976.0,251001340.0,2084122831.0,0.01650429403121874
2020-12-25,7.3,7.55,7.23,7.42,37597779.0,278648466.0,2084122831.0,0.018040097464869623
2020-12-28,7.42,7.54,7.32,7.5,35287173.0,262372899.0,2084122831.0,0.016931426725491305
2020-12-29,7.45,7.52,7.29,7.39,24384743.0,179812793.0,2084122831.0,0.011700242729119644
2020-12-30,7.3,7.46,7.28,7.3,22185821.0,162909249.0,2084122831.0,0.010645160002088188
2020-12-31,7.25,7.44,7.23,7.3,23301997.0,170488821.0,2084122831.0,0.011180721526292804
2021-01-04,7.43,7.74,7.34,7.59,52174516.0,396858553.0,2084122831.0,0.025034280717017875
2021-01-05,7.6,7.61,7.44,7.52,30333550.0,227678182.0,2084122831.0,0.014554588409477483
2021-01-06,7.5,7.5,7.24,7.36,22878528.0,167720373.0,2084122831.0,0.01097753340623521
2021-01-07,7.35,7.45,7.13,7.29,26969371.0,195888765.0,2084122831.0,0.012940394202706184
2021-01-08,7.29,7.41,7.19,7.28,23853863.0,174051405.0,2084122831.0,0.011445516859749809
2021-01-11,7.28,7.29,6.8,6.91,31466099.0,221219110.0,2084122831.0,0.015098005996557312
2021-01-12,6.85,6.96,6.77,6.91,21855094.0,149873515.0,2084122831.0,0.010486471178626996
2021-01-13,6.93,6.95,6.81,6.86,18044122.0,123929791.0,2084122831.0,0.008657897572832645
2021-01-14,6.8,7.11,6.79,6.9,21040816.0,146446861.0,2084122831.0,0.010095765799899728
2021-01-15,6.96,7.21,6.9,7.14,20682034.0,145879701.0,2084122831.0,0.009923615677717221
2021-01-18,7.14,7.25,7.08,7.16,17695847.0,126496432.0,2084122831.0,0.008490788900148084
2021-01-19,7.16,7.5,7.09,7.2,33610878.0,243409792.0,2084122831.0,0.016127109928483863
2021-01-20,7.27,7.42,7.17,7.21,23397397.0,169637656.0,2084122831.0,0.011226496179581462
2021-01-21,7.16,7.25,7.12,7.16,18833453.0,134989519.0,2084122831.0,0.009036632927706746
2021-01-22,7.12,7.33,7.0,7.27,25977223.0,186153915.0,2084122831.0,0.01246434356632217
2021-01-25,7.29,7.67,7.22,7.58,56760095.0,426330997.0,2084122831.0,0.027234524834971206
2021-01-26,7.66,7.75,7.51,7.69,41479944.0,317635275.0,2084122831.0,0.01990283076554426
2021-01-27,7.62,7.7,7.47,7.55,41759506.0,315510432.0,2084122831.0,0.020036969692406773
2021-01-28,7.49,7.82,7.4,7.65,40356253.0,310049186.0,2084122831.0,0.01936366340780228
2021-01-29,7.71,7.75,7.49,7.58,30346126.0,230486905.0,2084122831.0,0.014560622602766353
2021-02-01,7.6,7.93,7.46,7.89,54570138.0,423042607.0,2084122831.0,0.026183743677821645
2021-02-02,7.89,7.93,7.42,7.46,54909913.0,418819419.0,2084122831.0,0.02634677389607273
2021-02-03,7.5,7.62,6.71,6.72,93121815.0,651851334.0,2084122831.0,0.04468153873412464
2021-02-04,6.65,6.65,6.05,6.11,74235596.0,464511491.0,2084122831.0,0.03561958772093121
2021-02-05,6.13,6.22,5.77,5.81,52149012.0,309578301.0,2084122831.0,0.025022043434444773
2021-02-08,5.76,5.82,5.6,5.65,44699471.0,254144172.0,2084122831.0,0.02144761831458484
2021-02-09,5.7,5.88,5.54,5.79,47851859.0,273619857.0,2084122831.0,0.022960191351600812
2021-02-10,5.8,5.81,5.62,5.73,40012857.0,228817895.0,2084122831.0,0.019198895767962538
2021-02-18,5.8,6.08,5.76,6.0,43435300.0,257700684.0,2084122831.0,0.020841046100511722
2021-02-19,6.06,6.07,5.93,6.05,45679269.0,274140540.0,2084122831.0,0.021917743196586095
2021-02-22,6.09,6.59,6.08,6.34,61455973.0,390231706.0,2084122831.0,0.029487692417107827
2021-02-23,6.49,6.54,6.31,6.37,41827109.0,267617304.0,2084122831.0,0.020069406840061626
2021-02-24,6.38,6.42,6.2,6.28,29351745.0,184891985.0,2084122831.0,0.014083500532411758
2021-02-25,6.23,6.3,6.08,6.11,30358649.0,186698472.0,2084122831.0,0.014566631365692284
2021-02-26,6.19,6.5,6.14,6.3,46960739.0,296155389.0,2084122831.0,0.022532615785158586
2021-03-01,6.4,6.47,6.23,6.31,36214384.0,229136759.0,2084122831.0,0.01737631940945807
2021-03-02,6.38,6.46,6.29,6.36,40105340.0,255176159.0,2084122831.0,0.019243270791653257
2021-03-03,6.36,6.45,6.3,6.44,40481692.0,258626532.0,2084122831.0,0.019423851319058844
2021-03-04,6.17,6.17,6.02,6.08,38360959.0,232833802.0,2084122831.0,0.018406285094815508
2021-03-05,6.04,6.1,6.0,6.07,24309331.0,147333769.0,2084122831.0,0.011664058681385849
2021-03-08,6.09,6.38,6.08,6.26,49969501.0,311258228.0,2084122831.0,0.023976274457884868
2021-03-09,6.3,6.35,5.99,6.14,44621229.0,275905929.0,2084122831.0,0.021410076381433777
2021-03-10,6.12,6.21,5.95,5.98,39354363.0,239395610.0,2084122831.0,0.018882938382819337
2021-03-11,5.99,6.25,5.98,6.2,37871530.0,232381568.0,2084122831.0,0.018171448168354143
2021-03-12,6.24,6.54,6.12,6.43,71836693.0,456416278.0,2084122831.0,0.03446855047671612
2021-03-15,6.48,6.62,6.35,6.45,50900264.0,329761224.0,2084122831.0,0.024422871455986657
2021-03-16,6.47,6.66,6.43,6.64,46941670.0,308506528.0,2084122831.0,0.02252346613250071
2021-03-17,6.66,6.67,6.46,6.49,36927895.0,240404682.0,2084122831.0,0.017718674950785565
2021-03-18,6.46,6.58,6.4,6.56,40132216.0,261394076.0,2084122831.0,0.01925616638475374
2021-03-19,6.5,6.85,6.45,6.71,64481889.0,432733389.0,2084122831.0,0.030939581890699033
2021-03-22,6.78,7.27,6.76,7.22,78368973.0,554132281.0,2084122831.0,0.0376028571033873
2021-03-23,7.25,7.29,6.85,6.92,70500818.0,492669343.0,2084122831.0,0.03382757338067854
2021-03-24,6.86,7.18,6.82,7.03,58772783.0,414827695.0,2084122831.0,0.02820024910518338
2021-03-25,6.98,6.99,6.58,6.65,57871488.0,387896790.0,2084122831.0,0.0277677913888752
2021-03-26,6.67,7.12,6.67,6.96,63199536.0,439109901.0,2084122831.0,0.030324285622683626
2021-03-29,6.99,7.16,6.94,6.99,53150851.0,373895522.0,2084122831.0,0.025502743988701115
2021-03-30,6.92,6.95,6.71,6.87,47096960.0,320028648.0,2084122831.0,0.02259797709590947
2021-03-31,6.78,7.03,6.68,6.95,64345245.0,440797569.0,2084122831.0,0.030874017616862814
2021-04-01,6.9,6.9,6.68,6.83,56014763.0,380668477.0,2084122831.0,0.026876900999699284
2021-04-02,6.83,7.01,6.72,6.76,44414771.0,303283898.0,2084122831.0,0.021311014081971832
2021-04-06,6.73,6.81,6.68,6.72,32552247.0,219147256.0,2084122831.0,0.015619159540793879
2021-04-07,6.7,6.82,6.67,6.74,38168532.0,257287744.0,2084122831.0,0.01831395512407781
2021-04-08,6.73,6.73,6.38,6.39,65969059.0,428955112.0,2084122831.0,0.031653153076561635
2021-04-09,6.36,6.46,6.27,6.33,35477600.0,225285562.0,2084122831.0,0.017022797059891716
2021-04-12,6.3,6.41,6.23,6.28,31510762.0,199170917.0,2084122831.0,0.015119436115423468
2021-04-13,6.23,6.29,6.09,6.22,28230173.0,174637741.0,2084122831.0,0.013545349909369137
2021-04-14,6.2,6.24,6.08,6.12,28588321.0,175349643.0,2084122831.0,0.013717195826832724
2021-04-15,6.1,6.11,5.99,6.01,25684956.0,154908107.0,2084122831.0,0.012324108549627035
2021-04-16,6.06,6.23,6.02,6.21,33649973.0,207467463.0,2084122831.0,0.01614586841978701
2021-04-19,6.22,6.25,6.15,6.2,23468224.0,145479159.0,2084122831.0,0.011260480261012024
2021-04-20,6.19,6.22,6.1,6.11,25230591.0,155124420.0,2084122831.0,0.01210609596743101
2021-04-21,6.1,6.1,6.0,6.03,17538371.0,105866726.0,2084122831.0,0.008415229054222668
2021-04-22,6.06,6.08,6.0,6.01,17395238.0,104912149.0,2084122831.0,0.008346551240290117
2021-04-23,6.01,6.04,5.8,5.87,39362543.0,231191590.0,2084122831.0,0.018886863295438847
2021-04-26,5.86,5.95,5.78,5.86,26439180.0,155027562.0,2084122831.0,0.012685998928054543
2021-04-27,5.87,5.88,5.7,5.75,19534167.0,112652563.0,2084122831.0,0.009372848235930101
2021-04-28,5.78,5.82,5.71,5.73,17469128.0,100530064.0,2084122831.0,0.008382005004771237
2021-04-29,5.71,5.83,5.66,5.78,18619429.0,107403564.0,2084122831.0,0.008933940323980837
2021-04-30,5.63,5.64,5.46,5.5,46882587.0,258853051.0,2084122831.0,0.022495117035642703
2021-05-06,5.5,5.6,5.43,5.43,27484305.0,151402540.0,2084122831.0,0.01318746889155882
2021-05-07,5.42,5.56,5.34,5.51,23586698.0,128943516.0,2084122831.0,0.011317326238723979
2021-05-10,5.5,5.55,5.45,5.53,17262440.0,95220968.0,2084122831.0,0.008282832347130504
2021-05-11,5.51,5.57,5.44,5.49,20314613.0,111428561.0,2084122831.0,0.009747320406375798
2021-05-12,5.46,5.48,5.38,5.43,19201002.0,103933523.0,2084122831.0,0.009212989615773754
2021-05-13,5.44,5.53,5.39,5.4,22311851.0,121444368.0,2084122831.0,0.010705631485882418
2021-05-14,5.39,5.47,5.38,5.46,18849697.0,102181801.0,2084122831.0,0.009044427094038202
2021-05-17,5.46,5.54,5.42,5.5,17067348.0,93757214.0,2084122831.0,0.008189223660973369
2021-05-18,5.5,5.5,5.43,5.47,12695907.0,69330523.0,2084122831.0,0.006091726846017167
2021-05-19,5.46,5.54,5.44,5.54,15853055.0,87269439.0,2084122831.0,0.007606583817515888
2021-05-20,5.51,5.54,5.46,5.48,14683781.0,80720455.0,2084122831.0,0.007045544908192602
2021-05-21,5.5,5.68,5.47,5.63,30038819.0,168415817.0,2084122831.0,0.014413171120814808
2021-05-24,5.68,5.78,5.58,5.61,27220914.0,154452111.0,2084122831.0,0.013061089104301454
2021-05-25,5.6,5.65,5.5,5.61,17981973.0,100336376.0,2084122831.0,0.008628077353469576
2021-05-26,5.6,5.63,5.55,5.57,25180473.0,140443700.0,2084122831.0,0.0120820484404549
2021-05-27,5.57,5.62,5.5,5.51,30514425.0,169196988.0,2084122831.0,0.014641375520731005
2021-05-28,5.51,5.53,5.42,5.44,22809512.0,124802740.0,2084122831.0,0.010944418275508062
2021-05-31,5.44,5.45,5.37,5.43,18386013.0,99411878.0,2084122831.0,0.008821943086328582
2021-06-01,5.44,5.45,5.34,5.4,28800385.0,154573102.0,2084122831.0,0.013818947986948087
2021-06-02,5.39,5.46,5.36,5.41,22641727.0,122412188.0,2084122831.0,0.010863911984082094
2021-06-03,5.4,5.4,5.35,5.36,21982777.0,118134350.0,2084122831.0,0.010547735801853994
2021-06-04,5.38,5.4,5.36,5.37,18450653.0,99158120.0,2084122831.0,0.008852958532749743
2021-06-07,5.36,5.36,5.26,5.27,24871927.0,132038157.0,2084122831.0,0.011934002463792405
2021-06-08,5.29,5.3,5.15,5.19,28196554.0,146633982.0,2084122831.0,0.013529218902357488
2021-06-09,5.16,5.22,5.11,5.18,18851650.0,97462290.0,2084122831.0,0.009045364178921564
2021-06-10,5.18,5.25,5.15,5.24,18790871.0,98096929.0,2084122831.0,0.009016201310449537
2021-06-11,5.24,5.33,5.22,5.22,23049952.0,121486602.0,2084122831.0,0.011059785755976876
2021-06-15,5.21,5.22,5.1,5.11,19894100.0,102585058.0,2084122831.0,0.009545550628824718
2021-06-16,5.16,5.17,5.08,5.11,15657330.0,80147167.0,2084122831.0,0.007512671406458
2021-06-17,5.1,5.16,5.07,5.09,13346334.0,68062399.0,2084122831.0,0.006403813537993913
2021-06-18,5.09,5.1,5.03,5.05,14551959.0,73466400.0,2084122831.0,0.006982294317565585
2021-06-21,5.05,5.12,5.02,5.09,14423718.0,73050089.0,2084122831.0,0.006920761955800483
2021-06-22,5.12,5.13,5.05,5.11,12796946.0,65230866.0,2084122831.0,0.006140207193958809
2021-06-23,5.11,5.2,5.1,5.2,18206012.0,93737573.0,2084122831.0,0.008735575336154456
2021-06-24,5.2,5.24,5.14,5.2,18540612.0,96221762.0,2084122831.0,0.008896122495382807
2021-06-25,5.19,5.2,5.14,5.18,13151179.0,67991822.0,2084122831.0,0.006310174623292153
2021-06-28,5.23,5.3,5.22,5.23,17220263.0,90598280.0,2084122831.0,0.008262595056231597
2021-06-29,5.22,5.22,5.14,5.15,13916200.0,72001262.0,2084122831.0,0.006677245598486513
2021-06-30,5.13,5.16,5.09,5.11,10358792.0,52947180.0,2081803575.0000002,0.0049758738645647674
2021-07-01,5.11,5.13,5.08,5.08,9139663.0,46615859.0,2081803575.0000002,0.004390261939097688
2021-07-02,5.09,5.1,5.03,5.04,13808900.0,69855802.0,2081803575.0000002,0.0066331426104886
2021-07-05,5.05,5.07,4.99,5.01,13957762.0,70053900.0,2081803575.0000002,0.006704648876395555
2021-07-06,5.01,5.05,4.97,5.04,12774652.0,64135595.0,2081803575.0000002,0.0061363387753813415
2021-07-07,5.02,5.06,5.01,5.01,13456470.0,67675197.0,2081803575.0000002,0.006463851903030764
2021-07-08,5.03,5.14,5.02,5.08,18187021.0,92448270.0,2081803575.0000002,0.00873618492080839
2021-07-09,5.07,5.1,5.04,5.09,16349822.0,82901374.0,2081803575.0000002,0.007853681392587674
2021-07-12,5.12,5.14,5.05,5.07,17128115.0,86944493.0,2081803575.0000002,0.00822753654844694
2021-07-13,5.07,5.27,5.01,5.27,42610285.0,220289493.0,2081803575.0000002,0.020467966100019785
2021-07-14,5.34,5.35,5.18,5.2,25966176.0,136158710.0,2081803575.0000002,0.012472923147900732
2021-07-15,5.2,5.29,5.16,5.26,21868306.0,114443127.0,2081803575.0000002,0.010504500166400184
2021-07-16,5.24,5.32,5.21,5.25,17377050.0,91328654.0,2081803575.0000002,0.008347113151633433
2021-07-19,5.25,5.25,5.14,5.16,14218050.0,73595650.0,2081803575.0000002,0.006829678923958999
2021-07-20,5.14,5.16,5.07,5.09,13741010.0,70060369.0,2081803575.0000002,0.0066005314646459855
2021-07-21,5.1,5.11,5.05,5.09,13934955.0,70752135.0,2081803575.0000002,0.006693693472017406
2021-07-22,5.08,5.13,5.04,5.1,14881868.0,75719473.0,2081803575.0000002,0.007148545702732784
2021-07-23,5.08,5.1,5.03,5.05,14304200.0,72292750.0,2081803575.0000002,0.0068710613103832325
2021-07-26,5.06,5.08,4.98,5.04,18963311.0,95349868.0,2081803575.0000002,0.009109077930178882
2021-07-27,5.02,5.05,4.97,5.02,17186486.0,85928939.0,2081803575.0000002,0.008255575216792486
2021-07-28,5.0,5.02,4.9,4.92,18817970.0,93052976.0,2081803575.0000002,0.009039262986182545
2021-07-29,4.95,4.98,4.9,4.92,11683661.0,57530249.0,2081803575.0000002,0.005612278286149066
2021-07-30,4.9,5.16,4.88,5.14,28301577.0,143106902.0,2081803575.0000002,0.01359473935959592
2021-08-02,5.12,5.23,5.08,5.19,24127991.0,124972192.0,2081803575.0000002,0.011589945991902717
2021-08-03,5.23,5.26,5.16,5.21,19523557.0,101630951.0,2081803575.0000002,0.009378193617522247
2021-08-04,5.2,5.23,5.16,5.17,12123176.0,62836694.0,2081803575.0000002,0.005823400509819952
2021-08-05,5.15,5.21,5.13,5.2,11259017.0,58317522.0,2081803575.0000002,0.005408299387707603
2021-08-06,5.3,5.32,5.18,5.21,22856279.0,119826609.0,2081803575.0000002,0.010979075679606322
2021-08-09,5.2,5.38,5.17,5.35,38039921.0,202320671.0,2081803575.0000002,0.018272579342650037
2021-08-10,5.36,5.37,5.3,5.33,19698418.0,105036140.0,2081803575.0000002,0.00946218857367463
2021-08-11,5.33,5.41,5.32,5.35,23898747.0,128307328.0,2081803575.0000002,0.011479828014033456
2021-08-12,5.35,5.42,5.34,5.38,28135822.0,151594301.0,2081803575.0000002,0.01351511849526918
2021-08-13,5.35,5.4,5.31,5.39,22341737.0,119699291.0,2081803575.0000002,0.010731914032763632
2021-08-16,5.4,5.5,5.38,5.47,27965582.0,152512174.0,2081803575.0000002,0.013433343249014257
2021-08-17,5.47,5.64,5.44,5.48,50545747.0,280210038.0,2081803575.0000002,0.02427978681898459
2021-08-18,5.53,5.55,5.43,5.51,25207595.0,138575638.0,2081803575.0000002,0.012108536704765721
2021-08-19,5.5,5.56,5.39,5.54,33319088.0,182557938.0,2081803575.0000002,0.016004914392559823
2021-08-20,5.5,5.56,5.46,5.52,24798132.0,136462893.0,2081803575.0000002,0.011911850040895428
2021-08-23,5.53,5.62,5.52,5.57,34307078.0,191231590.0,2081803575.0000002,0.016479498071762123
2021-08-24,5.57,5.59,5.52,5.53,24167094.0,134126101.0,2081803575.0000002,0.011608729224129609
2021-08-25,5.53,5.68,5.5,5.66,34561359.0,193887329.0,2081803575.0000002,0.01660164264056468
2021-08-26,5.66,5.67,5.55,5.56,24177622.0,135475122.0,2081803575.0000002,0.011613786377516427
2021-08-27,5.57,5.64,5.49,5.53,25088397.0,139011782.0,2081803575.0000002,0.012051279621805817
2021-08-30,5.55,5.56,5.42,5.44,29304955.0,160217279.0,2081803575.0000002,0.014076714706381459
2021-08-31,5.44,5.58,5.42,5.58,26812489.0,147922953.0,2081803575.0000002,0.0128794518954556
2021-09-01,5.59,5.76,5.57,5.61,44335903.0,250788693.0,2081803575.0000002,0.021296871391913136
2021-09-02,5.6,5.94,5.56,5.92,68332689.0,396436108.0,2081803575.0000002,0.032823792705803184
2021-09-03,5.98,6.44,5.94,6.24,109218684.0,679097986.0,2081803575.0000002,0.05246349142233555
2021-09-06,6.27,6.42,6.12,6.19,64258420.0,400879201.0,2081803575.0000002,0.030866706528736743
2021-09-07,6.15,6.21,6.04,6.16,50021868.0,305808235.0,2081803575.0000002,0.02402814011883902
2021-09-08,6.22,6.45,6.21,6.44,81716532.0,519786208.0,2081803575.0000002,0.0392527580321789
2021-09-09,6.51,6.54,6.28,6.44,67730730.0,435365850.0,2081803575.0000002,0.03253464006564596
2021-09-10,6.39,6.43,6.18,6.31,67505216.0,424893611.0,2081803575.0000002,0.03242631380340481
2021-09-13,6.31,6.44,6.2,6.37,36835966.0,233539038.0,2081803575.0000002,0.01769425628928512
2021-09-14,6.37,6.41,6.23,6.26,36501950.0,230597448.0,2081803575.0000002,0.017533810796727063
2021-09-15,6.25,6.8,6.23,6.79,91716682.0,604853365.0,2081803575.0000002,0.044056357238218304
2021-09-16,6.78,6.78,6.42,6.5,74072306.0,489748248.0,2081803575.0000002,0.03558083331661105
2021-09-17,6.46,6.75,6.4,6.54,57079409.0,376793312.0,2081803575.0000002,0.027418249101623333
2021-09-22,6.58,7.02,6.48,6.95,98056084.0,670924695.0,2081803575.0000002,0.0471015062023803
2021-09-23,7.08,7.27,6.84,6.89,106700429.0,749481656.0,2081803575.0000002,0.051253840795234484
2021-09-24,6.85,7.06,6.69,6.8,74018525.0,508418848.0,2081803575.0000002,0.03555499946722879
2021-09-27,6.98,7.01,6.28,6.39,78351482.0,509865817.0,2081803575.0000002,0.03763634712751417
2021-09-28,6.39,6.9,6.31,6.87,92128822.0,622123390.0,2081803575.0000002,0.04425432980630749
2021-09-29,6.67,6.94,6.62,6.7,71069506.0,480606702.0,2081803575.0000002,0.034138430183068544
2021-09-30,6.72,6.87,6.52,6.81,66714149.0,448608339.0,2081803575.0000002,0.03204632262196014
2021-10-08,6.86,6.99,6.39,6.45,74803086.0,492730554.0,2081803575.0000002,0.035931865473907636
2021-10-11,6.67,6.73,6.35,6.54,63466491.0,416287107.0,2081803575.0000002,0.030486301283251468
2021-10-12,6.42,6.56,6.14,6.25,52811882.0,333816823.0,2081803575.0000002,0.025368330919500894
2021-10-13,6.25,6.28,5.77,5.92,48789477.0,290672065.0,2081803575.0000002,0.023436157755661456
2021-10-14,5.9,6.14,5.79,6.09,33946979.0,203763259.0,2081803575.0000002,0.016306523539330552
2021-10-15,6.13,6.13,5.94,6.07,26689797.0,161067414.0,2081803575.0000002,0.012820516460108393
2021-10-18,6.01,6.25,6.01,6.15,29554091.0,182260323.0,2081803575.0000002,0.014196387860463731
2021-10-19,6.12,6.21,6.0,6.07,27741539.0,168826443.0,2081803575.0000002,0.01332572358561734
2021-10-20,5.89,6.25,5.82,6.16,52922819.0,322251309.0,2081803575.0000002,0.025421619808679595
2021-10-21,6.11,6.13,5.98,6.05,29175796.0,176696251.0,2081803575.0000002,0.01401467283002432
2021-10-22,6.0,6.03,5.7,5.76,39725417.0,232885771.0,2081803575.0000002,0.019082211922899592
2021-10-25,5.76,5.91,5.69,5.79,28186031.0,163903440.0,2081803575.0000002,0.01353923652475234
2021-10-26,5.81,5.87,5.64,5.66,31935546.0,183188207.0,2081803575.0000002,0.015340326236109954
2021-10-27,5.64,5.76,5.59,5.68,35790797.0,203352746.0,2081803575.0000002,0.017192206522173927
2021-10-28,5.68,5.95,5.65,5.78,46193080.0,268708561.0,2081803575.0000002,0.02218897140668038
2021-10-29,5.75,5.76,5.48,5.73,34409090.0,193053430.0,2081803575.0000002,0.016528499812956655
2021-11-01,5.69,5.79,5.61,5.66,25817455.0,146627529.0,2081803575.0000002,0.012401484611726635
2021-11-02,5.65,5.65,5.35,5.43,36316104.0,198857868.0,2081803575.0000002,0.01744453916599696
2021-11-03,5.43,5.54,5.4,5.47,23246965.0,127041893.0,2081803575.0000002,0.01116674276054118
2021-11-04,5.49,5.57,5.44,5.52,21109976.0,116557698.0,2081803575.0000002,0.010140234291796717
2021-11-05,5.56,5.56,5.32,5.33,26381406.0,142348369.0,2081803575.0000002,0.012672380005880236
2021-11-08,5.33,5.42,5.26,5.32,17746443.0,94596466.0,2081803575.0000002,0.008524552082201126
2021-11-09,5.35,5.44,5.27,5.29,22823734.0,121896711.0,2081803575.0000002,0.010963442600486454
2021-11-10,5.27,5.29,5.12,5.22,29275726.0,151812069.0,2081803575.0000002,0.014062674476865569
2021-11-11,5.23,5.27,5.2,5.25,16079350.0,84284533.0,2081803575.0000002,0.007723759432971479
2021-11-12,5.24,5.27,5.17,5.21,19165774.0,99832579.0,2081803575.0000002,0.009206331581979341
2021-11-15,5.21,5.25,5.17,5.24,20845951.0,108695769.0,2081803575.0000002,0.010013409166136146
2021-11-16,5.23,5.29,5.22,5.25,22733842.0,119516283.0,2081803575.0000002,0.010920262734201519
2021-11-17,5.26,5.44,5.23,5.4,33238521.0,177521478.0,2081803575.0000002,0.015966213815345184
2021-11-18,5.44,5.56,5.4,5.41,36392778.0,199077260.0,2081803575.0000002,0.017481369730090887
2021-11-19,5.39,5.42,5.32,5.4,20231500.0,108801219.0,2081803575.0000002,0.009718255959859229
2021-11-22,5.42,5.53,5.39,5.48,22420012.0,122451546.0,2081803575.0000002,0.010769513641554774
2021-11-23,5.51,5.51,5.41,5.44,19904593.0,108595127.0,2081803575.0000002,0.009561225294754332
2021-11-24,5.43,5.44,5.31,5.4,22293081.0,119776217.0,2081803575.0000002,0.010708541991047354
2021-11-25,5.42,5.5,5.39,5.43,20568833.0,111966234.0,2081803575.0000002,0.00988029478237398
2021-11-26,5.42,5.43,5.33,5.35,14356112.0,76885505.0,2081803575.0000002,0.006895997380540572
2021-11-29,5.35,5.45,5.29,5.45,24642002.0,132713577.0,2081803575.0000002,0.011836852571453576
2021-11-30,5.43,5.54,5.34,5.37,32277739.0,175619021.0,2081803575.0000002,0.015504699572821128
2021-12-01,5.37,5.52,5.34,5.51,29468995.0,160105350.0,2081803575.0000002,0.014155511765801439
2021-12-02,5.51,5.53,5.42,5.42,18193620.0,99365272.0,2081803575.0000002,0.008739354768376742
2021-12-03,5.42,5.65,5.4,5.63,40899740.0,227363186.0,2081803575.0000002,0.01964630116460435
2021-12-06,5.66,6.19,5.66,6.15,116917000.0,701979344.0,2081803575.0000002,0.05616139841627469
2021-12-07,6.0,6.15,5.88,6.14,68085905.0,409797915.0,2081803575.0000002,0.03270524934130733
2021-12-08,6.11,6.19,6.01,6.12,49477220.0,301583320.0,2081803575.0000002,0.023766516973149108
2021-12-09,6.16,6.39,6.14,6.17,66322531.0,413547235.0,2081803575.0000002,0.03185820785229461
2021-12-10,6.17,6.23,6.05,6.08,39793795.0,243541875.0,2081803575.0000002,0.019115057480867278
2021-12-13,6.21,6.27,6.11,6.19,40636526.0,251517378.0,2081803575.0000002,0.019519865604995898
2021-12-14,6.17,6.24,6.06,6.1,32288348.0,197872604.0,2081803575.0000002,0.015509795634777886
2021-12-15,6.03,6.27,6.02,6.19,38293819.0,236253947.0,2081803575.0000002,0.01839453993636263
2021-12-16,6.21,6.25,6.01,6.12,44311777.0,271364058.0,2081803575.0000002,0.02128528240230349
2021-12-17,6.08,6.22,6.05,6.15,40311122.0,247935419.0,2081803575.0000002,0.019363556910022117
2021-12-20,6.17,6.18,5.86,5.88,51185001.0,305245560.0,2081803575.0000002,0.02458685421365942
2021-12-21,5.9,5.95,5.78,5.84,36790071.0,215360077.0,2081803575.0000002,0.01767221050141582
2021-12-22,5.87,5.88,5.78,5.83,29337479.0,171304776.0,2081803575.0000002,0.014092337698094306
2021-12-23,5.82,6.0,5.67,5.93,64144843.0,375333120.0,2081803575.0000002,0.030812149508389616
2021-12-24,5.93,6.1,5.77,5.8,56722624.0,336961793.0,2081803575.0000002,0.02724686645809031
2021-12-27,5.81,6.28,5.76,6.05,72292194.0,440326081.0,2081803575.0000002,0.03472575168384942
2021-12-28,6.0,6.08,5.82,5.87,51118134.0,301376353.0,2081803575.0000002,0.024554734468644573
2021-12-29,5.88,5.89,5.74,5.83,28309231.0,164747334.0,2081803575.0000002,0.013598415979278928
2021-12-30,5.83,5.9,5.78,5.8,29272793.0,170809864.0,2081803575.0000002,0.014061265602351556
2021-12-31,5.81,6.13,5.8,5.92,52500256.0,314382793.0,2174471300.0,0.024143917650235255
2022-01-04,5.94,6.33,5.94,6.1,57236534.0,351671518.0,2174471300.0,0.026322046191182197
2022-01-05,6.1,6.11,5.91,5.93,39659655.0,236453394.0,2174471300.0,0.018238757623519796
2022-01-06,5.89,6.0,5.88,5.91,25668313.0,152288250.0,2174471300.0,0.011804392635579967
2022-01-07,5.93,5.98,5.78,5.83,31015665.0,182188161.0,2174471300.0,0.014263543050671674
2022-01-10,5.83,5.84,5.74,5.81,21467405.0,124229513.0,2174471300.0,0.009872471069174379
2022-01-11,5.78,5.89,5.76,5.79,21945434.0,127811028.0,2174471300.0,0.010092307955501643
2022-01-12,5.79,5.83,5.75,5.81,19421545.0,112426303.0,2174471300.0,0.00893161707859745
2022-01-13,5.8,5.81,5.68,5.73,24427077.0,140379930.0,2174471300.0,0.011233570661521263
2022-01-14,5.69,5.71,5.49,5.54,31996659.0,179329043.0,2174471300.0,0.014714684438465572
2022-01-17,5.54,5.59,5.51,5.56,15042555.0,83569125.0,2174471300.0,0.006917798823097826
2022-01-18,5.56,5.61,5.43,5.55,30938398.0,170543944.0,2174471300.0,0.014228009355653487
2022-01-19,5.55,5.6,5.51,5.58,19239985.0,107073762.0,2174471300.0,0.008848120920243924
2022-01-20,5.59,5.6,5.48,5.56,18498149.0,102528565.0,2174471300.0,0.008506963968666775
2022-01-21,5.56,5.61,5.46,5.47,25527952.0,141299618.0,2174471300.0,0.011739843151758314
2022-01-24,5.4,5.44,5.29,5.37,36140380.0,193519344.0,2174471300.0,0.016620306738470175
2022-01-25,5.37,5.39,5.14,5.15,32532814.0,170394763.0,2174471300.0,0.014961252420300972
2022-01-26,5.18,5.31,5.17,5.23,24010923.0,125625110.0,2174471300.0,0.011042188967957407
2022-01-27,5.2,5.24,5.13,5.14,18713701.0,96882357.0,2174471300.0,0.008606092432675475
2022-01-28,5.2,5.21,5.07,5.16,17710666.0,91027962.0,2174471300.0,0.008144814787852108
2022-02-07,5.2,5.25,5.14,5.2,27630677.0,143475233.0,2174471300.0,0.012706848326763383
2022-02-08,5.2,5.37,5.16,5.35,25354113.0,133981145.0,2174471300.0,0.011659897741579758
2022-02-09,5.35,5.45,5.3,5.39,20817319.0,112408548.0,2174471300.0,0.009573508282220143
2022-02-10,5.42,5.51,5.39,5.47,19184154.0,104513798.0,2174471300.0,0.00882244525370374
2022-02-11,5.42,5.47,5.36,5.38,18751880.0,101408423.0,2174471300.0,0.008623650263859542
2022-02-14,5.35,5.39,5.27,5.3,15973600.0,85068314.0,2174471300.0,0.007345969569706438
2022-02-15,5.32,5.33,5.22,5.25,13653696.0,71744549.0,2174471300.0,0.006279087702836087
2022-02-16,5.29,5.32,5.26,5.29,11627601.0,61522423.0,2174471300.0,0.005347323278076836
2022-02-17,5.27,5.32,5.25,5.26,13468299.0,71093832.0,2174471300.0,0.0061938269776198015
2022-02-18,5.22,5.31,5.2,5.25,22890062.0,120119853.0,2174471300.0,0.01052672527800206
2022-02-21,5.26,5.27,5.21,5.26,20733288.0,108500035.0,2174471300.0,0.009534863946008392
2022-02-22,5.26,5.27,5.14,5.17,22294600.0,115531361.0,2174471300.0,0.010252883080130788
2022-02-23,5.17,5.22,5.16,5.21,21116900.0,109433853.0,2174471300.0,0.009711280162676784
2022-02-24,5.21,5.38,5.14,5.17,52375809.0,276248780.0,2174471300.0,0.024086686727021873
2022-02-25,5.2,5.31,5.14,5.26,32914252.0,171979763.0,2174471300.0,0.015136668853711704
2022-02-28,5.25,5.33,5.19,5.23,20838838.0,109263843.0,2174471300.0,0.009583404480896115
2022-03-01,5.25,5.35,5.22,5.26,22020329.0,115972927.0,2174471300.0,0.010126750810645327
2022-03-02,5.26,5.26,5.21,5.24,14435377.0,75559198.0,2174471300.0,0.006638568648848113
2022-03-03,5.26,5.39,5.25,5.38,40741253.0,217515076.0,2174471300.0,0.018736164970307955
2022-03-04,5.37,5.37,5.26,5.3,25209623.0,133555303.0,2174471300.0,0.011593449405379597
2022-03-07,5.28,5.33,5.17,5.21,30401887.0,159059882.0,2174471300.0,0.013981277655860531
2022-03-08,5.2,5.21,4.96,4.97,40197188.0,202983681.0,2174471300.0,0.01848595932261787
2022-03-09,4.98,5.06,4.7,4.89,30340700.0,149098698.0,2174471300.0,0.013953138861846556
2022-03-10,4.99,5.16,4.92,5.12,34209599.0,173547661.0,2174471300.0,0.015732375497437008
2022-03-11,5.07,5.09,4.95,5.07,21695257.0,109003709.0,2174471300.0,0.009977256080593015
2022-03-14,5.05,5.07,4.88,4.89,20458805.0,101638724.0,2174471300.0,0.009408634181559444
2022-03-15,4.88,4.88,4.56,4.57,38179850.0,179221718.0,2174471300.0,0.017558222083685352
2022-03-16,4.64,4.72,4.49,4.69,22989574.0,105919218.0,2174471300.0,0.010572489045957976
2022-03-17,4.74,4.79,4.71,4.73,18184685.0,86351203.0,2174471300.0,0.008362807547747354
2022-03-18,4.72,4.91,4.67,4.88,23964865.0,115777970.0,2174471300.0,0.011021007727257656
2022-03-21,4.87,4.95,4.77,4.83,17156386.0,82770315.0,2174471300.0,0.007889911446520357
2022-03-22,4.81,4.88,4.76,4.84,12383766.0,59673527.0,2174471300.0,0.0056950698774456115
2022-03-23,4.9,4.94,4.83,4.84,13400874.0,65349499.0,2174471300.0,0.006162819440293371
2022-03-24,4.81,4.83,4.77,4.78,12020300.0,57557021.0,2174471300.0,0.005527918441600034
2022-03-25,4.76,4.81,4.74,4.76,13827049.0,65955547.0,2174471300.0,0.006358809610409666
2022-03-28,4.74,4.87,4.63,4.82,16268875.0,77846393.0,2174471300.0,0.007481761198687699
2022-03-29,4.86,4.86,4.78,4.82,13687577.0,66034460.0,2174471300.0,0.006294668961599999
2022-03-30,4.83,4.87,4.8,4.85,12134850.0,58661722.0,2174471300.0,0.005580597913616979
2022-03-31,4.83,4.89,4.81,4.84,11739475.0,56948030.0,2174471300.0,0.0053987721061206926
2022-04-01,4.86,4.89,4.79,4.88,16932417.0,82123941.0,2174471300.0,0.007786912156532027
2022-04-06,4.88,4.98,4.84,4.98,18184265.0,89640692.0,2174471300.0,0.00836261439734799
2022-04-07,4.95,4.98,4.86,4.86,11877764.0,58374615.0,2174471300.0,0.005462368714638818
2022-04-08,4.85,4.9,4.79,4.87,13015637.0,62919748.0,2174471300.0,0.005985655915532203
2022-04-11,4.86,4.87,4.72,4.76,16798404.0,80329981.0,2174471300.0,0.007725282003032186
2022-04-12,4.7,4.84,4.66,4.84,14842003.0,70270317.0,2174471300.0,0.006825568587637831
2022-04-13,4.82,4.82,4.72,4.73,12363157.0,58971161.0,2174471300.0,0.005685592171301594
2022-04-14,4.76,4.79,4.73,4.74,9144250.0,43497528.0,2174471300.0,0.004205275093766471
2022-04-15,4.73,4.81,4.73,4.74,11518757.0,54836329.0,2174471300.0,0.005297267892199819
2022-04-18,4.74,4.76,4.64,4.72,13055100.0,61168921.0,2174471300.0,0.00600380423508004
2022-04-19,4.71,4.82,4.68,4.74,12956284.0,61609846.0,2174471300.0,0.005958360544928784
2022-04-20,4.72,4.76,4.63,4.65,13670737.0,64017882.0,2174471300.0,0.006286924550349319
2022-04-21,4.64,4.66,4.43,4.45,21534962.0,97580724.0,2174471300.0,0.009903539310912037
2022-04-22,4.45,4.58,4.33,4.54,17458902.0,77859701.0,2174471300.0,0.008029033080363028
2022-04-25,4.48,4.52,4.28,4.29,25781676.0,113811387.0,2174471300.0,0.01185652622777776
2022-04-26,4.31,4.36,4.08,4.11,26141497.0,110686062.0,2174471300.0,0.012022001394086
2022-04-27,4.07,4.32,4.02,4.32,27001081.0,112425033.0,2174471300.0,0.012417308520006679
2022-04-28,4.29,4.29,4.13,4.19,21775766.0,91691526.0,2174471300.0,0.01001428071274153
2022-04-29,4.19,4.25,4.09,4.22,28698635.0,119800942.0,2174471300.0,0.013197982884391253
2022-05-05,4.18,4.23,4.16,4.17,21933742.0,91945538.0,2174471300.0,0.010086931016288879
2022-05-06,4.12,4.12,4.02,4.03,22851141.0,92615911.0,2174471300.0,0.010508826214445783
2022-05-09,4.02,4.07,3.98,4.0,20805501.0,83470085.0,2174471300.0,0.00956807339788757
2022-05-10,3.94,4.08,3.9,4.05,31369612.0,125641422.0,2174471300.0,0.014426316870680243
2022-05-11,4.06,4.18,4.05,4.1,26983332.0,111228981.0,2174471300.0,0.012409146076105947
2022-05-12,4.16,4.25,4.09,4.14,29302668.0,122531972.0,2174471300.0,0.013475766730055256
2022-05-13,4.13,4.19,4.1,4.18,18030811.0,74879471.0,2174471300.0,0.008292043679767123
2022-05-16,4.19,4.2,4.1,4.13,18392587.0,76064601.0,2174471300.0,0.008458417915196213
2022-05-17,4.13,4.13,4.03,4.08,15855023.0,64463121.0,2174471300.0,0.0072914381532651175
2022-05-18,4.04,4.1,4.01,4.06,16239805.0,65758383.0,2174471300.0,0.007468392431760309
2022-05-19,4.01,4.1,4.0,4.1,14539965.0,58929340.0,2174471300.0,0.0066866667773449115
2022-05-20,4.1,4.19,4.09,4.19,22068216.0,91684890.0,2174471300.0,0.010148773175346118
2022-05-23,4.19,4.22,4.16,4.18,13561445.0,56688145.0,2174471300.0,0.0062366631373796475
2022-05-24,4.18,4.21,4.02,4.03,19126865.0,78514503.0,2174471300.0,0.008796099079348621
2022-05-25,4.02,4.16,4.01,4.15,14487145.0,59564778.0,2174471300.0,0.006662375815215405
2022-05-26,4.18,4.21,4.13,4.2,16267589.0,67986112.0,2174471300.0,0.007481169790560124
2022-05-27,4.19,4.22,4.16,4.21,14866449.0,62317875.0,2174471300.0,0.006836810860644608
2022-05-30,4.22,4.23,4.17,4.23,14095418.0,59282712.0,2174471300.0,0.006482227656902163
2022-05-31,4.25,4.38,4.2,4.36,28712390.0,123897573.0,2174471300.0,0.013204308559970417
2022-06-01,4.35,4.36,4.27,4.33,15141323.0,65302239.0,2174471300.0,0.006963220438917727
2022-06-02,4.3,4.33,4.27,4.3,11094230.0,47759245.0,2174471300.0,0.005102035607460076
2022-06-06,4.3,4.35,4.26,4.31,14853959.0,63840245.0,2174471300.0,0.006831066935673053
2022-06-07,4.44,4.59,4.39,4.47,42469897.0,189890684.0,2174471300.0,0.019531137063064478
2022-06-08,4.53,4.92,4.47,4.92,115046623.0,558045148.0,2174471300.0,0.05290785994738123
2022-06-09,4.87,5.26,4.71,4.71,131475655.0,649510434.0,2174471300.0,0.060463274452047265
2022-06-10,4.62,4.77,4.52,4.76,71550912.0,334488427.0,2174471300.0,0.032904969589619325
2022-06-13,4.64,4.69,4.51,4.58,54288903.0,249204308.0,2174471300.0,0.02496648403683231
2022-06-14,4.51,4.63,4.48,4.63,43614124.0,199093608.0,2174471300.0,0.020057346353571096
2022-06-15,4.62,4.62,4.52,4.53,40966823.0,186770067.0,2174471300.0,0.018839900531223384
2022-06-16,4.53,4.56,4.48,4.5,25671093.0,115848235.0,2174471300.0,0.011805671107270994
2022-06-17,4.48,4.52,4.44,4.51,21869115.0,97953288.0,2174471300.0,0.010057210228527735
2022-06-20,4.6,4.64,4.53,4.55,33539913.0,153488040.0,2174471300.0,0.015424399025179131
2022-06-21,4.59,4.65,4.54,4.65,41764874.0,192236527.0,2174471300.0,0.019206909743991564
2022-06-22,4.61,4.64,4.5,4.51,26837500.0,122341479.0,2174471300.0,0.01234208057839163
2022-06-23,4.52,4.54,4.44,4.53,19725688.0,88506455.0,2174471300.0,0.009071486940296705
2022-06-24,4.56,4.56,4.46,4.49,18289498.0,82415079.0,2174471300.0,0.008411009149672383
2022-06-27,4.51,4.53,4.45,4.46,18927055.0,84849370.0,2174471300.0,0.008704210076260837
2022-06-28,4.45,4.51,4.44,4.49,17229031.0,77187453.0,2174471300.0,0.007923319567381735
2022-06-29,4.5,4.5,4.41,4.43,20734052.0,92127636.0,2174471300.0,0.009535215295782473
2022-06-30,4.43,4.44,4.35,4.38,27316973.0,120016386.0,2174471300.0,0.012562581534187184
2022-07-01,4.38,4.45,4.36,4.37,23685543.0,104354181.0,2174471300.0,0.010892552594278895
2022-07-04,4.36,4.74,4.33,4.62,70688905.0,322569913.0,2174471300.0,0.03250854816984708
2022-07-05,4.63,4.72,4.55,4.67,48471145.0,225337873.0,2174471300.0,0.02229100241516179
2022-07-06,4.64,4.72,4.62,4.71,37829737.0,176936908.0,2174471300.0,0.017397211450893832
2022-07-07,4.7,5.17,4.66,4.98,89497801.0,442435385.0,2174471300.0,0.041158419060302154
2022-07-08,4.99,5.04,4.87,4.97,46530827.0,229327737.0,2174471300.0,0.02139868528041736
2022-07-11,4.97,5.43,4.94,5.41,124561526.0,648874533.0,2174471300.0,0.057283591648231914
2022-07-12,5.36,5.55,5.26,5.32,90299600.0,487518286.0,2174471300.0,0.041527151910443705
2022-07-13,5.34,5.56,5.27,5.44,63558335.0,346365731.0,2174471300.0,0.02922932806701105
2022-07-14,5.43,5.51,5.31,5.34,53188307.0,286551445.0,2174471300.0,0.024460339853646262
2022-07-15,5.18,5.46,5.14,5.33,59472039.0,318693166.0,2174471300.0,0.027350114485300402
2022-07-18,5.33,5.58,5.28,5.5,59117673.0,320981235.0,2174471300.0,0.027187147974774374
2022-07-19,5.5,5.63,5.29,5.57,52565669.0,287656528.0,2174471300.0,0.024173999905172352
2022-07-20,5.59,5.63,5.38,5.41,28641253.0,156731580.0,2174471300.0,0.013171593941019135
2022-07-21,5.41,5.53,5.34,5.35,30147480.0,163882935.0,2174471300.0,0.013864280480501168
2022-07-22,5.35,5.41,5.13,5.21,52159049.0,273252299.0,2174471300.0,0.023987002725674052
2022-07-25,5.24,5.25,5.04,5.07,27151722.0,139140588.0,2174471300.0,0.012486585589793712
2022-07-26,5.08,5.11,4.95,5.06,24593704.0,123467072.0,2174471300.0,0.011310199403413603
2022-07-27,5.06,5.17,5.01,5.09,18310192.0,93385210.0,2174471300.0,0.008420525945778176
2022-07-28,5.1,5.15,4.97,4.99,26812600.0,134786961.0,2174471300.0,0.012330629519000779
2022-07-29,5.01,5.11,4.93,5.04,26852675.0,135683930.0,2174471300.0,0.012349059286273403
2022-08-01,5.02,5.04,4.89,4.93,27480474.0,135373266.0,2174471300.0,0.012637772685249973
2022-08-02,4.88,4.89,4.67,4.79,31569010.0,150678546.0,2174471300.0,0.014518016402423891
2022-08-03,4.76,4.93,4.72,4.73,17762675.0,85774725.0,2174471300.0,0.008168732785758083
2022-08-04,4.75,4.97,4.75,4.89,24093637.0,117380479.0,2174471300.0,0.011080227639702579
2022-08-05,4.88,4.89,4.74,4.83,18577870.0,89058295.0,2174471300.0,0.008543626213875529
2022-08-08,4.8,5.03,4.76,5.02,34269762.0,168284241.0,2174471300.0,0.01576004337238206
2022-08-09,5.02,5.02,4.8,4.85,37159945.0,181101139.0,2174471300.0,0.017089186231154213
2022-08-10,4.82,4.85,4.73,4.77,20840694.0,99455949.0,2174471300.0,0.009584258021708541
2022-08-11,4.8,5.04,4.76,4.98,39925814.0,197710165.0,2174471300.0,0.018361159331006117
2022-08-12,4.97,5.12,4.93,5.08,30983170.0,156657419.0,2174471300.0,0.014248599188225661
2022-08-15,5.13,5.28,5.01,5.21,31910554.0,164583926.0,2174471300.0,0.014675086307186487
2022-08-16,5.27,5.38,5.1,5.17,29851555.0,155577758.0,2174471300.0,0.013728189928282796
2022-08-17,5.22,5.28,5.16,5.22,23240746.0,121448750.0,2174471300.0,0.010687998503360333
2022-08-18,5.22,5.4,5.16,5.27,40819062.0,216727819.0,2174471300.0,0.0187719479213177
2022-08-19,5.24,5.55,5.16,5.5,59934013.0,324047138.0,2174471300.0,0.027562567967671037
2022-08-22,5.46,5.53,5.26,5.29,35800705.0,191510350.0,2174471300.0,0.016464096352984747
2022-08-23,5.27,5.38,5.19,5.37,25519404.0,135842516.0,2174471300.0,0.011735912081249359
2022-08-24,5.36,5.39,5.18,5.2,24737756.0,129873805.0,2174471300.0,0.011376446311340141
2022-08-25,5.26,5.43,5.22,5.4,26599277.0,141934631.0,2174471300.0,0.012232526131754417
2022-08-26,5.38,5.45,5.27,5.39,23943350.0,128506979.0,2174471300.0,0.011011113368109296
2022-08-29,5.3,5.39,5.23,5.34,20646900.0,109568051.0,2174471300.0,0.009495135668150691
2022-08-30,5.3,5.39,5.21,5.28,13728775.0,72336471.0,2174471300.0,0.006313615176249969
2022-08-31,5.28,5.33,5.07,5.12,22229426.0,114804301.0,2174471300.0,0.010222910736968568
2022-09-01,5.12,5.17,4.99,5.03,17699785.0,89630435.0,2174471300.0,0.008139810812862878
2022-09-02,5.04,5.36,5.03,5.18,26498150.0,137882948.0,2174471300.0,0.012186019654524757
2022-09-05,5.19,5.31,5.09,5.22,18356367.0,95362154.0,2174471300.0,0.008441760992660606
2022-09-06,5.19,5.46,5.17,5.44,31866349.0,171355295.0,2174471300.0,0.014654757227653453
2022-09-07,5.46,5.66,5.33,5.6,40791261.0,224946464.0,2174471300.0,0.01875916274452553
2022-09-08,5.75,6.16,5.63,5.69,182696451.0,1092006629.0,2174471300.0,0.08401879160235409
2022-09-09,5.64,5.74,5.45,5.52,100797708.0,560515987.0,2174471300.0,0.046355041797976365
2022-09-13,5.52,5.58,5.34,5.38,75536119.0,409420431.0,2174471300.0,0.03473769416961263
2022-09-14,5.36,5.42,5.23,5.29,38307345.0,203337318.0,2174471300.0,0.017616854726939832
2022-09-15,5.34,5.35,5.02,5.11,43001652.0,220750723.0,2174471300.0,0.019775681564525593
2022-09-16,5.11,5.16,4.85,4.85,32276400.0,160473482.0,2174471300.0,0.014843332261961793
2022-09-19,4.81,4.93,4.72,4.84,21671919.0,104122244.0,2174471300.0,0.009966523356735037
2022-09-20,4.87,5.03,4.84,4.98,20592700.0,101644115.0,2174471300.0,0.009470210068994702
2022-09-21,4.97,5.05,4.88,5.0,16977951.0,84692977.0,2174471300.0,0.007807852419114476
2022-09-22,4.97,5.02,4.92,4.96,11318684.0,56268804.0,2174471300.0,0.00520525794017148
2022-09-23,4.96,4.99,4.79,4.89,13734643.0,67083383.0,2174471300.0,0.006316313763258223
2022-09-26,4.92,4.94,4.77,4.79,14586746.0,70346757.0,2174471300.0,0.00670818051266071
2022-09-27,4.82,5.04,4.78,5.03,20454610.0,100800929.0,2174471300.0,0.009406704976975322
2022-09-28,5.03,5.05,4.84,4.93,17585340.0,86593832.0,2174471300.0,0.008087179628445774
2022-09-29,4.99,4.99,4.69,4.73,21512704.0,103217299.0,2174471300.0,0.009893303259509564
2022-09-30,4.73,4.84,4.7,4.72,19950533.0,95170807.0,2174471300.0,0.00917488908683228
2022-10-10,4.73,4.87,4.72,4.75,17204566.0,82467783.0,2174471300.0,0.007912068556618797
2022-10-11,4.73,4.93,4.69,4.92,15629527.0,75790802.0,2174471300.0,0.00718773662361053
2022-10-12,4.92,5.0,4.83,4.98,12052135.0,59285291.0,2174471300.0,0.005542558781989903
2022-10-13,4.98,5.11,4.96,5.08,18145575.0,91748268.0,2174471300.0,0.008344821566511363
2022-10-14,5.08,5.12,5.03,5.04,15085349.0,76349641.0,2174471300.0,0.006937479009265378
2022-10-17,5.0,5.23,4.94,5.19,29377082.0,150112754.0,2174471300.0,0.013509988382003478
2022-10-18,5.18,5.26,5.15,5.16,21997624.0,114415717.0,2174471300.0,0.010116309192032104
2022-10-19,5.16,5.17,4.94,4.95,22357724.0,112388024.0,2174471300.0,0.010281912665391352
2022-10-20,4.94,5.02,4.85,4.88,21108875.0,103719010.0,2174471300.0,0.009707589610403227
2022-10-21,4.88,5.08,4.87,5.01,18908180.0,94860066.0,2174471300.0,0.00869552980533705
2022-10-24,5.04,5.11,4.97,5.01,18170824.0,91572977.0,2174471300.0,0.008356433124686447
2022-10-25,5.01,5.05,4.91,5.0,12296193.0,61241387.0,2174471300.0,0.005654796639532562
2022-10-26,5.01,5.06,4.85,4.88,24088230.0,119080005.0,2174471300.0,0.011077741058251723
2022-10-27,4.91,5.08,4.9,5.04,30332529.0,151421444.0,2174471300.0,0.013949381166815124
2022-10-28,5.12,5.48,5.08,5.29,87272496.0,466379710.0,2174471300.0,0.040135041561597064
2022-10-31,5.29,5.45,5.17,5.37,47155271.0,251258657.0,2174471300.0,0.021685855775608536
2022-11-01,5.35,5.44,5.27,5.41,30488780.0,162782885.0,2174471300.0,0.014021238174079373
2022-11-02,5.37,5.66,5.36,5.59,40585873.0,226319564.0,2174471300.0,0.018664708520181435
2022-11-03,5.58,5.65,5.53,5.6,25259775.0,141297238.0,2174471300.0,0.011616513402591242
2022-11-04,5.55,5.68,5.51,5.56,26480963.0,147692878.0,2174471300.0,0.012178115664253652
2022-11-07,5.56,5.61,5.34,5.42,41871492.0,227533885.0,2174471300.0,0.01925594143275195
2022-11-08,5.44,5.49,5.36,5.45,22581829.0,122693884.0,2174471300.0,0.010384974499318524
2022-11-09,5.39,5.47,5.34,5.43,21065445.0,113580706.0,2174471300.0,0.00968761693934521
2022-11-10,5.45,5.61,5.41,5.42,31818975.0,175310360.0,2174471300.0,0.01463297078236903
2022-11-11,5.47,5.52,5.35,5.37,21823145.0,117884715.0,2174471300.0,0.01003606945743547
2022-11-14,5.37,5.51,5.36,5.39,18686376.0,101095073.0,2174471300.0,0.008593526159669249
2022-11-15,5.4,5.47,5.38,5.44,14389004.0,78069449.0,2174471300.0,0.00661724254534884
2022-11-16,5.88,5.98,5.79,5.98,107112630.0,637783955.0,2174471300.0,0.049259160146192776
2022-11-17,5.81,5.96,5.7,5.82,76257268.0,443320805.0,2174471300.0,0.03506933754425731
2022-11-18,5.81,6.34,5.74,6.26,97273563.0,595585851.0,2174471300.0,0.04473435128805793
2022-11-21,6.18,6.63,6.12,6.38,79518268.0,508504820.0,2174471300.0,0.03656901243074581
2022-11-22,6.4,6.55,6.25,6.3,53696873.0,343717791.0,2174471300.0,0.024694220153652982
2022-11-23,6.3,6.4,6.18,6.33,43211317.0,271860972.0,2174471300.0,0.01987210270376988
2022-11-24,6.35,6.54,6.35,6.47,36616793.0,236605181.0,2174471300.0,0.016839400455641793
2022-11-25,6.45,6.54,6.37,6.45,27821310.0,179213692.0,2174471300.0,0.012794516993625072
2022-11-28,6.4,6.71,6.24,6.65,60663693.0,397621665.0,2174471300.0,0.027898134594832317
2022-11-29,6.65,6.65,6.4,6.55,41693241.0,270772724.0,2174471300.0,0.01917396702361627
2022-11-30,6.41,6.61,6.34,6.54,38727734.0,251575901.0,2174471300.0,0.01781018402036394
2022-12-01,6.56,6.6,6.48,6.54,23380975.0,152753977.0,2174471300.0,0.01075248728277076
2022-12-02,6.51,6.68,6.47,6.5,25260607.0,165197778.0,2174471300.0,0.011616896024334742
2022-12-05,6.5,6.55,6.41,6.48,25571957.0,165531082.0,2174471300.0,0.0117600802549107
2022-12-06,6.54,6.68,6.34,6.37,26679271.0,172695129.0,2174471300.0,0.012269313924722759
2022-12-07,6.42,6.55,6.28,6.4,32086023.0,205120211.0,2174471300.0,0.014755781324867337
2022-12-08,6.41,6.58,6.34,6.41,31393548.0,202428458.0,2174471300.0,0.014437324603916363
2022-12-09,6.41,6.45,6.3,6.31,39643761.0,251895541.0,2174471300.0,0.018231448260549586
2022-12-12,6.27,6.41,6.21,6.33,26642847.0,168226781.0,2174471300.0,0.01225256318627889
2022-12-13,6.28,6.35,6.25,6.28,16186546.0,101965298.0,2174471300.0,0.007443899581475276
2022-12-14,6.27,6.29,6.2,6.21,14989880.0,93502646.0,2174471300.0,0.0068935745438442894
2022-12-15,6.21,6.28,6.16,6.21,13345719.0,82853094.0,2174471300.0,0.0061374546539197826
2022-12-16,6.27,6.38,6.16,6.2,17385553.0,108566951.0,2174471300.0,0.007995301202641764
2022-12-19,6.15,6.28,6.1,6.12,20821486.0,128091786.0,2174471300.0,0.009575424610110973
2022-12-20,6.13,6.21,6.06,6.16,16282128.0,100215119.0,2174471300.0,0.007487856013551432
2022-12-21,6.15,6.2,6.08,6.12,14123000.0,86396485.0,2174471300.0,0.006494912119557522
2022-12-22,6.1,6.15,6.06,6.1,13349153.0,81363067.0,2174471300.0,0.006139033888375533
2022-12-23,6.07,6.26,6.02,6.18,15542450.0,95864588.0,2174471300.0,0.00714769148712149
2022-12-26,6.17,6.61,6.11,6.56,31494462.0,202478509.0,2174471300.0,0.014483733126300632
2022-12-27,6.56,6.6,6.44,6.47,20622066.0,133812246.0,2174471300.0,0.009483714960965454
2022-12-28,6.45,6.67,6.39,6.48,39224700.0,256146914.0,2174471300.0,0.018038729690292993
2022-12-29,6.48,6.52,6.37,6.42,12426562.0,79938041.0,2174471300.0,0.00571475098337697
2022-12-30,6.4,6.56,6.37,6.5,16192591.0,104947642.0,2174471300.0,0.007446679567580405
2023-01-03,6.51,6.74,6.49,6.69,25759286.0,171611179.0,2174471375.0,0.011846229063374082
2023-01-04,6.65,6.71,6.59,6.63,15641799.0,103833717.0,2174471375.0,0.007193380046219279
2023-01-05,6.65,6.7,6.6,6.63,17334368.0,115114351.0,2174471375.0,0.00797176187246889
2023-01-06,6.63,6.69,6.6,6.62,12131307.0,80572025.0,2174471375.0,0.00557896835960878
2023-01-09,6.62,6.65,6.45,6.49,16514529.0,107926771.0,2174471375.0,0.007594732765796928
2023-01-10,6.48,6.52,6.43,6.46,8756320.0,56614742.0,2174471375.0,0.004026872968148408
2023-01-11,6.48,6.5,6.38,6.4,14164001.0,90899339.0,2174471375.0,0.006513767512805267
2023-01-12,6.39,6.44,6.31,6.34,11169901.0,71115231.0,2174471375.0,0.005136835153785366
2023-01-13,6.36,6.4,6.31,6.38,8929914.0,56789844.0,2174471375.0,0.0041067057045071475
2023-01-16,6.35,6.48,6.34,6.38,12884263.0,82655492.0,2174471375.0,0.00592523918600676
2023-01-17,6.41,6.42,6.26,6.28,12500600.0,78829093.0,2174471375.0,0.005748799521446908
2023-01-18,6.28,6.41,6.24,6.35,11627064.0,73826597.0,2174471375.0,0.005347076137068026
2023-01-19,6.38,6.4,6.3,6.31,8957841.0,56854789.0,2174471375.0,0.004119548825976153
2023-01-20,6.34,6.44,6.31,6.38,11895362.0,75979376.0,2174471375.0,0.00547046152768969
2023-01-30,6.45,6.68,6.43,6.66,19396669.0,127587487.0,2174471375.0,0.008920176748705188
2023-01-31,6.66,6.68,6.45,6.47,13924745.0,91016159.0,2174471375.0,0.006403738011957044
2023-02-01,6.46,6.49,6.21,6.28,26523168.0,167612105.0,2174471375.0,0.01219752455927363
2023-02-02,6.28,6.31,6.19,6.24,22153763.0,138667455.0,2174471375.0,0.010188114341123483
2023-02-03,6.28,6.28,6.07,6.12,18031406.0,110655021.0,2174471375.0,0.008292317023488064
2023-02-06,6.12,6.39,6.07,6.27,24403569.0,153295932.0,2174471375.0,0.011222759370653937
2023-02-07,6.26,6.58,6.22,6.49,41170301.0,267217228.0,2174471375.0,0.018933475728095065
2023-02-08,6.52,6.67,6.31,6.32,29453176.0,191705810.0,2174471375.0,0.013544982168367243
2023-02-09,6.36,6.37,6.16,6.24,25254791.0,157267734.0,2174471375.0,0.011614220950597706
2023-02-10,6.2,6.81,6.2,6.71,53110565.0,346527445.0,2174471375.0,0.024424586872292122
2023-02-13,6.75,7.11,6.66,6.71,61042774.0,416553953.0,2174471375.0,0.02807246611834566
2023-02-14,6.71,6.86,6.65,6.72,23243210.0,156784168.0,2174471375.0,0.010689131283689582
2023-02-15,6.72,6.75,6.45,6.49,25165374.0,164546699.0,2174471375.0,0.011573099691873387
2023-02-16,6.52,6.69,6.39,6.45,23281397.0,152121842.0,2174471375.0,0.01070669279332316
2023-02-17,6.43,6.52,6.32,6.43,19275305.0,123843747.0,2174471375.0,0.008864363643324576
2023-02-20,6.45,6.48,6.3,6.45,19224267.0,122912342.0,2174471375.0,0.008840892191556211
2023-02-21,6.45,6.46,6.2,6.24,35320782.0,221471652.0,2174471375.0,0.01624338789007972
2023-02-22,6.24,6.28,6.15,6.2,21262131.0,131691309.0,2174471375.0,0.00977806893411048
2023-02-23,6.18,6.22,6.14,6.18,13725063.0,84738688.0,2174471375.0,0.006311907876920201
2023-02-24,6.18,6.19,6.11,6.15,11155224.0,68614833.0,2174471375.0,0.0051300854673242136
2023-02-27,6.15,6.15,5.96,5.99,31750243.0,191383436.0,2174471375.0,0.014601361675777406
2023-02-28,6.02,6.12,5.96,6.03,35820529.0,215769668.0,2174471375.0,0.01647321248365479
2023-03-01,6.0,6.07,5.98,6.03,15449423.0,93064866.0,2174471375.0,0.007104909808251673
2023-03-02,6.04,6.16,6.02,6.11,18501100.0,112773277.0,2174471375.0,0.00850832078670155
2023-03-03,6.11,6.55,6.08,6.48,65357018.0,416764241.0,2174471375.0,0.030056508791705756
2023-03-06,6.48,6.75,6.4,6.69,47246488.0,312118594.0,2174471375.0,0.021727804073760227
2023-03-07,6.65,6.72,6.5,6.55,25879829.0,171656641.0,2174471375.0,0.01190166460572515
2023-03-08,6.55,6.58,6.39,6.43,19893357.0,128496632.0,2174471375.0,0.009148594563586748
2023-03-09,6.46,6.52,6.39,6.45,13737150.0,88633496.0,2174471375.0,0.006317466469293025
2023-03-10,6.44,6.47,6.35,6.35,14803279.0,94485445.0,2174471375.0,0.006807759886009077
2023-03-13,6.33,6.42,6.3,6.34,13354470.0,84726420.0,2174471375.0,0.006141478868628473
2023-03-14,6.38,6.68,6.3,6.64,35142079.0,229921595.0,2174471375.0,0.016161205617158333
2023-03-15,6.65,6.68,6.49,6.53,26291728.0,172748243.0,2174471375.0,0.01209108949525721
2023-03-16,6.52,6.74,6.41,6.64,44306052.0,293469562.0,2174471375.0,0.02037555081634496
2023-03-17,6.63,6.72,6.53,6.63,24348415.0,162051576.0,2174471375.0,0.011197395045037096
2023-03-20,6.6,6.78,6.45,6.48,20645587.0,136416702.0,2174471375.0,0.009494531515734485
2023-03-21,6.52,6.58,6.44,6.45,16861571.0,109491506.0,2174471375.0,0.0077543310957588485
2023-03-22,6.45,6.49,6.3,6.33,18676245.0,118411583.0,2174471375.0,0.008588866799867622
2023-03-23,6.32,6.32,6.18,6.21,19438608.0,120829284.0,2174471375.0,0.008939463735180234
2023-03-24,6.23,6.27,6.04,6.09,28573037.0,174991630.0,2174471375.0,0.013140222183885957
2023-03-27,6.09,6.1,5.96,6.0,24739100.0,148597689.0,2174471375.0,0.011377064000210166
2023-03-28,6.03,6.03,5.83,5.85,22044728.0,130191453.0,2174471375.0,0.010137971119532442
2023-03-29,5.87,5.92,5.79,5.87,14778106.0,86620555.0,2174471375.0,0.00679618327925793
2023-03-30,5.86,5.92,5.79,5.86,15605650.0,91376778.0,2174471375.0,0.007176755775872194
2023-03-31,5.87,6.07,5.84,6.05,18107157.0,108651462.0,2174471375.0,0.008327153536339378
2023-04-03,6.04,6.05,5.89,5.89,23854839.0,141487152.0,2174471375.0,0.01097040838258908
2023-04-04,5.9,6.0,5.71,5.97,37464221.0,218748491.0,2174471375.0,0.017229116662894676
2023-04-06,5.95,6.26,5.87,6.07,37443536.0,228292594.0,2174471375.0,0.017219604006054115
2023-04-07,6.12,6.3,6.07,6.17,28438443.0,176078069.0,2174471375.0,0.013078324841135238
2023-04-10,6.14,6.71,6.1,6.64,66913247.0,433792268.0,2174471375.0,0.03077219032142927
2023-04-11,6.63,6.63,6.25,6.3,51341663.0,326494866.0,2174471375.0,0.02361110088193274
2023-04-12,6.26,6.31,6.17,6.19,19625696.0,122095378.0,2174471375.0,0.009025502117727348
2023-04-13,6.25,6.39,6.21,6.35,21378036.0,134608216.0,2174471375.0,0.009831371544267857
2023-04-14,6.35,6.97,6.32,6.93,93254323.0,630781509.0,2174471375.0,0.042885974068065165
2023-04-17,6.95,6.96,6.65,6.71,43718358.0,294980547.0,2174471375.0,0.020105280990420027
2023-04-18,6.76,6.8,6.63,6.66,29594331.0,198200561.0,2174471375.0,0.013609896796181095
2023-04-19,6.75,6.82,6.65,6.69,22601697.0,151971991.0,2174471375.0,0.010394111074467466
2023-04-20,6.65,6.7,6.55,6.69,21013546.0,139259774.0,2174471375.0,0.00966374919513484
2023-04-21,6.7,6.75,6.58,6.61,16856658.0,112121846.0,2174471375.0,0.007752071696046125
2023-04-24,6.58,6.62,6.45,6.5,33766131.0,220037916.0,2174471375.0,0.015528432053974497
2023-04-25,6.57,6.85,6.54,6.62,41477754.0,276271887.0,2174471375.0,0.01907486779401729
2023-04-26,6.61,6.95,6.58,6.82,49199650.0,332633582.0,2174471375.0,0.022626027900689197
2023-04-27,6.8,6.8,6.57,6.71,30651613.0,204444074.0,2174471375.0,0.01409612163783945
2023-04-28,6.5,6.72,6.22,6.63,40033112.0,263564743.0,2174471375.0,0.018410503104461424
2023-05-04,6.65,6.96,6.62,6.82,44281167.0,302807880.0,2174471375.0,0.02036410665557738
2023-05-05,6.82,7.0,6.65,6.94,52049970.0,356333834.0,2174471375.0,0.02393683844194086
2023-05-08,6.94,7.5,6.91,6.95,90038231.0,642888694.0,2174471375.0,0.04140695160910086
2023-05-09,7.02,7.1,6.85,6.87,35936507.0,249937882.0,2174471375.0,0.016526548665189947
2023-05-10,6.9,6.93,6.75,6.78,26100042.0,178349640.0,2174471375.0,0.012002936575791897
2023-05-11,6.79,7.14,6.77,6.93,33684769.0,235272341.0,2174471375.0,0.015491015143853067
2023-05-12,6.9,7.3,6.85,7.12,61484417.0,440548396.0,2174471375.0,0.028275569734736102
2023-05-15,7.27,7.4,6.84,6.96,59639121.0,417985897.0,2174471375.0,0.02742695152747182
2023-05-16,7.06,7.06,6.81,6.93,27935134.0,193458579.0,2174471375.0,0.012846862148277302
2023-05-17,6.87,7.1,6.74,7.0,33789419.0,234276291.0,2174471375.0,0.015539141783367924
2023-05-18,6.97,7.11,6.85,6.9,33593883.0,233747281.0,2174471375.0,0.015449218318636179
2023-05-19,6.88,7.05,6.78,6.92,25369047.0,175487103.0,2174471375.0,0.011666765215522784
2023-05-22,6.91,7.34,6.85,7.27,56099043.0,404081862.0,2174471375.0,0.025798933775341145
2023-05-23,7.3,7.35,7.12,7.18,37992250.0,274388529.0,2174471375.0,0.017471947636008775
2023-05-24,7.12,7.35,7.08,7.19,37705307.0,271354728.0,2174471375.0,0.017339987747596815
2023-05-25,7.16,7.5,7.13,7.29,46045016.0,336640950.0,2174471375.0,0.021175268862759805
2023-05-26,7.23,7.8,7.23,7.53,72700735.0,555353426.0,2174471375.0,0.03343375122608823
2023-05-29,7.48,7.95,7.45,7.8,68131915.0,529862024.0,2174471375.0,0.03133263366136517
2023-05-30,7.76,7.77,7.54,7.6,55507899.0,424443989.0,2174471375.0,0.025527077356904734
2023-05-31,7.66,7.86,7.58,7.84,53097237.0,410532891.0,2174471375.0,0.02441845756649705
2023-06-01,7.8,7.92,7.56,7.71,35310730.0,272183929.0,2174471375.0,0.016238765157347724
2023-06-02,7.72,7.84,7.36,7.41,59826821.0,451099355.0,2174471375.0,0.027513271357734015
2023-06-05,7.39,7.64,7.3,7.54,40507551.0,303712813.0,2174471375.0,0.01862868900723055
2023-06-06,7.52,7.55,7.0,7.07,64568772.0,462368703.0,2174471375.0,0.029694008733501955
2023-06-07,7.08,7.11,7.0,7.08,20773640.0,146499976.0,2174471375.0,0.009553420771059817
2023-06-08,7.07,7.15,6.92,7.12,22196310.0,156420620.0,2174471375.0,0.01020768093578606
2023-06-09,7.1,7.45,7.03,7.33,34154582.0,248987252.0,2174471375.0,0.01570707363301115
2023-06-12,7.34,7.4,6.89,6.92,37282963.0,263103476.0,2174471375.0,0.017145759391751017
2023-06-13,6.92,7.02,6.83,6.96,16834862.0,116443224.0,2174471375.0,0.007742048110428678
2023-06-14,6.94,6.97,6.77,6.79,30275003.0,206373569.0,2174471375.0,0.013922925520231326
2023-06-15,6.8,6.98,6.67,6.91,44016418.0,301092348.0,2174471375.0,0.02024235338577405
2023-06-16,6.87,6.87,6.43,6.49,78506354.0,514828157.0,2174471375.0,0.03610365024924736
2023-06-19,6.49,6.71,6.4,6.55,49181743.0,322022322.0,2174471375.0,0.02261779279573179
2023-06-20,6.56,6.84,6.52,6.69,35329791.0,235823918.0,2174471375.0,0.016247530966003173
2023-06-21,6.66,7.0,6.66,6.82,44242564.0,304234587.0,2174471375.0,0.020346353835078653
2023-06-26,6.82,7.15,6.76,7.13,59281537.0,418012755.0,2174471375.0,0.027262505122653085
2023-06-27,7.15,7.23,6.86,7.15,48046640.0,339781011.0,2174471375.0,0.022095779485715235
2023-06-28,7.16,7.3,7.1,7.15,30858998.0,221336901.0,2174471375.0,0.01419149424305482
2023-06-29,7.0,7.21,6.99,7.11,24105222.0,171480291.0,2174471375.0,0.011085554989198236
2023-06-30,7.08,7.17,6.88,7.02,34996095.0,244484357.0,2174471375.0,0.016094070219710297
2023-07-03,6.98,7.32,6.98,7.19,36208213.0,260205024.0,2174471375.0,0.01665150133328382
2023-07-04,7.17,7.17,6.97,7.02,31813356.0,223950175.0,2174471375.0,0.014630386201335945
2023-07-05,7.05,7.14,6.94,6.97,30616354.0,214268853.0,2174471375.0,0.014079906662372136
2023-07-06,6.94,7.06,6.91,7.0,17262372.0,120619133.0,2174471375.0,0.007938652216104708
2023-07-07,6.97,7.19,6.89,6.97,31942995.0,224422595.0,2174471375.0,0.01469000482933467
2023-07-10,7.0,7.22,6.88,7.07,41028873.0,288597363.0,2174471375.0,0.018868435552525955
2023-07-11,7.06,7.18,6.94,7.0,28506731.0,199893454.0,2174471375.0,0.013109729255460997
2023-07-12,7.0,7.12,6.9,6.93,29254531.0,204511823.0,2174471375.0,0.013453628930847618
2023-07-13,6.88,6.88,6.7,6.83,35749741.0,242548800.0,2174471375.0,0.01644065836461057
2023-07-14,7.0,7.05,6.7,6.78,87866766.0,601559330.0,2174471375.0,0.04040833418651004
2023-07-17,6.74,6.75,6.59,6.67,40770498.0,271426338.0,2174471375.0,0.018749613569872814
2023-07-18,6.65,6.77,6.58,6.71,35763704.0,238881262.0,2174471375.0,0.01644707969540413
2023-07-19,6.69,6.72,6.54,6.63,28866914.0,191030860.0,2174471375.0,0.013275370893305044
2023-07-20,6.63,6.65,6.55,6.59,29414991.0,193845341.0,2174471375.0,0.01352742157849744
2023-07-21,6.6,6.64,6.48,6.54,18934119.0,123961363.0,2174471375.0,0.008707458381695184
2023-07-24,6.51,6.73,6.45,6.69,32334561.0,214156746.0,2174471375.0,0.014870078940450527
2023-07-25,6.7,6.72,6.41,6.45,65928300.0,427333551.0,2174471375.0,0.03031923103609492
2023-07-26,6.44,6.44,6.3,6.32,41838250.0,265539587.0,2174471375.0,0.019240653374892093
2023-07-27,6.34,6.44,6.33,6.39,26682388.0,170772605.0,2174471375.0,0.012270746953383095
2023-07-28,6.37,6.45,6.3,6.37,20103500.0,128039572.0,2174471375.0,0.009245235523047526
2023-07-31,6.4,6.52,6.32,6.5,39229100.0,251923248.0,2174471375.0,0.018040752548421107
2023-08-01,6.5,6.8,6.48,6.72,47665398.0,318693461.0,2174471375.0,0.021920453195204744
2023-08-02,6.72,6.88,6.62,6.85,46005729.0,312512685.0,2174471375.0,0.021157201483050104
2023-08-03,6.85,6.89,6.79,6.85,21581301.0,147738771.0,2174471375.0,0.0099248494361072
2023-08-04,6.83,6.93,6.72,6.73,19480529.0,132194550.0,2174471375.0,0.008958742443781307
2023-08-07,6.72,6.87,6.63,6.82,23018026.0,155752641.0,2174471375.0,0.010585573240760641
2023-08-08,6.8,6.91,6.77,6.82,14756675.0,100788233.0,2174471375.0,0.006786327550529379
2023-08-09,6.81,6.84,6.67,6.7,24162272.0,162298745.0,2174471375.0,0.01111179125087356
2023-08-10,6.7,6.78,6.65,6.7,11932311.0,80116631.0,2174471375.0,0.005487453703546684
2023-08-11,6.7,6.7,6.53,6.56,16595902.0,109317944.0,2174471375.0,0.007632154734619121
2023-08-14,6.53,6.72,6.46,6.7,22735482.0,150949181.0,2174471375.0,0.01045563637277129
2023-08-15,6.71,6.83,6.64,6.72,18243075.0,122632901.0,2174471375.0,0.008389659762708994
2023-08-16,6.69,6.74,6.6,6.71,15915004.0,106260106.0,2174471375.0,0.007319022077262341
2023-08-17,6.73,6.85,6.53,6.75,52599411.0,352829922.0,2174471375.0,0.02418951640602765
2023-08-18,6.75,6.76,6.42,6.43,43148307.0,283721331.0,2174471375.0,0.01984312486063423
2023-08-21,6.45,6.54,6.32,6.4,24128300.0,154868943.0,2174471375.0,0.011096168143395311
2023-08-22,6.43,6.48,6.07,6.18,56125196.0,347924809.0,2174471375.0,0.02581096106634193
2023-08-23,6.17,6.17,5.91,5.93,38827025.0,232678606.0,2174471375.0,0.01785584553855072
2023-08-24,5.93,6.0,5.82,5.94,25797964.0,152844349.0,2174471375.0,0.011864016375014365
2023-08-25,5.9,6.11,5.85,5.95,24778667.0,148438431.0,2174471375.0,0.011395260146848335
2023-08-28,6.2,6.25,5.93,5.95,28774473.0,175452721.0,2174471375.0,0.013232858951753274
2023-08-29,5.96,6.06,5.92,5.99,27845525.0,166935476.0,2174471375.0,0.012805652592230606
2023-08-30,5.95,6.05,5.77,5.81,46851826.0,274693293.0,2174471375.0,0.021546306168321025
2023-08-31,5.83,5.85,5.73,5.75,27645500.0,159646807.0,2174471375.0,0.01271366471770639
2023-09-01,5.78,5.81,5.74,5.78,20061750.0,115935666.0,2174471375.0,0.009226035454249196
2023-09-04,5.83,5.84,5.65,5.76,48525922.0,277289415.0,2174471375.0,0.02231619259646497
2023-09-05,5.75,5.87,5.71,5.82,34342850.0,199007057.0,2174471375.0,0.01579365467618538
2023-09-06,5.81,5.93,5.76,5.78,25898112.0,150917782.0,2174471375.0,0.011910072626272214
2023-09-07,5.76,5.77,5.58,5.64,31904600.0,180053636.0,2174471375.0,0.014672347664268517
2023-09-08,5.6,5.85,5.57,5.78,37057662.0,212681582.0,2174471375.0,0.017042147542641255
2023-09-11,5.75,5.8,5.66,5.78,29248762.0,167565687.0,2174471375.0,0.013450975872239293
2023-09-12,5.76,5.86,5.7,5.74,31434001.0,180707832.0,2174471375.0,0.014455927707946948
2023-09-13,5.72,5.79,5.68,5.74,19179541.0,110041621.0,2174471375.0,0.008820323514261024
2023-09-14,5.73,5.82,5.69,5.75,22315442.0,128195785.0,2174471375.0,0.010262467584794028
2023-09-15,5.76,5.76,5.69,5.73,17491700.0,99964010.0,2174471375.0,0.008044116009574971
2023-09-18,5.69,5.73,5.67,5.7,16526866.0,94176626.0,2174471375.0,0.007600406328641599
2023-09-19,5.71,5.76,5.69,5.72,14724137.0,84368132.0,2174471375.0,0.00677136391367764
2023-09-20,5.73,5.73,5.62,5.64,23991458.0,136012550.0,2174471375.0,0.011033236986161751
2023-09-21,5.65,5.66,5.5,5.53,33863650.0,187805823.0,2174471375.0,0.015573279275750411
2023-09-22,5.52,5.57,5.45,5.53,27507408.0,151531618.0,2174471375.0,0.012650158708113599
2023-09-25,5.51,5.52,5.3,5.38,47818612.0,257038732.0,2174471375.0,0.021990913538698573
2023-09-26,5.4,5.45,5.35,5.38,29837700.0,161179844.0,2174471375.0,0.013721817791232133
2023-09-27,5.41,5.48,5.34,5.37,45156065.0,244071597.0,2174471375.0,0.02076645639908688
2023-09-28,5.43,5.46,5.35,5.39,27643593.0,149092230.0,2174471375.0,0.012712787722947146
2023-10-09,5.39,5.48,5.36,5.43,27644044.0,150118159.0,2174471375.0,0.012712995129678356
2023-10-10,5.45,5.51,5.35,5.36,25089120.0,135544817.0,2174471375.0,0.01153803185843272
2023-10-11,5.39,5.41,5.23,5.25,37434748.0,198396314.0,2174471375.0,0.017215562564027773
2023-10-12,5.26,5.31,5.23,5.29,20887503.0,110114796.0,2174471375.0,0.009605784302403154
2023-10-13,5.29,5.32,5.22,5.23,21999519.0,115484424.0,2174471375.0,0.010117180319285646
2023-10-16,5.23,5.27,5.16,5.21,19638941.0,102127601.0,2174471375.0,0.009031593253325766
2023-10-17,5.2,5.24,5.16,5.2,14876304.0,77240224.0,2174471375.0,0.006841342760835378
2023-10-18,5.18,5.2,5.07,5.1,23052130.0,117930886.0,2174471375.0,0.010601257052648026
2023-10-19,5.09,5.14,5.03,5.04,23587420.0,119637653.0,2174471375.0,0.010847427228146427
2023-10-20,5.04,5.09,4.99,5.0,24653634.0,124183939.0,2174471375.0,0.011337759734822907
2023-10-23,5.01,5.01,4.84,4.87,23736738.0,116474860.0,2174471375.0,0.010916095871807004
2023-10-24,4.88,4.93,4.85,4.89,25027499.0,122629307.0,2174471375.0,0.011509693476650158
2023-10-25,4.92,4.95,4.75,4.76,53188387.0,256782824.0,2174471375.0,0.02446037580053221
2023-10-26,4.75,4.88,4.68,4.86,38918737.0,186284196.0,2174471375.0,0.017898022226206588
2023-10-27,4.86,4.96,4.8,4.93,36867918.0,179559881.0,2174471375.0,0.016954887713801246
2023-10-30,4.93,5.0,4.88,4.92,30026600.0,147830813.0,2174471375.0,0.01380868947975919
2023-10-31,4.96,4.99,4.8,4.84,39604403.0,192929911.0,2174471375.0,0.01821334760040242
2023-11-01,4.84,4.86,4.77,4.83,30260301.0,145566652.0,2174471375.0,0.013916164336722988
2023-11-02,4.82,4.84,4.77,4.79,21253957.0,102025697.0,2174471375.0,0.009774309859562994
2023-11-03,4.8,4.95,4.77,4.8,50945665.0,247338231.0,2174471375.0,0.023428988574291994
2023-11-06,4.8,4.84,4.76,4.84,64435810.0,309328638.0,2174471375.0,0.029632861917991447
2023-11-07,4.83,4.84,4.78,4.81,32857210.0,157839539.0,2174471375.0,0.015110435749010493
2023-11-08,4.8,4.84,4.79,4.8,33145950.0,159606862.0,2174471375.0,0.015243222045174082
2023-11-09,4.8,5.02,4.79,4.98,117902378.0,582379607.0,2174471375.0,0.054221168121838345
2023-11-10,4.98,4.98,4.71,4.92,128087216.0,616160507.0,2174471375.0,0.05890499064399043
2023-11-13,4.92,5.07,4.82,4.93,86571546.0,424820496.0,2174471375.0,0.03981268596833104
2023-11-14,4.93,5.18,4.9,5.09,143755310.0,727181652.0,2174471375.0,0.0661104632844385
2023-11-15,5.08,5.1,4.99,5.02,115411000.0,578450237.0,2174471375.0,0.05307542850500849
2023-11-16,5.0,5.01,4.91,4.91,65939650.0,325521788.0,2174471375.0,0.030324450695516744
2023-11-17,4.9,4.95,4.87,4.94,36265984.0,178172778.0,2174471375.0,0.01667806916979995
2023-11-20,4.94,4.95,4.87,4.89,62907535.0,308553249.0,2174471375.0,0.028930035926547894
2023-11-21,4.88,4.92,4.84,4.85,54819811.0,267847720.0,2174471375.0,0.025210638148777654
2023-11-22,4.84,4.87,4.79,4.79,47553400.0,229682778.0,2174471375.0,0.02186894734358138
2023-11-23,4.79,4.83,4.77,4.83,30652101.0,147449160.0,2174471375.0,0.014096346060200493
2023-11-24,4.83,4.85,4.78,4.79,33361800.0,160571653.0,2174471375.0,0.01534248755056617
2023-11-27,4.78,4.82,4.75,4.8,36361870.0,174227165.0,2174471375.0,0.01672216540445376
2023-11-28,4.79,4.85,4.79,4.85,29870574.0,144214299.0,2174471375.0,0.013736935948398032
2023-11-29,4.84,4.86,4.69,4.72,58917508.0,280263434.0,2174471375.0,0.027095094779070156
2023-11-30,4.7,4.73,4.53,4.61,55621752.0,257024046.0,2174471375.0,0.025579436289429196
2023-12-01,4.62,4.69,4.6,4.68,31107988.0,144896130.0,2174471375.0,0.01430600023419485
2023-12-04,4.68,4.69,4.62,4.63,28578044.0,132818435.0,2174471375.0,0.013142524812496094
2023-12-05,4.62,4.65,4.49,4.52,55900611.0,255366823.0,2174471375.0,0.025707678492663533
2023-12-06,4.51,4.53,4.44,4.51,42849060.0,192174901.0,2174471375.0,0.019705506585479884
2023-12-07,4.51,4.51,4.44,4.45,35470980.0,158219117.0,2174471375.0,0.016312461229801196
2023-12-08,4.46,4.54,4.46,4.46,35667731.0,160529868.0,2174471375.0,0.016402943451026115
2023-12-11,4.46,4.58,4.42,4.57,41530510.0,186711564.0,2174471375.0,0.019099129322868183
2023-12-12,4.55,4.61,4.54,4.58,22519210.0,103149976.0,2174471375.0,0.010356176797222727
2023-12-13,4.59,4.61,4.56,4.56,22241311.0,101931921.0,2174471375.0,0.010228376080600279
2023-12-14,4.58,4.62,4.55,4.58,20075215.0,91980683.0,2174471375.0,0.009232227763862838
2023-12-15,4.58,4.62,4.52,4.52,21666500.0,98767669.0,2174471375.0,0.009964030913030528
2023-12-18,4.51,4.51,4.39,4.45,36472912.0,162118329.0,2174471375.0,0.016773231608992783
2023-12-19,4.4,4.42,4.31,4.36,33807450.0,147507133.0,2174471375.0,0.015547433913679364
2023-12-20,4.35,4.45,4.35,4.36,29856901.0,131237010.0,2174471375.0,0.013730647983351815
2023-12-21,4.35,4.41,4.29,4.37,26487008.0,115103032.0,2174471375.0,0.012180895230225783
2023-12-22,4.37,4.42,4.34,4.36,31124108.0,136144381.0,2174471375.0,0.014313413530219499
2023-12-25,4.37,4.37,4.31,4.35,20339100.0,88230223.0,2174471375.0,0.00935358369571547
2023-12-26,4.33,4.37,4.3,4.32,18598359.0,80428866.0,2174471375.0,0.008553048439186743
2023-12-27,4.31,4.35,4.28,4.32,18585359.0,80183999.0,2174471375.0,0.008547069974650736
2023-12-28,4.32,4.43,4.31,4.41,36096401.0,158163746.0,2174471375.0,0.01660008101969151
2023-12-29,4.41,4.44,4.39,4.43,33246100.0,146705445.0,2174471375.0,0.015289279216195707
2024-01-02,4.42,4.56,4.42,4.52,44177100.0,199278642.0,2174471375.0,0.020316248127202872
2024-01-03,4.51,4.66,4.49,4.65,53607700.0,246335312.0,2174471375.0,0.024653210254377344
2024-01-04,4.62,4.74,4.62,4.68,54311630.0,254960661.0,2174471375.0,0.024976934911364376
2024-01-05,4.67,4.84,4.63,4.65,72789045.0,345059547.0,2174471375.0,0.03347436339556321
2024-01-08,4.65,4.75,4.6,4.67,67133261.0,314623663.0,2174471375.0,0.03087337077500043
2024-01-09,4.67,4.77,4.62,4.72,42201075.0,198810313.0,2174471375.0,0.019407510020682615
2024-01-10,4.71,4.72,4.62,4.63,38606250.0,180204238.0,2174471375.0,0.01775431511486326
2024-01-11,4.65,4.68,4.6,4.62,27434850.0,127128874.0,2174471375.0,0.012616790598128706
2024-01-12,4.61,4.71,4.6,4.64,27248783.0,126989356.0,2174471375.0,0.012531221754988612
2024-01-15,4.65,4.69,4.62,4.64,22012066.0,102498290.0,2174471375.0,0.010122950457326668
2024-01-16,4.63,4.63,4.54,4.63,23339500.0,107173192.0,2174471375.0,0.010733413310625899
2024-01-17,4.62,4.67,4.56,4.57,21907807.0,101089289.0,2174471375.0,0.010075003631629779
2024-01-18,4.53,4.65,4.45,4.63,42212475.0,191427019.0,2174471375.0,0.019412752674198803
2024-01-19,4.63,4.64,4.52,4.54,22279500.0,101612617.0,2174471375.0,0.01024593850999763
2024-01-22,4.5,4.51,4.4,4.41,28198193.0,125597599.0,2174471375.0,0.012967838217690954
2024-01-23,4.42,4.51,4.35,4.49,25789971.0,114807366.0,2174471375.0,0.011860340539088495
2024-01-24,4.49,4.54,4.38,4.53,28818423.0,128839478.0,2174471375.0,0.013253070760703851
2024-01-25,4.54,4.72,4.52,4.72,45779021.0,212077568.0,2174471375.0,0.02105294258012479
2024-01-26,4.7,4.74,4.67,4.72,27374690.0,128986006.0,2174471375.0,0.012589124103783616
2024-01-29,4.72,4.77,4.64,4.68,29033658.0,136728049.0,2174471375.0,0.013352053438735197
2024-01-30,4.71,4.96,4.68,4.86,94472946.0,455841774.0,2174471375.0,0.04344639671331613
2024-01-31,4.86,4.95,4.76,4.88,84803598.0,411655340.0,2174471375.0,0.038999638705292224
2024-02-01,4.8,4.85,4.64,4.75,48534072.0,230740192.0,2174471375.0,0.02231994063384716
2024-02-02,4.73,4.89,4.64,4.79,61019999.0,293252734.0,2174471375.0,0.028061992308360463
2024-02-05,4.73,4.77,4.5,4.52,59501066.0,275445710.0,2174471375.0,0.027363462533508864
2024-02-06,4.48,4.87,4.45,4.83,61584930.0,290085670.0,2174471375.0,0.028321793842882848
2024-02-07,4.8,4.93,4.77,4.89,58593409.0,285134421.0,2174471375.0,0.02694604751925051
2024-02-08,4.88,5.02,4.88,4.93,64263908.0,318301538.0,2174471375.0,0.029553807301786163
2024-02-19,4.95,4.98,4.86,4.95,51892830.0,255743866.0,2174471375.0,0.023864572602157158
2024-02-20,4.96,4.99,4.88,4.96,42063450.0,207618166.0,2174471375.0,0.019344218775931232
2024-02-21,4.92,5.01,4.86,4.96,70855272.0,350228270.0,2174471375.0,0.03258505621854875
2024-02-22,4.94,4.98,4.89,4.93,48516520.0,238624046.0,2174471375.0,0.022311868786959774
2024-02-23,4.94,5.15,4.91,5.15,104519246.0,529336377.0,2174471375.0,0.04806650811855364
2024-02-26,5.13,5.14,5.02,5.05,69408974.0,351704882.0,2174471375.0,0.03191992996458737
2024-02-27,5.02,5.14,5.0,5.12,57956574.0,294102032.0,2174471375.0,0.026653178637497586
2024-02-28,5.12,5.14,4.95,4.96,69591487.0,352106741.0,2174471375.0,0.0320038643874997
2024-02-29,4.94,5.03,4.92,5.03,48365650.0,240830351.0,2174471375.0,0.022242486406609974
2024-03-01,4.98,5.01,4.79,4.92,101448970.0,494540453.0,2174471375.0,0.04665454379688029
2024-03-04,4.87,4.87,4.78,4.85,55326529.0,266903365.0,2174471375.0,0.025443668578989685
2024-03-05,4.83,4.95,4.81,4.94,57830614.0,284218679.0,2174471375.0,0.02659525191496255
2024-03-06,4.93,5.0,4.92,4.95,47866056.0,237128439.0,2174471375.0,0.022012732174963672
2024-03-07,4.94,4.97,4.86,4.88,47171011.0,231977807.0,2174471375.0,0.021693093568546058
2024-03-08,4.89,5.0,4.89,5.0,58221390.0,288112077.0,2174471375.0,0.026774962719387372
2024-03-11,5.05,5.08,4.97,5.03,66640701.0,333798694.0,2174471375.0,0.030646851352549995
2024-03-12,5.01,5.03,4.9,4.92,58688926.0,289624519.0,2174471375.0,0.02698997405748788
2024-03-13,4.91,4.96,4.85,4.94,49801249.0,244565201.0,2174471375.0,0.02290269238425822
2024-03-14,4.91,4.94,4.85,4.88,35661929.0,174658934.0,2174471375.0,0.016400275216315506
2024-03-15,4.88,4.95,4.86,4.94,35763848.0,175755948.0,2174471375.0,0.016447145918395915
2024-03-18,4.93,5.1,4.92,5.07,110422527.0,557413886.0,2174471375.0,0.050781320126598584
2024-03-19,5.05,5.07,4.93,4.95,79168162.0,395319260.0,2174471375.0,0.03640800376137396
2024-03-20,4.95,4.96,4.89,4.95,37711175.0,185590816.0,2174471375.0,0.01734268633451199
2024-03-21,4.93,4.95,4.9,4.91,29414437.0,144610740.0,2174471375.0,0.01352716680393183
2024-03-22,4.9,4.91,4.82,4.83,35856810.0,173949204.0,2174471375.0,0.016489897458411014
2024-03-25,4.82,4.92,4.79,4.82,40092628.0,194412184.0,2174471375.0,0.01843787343487104
2024-03-26,4.82,4.87,4.78,4.86,30010500.0,144689922.0,2174471375.0,0.013801285381372288
2024-03-27,4.84,4.91,4.82,4.83,35659605.0,173499896.0,2174471375.0,0.016399206450809223
2024-03-28,4.83,4.91,4.74,4.85,53469760.0,258099323.0,2174471375.0,0.024589774146831434
2024-03-29,4.86,5.05,4.85,5.04,81276174.0,403303037.0,2174471375.0,0.03737744029856452
2024-04-01,5.04,5.1,4.99,5.09,60722983.0,306928304.0,2174471375.0,0.027925400029696873
2024-04-02,5.08,5.13,5.05,5.11,57715681.0,293713135.0,2174471375.0,0.026542396309999713
2024-04-03,5.1,5.19,5.08,5.14,53195478.0,273150669.0,2174471375.0,0.024463636822995658
2024-04-08,5.14,5.25,5.09,5.18,94809046.0,490383629.0,2174471375.0,0.04360096301566628
2024-04-09,5.33,5.51,5.18,5.45,179520057.0,964270593.0,2174471375.0,0.08255802263665117
2024-04-10,5.4,5.49,5.37,5.47,90100786.0,489370273.0,2174471375.0,0.04143571952056623
2024-04-11,5.42,5.62,5.37,5.51,81852678.0,450980874.0,2174471375.0,0.03764256404616961
2024-04-12,5.49,5.59,5.42,5.45,74045153.0,408300816.0,2174471375.0,0.034052024713362807
2024-04-15,5.42,5.54,5.32,5.47,70399541.0,384216266.0,2174471375.0,0.032375473786128824
2024-04-16,5.45,5.65,5.44,5.54,98974277.0,548897909.0,2174471375.0,0.04551647730934145
2024-04-17,5.5,5.79,5.44,5.78,109130841.0,614339142.0,2174471375.0,0.0501872971310096
2024-04-18,5.76,5.86,5.6,5.66,79746976.0,453699889.0,2174471375.0,0.03667418983613891
2024-04-19,5.62,5.71,5.55,5.61,56170902.0,316250305.0,2174471375.0,0.025831980427886755
2024-04-22,5.62,5.7,5.5,5.53,48665203.0,271804619.0,2174471375.0,0.02238024540562186
2024-04-23,5.51,5.53,5.34,5.36,62679809.0,338931650.0,2174471375.0,0.028825308863861223
2024-04-24,5.39,5.57,5.39,5.48,54899624.0,300900011.0,2174471375.0,0.025247342701855524
2024-04-25,5.45,5.56,5.43,5.5,35646055.0,195838978.0,2174471375.0,0.016392975051235152
2024-04-26,5.48,5.52,5.41,5.51,39835770.0,218520098.0,2174471375.0,0.01831974909304106
2024-04-29,5.49,5.69,5.49,5.67,49138704.0,274206716.0,2174471375.0,0.02259799993918062
2024-04-30,5.62,5.71,5.52,5.62,60734409.0,340321936.0,2174471375.0,0.027930654640142136
2024-05-06,5.66,5.74,5.6,5.73,49332839.0,280714438.0,2174471375.0,0.02268727910938814
2024-05-07,5.7,5.73,5.66,5.69,31240323.0,177433474.0,2174471375.0,0.014366858703761967
2024-05-08,5.73,5.83,5.58,5.59,63408100.0,361378808.0,2174471375.0,0.029160236703506846
2024-05-09,5.57,5.66,5.56,5.65,35885978.0,201880243.0,2174471375.0,0.016503311293302264
2024-05-10,5.66,5.8,5.65,5.77,58927590.0,337674970.0,2174471375.0,0.02709973130825877
2024-05-13,5.79,5.94,5.71,5.9,81854438.0,477760541.0,2174471375.0,0.03764337343829141
2024-05-14,5.6,5.66,5.52,5.62,55017368.0,308244488.0,2174471375.0,0.025301491034803805
2024-05-15,5.59,5.64,5.44,5.45,47104650.0,259979632.0,2174471375.0,0.02166257534661729
2024-05-16,5.45,5.49,5.36,5.38,35441432.0,192218149.0,2174471375.0,0.016298872639792742
2024-05-17,5.38,5.42,5.27,5.35,49496089.0,263781088.0,2174471375.0,0.022762354827503765
2024-05-20,5.35,5.46,5.29,5.45,44643641.0,241119141.0,2174471375.0,0.02053080188282543
2024-05-21,5.43,5.44,5.36,5.38,23717300.0,127851708.0,2174471375.0,0.010907156687680011
2024-05-22,5.38,5.42,5.31,5.32,32296301.0,172776901.0,2174471375.0,0.01485248385943917
2024-05-23,5.31,5.31,5.14,5.17,46303401.0,240642850.0,2174471375.0,0.02129409544423182
2024-05-24,5.16,5.34,5.14,5.24,45360744.0,239268443.0,2174471375.0,0.02086058456391499
2024-05-27,5.27,5.33,5.23,5.32,38608701.0,204519915.0,2174471375.0,0.017755442285369242
2024-05-28,5.3,5.43,5.27,5.35,51019026.0,273177445.0,2174471375.0,0.023462725969432455
2024-05-29,5.33,5.45,5.24,5.37,42722065.0,228882271.0,2174471375.0,0.019647103885191405
2024-05-30,5.35,5.38,5.17,5.19,45215195.0,237132183.0,2174471375.0,0.020793649215087966
2024-05-31,5.19,5.29,5.14,5.24,28822499.0,150483177.0,2174471375.0,0.013254945239276833
2024-06-03,5.24,5.24,5.01,5.1,51834805.0,264366411.0,2174471375.0,0.023837887955641634
2024-06-04,5.11,5.19,5.05,5.19,30921800.0,158685701.0,2174471375.0,0.014220375745346384
2024-06-05,5.18,5.25,5.11,5.12,30654900.0,158555710.0,2174471375.0,0.014097633269603284
2024-06-06,5.12,5.15,5.07,5.08,28358540.0,144763909.0,2174471375.0,0.013041578898687503
2024-06-07,5.09,5.21,5.08,5.2,27159355.0,139774296.0,2174471375.0,0.012490095437563532
2024-06-11,5.2,5.2,5.08,5.12,26927535.0,137804768.0,2174471375.0,0.012383485618429904
2024-06-12,5.1,5.17,5.08,5.13,18419004.0,94465385.0,2174471375.0,0.008470566323274777
2024-06-13,5.14,5.16,5.06,5.09,22633101.0,115548634.0,2174471375.0,0.01040855320525891
2024-06-14,5.06,5.15,5.05,5.11,20347318.0,104060404.0,2174471375.0,0.009357363005066002
2024-06-17,5.1,5.18,5.05,5.07,26482125.0,135425539.0,2174471375.0,0.01217864962696968
2024-06-18,5.07,5.1,5.04,5.09,24369574.0,123712789.0,2174471375.0,0.011207125685892279
2024-06-19,5.08,5.15,5.01,5.02,30806327.0,155849449.0,2174471375.0,0.014167271804164357
2024-06-20,5.02,5.03,4.9,4.91,33016700.0,163123309.0,2174471375.0,0.01518378231122955
2024-06-21,4.9,4.98,4.89,4.92,21933649.0,108407373.0,2174471375.0,0.010086887899363586
2024-06-24,4.92,4.95,4.81,4.84,21825175.0,106201607.0,2174471375.0,0.010037002671511369
2024-06-25,4.84,4.92,4.83,4.88,23972881.0,116920308.0,2174471375.0,0.011024693760339797
2024-06-26,4.86,5.03,4.82,5.02,28479295.0,140171862.0,2174471375.0,0.013097111935998697
2024-06-27,4.99,5.05,4.93,4.94,23388800.0,116362874.0,2174471375.0,0.010756085487673987
2024-06-28,4.94,5.16,4.91,5.1,45118500.0,228721505.0,2174471375.0,0.02074918093598726
2024-07-01,5.1,5.18,5.08,5.17,24437318.0,125718221.0,2174470945.0,0.011238282146832732
2024-07-02,5.15,5.23,5.14,5.2,25948144.0,134766939.0,2174470945.0,0.01193308379661978
2024-07-03,5.2,5.22,5.14,5.15,16495849.0,85322808.0,2174470945.0,0.007586143672294504
2024-07-04,5.15,5.19,5.05,5.08,17618582.0,90096039.0,2174470945.0,0.008102468345466901
2024-07-05,5.06,5.1,4.91,4.96,26004729.0,129452341.0,2174470945.0,0.011959106218363382
2024-07-08,4.97,5.0,4.89,4.96,29868200.0,147923621.0,2174470945.0,0.013735846905050277
2024-07-09,4.96,5.16,4.95,5.16,28520650.0,144309279.0,2174470945.0,0.01311613294515646
2024-07-10,5.13,5.14,4.98,5.0,36165300.0,182203151.0,2174470945.0,0.01663176971076981
2024-07-11,5.07,5.08,4.96,5.08,32812918.0,165171315.0,2174470945.0,0.015090069644503804
2024-07-12,5.05,5.1,4.99,5.02,19158500.0,96468867.0,2174470945.0,0.008810648881767422
2024-07-15,4.99,4.99,4.85,4.91,26444843.0,129463178.0,2174470945.0,0.012161506715372552
2024-07-16,4.91,4.94,4.88,4.92,15465200.0,75872209.0,2174470945.0,0.0071121667712143195
2024-07-17,4.92,4.92,4.73,4.78,30042739.0,143863475.0,2174470945.0,0.013816114245665399
2024-07-18,4.75,4.84,4.68,4.82,22146070.0,105479121.0,2174470945.0,0.010184578483756195
2024-07-19,4.8,4.83,4.76,4.81,12666900.0,60707487.0,2174470945.0,0.0058252790312633956
2024-07-22,4.81,4.82,4.71,4.72,14990400.0,71156693.0,2174470945.0,0.006893814807904918
2024-07-23,4.73,4.75,4.66,4.66,13345165.0,62656321.0,2174470945.0,0.00613720088129299
2024-07-24,4.66,4.79,4.63,4.71,21891200.0,103323259.0,2174470945.0,0.01006736836394013
2024-07-25,4.72,4.79,4.69,4.74,15593625.0,73880051.0,2174470945.0,0.007171227114280894
2024-07-26,4.75,4.79,4.74,4.78,10360600.0,49378241.0,2174470945.0,0.004764653224649088
2024-07-29,4.78,4.8,4.7,4.73,12764200.0,60512637.0,2174470945.0,0.00587002554775456
2024-07-30,4.71,4.74,4.62,4.64,21594490.0,100720740.0,2174470945.0,0.009930916782150887
2024-07-31,4.62,4.76,4.57,4.75,29467499.0,137836796.0,2174470945.0,0.013551571736452887
2024-08-01,4.73,4.77,4.64,4.66,25914750.0,121576422.0,2174470945.0,0.011917726497835545
2024-08-02,4.63,4.68,4.61,4.63,13471600.0,62505298.0,2174470945.0,0.006195346059222695
2024-08-05,4.61,4.67,4.55,4.56,21416915.0,98788811.0,2174470945.0,0.009849253239849568
2024-08-06,4.6,4.65,4.53,4.58,22019000.0,100999651.0,2174470945.0,0.010126141280770252
2024-08-07,4.59,4.67,4.57,4.61,23601669.0,109123534.0,2174470945.0,0.010853982231526208
2024-08-08,4.61,4.63,4.57,4.6,14628300.0,67203511.0,2174470945.0,0.006727291543552907
2024-08-09,4.62,4.64,4.57,4.57,14068401.0,64722385.0,2174470945.0,0.006469804083769903
2024-08-12,4.58,4.6,4.5,4.52,15214000.0,69077911.0,2174470945.0,0.006996644418258714
2024-08-13,4.51,4.55,4.48,4.52,12708600.0,57346981.0,2174470945.0,0.005844456109759609
2024-08-14,4.51,4.55,4.49,4.51,10462410.0,47317314.0,2174470945.0,0.004811473808862505
2024-08-15,4.52,4.58,4.49,4.54,13928896.0,63317098.0,2174470945.0,0.006405648248383471
2024-08-16,4.56,4.56,4.49,4.5,15324100.0,69170454.0,2174470945.0,0.007047277424072456
2024-08-19,4.49,4.59,4.49,4.56,15056300.0,68554240.0,2174470945.0,0.006924121030276631
2024-08-20,4.56,4.57,4.44,4.45,24378527.0,109155136.0,2174470945.0,0.011211245225444942
2024-08-21,4.44,4.46,4.36,4.37,16088300.0,70615022.0,2174470945.0,0.007398719231909535
2024-08-22,4.37,4.41,4.36,4.37,13078701.0,57271153.0,2174470945.0,0.006014658889820209
2024-08-23,4.36,4.4,4.32,4.34,14079558.0,61276264.0,2174470945.0,0.006474934987002091
2024-08-26,4.25,4.34,4.18,4.21,36529558.0,154441599.0,2174470945.0,0.016799285400431047
2024-08-27,4.2,4.21,4.09,4.1,35417712.0,146187555.0,2174470945.0,0.016287967462356688
2024-08-28,4.09,4.13,4.04,4.06,28890950.0,118063813.0,2174470945.0,0.013286427241730746
2024-08-29,4.05,4.08,4.0,4.01,43664112.0,175795200.0,2174470945.0,0.020080338208427983
2024-08-30,4.01,4.17,4.0,4.12,36893800.0,151647963.0,2174470945.0,0.01696679373198063
2024-09-02,4.13,4.14,4.03,4.03,28696768.0,117007139.0,2174470945.0,0.013197126439415358
2024-09-03,4.04,4.06,3.95,3.98,33717510.0,134514721.0,2174470945.0,0.01550607520304209
2024-09-04,3.95,4.0,3.93,3.95,21897069.0,86803241.0,2174470945.0,0.010070067411270929
2024-09-05,3.96,3.99,3.94,3.98,13367866.0,53055214.0,2174470945.0,0.006147640662082979
2024-09-06,3.98,4.0,3.92,3.93,20345645.0,80553926.0,2174470945.0,0.009356595472927784
2024-09-09,3.91,3.92,3.84,3.89,28893386.0,112066476.0,2174470945.0,0.01328754751422995
2024-09-10,3.89,3.91,3.83,3.89,19385547.0,74938012.0,2174470945.0,0.00891506370530051
2024-09-11,3.88,3.88,3.81,3.85,14934071.0,57385893.0,2174470945.0,0.006867910115947767
2024-09-12,3.85,3.91,3.85,3.86,13770943.0,53409741.0,2174470945.0,0.006333008510260872
2024-09-13,3.86,3.9,3.85,3.87,15061986.0,58425287.0,2174470945.0,0.006926735919205396
2024-09-18,3.89,3.89,3.77,3.85,20968347.0,80070324.0,2174470945.0,0.009642964900595625
2024-09-19,3.86,3.96,3.84,3.94,29975204.0,117072360.0,2174470945.0,0.01378505611625912
2024-09-20,3.94,3.95,3.89,3.92,14165780.0,55462763.0,2174470945.0,0.006514586930937355
2024-09-23,3.92,3.97,3.9,3.96,17833600.0,70468169.0,2174470945.0,0.0082013512486827
2024-09-24,3.97,4.14,3.96,4.13,52325617.0,212352737.0,2174470945.0,0.02406360826311248
2024-09-25,4.16,4.28,4.14,4.15,49344698.0,208119651.0,2174470945.0,0.022692737336161554
2024-09-26,4.17,4.3,4.13,4.3,42339843.0,178604232.0,2174470945.0,0.019471330760871583
2024-09-27,4.37,4.5,4.34,4.48,60200960.0,266058352.0,2174470945.0,0.02768533658195189
2024-09-30,4.66,4.91,4.59,4.9,88999663.0,424511814.0,2174470945.0,0.04092934109082796
2024-10-08,5.39,5.39,4.8,5.01,143366415.0,726384575.0,2174470945.0,0.06593163055577181
2024-10-09,4.9,4.9,4.55,4.57,75164470.0,355113047.0,2174470945.0,0.03456678516345961
2024-10-10,4.6,4.77,4.57,4.63,55552713.0,260156406.0,2174470945.0,0.025547691555841873
2024-10-11,4.64,4.65,4.45,4.51,39398613.0,179367966.0,2174470945.0,0.01811871208975846
2024-10-14,4.54,4.59,4.47,4.56,38178028.0,172989256.0,2174470945.0,0.01755738704524286
2024-10-15,4.56,4.6,4.44,4.44,43333451.0,195502689.0,2174470945.0,0.019928273173592578
2024-10-16,4.41,4.51,4.37,4.47,30412400.0,135446062.0,2174470945.0,0.013986114677655535
2024-10-17,4.48,4.51,4.39,4.39,28050059.0,124512401.0,2174470945.0,0.012899716625093835
2024-10-18,4.37,4.57,4.33,4.51,60573781.0,269957138.0,2174470945.0,0.02785679024099354
2024-10-21,4.53,4.55,4.44,4.46,42146761.0,188679163.0,2174470945.0,0.019382535828732353
2024-10-22,4.47,4.54,4.45,4.54,41280992.0,185979701.0,2174470945.0,0.018984384268238636
2024-10-23,4.55,4.65,4.54,4.63,49930642.0,229231697.0,2174470945.0,0.022962202422070074
2024-10-24,4.61,4.61,4.54,4.58,22642976.0,103480759.0,2174470945.0,0.010413096598078481
2024-10-25,4.59,4.82,4.58,4.73,66619006.0,312295687.0,2174470945.0,0.030636880273422096
2024-10-28,4.84,4.86,4.74,4.82,67924790.0,326039157.0,2174470945.0,0.031237386802609127
2024-10-29,4.77,4.77,4.54,4.57,98331667.0,454705430.0,2174470945.0,0.045220961552098364
2024-10-30,4.56,4.61,4.5,4.54,36114137.0,164457596.0,2174470945.0,0.01660824076911269
2024-10-31,4.63,4.89,4.62,4.77,129505769.0,621795136.0,2174470945.0,0.05955736925240912
2024-11-01,4.73,4.75,4.59,4.63,63133483.0,293217128.0,2174470945.0,0.029033951060679727
2024-11-04,4.63,4.65,4.55,4.61,42120901.0,193395987.0,2174470945.0,0.019370643280772832
2024-11-05,4.59,4.67,4.57,4.67,62381743.0,288823671.0,2174470945.0,0.028688239382292598
2024-11-06,4.66,4.68,4.6,4.63,60290201.0,279319574.0,2174470945.0,0.027726376909579725
2024-11-07,4.6,4.75,4.58,4.74,70036833.0,328272771.0,2174470945.0,0.03220867731575967
2024-11-08,4.77,4.8,4.65,4.67,64603142.0,304310689.0,2174470945.0,0.02970982074906501
2024-11-11,4.67,4.75,4.65,4.74,53247526.0,250490124.0,2174470945.0,0.024487577597869445
2024-11-12,4.72,4.85,4.72,4.79,74741354.0,358376463.0,2174470945.0,0.034372201740318034
2024-11-13,4.75,4.79,4.67,4.75,41369901.0,195446087.0,2174470945.0,0.019025271915049664
2024-11-14,4.75,4.77,4.61,4.62,47523435.0,221994112.0,2174470945.0,0.02185517130466878
2024-11-15,4.6,4.65,4.57,4.58,38236800.0,176280397.0,2174470945.0,0.017584415228873062
2024-11-18,4.63,4.77,4.62,4.7,76173460.0,358927231.0,2174470945.0,0.03503080148077122
2024-11-19,4.7,4.72,4.62,4.72,49621522.0,231552407.0,2174470945.0,0.022820043704929797
2024-11-20,4.72,4.76,4.66,4.76,45033824.0,212620407.0,2174470945.0,0.02071024407272547
2024-11-21,4.75,4.78,4.7,4.73,27777624.0,131405848.0,2174470945.0,0.012774428678328465
2024-11-22,4.73,4.75,4.57,4.58,43050300.0,200103513.0,2174470945.0,0.01979805713154746
2024-11-25,4.58,4.6,4.49,4.54,35399300.0,160588806.0,2174470945.0,0.016279500115371742
2024-11-26,4.55,4.57,4.51,4.54,21516900.0,97769210.0,2174470945.0,0.009895234539452537
2024-11-27,4.54,4.61,4.44,4.61,32548525.0,147284375.0,2174470945.0,0.014968480068608138
2024-11-28,4.6,4.63,4.57,4.59,26351025.0,121269465.0,2174470945.0,0.012118361507929921
2024-11-29,4.58,4.64,4.56,4.61,27016100.0,124596035.0,2174470945.0,0.01242421751466539
2024-12-02,4.62,4.66,4.6,4.65,27439774.0,127087907.0,2174470945.0,0.012619057551950872
2024-12-03,4.64,4.68,4.6,4.68,34889038.0,161860836.0,2174470945.0,0.016044839817346928
2024-12-04,4.66,4.67,4.6,4.62,26845782.0,124417612.0,2174470945.0,0.012345891335880784
2024-12-05,4.61,4.62,4.58,4.6,24118338.0,110898418.0,2174470945.0,0.01109158899338616
2024-12-06,4.6,4.7,4.59,4.69,55731310.0,259670945.0,2174470945.0,0.025629825097525046
2024-12-09,4.7,4.74,4.66,4.7,37696614.0,177207659.0,2174470945.0,0.017335993422528808
2024-12-10,4.77,4.81,4.68,4.68,46738300.0,221479233.0,2174470945.0,0.021494101867615436
2024-12-11,4.68,4.75,4.66,4.73,35529802.0,167926959.0,2174470945.0,0.0163395156333073
2024-12-12,4.74,4.76,4.69,4.75,36070600.0,170944134.0,2174470945.0,0.016588218887422294
2024-12-13,4.74,4.75,4.63,4.65,58998840.0,275835656.0,2174470945.0,0.02713250325816609
2024-12-16,4.65,4.7,4.64,4.67,31707171.0,148069684.0,2174470945.0,0.014581556526615259
2024-12-17,4.67,4.71,4.63,4.66,45747335.0,213286298.0,2174470945.0,0.02103837492296316
2024-12-18,4.67,4.81,4.66,4.76,70817825.0,337173540.0,2174470945.0,0.03256784146177681
2024-12-19,4.75,4.82,4.66,4.78,63108907.0,299204444.0,2174470945.0,0.029022649001180376
2024-12-20,4.75,4.79,4.68,4.7,41676425.0,196667381.0,2174470945.0,0.0191662367785742
2024-12-23,4.68,4.73,4.63,4.65,37402821.0,175008531.0,2174470945.0,0.017200883316470343
2024-12-24,4.64,4.71,4.61,4.71,35650342.0,166787186.0,2174470945.0,0.01639494980697477
2024-12-25,4.71,4.72,4.64,4.67,26262725.0,122395125.0,2174470945.0,0.012077753929243694
2024-12-26,4.66,4.68,4.6,4.61,31943900.0,147805034.0,2174470945.0,0.014690423927462504
2024-12-27,4.6,4.66,4.59,4.64,30707155.0,142027575.0,2174470945.0,0.01412166719017715
2024-12-30,4.64,4.64,4.58,4.6,22437700.0,103395521.0,2174470945.0,0.010318693865095539
2024-12-31,4.59,4.62,4.48,4.48,34737686.0,157703569.0,2174471375.0,0.015975232601072985
2025-01-02,4.49,4.5,4.31,4.34,37486206.0,165279915.0,2174471375.0,0.01723922716618884
2025-01-03,4.35,4.36,4.23,4.24,39079900.0,168092699.0,2174471375.0,0.017972138170823243
2025-01-06,4.23,4.31,4.21,4.26,21804205.0,92849710.0,2174471375.0,0.010027358948332902
2025-01-07,4.26,4.28,4.2,4.23,19470772.0,82493946.0,2174471375.0,0.00895425537620609
2025-01-08,4.22,4.24,4.13,4.21,30179827.0,126221003.0,2174471375.0,0.013879155801717556
2025-01-09,4.19,4.21,4.15,4.17,17757516.0,74166274.0,2174471375.0,0.008166359973352143
2025-01-10,4.16,4.18,4.09,4.09,17215150.0,71131830.0,2174471375.0,0.007916935673618605
2025-01-13,4.07,4.13,4.05,4.11,15573328.0,63843743.0,2174471375.0,0.00716189147350813
2025-01-14,4.11,4.19,4.1,4.18,34404825.0,142715284.0,2174471375.0,0.015822155856156074
2025-01-15,4.18,4.18,4.11,4.14,27434770.0,113346883.0,2174471375.0,0.012616753807577716
2025-01-16,4.14,4.2,4.14,4.15,30488300.0,127193383.0,2174471375.0,0.014021016947164917
2025-01-17,4.14,4.17,4.12,4.16,29174051.0,120988666.0,2174471375.0,0.013416617636550861
2025-01-20,4.18,4.2,4.14,4.14,31123500.0,129709686.0,2174471375.0,0.01431313392203197
2025-01-21,4.16,4.17,4.08,4.11,23597494.0,97024879.0,2174471375.0,0.010852060078279945
2025-01-22,4.11,4.13,4.08,4.12,20707800.0,85036944.0,2174471375.0,0.009523142147594378
2025-01-23,4.14,4.2,4.14,4.15,30926868.0,128944130.0,2174471375.0,0.014222706426751651
2025-01-24,4.13,4.22,4.13,4.19,28932037.0,120642055.0,2174471375.0,0.013305319781457228
2025-01-27,4.19,4.26,4.19,4.23,28907866.0,122407342.0,2174471375.0,0.013294203976357243
2025-02-05,4.25,4.26,4.16,4.18,27839537.0,117150789.0,2174471375.0,0.012802898819488944
2025-02-06,4.19,4.23,4.16,4.23,22588250.0,94774259.0,2174471375.0,0.010387927042727799
2025-02-07,4.22,4.3,4.2,4.27,29318591.0,124903747.0,2174471375.0,0.01348308896455351
2025-02-10,4.27,4.3,4.25,4.26,29977903.0,128022513.0,2174471375.0,0.013786294611489195
2025-02-11,4.26,4.27,4.21,4.25,19356200.0,81982956.0,2174471375.0,0.008901565788604598
2025-02-12,4.25,4.28,4.23,4.28,23459592.0,99779621.0,2174471375.0,0.010788641446245757
2025-02-13,4.29,4.33,4.27,4.29,30610358.0,131601745.0,2174471375.0,0.014077149210575375
2025-02-14,4.31,4.39,4.3,4.34,46812867.0,203128132.0,2174471375.0,0.021528389629870387
2025-02-17,4.35,4.37,4.29,4.32,31328232.0,135240501.0,2174471375.0,0.014407286460600108
2025-02-18,4.32,4.35,4.27,4.3,28922860.0,124863341.0,2174471375.0,0.013301099445376696
2025-02-19,4.29,4.29,4.25,4.28,23220287.0,99101694.0,2174471375.0,0.010678589411185052
2025-02-20,4.27,4.28,4.2,4.24,31846445.0,134870128.0,2174471375.0,0.014645603233107632
2025-02-21,4.24,4.27,4.22,4.24,24815621.0,105299157.0,2174471375.0,0.011412254622114766
2025-02-24,4.25,4.31,4.24,4.26,34814248.0,148610999.0,2174471375.0,0.016010442078134967
2025-02-25,4.25,4.25,4.2,4.2,23516375.0,99209267.0,2174471375.0,0.010814754919457149
2025-02-26,4.2,4.26,4.2,4.25,24140179.0,102234421.0,2174471375.0,0.01110163108033556
2025-02-27,4.25,4.26,4.21,4.24,21811141.0,92211678.0,2174471375.0,0.010030548689103806
2025-02-28,4.23,4.25,4.19,4.2,30840400.0,130239589.0,2174471375.0,0.01418294135971323
2025-03-03,4.21,4.23,4.19,4.2,23944286.0,100767615.0,2174471375.0,0.011011543437770019
2025-03-04,4.2,4.2,4.17,4.19,19341345.0,80933900.0,2174471375.0,0.008894734243167491
2025-03-05,4.19,4.2,4.15,4.18,21083499.0,87933789.0,2174471375.0,0.009695919312803095
2025-03-06,4.18,4.21,4.16,4.19,20070645.0,84095161.0,2174471375.0,0.009230126103637487
2025-03-07,4.19,4.21,4.16,4.17,21972130.0,91903237.0,2174471375.0,0.010104584614272055
2025-03-10,4.17,4.2,4.17,4.18,16130402.0,67442377.0,2174471375.0,0.00741807971604133
2025-03-11,4.17,4.2,4.15,4.2,17071116.0,71364351.0,2174471375.0,0.00785069704585097
2025-03-12,4.21,4.28,4.19,4.27,34637412.0,147145562.0,2174471375.0,0.015929118404697327
2025-03-13,4.27,4.31,4.25,4.31,39773242.0,170531450.0,2174471375.0,0.01829099359838664
2025-03-14,4.3,4.32,4.28,4.31,28558723.0,122770086.0,2174471375.0,0.013133639434549926
2025-03-17,4.11,4.24,4.11,4.2,92559758.0,386987046.0,2174471375.0,0.04256655620495349
2025-03-18,4.21,4.22,4.17,4.18,37326488.0,156143091.0,2174471375.0,0.01716577575089946
2025-03-19,4.17,4.2,4.16,4.17,49492746.0,206599268.0,2174471375.0,0.022760817442354236
2025-03-20,4.17,4.24,4.15,4.2,41863700.0,175881612.0,2174471375.0,0.019252357368926044
2025-03-21,4.19,4.27,4.16,4.19,53946924.0,227464903.0,2174471375.0,0.024809213227743685
2025-03-24,4.18,4.21,4.13,4.18,41932700.0,174687276.0,2174471375.0,0.01928408921915562
2025-03-25,4.17,4.23,4.15,4.23,44269914.0,186114317.0,2174471375.0,0.020358931604698635
2025-03-26,4.23,4.23,4.18,4.21,28219525.0,118608641.0,2174471375.0,0.012977648418112655
2025-03-27,4.2,4.22,4.16,4.18,31825350.0,133041793.0,2174471375.0,0.014635902024693243
2025-03-28,4.17,4.19,4.14,4.14,25996243.0,108092084.0,2174471375.0,0.011955201295763206
2025-03-31,4.14,4.18,4.11,4.12,31962636.0,132354036.0,2174471375.0,0.014699037369484802
2025-04-01,4.12,4.19,4.12,4.18,37179637.0,154736380.0,2174471375.0,0.01709824163585506
2025-04-02,4.18,4.19,4.15,4.17,19656000.0,81901626.0,2174471375.0,0.009039438378442668
2025-04-03,4.16,4.24,4.15,4.21,42304343.0,177926289.0,2174471375.0,0.019455001103429105
2025-04-07,4.11,4.14,3.79,3.81,81850435.0,322226606.0,2174471375.0,0.03764153253109621
2025-04-08,3.83,3.97,3.83,3.93,54662001.0,214456470.0,2174471375.0,0.025138064188129403
2025-04-09,3.9,3.94,3.8,3.92,47104701.0,182614216.0,2174471375.0,0.021662598800593548
2025-04-10,3.95,3.98,3.91,3.95,35013550.0,138446411.0,2174471375.0,0.016102097458054604
2025-04-11,3.93,3.97,3.91,3.95,25874820.0,101957573.0,2174471375.0,0.011899361057351237
2025-04-14,3.96,3.99,3.94,3.96,30275878.0,119876449.0,2174471375.0,0.013923327916882788
2025-04-15,3.95,3.98,3.94,3.98,25277075.0,100134030.0,2174471375.0,0.011624468958576196
2025-04-16,3.97,4.02,3.94,3.97,27099950.0,107868895.0,2174471375.0,0.012462776154043417
2025-04-17,3.96,3.98,3.94,3.95,17770700.0,70392398.0,2174471375.0,0.008172423056155429
2025-04-18,3.95,3.96,3.93,3.95,17488748.0,68918045.0,2174471375.0,0.008042758438243409
2025-04-21,3.96,3.98,3.95,3.96,13830300.0,54828544.0,2174471375.0,0.0063603044671029525
2025-04-22,3.96,4.0,3.96,3.98,20449061.0,81356556.0,2174471375.0,0.009404152767934229
2025-04-23,3.98,4.02,3.97,4.01,22582402.0,90181847.0,2174471375.0,0.01038523765345037
2025-04-24,4.01,4.08,4.0,4.07,36211912.0,146841807.0,2174471375.0,0.016653202436385257
2025-04-25,4.06,4.17,4.05,4.15,44839849.0,184638021.0,2174471375.0,0.020621034388185498
2025-04-28,4.19,4.2,4.13,4.17,43126098.0,179608843.0,2174471375.0,0.019832911343797294
2025-04-29,4.28,4.4,4.25,4.27,109956411.0,476241589.0,2174471375.0,0.05056696182077817
2025-04-30,4.28,4.3,4.17,4.19,57194102.0,241707514.0,2174471375.0,0.026302531575059247
2025-05-06,4.2,4.33,4.18,4.32,54391820.0,232109783.0,2174471375.0,0.02501381283991379
2025-05-07,4.34,4.37,4.29,4.34,45743370.0,197840127.0,2174471375.0,0.02103654733095762
2025-05-08,4.32,4.34,4.28,4.28,41318899.0,177826195.0,2174471375.0,0.019001813256796722
2025-05-09,4.28,4.46,4.27,4.44,80252064.0,351096729.0,2174471375.0,0.03690647065887451
2025-05-12,4.41,4.44,4.35,4.37,46796200.0,204725049.0,2174471375.0,0.021520724778453338
2025-05-13,4.39,4.4,4.32,4.36,31807909.0,138610205.0,2174471375.0,0.014627881224695358
2025-05-14,4.36,4.39,4.32,4.37,31670583.0,138171037.0,2174471375.0,0.014564727484628304
2025-05-15,4.37,4.39,4.34,4.35,21863010.0,95294390.0,2174471375.0,0.010054402302720587
2025-05-16,4.34,4.37,4.31,4.35,28755000.0,124788233.0,2174471375.0,0.013223903671760222
2025-05-19,4.35,4.44,4.34,4.41,34079499.0,149731222.0,2174471375.0,0.01567254432126061
2025-05-20,4.41,4.45,4.38,4.44,28127116.0,124104614.0,2174471375.0,0.01293515119278128
2025-05-21,4.42,4.49,4.41,4.42,25295625.0,112605832.0,2174471375.0,0.011632999767587191
2025-05-22,4.42,4.45,4.36,4.38,28835500.0,127069042.0,2174471375.0,0.013260924163694728
2025-05-23,4.37,4.4,4.31,4.33,27768800.0,120912319.0,2174471375.0,0.01277036815442098
2025-05-26,4.33,4.45,4.32,4.44,34897100.0,153848189.0,2174471375.0,0.016048544212268603
2025-05-27,4.43,4.47,4.42,4.44,27736400.0,123271673.0,2174471375.0,0.0127554679812697
2025-05-28,4.44,4.47,4.38,4.39,21290426.0,94049434.0,2174471375.0,0.009791081292114043
2025-05-29,4.29,4.36,4.26,4.33,36536703.0,157567968.0,2174471375.0,0.01680256793447097
2025-05-30,4.36,4.38,4.28,4.3,27438241.0,118330773.0,2174471375.0,0.01261835005760883
2025-06-03,4.29,4.31,4.21,4.29,42483751.0,180813086.0,2174471375.0,0.0195375075930811
2025-06-04,4.3,4.33,4.27,4.3,21267325.0,91411204.0,2174471375.0,0.009780457560633558
2025-06-05,4.31,4.35,4.28,4.29,26782400.0,115370288.0,2174471375.0,0.01231674066070426
2025-06-06,4.29,4.34,4.27,4.32,22451114.0,96691413.0,2174471375.0,0.010324860680219348
2025-06-09,4.31,4.32,4.28,4.29,19489297.0,83699365.0,2174471375.0,0.008962774688169901
2025-06-10,4.29,4.32,4.25,4.28,27736998.0,118837890.0,2174471375.0,0.012755742990638357
2025-06-11,4.28,4.33,4.26,4.29,19459987.0,83695283.0,2174471375.0,0.008949295550050642
2025-06-12,4.29,4.32,4.25,4.29,24495310.0,104799516.0,2174471375.0,0.011264949394884538
2025-06-13,4.29,4.32,4.25,4.26,23181000.0,99272811.0,2174471375.0,0.01066052203147535
2025-06-16,4.26,4.27,4.22,4.26,22383136.0,95111830.0,2174471375.0,0.01029359882927868
2025-06-17,4.26,4.38,4.23,4.37,48124340.0,207739302.0,2174471375.0,0.02213151230836506
2025-06-18,4.36,4.38,4.31,4.34,24810725.0,107665947.0,2174471375.0,0.011410003040394127
2025-06-19,4.34,4.38,4.26,4.37,38503560.0,166438116.0,2174471375.0,0.01770708984384768
2025-06-20,4.37,4.39,4.32,4.36,34944556.0,152386185.0,2174471375.0,0.016070368367116353
2025-06-23,4.35,4.36,4.31,4.32,22621832.0,98086628.0,2174471375.0,0.010403370796269967
2025-06-24,4.34,4.49,4.31,4.48,59113125.0,262322509.0,2174471375.0,0.027185055494234778
2025-06-25,4.47,4.67,4.44,4.65,69685634.0,319703667.0,2174471375.0,0.03204716088755135
2025-06-26,4.62,4.68,4.61,4.62,39821075.0,184752164.0,2174471375.0,0.018312991128705935
2025-06-27,4.61,4.65,4.52,4.55,35831482.0,163831095.0,2174471375.0,0.01647824956996732
2025-06-30,4.55,4.6,4.5,4.55,34763914.0,157624022.0,2174471375.0,0.015987294383215323
2025-07-01,4.55,4.62,4.54,4.61,35262342.0,161858240.0,2174471375.0,0.016216512392580932
2025-07-02,4.61,4.65,4.6,4.62,22753058.0,105177282.0,2174471375.0,0.010463719256823972
2025-07-03,4.62,4.65,4.58,4.64,28111155.0,129828782.0,2174471375.0,0.012927811017976725
2025-07-04,4.64,4.72,4.63,4.66,37966444.0,177662791.0,2174471375.0,0.017460079924022914
2025-07-07,4.74,4.8,4.67,4.79,56116574.0,266274169.0,2174471375.0,0.025806995964708895
2025-07-08,4.8,4.92,4.78,4.91,65658393.0,319385644.0,2174471375.0,0.030195105695516457
2025-07-09,4.9,4.97,4.87,4.92,55174043.0,271336420.0,2174471375.0,0.025373543029509872
2025-07-10,4.94,5.0,4.87,4.93,47415464.0,233650308.0,2174471375.0,0.02180551307556302
2025-07-11,4.91,4.94,4.83,4.89,46299574.0,225419139.0,2174471375.0,0.021292335476248796
2025-07-14,4.9,5.07,4.9,4.97,48433329.0,241189319.0,2174471375.0,0.022273610752866314
2025-07-15,4.92,4.93,4.75,4.77,73709633.0,355427815.0,2174471375.0,0.033897725142507336
2025-07-16,4.8,4.83,4.76,4.79,27299126.0,130828968.0,2174471375.0,0.012554373588845242
2025-07-17,4.78,4.81,4.7,4.78,39295150.0,186541501.0,2174471375.0,0.0180711277470829
2025-07-18,4.78,4.84,4.71,4.82,41067226.0,196098695.0,2174471375.0,0.018886073402552838
2025-07-21,4.83,4.97,4.8,4.9,62862897.0,306682639.0,2174471375.0,0.028909507718858796
2025-07-22,4.9,5.03,4.86,4.98,50249952.0,248898741.0,2174471375.0,0.023109042766773603
2025-07-23,4.98,4.99,4.83,4.83,43136201.0,211550428.0,2174471375.0,0.019837557530505548
2025-07-24,4.82,4.85,4.79,4.84,42919142.0,206918516.0,2174471375.0,0.019737736027911613
2025-07-25,4.84,4.85,4.79,4.8,25685120.0,123702129.0,2174471375.0,0.011812121463314274
2025-07-28,4.81,4.82,4.74,4.74,24721150.0,117706350.0,2174471375.0,0.011368809120331603
2025-07-29,4.75,4.77,4.69,4.74,27420494.0,129458430.0,2174471375.0,0.012610188533753404
2025-07-30,4.72,4.79,4.69,4.71,40634736.0,192504204.0,2174471375.0,0.01868717908507763
2025-07-31,4.71,4.72,4.57,4.66,44548087.0,205997744.0,2174471375.0,0.02048685832895823
2025-08-01,4.63,4.74,4.63,4.66,34249666.0,160755357.0,2174471375.0,0.01575080104239128
2025-08-04,4.65,4.71,4.63,4.69,22089782.0,103094268.0,2174471375.0,0.010158690638086694
2025-08-05,4.7,4.79,4.68,4.7,35922725.0,169473325.0,2174471375.0,0.016520210573018005
2025-08-06,4.7,4.71,4.65,4.67,21384600.0,99824988.0,2174471375.0,0.009834390208976654
2025-08-07,4.67,4.74,4.62,4.73,33129150.0,155464456.0,2174471375.0,0.015235496029466012
2025-08-08,4.73,4.76,4.7,4.72,22132506.0,104694463.0,2174471375.0,0.010178338631843337
2025-08-11,4.71,4.72,4.65,4.7,27221958.0,127460055.0,2174471375.0,0.012518885423359506
2025-08-12,4.7,4.77,4.68,4.75,26382212.0,124745137.0,2174471375.0,0.012132701447955368
2025-08-13,4.76,4.81,4.73,4.75,46716310.0,222659040.0,2174471375.0,0.02148398481447014
2025-08-14,4.77,4.78,4.66,4.67,31788238.0,149669750.0,2174471375.0,0.014618834888088605
2025-08-15,4.67,4.78,4.66,4.75,52836474.0,249991143.0,2174471375.0,0.024298537385896837
2025-08-18,4.79,4.8,4.73,4.74,41648757.0,198116844.0,2174471375.0,0.019153508976405817
2025-08-19,4.78,4.81,4.75,4.77,42375286.0,202650986.0,2174471375.0,0.01948762650416587
2025-08-20,4.77,4.85,4.75,4.85,40231701.0,193124519.0,2174471375.0,0.018501830588595353
2025-08-21,4.85,4.88,4.81,4.83,35274501.0,170614962.0,2174471375.0,0.016222104096449648
2025-08-22,4.83,4.84,4.76,4.84,43879295.0,210579019.0,2174471375.0,0.020179293001730134
2025-08-25,4.84,4.85,4.8,4.83,46781548.0,225925767.0,2174471375.0,0.02151398658903937
2025-08-26,4.83,4.87,4.81,4.85,38221265.0,185077145.0,2174471375.0,0.01757726748644829
2025-08-27,4.84,4.9,4.74,4.75,54565346.0,263563229.0,2174471375.0,0.02509361430430419
2025-08-28,4.74,4.78,4.62,4.72,50013621.0,235026012.0,2174471375.0,0.023000358420445982
2025-08-29,4.7,4.73,4.66,4.66,42208300.0,197992506.0,2174471375.0,0.01941083266731897
2025-09-01,4.67,4.7,4.61,4.62,43327102.0,201105757.0,2174471375.0,0.019925349442689262
2025-09-02,4.62,4.65,4.6,4.63,34714858.0,160526418.0,2174471375.0,0.015964734417347755
2025-09-03,4.65,4.67,4.59,4.62,31250633.0,144697458.0,2174471375.0,0.014371600086020907
2025-09-04,4.62,4.69,4.6,4.65,36874433.0,171734691.0,2174471375.0,0.01695788384429756
2025-09-05,4.65,4.7,4.61,4.69,28799301.0,134115177.0,2174471375.0,0.013244276899253272
2025-09-08,4.69,4.82,4.69,4.74,66682026.0,317999741.0,2174471375.0,0.03066585597154619
2025-09-09,4.76,4.82,4.73,4.77,39958003.0,190745005.0,2174471375.0,0.01837596183578181
2025-09-10,4.75,4.78,4.71,4.75,37943914.0,179348674.0,2174471375.0,0.017449718785100127
2025-09-11,4.73,4.82,4.71,4.82,41614298.0,198950228.0,2174471375.0,0.019137661906448413
2025-09-12,4.82,4.86,4.71,4.73,65646346.0,313808647.0,2174471375.0,0.030189565498419127
2025-09-15,4.74,4.77,4.67,4.7,45946850.0,216601895.0,2174471375.0,0.021130124097402753
2025-09-16,4.7,4.7,4.62,4.64,39342603.0,182736623.0,2174471375.0,0.018092950522284986
2025-09-17,4.61,4.63,4.56,4.59,49601040.0,227448936.0,2174471375.0,0.022810619891466724
2025-09-18,4.59,4.59,4.48,4.49,49065301.0,222798656.0,2174471375.0,0.02256424322900089
2025-09-19,4.5,4.52,4.46,4.51,29481378.0,132406847.0,2174471375.0,0.01355795175735528
2025-09-22,4.51,4.51,4.41,4.46,31342275.0,139345617.0,2174471375.0,0.014413744581944658
2025-09-23,4.47,4.48,4.39,4.47,32034150.0,142043630.0,2174471375.0,0.014731925362779265
2025-09-24,4.46,4.55,4.43,4.54,31422325.0,141365071.0,2174471375.0,0.01445055812702984
2025-09-25,4.55,4.72,4.54,4.65,88102181.0,409517286.0,2174471375.0,0.04051659728102882
2025-09-26,4.64,4.73,4.62,4.67,56444100.0,263626198.0,2174471375.0,0.025957619239756605
2025-09-29,4.7,4.71,4.62,4.69,39719640.0,185284192.0,2174471375.0,0.018266343009459025
2025-09-30,4.67,4.68,4.57,4.62,48306720.0,222429756.0,2174471375.0,0.02221538556698637
2025-10-09,4.61,4.75,4.59,4.73,54849655.0,257549280.0,2174471375.0,0.025224362863824776
2025-10-10,4.72,4.77,4.69,4.75,48926675.0,231651627.0,2174471375.0,0.022500491642480233
2025-10-13,4.65,4.75,4.61,4.73,52089386.0,243474113.0,2174471375.0,0.023954965146414035
2025-10-14,4.74,4.82,4.71,4.77,70030176.0,335017086.0,2174471375.0,0.0322056095127948
2025-10-15,4.77,4.81,4.74,4.79,41622931.0,198823175.0,2174471375.0,0.019141632066782207
2025-10-16,4.79,4.79,4.71,4.73,29174583.0,138103111.0,2174471375.0,0.01341686229371495
2025-10-17,4.72,4.76,4.66,4.68,34639752.0,162761983.0,2174471375.0,0.015930194528313808
2025-10-20,4.73,4.77,4.69,4.71,36892079.0,174111302.0,2174471375.0,0.016965998920082357
2025-10-21,4.71,4.82,4.7,4.8,46483936.0,221891193.0,2174471375.0,0.021377120220770898
2025-10-22,4.79,4.81,4.74,4.77,30740700.0,146655394.0,2174471375.0,0.014137091135540932
2025-10-23,4.77,4.83,4.74,4.82,34102800.0,163491621.0,2174471375.0,0.015683260029118573
2025-10-24,4.82,4.83,4.73,4.76,39001332.0,185908630.0,2174471375.0,0.017936006170695164
2025-10-27,4.76,4.84,4.75,4.81,48226606.0,231861262.0,2174471375.0,0.022178542589460393
2025-10-28,4.81,4.83,4.78,4.81,40562899.0,194769231.0,2174471375.0,0.018654142549933545
2025-10-29,4.81,4.81,4.68,4.78,63886925.0,302656100.0,2174471375.0,0.029380439648234044
2025-10-30,4.78,4.9,4.76,4.87,93975396.0,454137653.0,2174471375.0,0.043217582480247645
2025-10-31,4.87,4.87,4.73,4.76,74467860.0,356458150.0,2174471375.0,0.034246420006333725
2025-11-03,4.77,4.79,4.72,4.77,43277082.0,205755969.0,2174471375.0,0.019902346150682256
2025-11-04,4.76,4.8,4.72,4.76,37673357.0,179499309.0,2174471375.0,0.01732529452129486
2025-11-05,4.73,4.82,4.71,4.79,47401212.0,226746245.0,2174471375.0,0.021798958838904006
2025-11-06,4.8,4.89,4.8,4.86,57041032.0,276946591.0,2174471375.0,0.026232137454557203
2025-11-07,4.85,4.9,4.83,4.85,40890254.0,198778216.0,2174471375.0,0.018804687185178512
2025-11-10,4.86,4.9,4.83,4.88,39511444.0,192406447.0,2174471375.0,0.018170597440032982
2025-11-11,4.88,4.9,4.85,4.87,29269841.0,142653510.0,2174471375.0,0.013460669722543485
2025-11-12,4.88,4.89,4.83,4.84,32259101.0,156548449.0,2174471375.0,0.014835376253228443
2025-11-13,4.84,4.87,4.81,4.86,37092106.0,179697195.0,2174471375.0,0.017057987714370348
2025-11-14,4.82,4.85,4.72,4.73,77330446.0,369398002.0,2174471375.0,0.03556287145881605
2025-11-17,4.73,4.74,4.57,4.62,75426279.0,348827457.0,2174471375.0,0.03468717954495952
2025-11-18,4.62,4.62,4.51,4.54,52089957.0,237107956.0,2174471375.0,0.02395522773897173
2025-11-19,4.54,4.57,4.5,4.52,35601451.0,161239854.0,2174471375.0,0.016372462479530225
2025-11-20,4.55,4.55,4.5,4.51,29155470.0,132029504.0,2174471375.0,0.013408072571201357
2025-11-21,4.48,4.49,4.36,4.36,55112200.0,243638128.0,2174471375.0,0.025345102553948312
2025-11-24,4.36,4.38,4.29,4.32,51719612.0,223658426.0,2174471375.0,0.023784912781388074
2025-11-25,4.33,4.38,4.32,4.37,34455826.0,150309447.0,2174471375.0,0.015845610292294605
2025-11-26,4.37,4.4,4.35,4.39,34274259.0,150183075.0,2174471375.0,0.015762110917647742
2025-11-27,4.39,4.41,4.36,4.37,24552686.0,107561696.0,2174471375.0,0.011291335578055148
2025-11-28,4.36,4.38,4.33,4.37,21976507.0,95820322.0,2174471375.0,0.010106597517293139
2025-12-01,4.36,4.39,4.35,4.38,23214729.0,101567834.0,2174471375.0,0.010676033387654965
2025-12-02,4.38,4.38,4.31,4.32,37831875.0,164022685.0,2174471375.0,0.01739819407831938
2025-12-03,4.33,4.4,4.32,4.39,36069458.0,157598898.0,2174471375.0,0.01658769042199969
2025-12-04,4.37,4.39,4.32,4.36,24772154.0,107683069.0,2174471375.0,0.011392264936115795
2025-12-05,4.34,4.37,4.31,4.36,34780187.0,151018966.0,2174471375.0,0.015994778041168743
2025-12-08,4.35,4.38,4.34,4.34,27377625.0,119262476.0,2174471375.0,0.01259047385712309
2025-12-09,4.34,4.36,4.32,4.33,26863481.0,116463190.0,2174471375.0,0.012354028344015335
2025-12-10,4.33,4.36,4.31,4.35,25598207.0,110849135.0,2174471375.0,0.011772151748835967
2025-12-11,4.34,4.38,4.32,4.34,29960301.0,130313655.0,2174471375.0,0.01377819977050744
2025-12-12,4.33,4.41,4.33,4.37,42062112.0,184349476.0,2174471375.0,0.01934360345396591
2025-12-15,4.37,4.4,4.35,4.37,19707522.0,86298070.0,2174471375.0,0.009063132413044527
2025-12-16,4.37,4.37,4.27,4.29,39146151.0,168293763.0,2174471375.0,0.018002605805744396
2025-12-17,4.29,4.34,4.26,4.32,24851731.0,106797770.0,2174471375.0,0.011428860957068243
2025-12-18,4.32,4.35,4.31,4.34,18720429.0,81164535.0,2174471375.0,0.008609186221179848
2025-12-19,4.35,4.39,4.33,4.38,21726112.0,94943448.0,2174471375.0,0.009991445392101334
2025-12-22,4.38,4.4,4.35,4.36,21669612.0,94728136.0,2174471375.0,0.009965462065464071
2025-12-23,4.36,4.43,4.33,4.35,35238874.0,154245824.0,2174471375.0,0.01620571988444778
2025-12-24,4.35,4.38,4.32,4.37,22545300.0,98177502.0,2174471375.0,0.010368175115664607
2025-12-25,4.38,4.4,4.36,4.39,31358072.0,137529736.0,2174471375.0,0.014421009336119681
2025-12-26,4.39,4.45,4.37,4.42,32228648.0,142247290.0,2174471375.0,0.014821371470111902
2025-12-29,4.42,4.42,4.31,4.32,65380112.0,284639272.0,2174471375.0,0.030067129304013028
2025-12-30,4.31,4.31,4.21,4.22,63454321.0,269553408.0,2174471375.0,0.029181492904223675
2025-12-31,4.22,4.23,4.18,4.19,32168727.0,134991723.0,2174468200.0,0.014793836488388288
2026-01-05,4.2,4.22,4.19,4.21,37989783.0,159743220.0,2174468200.0,0.0174708386170007
2026-01-06,4.21,4.31,4.2,4.3,46432988.0,198038675.0,2174468200.0,0.021353721337474606
2026-01-07,4.31,4.36,4.29,4.31,39157459.0,169402485.0,2174468200.0,0.018007832443813158
2026-01-08,4.3,4.33,4.28,4.29,32330637.0,138958599.0,2174468200.0,0.01486829607349512
2026-01-09,4.3,4.32,4.27,4.31,34498772.0,148251182.0,2174468200.0,0.015865383545273278
2026-01-12,4.31,4.58,4.3,4.48,118768330.0,527285504.0,2174468200.0,0.05461948351325625
2026-01-13,4.57,4.6,4.42,4.46,78327163.0,349955232.0,2174468200.0,0.03602129614955969
2026-01-14,4.46,4.5,4.4,4.42,67586159.0,300588609.0,2174468200.0,0.03108169574519416
2026-01-15,4.41,4.43,4.38,4.41,33568378.0,147791271.0,2174468200.0,0.015437511571794888
2026-01-16,4.43,4.46,4.38,4.39,43120027.0,190447884.0,2174468200.0,0.019830148355354196
2026-01-19,4.4,4.45,4.37,4.44,43303077.0,191751557.0,2174468200.0,0.019914329857755566
2026-01-20,4.45,4.53,4.42,4.52,69427378.0,310696520.0,2174468200.0,0.031928440250356384
2026-01-21,4.49,4.5,4.45,4.48,45951716.0,205711163.0,2174468200.0,0.021132392738601558
2026-01-22,4.48,4.51,4.46,4.48,38058614.0,170681666.0,2174468200.0,0.01750249279341036
2026-01-23,4.48,4.53,4.48,4.51,52781257.0,238282339.0,2174468200.0,0.024273179529597167
2026-01-26,4.52,4.55,4.47,4.5,49205550.0,221593820.0,2174468200.0,0.022628774244663592
2026-01-27,4.5,4.5,4.36,4.43,65000100.0,286695100.0,2174468200.0,0.029892412314882325
2026-01-28,4.43,4.48,4.39,4.43,51946074.0,230643624.0,2174468200.0,0.023889093434431463
2026-01-29,4.43,4.47,4.41,4.45,46070035.0,204776992.0,2174468200.0,0.021186805583084636
2026-01-30,4.44,4.49,4.4,4.47,54467714.0,242540067.0,2174468200.0,0.025048751690183373
2026-02-02,4.46,4.49,4.34,4.34,58113830.0,256361899.0,2174468200.0,0.02672553684620451
2026-02-03,4.38,4.38,4.29,4.32,52706663.0,227999069.0,2174468200.0,0.024238875050000733
2026-02-04,4.31,4.41,4.3,4.4,48240176.0,210780829.0,2174468200.0,0.022184815579275888
2026-02-05,4.4,4.41,4.33,4.36,31627100.0,137942766.0,2174468200.0,0.014544751677674569
2026-02-06,4.34,4.42,4.32,4.39,35235625.0,154654884.0,2174468200.0,0.016204249388425178
2026-02-09,4.41,4.44,4.39,4.42,28443271.0,125686169.0,2174468200.0,0.013080564250146311
2026-02-10,4.42,4.42,4.39,4.4,23402857.0,103083534.0,2174468200.0,0.010762565762056212
2026-02-11,4.4,4.45,4.4,4.44,31640679.0,140270091.0,2174468200.0,0.01455099642294148
2026-02-12,4.46,4.52,4.42,4.48,56360468.0,252213065.0,2174468200.0,0.02591919624301703
2026-02-13,4.46,4.46,4.33,4.34,65791934.0,288372252.0,2174468200.0,0.030256562961003524
2026-02-24,4.37,4.48,4.36,4.46,58358698.0,259067449.0,2174468200.0,0.026838147368630178
2026-02-25,4.46,4.55,4.46,4.5,64269749.0,290019296.0,2174468200.0,0.0295565366281282
2026-02-26,4.51,4.56,4.49,4.53,57375168.0,259673950.0,2174468200.0,0.02638583907550361
2026-02-27,4.53,4.7,4.52,4.68,110554561.0,511871060.0,2174468200.0,0.050842114407559515
2026-03-02,4.63,4.72,4.6,4.69,99417400.0,464298567.0,2174468200.0,0.04572032830831925
2026-03-03,4.67,4.72,4.59,4.62,105858600.0,492442326.0,2174468200.0,0.04868252384652027
2026-03-04,4.57,4.65,4.54,4.59,66933012.0,307297696.0,2174468200.0,0.030781324831515126
2026-03-05,4.64,4.68,4.6,4.65,73130138.0,339882309.0,2174468200.0,0.03363127499404222
2026-03-06,4.62,4.83,4.61,4.79,122474600.0,584595257.0,2174468200.0,0.05632393244472372
2026-03-09,4.8,4.87,4.79,4.82,110003316.0,530893357.0,2174468200.0,0.05058860644639457
2026-03-10,4.79,4.89,4.75,4.8,94817680.0,456432292.0,2174468200.0,0.04360499730462832
2026-03-11,4.81,5.1,4.71,5.04,199997880.0,985785385.0,2174468200.0,0.09197553682321039
2026-03-12,5.07,5.11,4.96,5.1,169526726.0,856302140.0,2174468200.0,0.07796238454993272
2026-03-13,5.09,5.09,4.91,4.94,131447947.0,654429339.0,2174468200.0,0.06045061822472272
2026-03-16,4.97,4.98,4.77,4.82,100346150.0,485823797.0,2174468200.0,0.046147444234870855
2026-03-17,4.8,4.87,4.74,4.75,93601466.0,449587912.0,2174468200.0,0.043045681698173376
2026-03-18,4.77,4.88,4.75,4.79,79434077.0,382061144.0,2174468200.0,0.036530346592330024
2026-03-19,4.76,4.89,4.75,4.82,95943446.0,463176120.0,2174468200.0,0.04412271745339849
2026-03-20,4.78,5.06,4.76,4.92,165953877.0,820716182.0,2174468200.0,0.0763192936093524
2026-03-23,4.84,5.03,4.78,4.82,193190248.0,946220436.0,2174468200.0,0.08884482559919708
2026-03-24,4.87,5.1,4.76,5.1,235708485.0,1170764445.0,2174468200.0,0.1083982212294482
2026-03-25,5.05,5.61,5.01,5.61,276029891.0,1489921094.0,2174468200.0,0.12694133259801177
2026-03-26,5.83,6.16,5.55,5.76,546897437.0,3160151224.0,2174468200.0,0.25150859276764775
2026-03-27,5.76,5.79,5.47,5.51,305683204.0,1695627944.0,2174468200.0,0.1405783740594597
2026-03-30,5.5,5.51,4.98,5.14,259053267.0,1335746161.0,2174468200.0,0.11913407931189796
2026-03-31,5.1,5.14,4.92,4.93,177390827.0,889475892.0,2174468200.0,0.08157894744103408
2026-04-01,5.02,5.05,4.86,4.9,121188036.0,597213829.0,2174468200.0,0.05573226410025219
2026-04-02,4.88,4.93,4.73,4.76,123732267.0,595281853.0,2174468200.0,0.056902311562891564
2026-04-03,4.74,4.78,4.57,4.58,91309538.0,423501578.0,2174468200.0,0.04199166398478488
2026-04-07,4.58,4.68,4.54,4.63,70480373.0,325698164.0,2174468200.0,0.03241269428543494
2026-04-08,4.67,4.73,4.65,4.73,95335279.0,447901174.0,2174468200.0,0.043843032057217485
2026-04-09,4.7,4.71,4.61,4.62,71784155.0,333469481.0,2174468200.0,0.03301228088780512
2026-04-10,4.62,4.66,4.61,4.61,58997997.0,273100021.0,2174468200.0,0.02713214982863396
2026-04-13,4.61,4.72,4.59,4.71,80417941.0,376210263.0,2174468200.0,0.036982808486231256
2026-04-14,4.71,4.76,4.66,4.71,65718949.0,308406057.0,2174468200.0,0.03022299843244431
2026-04-15,4.71,4.72,4.64,4.69,56178272.0,263153581.0,2174468200.0,0.025835407480320937
2026-04-16,4.69,4.72,4.67,4.72,48925617.0,229697517.0,2174468200.0,0.022500037940311107
2026-04-17,4.71,4.78,4.68,4.77,69085578.0,327029357.0,2174468200.0,0.03177125239173422
2026-04-20,4.75,4.79,4.71,4.79,62862062.0,298698450.0,2174468200.0,0.028909165928478513
2026-04-21,4.89,5.27,4.87,5.27,241137711.0,1222207771.0,2174468200.0,0.11089502757501811
2026-04-22,5.25,5.46,5.18,5.37,299823142.0,1605149988.0,2174468200.0,0.13788343375175593
2026-04-23,5.3,5.58,5.17,5.48,285554434.0,1531759865.0,2174468200.0,0.13132150380493032
2026-04-24,5.4,5.4,5.22,5.24,161132027.0,850179202.0,2174468200.0,0.07410180889285942
2026-04-27,5.21,5.54,5.17,5.46,171626983.0,926798986.0,2174468200.0,0.07892825611337981
2026-04-28,5.37,5.46,5.28,5.36,149803499.0,801442837.0,2174468200.0,0.06889201644797564
2026-04-29,5.32,5.45,5.3,5.34,122157761.0,656653894.0,2174468200.0,0.056178223714653544
2026-04-30,5.38,5.38,5.22,5.28,104718699.0,552476360.0,2174468200.0,0.048158303257780456
2026-05-06,5.29,5.48,5.29,5.46,148790981.0,802411106.0,2174468200.0,0.06842637707923252
2026-05-07,5.47,5.74,5.46,5.62,158092447.0,884654746.0,2174468200.0,0.07270395906456577
2026-05-08,5.58,5.78,5.53,5.54,155262102.0,873172072.0,2174468200.0,0.07140233276347753
2026-05-11,5.58,5.75,5.51,5.71,167888376.0,947986096.0,2174468200.0,0.07720893595960612
2026-05-12,5.67,5.79,5.52,5.65,139242652.0,789663246.0,2174468200.0,0.06403526710576866
2026-05-13,5.65,5.87,5.61,5.74,171020751.0,988278359.0,2174468200.0,0.07864946058995022
2026-05-14,5.78,5.96,5.55,5.56,190929793.0,1093135025.0,2174468200.0,0.08780528176958394
2026-05-15,5.56,5.59,5.38,5.48,142096235.0,777062906.0,2174468200.0,0.06534758015775995
2026-05-18,5.49,5.75,5.43,5.67,128584665.0,722844404.0,2174468200.0,0.05913384477179294
2026-05-19,5.63,5.79,5.53,5.73,123826965.0,705938709.0,2174468200.0,0.05694586152145154
2026-05-20,5.7,5.7,5.37,5.4,138041516.0,756333792.0,2174468200.0,0.06348288560853638
2026-05-21,5.38,5.55,5.37,5.37,107460066.0,585731440.0,2174468200.0,0.04941901012854545
2026-05-22,5.24,5.28,5.13,5.21,80547238.0,418862463.0,2174468200.0,0.037042269921445624
2026-05-25,5.2,5.61,5.16,5.51,138494609.0,749509681.0,2174468200.0,0.063691255176783
2026-05-26,5.51,5.56,5.35,5.5,96285143.0,526609275.0,2174468200.0,0.044279857944117096
2026-05-27,5.46,5.86,5.43,5.75,202133609.0,1149087289.0,2174468200.0,0.09295772134078577
2026-05-28,5.77,6.04,5.7,5.82,204343127.0,1193596814.0,2174468200.0,0.09397384013249768
2026-05-29,5.78,6.4,5.76,6.19,383955848.0,2388115430.0,2174468200.0,0.17657459787179228
2026-06-01,6.27,6.33,5.85,6.08,299724528.0,1826095243.0,2174468200.0,0.13783808289309543
2026-06-02,6.01,6.05,5.81,5.89,170737485.0,1006819304.0,2174468200.0,0.07851919149702902
2026-06-03,5.84,5.92,5.7,5.81,174383175.0,1012629563.0,2174468200.0,0.08019578074308008
2026-06-04,5.8,5.95,5.76,5.83,133501853.0,780687773.0,2174468200.0,0.061395173771683575
2026-06-05,5.8,5.87,5.26,5.33,204488456.0,1123192915.0,2174468200.0,0.09404067440489587
2026-06-08,5.17,5.39,5.12,5.19,115349825.0,604601431.0,2174468200.0,0.053047372686342346
2026-06-09,5.21,5.24,5.0,5.22,99844065.0,513082829.0,2174468200.0,0.045916544100300015
2026-06-10,5.17,5.17,4.95,5.03,84994647.0,427981372.0,2174468200.0,0.03908755575271232
2026-06-11,4.98,5.18,4.93,5.13,83837993.0,426295778.0,2174468200.0,0.03855563075146374
2026-06-12,5.16,5.4,5.07,5.2,112110437.0,584585452.0,2174468200.0,0.051557634643725765
2026-06-15,5.21,5.37,5.18,5.34,83344508.0,441402313.0,2174468200.0,0.03832868560689919
2026-06-16,5.33,5.82,5.3,5.6,171357549.0,963204502.0,2174468200.0,0.07880434811601292
2026-06-17,5.54,5.6,5.39,5.44,90276664.0,492909954.0,2174468200.0,0.04151666324667337
2026-06-18,5.4,5.43,5.11,5.14,96868432.0,507190775.0,2174468200.0,0.0445481023819985
2026-06-22,5.11,5.14,4.97,5.12,85927673.0,433931177.0,2174468200.0,0.039516638137085655
2026-06-23,5.11,5.17,4.94,4.96,86689504.0,436806125.0,2174468200.0,0.03986699092679304
2026-06-24,4.94,4.95,4.82,4.9,63480768.0,310335315.0,2174468200.0,0.029193698026947462
2026-06-25,4.88,4.89,4.79,4.84,60079167.0,290022592.0,2174468200.0,0.02762936105480871
2026-06-26,4.84,4.92,4.69,4.72,72472357.0,346932898.0,2174468200.0,0.03332877298458538
2026-06-29,4.7,4.81,4.61,4.75,58365206.0,275089626.0,2174468200.0,0.02684114028432331
2026-06-30,4.74,4.75,4.65,4.7,49420700.0,231694073.0,2174468225.0,0.0227277177159027
2026-07-01,4.69,4.81,4.66,4.8,65673193.0,311726685.0,2174468225.0,0.030201955698846785
2026-07-02,4.78,4.86,4.71,4.73,66183600.0,315770797.0,2174468225.0,0.03043668297337387
2026-07-03,4.74,4.76,4.68,4.69,48674025.0,229090758.0,2174468225.0,0.02238433491020546
2026-07-06,4.67,4.7,4.6,4.69,49629056.0,230792493.0,2174468225.0,0.022823537005237222
2026-07-07,4.68,4.68,4.51,4.52,53837936.0,245644597.0,2174468225.0,0.02475912748736533
2026-07-08,4.51,4.6,4.5,4.54,38819100.0,176280640.0,2174468225.0,0.01785222683582787
2026-07-09,4.52,4.56,4.46,4.51,44143200.0,198630678.0,2174468225.0,0.02030068753936379
2026-07-10,4.5,4.61,4.45,4.53,49848082.0,226427539.0,2174468225.0,0.022924263241418486
2026-07-13,4.53,4.55,4.45,4.47,47256419.0,212035839.0,2174468225.0,0.021732402642949636
2026-07-14,4.46,4.58,4.45,4.56,47168546.0,213769475.0,2174468225.0,0.021691991383318558
2026-07-15,4.54,4.68,4.52,4.67,56061307.0,258938981.0,2174468225.0,0.025781617020409667
2026-07-16,4.65,4.69,4.58,4.64,42920488.0,198862063.0,2174468225.0,0.019738383622506142
2026-07-17,4.62,4.78,4.61,4.65,84828225.0,399657555.0,2174468225.0,0.039011020728987655
2026-07-20,4.66,4.94,4.61,4.92,119832451.0,578080824.0,2174468225.0,0.05510885356809479
2026-07-21,4.83,4.94,4.76,4.92,100075089.0,486067355.0,2174468225.0,0.04602278747945374
2026-07-22,4.87,4.93,4.81,4.88,81179741.0,395295551.0,2174468225.0,0.03733314659035774
2026-07-23,4.84,5.04,4.81,4.99,87664294.0,433584402.0,2174468225.0,0.04031527938284773
2026-07-24,4.94,5.01,4.78,4.79,83955275.0,410417830.0,2174468225.0,0.038609566253836616
2026-07-27,4.76,4.95,4.73,4.93,70060423.0,342889918.0,2174468225.0,0.032219566234406576
2026-07-28,4.9,4.95,4.78,4.85,66779247.0,324257222.0,2174468225.0,0.030710610636768446
2026-07-29,4.82,5.32,4.76,5.09,157154777.0,796457938.0,2174468225.0,0.07227274015466471
2026-07-30,4.97,5.09,4.89,4.96,112040128.0,557766606.0,2174468225.0,0.051525300168504415
2026-07-31,4.9,4.99,4.87,4.94,63529369.0,314441606.0,2174468225.0,0.029216048443292383
2026-08-03,4.91,5.03,4.91,5.01,51983193.0,259264395.0,2174468225.0,0.02390616354028351
2026-08-04,5.0,5.05,4.93,4.95,54764952.0,272333954.0,2174468225.0,0.02518544597265844
2026-08-05,4.94,4.96,4.86,4.9,54743030.0,267824075.0,2174468225.0,0.025175364427318776
2026-08-06,4.88,4.89,4.78,4.83,55348078.0,266860267.0,2174468225.0,0.025453615446599593
2026-08-07,4.81,4.82,4.74,4.8,49327971.0,235696461.0,2174468225.0,0.022685073266591423
2026-08-10,4.79,4.87,4.78,4.86,45409993.0,219228128.0,2174468225.0,0.02088326353906597
2026-08-11,4.84,4.89,4.82,4.83,39009273.0,189243944.0,2174468225.0,0.01793968408069058
2026-08-12,4.84,4.85,4.75,4.8,43970157.0,210602307.0,2174468225.0,0.020221108082643977
2026-08-13,4.78,4.83,4.76,4.81,49302550.0,236702957.0,2174468225.0,0.022673382592196766
2026-08-14,4.8,4.8,4.66,4.68,48842575.0,229702423.0,2174468225.0,0.02246184811461202
2026-08-17,4.68,4.73,4.65,4.73,36495645.0,171241752.0,2174468225.0,0.016783710417290647
2026-08-18,4.74,4.75,4.66,4.69,29897725.0,140155734.0,2174468225.0,0.013749442119348513
2026-08-19,4.68,4.72,4.63,4.71,46882517.0,219176094.0,2174468225.0,0.021560451636399514
2026-08-20,4.68,4.84,4.68,4.75,48571128.0,231709588.0,2174468225.0,0.02233701437508934
2026-08-21,4.75,4.84,4.7,4.77,53509183.0,255037652.0,2174468225.0,0.02460793971822697
2026-08-24,4.84,5.0,4.83,5.0,139602144.0,689988182.0,2174468225.0,0.06420059046850408
2026-08-25,4.94,4.98,4.88,4.93,71310970.0,351264687.0,2174468225.0,0.03279467098214323
2026-08-26,4.91,4.96,4.89,4.93,50778371.0,250362820.0,2174468225.0,0.023352086922309476
2026-08-27,4.9,4.91,4.83,4.91,50836989.0,247194350.0,2174468225.0,0.023379044317835457
2026-08-28,4.9,4.92,4.86,4.9,36726149.0,179625885.0,2174468225.0,0.016889715185421945
2026-08-31,4.89,4.94,4.86,4.9,36133539.0,176920209.0,2174468225.0,0.016617184185342602
2026-09-01,4.9,4.97,4.88,4.97,59753450.0,295598408.0,2174468225.0,0.027479569171446505
2026-09-02,4.94,4.97,4.85,4.87,47427950.0,232425683.0,2174468225.0,0.02181128675724843
2026-09-03,4.87,4.96,4.86,4.91,63045267.0,309769107.0,2174468225.0,0.028993418379337322
2026-09-04,4.91,4.97,4.9,4.95,52255176.0,257932021.0,2174468225.0,0.024031243776854914
2026-09-07,4.95,4.99,4.92,4.98,48287382.0,239599131.0,2174468225.0,0.02220652454004013
2026-09-08,4.98,5.14,4.97,5.12,77778771.0,393469575.0,2174468225.0,0.035769099822095585
2026-09-09,5.11,5.45,5.09,5.41,172957922.0,925716819.0,2174468225.0,0.07954033083192098
